60
 energy: -137.714950691134 gnorm: 0.011027328713 xtb: 6.7.1pre (5071a88)
N           -0.00168400000000        0.05080100000000        0.38102400000000
C            0.03489600000000        1.45341700000000        0.12329200000000
C            1.21506700000000       -0.63025200000000        0.37221900000000
C           -1.21788100000000       -0.59136800000000        0.28582200000000
N            1.18287100000000        2.05836700000000        0.00138700000000
N           -1.10059300000000        2.10754600000000       -0.00828300000000
N            2.34043400000000       -0.00188700000000        0.22262000000000
N            1.15689600000000       -1.97041800000000        0.52084000000000
N           -2.31255300000000        0.06413500000000        0.03674900000000
N           -1.22353500000000       -1.93253100000000        0.44700100000000
C            2.29884500000000        1.32573300000000        0.07668900000000
C           -0.04929100000000       -2.55215200000000        0.84215000000000
C           -2.21965800000000        1.40112800000000       -0.04579200000000
N            3.51207000000000        1.93103000000000       -0.03371100000000
N           -0.08697900000000       -3.88547900000000        1.21418100000000
N           -3.41539100000000        2.02678400000000       -0.21272200000000
C            3.79432200000000        3.33273900000000        0.08563600000000
C            4.65966600000000        1.21201900000000       -0.15820800000000
C           -3.63420900000000        3.44000800000000       -0.24751600000000
C           -4.48754700000000        1.24403500000000       -0.38227500000000
C            0.91800200000000       -4.56331200000000        0.30380400000000
C           -1.03870500000000       -4.51451900000000        0.22854700000000
N            4.97855300000000        3.80063500000000       -0.14345500000000
N            5.79398200000000        1.65009800000000       -0.28273400000000
N           -4.93239700000000        3.88076700000000       -0.22018700000000
N           -5.43845000000000        0.63541300000000       -0.56090300000000
N            2.01660400000000       -3.97357300000000        0.02442100000000
N           -2.09710000000000       -3.90309700000000       -0.14181500000000
C            6.06983000000000        3.03951000000000       -0.43308300000000
C           -6.03788400000000        3.41264600000000       -0.03845700000000
C           -0.04828900000000       -5.44608400000000       -0.30669700000000
N            7.21387000000000        3.39498000000000       -0.79291100000000
N           -7.16301700000000        3.25889700000000        0.34315000000000
N            0.02937600000000       -6.52846100000000       -0.94770700000000
C            2.79502700000000        4.19275000000000        0.52575700000000
C           -2.65924100000000        4.32835900000000       -0.33004700000000
C            2.32828000000000       -2.77377700000000        0.39543000000000
C           -2.39942700000000       -2.68807200000000        0.21349900000000
C            1.60969400000000        4.75217600000000        0.57702500000000
C           -1.41112700000000        5.09054500000000       -0.38743300000000
N            2.66169000000000        5.64837200000000        0.88749800000000
N           -2.55079100000000        5.72567900000000       -0.35756000000000
H            7.36493300000000        4.38136400000000       -0.95138300000000
H           -7.96095000000000        2.88658400000000       -0.13023600000000
H           -0.85622700000000       -6.93123600000000       -1.23318100000000
H            2.89505100000000        6.32177400000000        0.15334200000000
H           -3.07776600000000        6.57695800000000       -0.35270900000000
H            0.55073300000000        4.73097000000000        0.43692000000000
C            0.48723900000000        1.28258800000000        4.61375600000000
C            1.34761000000000        0.25044100000000        4.67471900000000
C            0.89111900000000       -1.14034800000000        4.73908700000000
O            1.57530600000000       -2.12804500000000        4.79589600000000
N           -0.50124400000000       -1.21777300000000        4.72763300000000
C           -1.42481100000000       -0.19790400000000        4.66658400000000
O           -2.61430700000000       -0.37461100000000        4.66231300000000
N           -0.85887300000000        1.06145800000000        4.60997700000000
F            2.66967800000000        0.47517000000000        4.67805200000000
H            0.82487000000000        2.30633300000000        4.56639400000000
H           -0.89132800000000       -2.15410400000000        4.77005600000000
H           -1.50525900000000        1.83679400000000        4.56418100000000
60
 energy: -137.715192901046 gnorm: 0.005711239521 xtb: 6.7.1pre (5071a88)
N           -0.00197682641489        0.05020289104793        0.39078724727949
C            0.03451910339826        1.45340319516699        0.13345561321418
C            1.21586002992374       -0.63091657685703        0.37829890861825
C           -1.21832032132246       -0.59180729727115        0.29072624227991
N            1.18214724014234        2.05904668330241        0.01486059731782
N           -1.10168495131942        2.10822480611649        0.00514941436939
N            2.34060332038425       -0.00221369603601        0.22780708510574
N            1.15729857204642       -1.97140897468019        0.52433847877690
N           -2.31275723796732        0.06393117677224        0.04067488548765
N           -1.22359155167132       -1.93308495359101        0.45090104151851
C            2.29912389855955        1.32556365285053        0.08468942020147
C           -0.04892104430913       -2.55277109692525        0.84695555299809
C           -2.22061272946594        1.40081441779433       -0.03899766245044
N            3.51215689597078        1.93091074350671       -0.02762471157388
N           -0.08782124672389       -3.88656784527089        1.21645522206319
N           -3.41632856550839        2.02612323990829       -0.20872793723401
C            3.79488182566248        3.33252942137465        0.09038408599825
C            4.65971257188524        1.21399099831429       -0.15474110996258
C           -3.63533783412701        3.43966365248886       -0.24554448299495
C           -4.48762127156213        1.24300187667661       -0.38233402272035
C            0.91811255787531       -4.56376650481609        0.30675496646563
C           -1.03864079779465       -4.51530379479710        0.22947933499797
N            4.97875755848037        3.80074507193908       -0.14021519552031
N            5.79306128787889        1.65155666326710       -0.28077113698386
N           -4.93279224535831        3.88190699185761       -0.21876809485024
N           -5.43744413190116        0.63410441991942       -0.56615126272077
N            2.01563101409376       -3.97387436051886        0.02547454801379
N           -2.09567869474743       -3.90304827078659       -0.14257411461334
C            6.07007564692030        3.04048775850974       -0.43072197520959
C           -6.03803740745369        3.41521567967002       -0.03407094848679
C           -0.04794096378131       -5.44679681101904       -0.30483252631869
N            7.21299071513438        3.39500673750884       -0.79343364699668
N           -7.16534672184359        3.27012557261014        0.34190731587873
N            0.03050284085989       -6.52850624409767       -0.94647934713012
C            2.79449598143653        4.19238808534193        0.52893364373219
C           -2.66007065573754        4.32797091738141       -0.32742582299257
C            2.32701532056369       -2.77463676991318        0.39652662027706
C           -2.39779540131107       -2.68795784452234        0.21259351013488
C            1.60931465485333        4.75208973033177        0.57650121785627
C           -1.41203508775946        5.09036869641725       -0.37958984030056
N            2.66152122086773        5.64895276092713        0.88879964702230
N           -2.55188831352576        5.72572403545699       -0.35901564928462
H            7.36453783722960        4.38085440090121       -0.95319813963277
H           -7.95837596185058        2.88078282563097       -0.12525341027875
H           -0.85455291707930       -6.93162718235821       -1.23301358520624
H            2.89850064275856        6.32040107521439        0.15429404112063
H           -3.07871920460108        6.57700682174095       -0.36039383571674
H            0.55140763035981        4.73219343639740        0.43099136924058
C            0.48889688257265        1.28250113495139        4.60403930314035
C            1.34871735531606        0.24970135413229        4.66079855574498
C            0.89070122634221       -1.14197978530235        4.72649052326269
O            1.57374634027321       -2.12868356272723        4.77859979716027
N           -0.50290212621053       -1.21933480500345        4.71220349878762
C           -1.42511573417409       -0.19833206646774        4.65590847758498
O           -2.61436452058392       -0.37157341864070        4.64644635343545
N           -0.85823158236840        1.06215678679008        4.59946963270330
F            2.66977504679939        0.47533139854834        4.65989243724405
H            0.82781191007294        2.30665840029758        4.56457394655390
H           -0.89293584844026       -2.15614129990040        4.75887927122421
H           -1.50403523174737        1.83869565043936        4.56748265236796
60
 energy: -137.715637399327 gnorm: 0.008646735096 xtb: 6.7.1pre (5071a88)
N           -0.00354186153072        0.04843042631636        0.42575133555166
C            0.03309786234249        1.45381025263724        0.17312284326429
C            1.21717903944732       -0.63281051807675        0.40053288820308
C           -1.21963083007390       -0.59309130729585        0.30968953663098
N            1.17952828726602        2.06086325260101        0.06023623124127
N           -1.10464728347849        2.11036239628495        0.05216491071823
N            2.34001731356489       -0.00289165740501        0.24686771324957
N            1.15775300502216       -1.97454501986250        0.53704397108028
N           -2.31275811144951        0.06363105193990        0.05574863280859
N           -1.22406746492506       -1.93512393454986        0.46432253264729
C            2.29893277153111        1.32515002040634        0.11270019769035
C           -0.04836782129586       -2.55534670033097        0.86321124637339
C           -2.22251982725945        1.40038392429682       -0.01282856899886
N            3.51145076714464        1.93050502004297       -0.00712504198846
N           -0.09041564894455       -3.89106658421099        1.22418280137164
N           -3.41771309743151        2.02496013253679       -0.19269748038331
C            3.79616245775627        3.33233392709683        0.10573416576537
C            4.65877258997085        1.21911869834706       -0.14237889323820
C           -3.63730363301773        3.43901151885439       -0.23598175876220
C           -4.48546707622368        1.24121963013876       -0.38548096102768
C            0.91793480371311       -4.56673799846413        0.31643157511076
C           -1.03833502162295       -4.51860921431450        0.23232817403149
N            4.97896782667104        3.80094039512978       -0.12996267325469
N            5.79024996560841        1.65508210738080       -0.27421060023906
N           -4.93390064028912        3.88290205030980       -0.22519008093533
N           -5.43669747032368        0.63664003253972       -0.57697552866703
N            2.01228413707106       -3.97534313069033        0.02932453782395
N           -2.09079700963996       -3.90290822135678       -0.14577248989198
C            6.07017116827780        3.04320535755415       -0.42499198927709
C           -6.03971182507799        3.41873546521383       -0.03951550958675
C           -0.04693453591928       -5.45017821844332       -0.29912973695021
N            7.21028982988575        3.39507824388957       -0.79611068517517
N           -7.16340421234683        3.27837393190040        0.34545506898029
N            0.03415111078857       -6.52984910087788       -0.94306570206035
C            2.79390899966439        4.19290574960981        0.53975601453072
C           -2.66178414787811        4.32753488533819       -0.31583810153091
C            2.32256541069133       -2.77726237582574        0.40182279738731
C           -2.39255847008226       -2.68800742401980        0.21009575876866
C            1.60959155170197        4.75465900942708        0.57599326281763
C           -1.41502934747171        5.09069918416196       -0.36491234093560
N            2.66321210159681        5.65188147285083        0.89344424746092
N           -2.55522321084829        5.72637192729340       -0.35979184893958
H            7.36394496702296        4.37957349853159       -0.95908094931042
H           -7.96061980715732        2.88142575409426       -0.10561173280552
H           -0.84909591109237       -6.93353202577035       -1.23399346090487
H            2.90931111512709        6.31806742351244        0.15772964668082
H           -3.08198250303098        6.57745000590150       -0.37865984432054
H            0.55355685713147        4.73825518339619        0.41915762995532
C            0.49351017330027        1.28209640740506        4.57310036960061
C            1.35132130088953        0.24682105137093        4.61284152207402
C            0.88947634008241       -1.14705440649893        4.67292657140427
O            1.56949498742246       -2.13275385781157        4.71820626626322
N           -0.50747043994820       -1.22227174909923        4.65656349978418
C           -1.42574129511003       -0.19841181323730        4.61478424579359
O           -2.61538999885801       -0.36095844849732        4.59774888533462
N           -0.85561904245084        1.06468519111448        4.56482305563418
F            2.67029100230506        0.47355275732887        4.60351739508519
H            0.83626955018383        2.30663834488190        4.55273096535461
H           -0.89725095961151       -2.15955290328771        4.71905842378883
H           -1.49941878879009        1.84495092829193        4.57880305892158
60
 energy: -137.715966850409 gnorm: 0.012195959838 xtb: 6.7.1pre (5071a88)
N           -0.00580527502870        0.04699672828230        0.46253295164389
C            0.03142056406049        1.45421836194575        0.21569129768075
C            1.21674359546167       -0.63417580510905        0.42590046628458
C           -1.22094317218556       -0.59412507452583        0.33254509579583
N            1.17690836527158        2.06188360094807        0.10398053048890
N           -1.10686203677675        2.11155754753402        0.09618589554468
N            2.33816698198261       -0.00308636935093        0.26910792438538
N            1.15699074138296       -1.97722771610373        0.55223430672225
N           -2.31250041943710        0.06346045552303        0.07389459688512
N           -1.22502271954476       -1.93731964392614        0.47913003445364
C            2.29752906698213        1.32500705314524        0.14273375800155
C           -0.04887677480528       -2.55841100357922        0.88035127312547
C           -2.22326209434130        1.40018724631327        0.01418440780719
N            3.50963174652463        1.93032895903154        0.01445291314183
N           -0.09278819168191       -3.89639098312103        1.23266072615842
N           -3.41743706609844        2.02455489263063       -0.17519937765916
C            3.79615150076593        3.33300005092386        0.12102978821530
C            4.65645461816875        1.22230422473580       -0.12783355463227
C           -3.63728869796109        3.43841315789623       -0.22806784763583
C           -4.48509144536359        1.24268153500474       -0.37492891682124
C            0.91718264235812       -4.57082717597215        0.32638496419865
C           -1.03784354050759       -4.52238173856050        0.23549741006313
N            4.97807143382338        3.80105558552905       -0.11967119611815
N            5.78722979507122        1.65667614652464       -0.26632788875105
N           -4.93417228760079        3.88104759851813       -0.22393411386747
N           -5.42743699279616        0.63403933253672       -0.59935423647030
N            2.00893567093168       -3.97682252987162        0.03469229773332
N           -2.08583124159042       -3.90278197514822       -0.14883242129389
C            6.06871201545395        3.04485410897668       -0.41978732319757
C           -6.03775943332455        3.41548291070450       -0.02685778827874
C           -0.04590368147262       -5.45426876937943       -0.29339916775113
N            7.20680860608542        3.39451489503048       -0.79815657034280
N           -7.16814417578634        3.29469357771712        0.34647150610848
N            0.03785364148029       -6.53226515674493       -0.93943758302990
C            2.79409948389625        4.19582820127866        0.55138756353294
C           -2.66217983710404        4.32732368726122       -0.30849366380217
C            2.31801662989115       -2.77944824552471        0.41035767058881
C           -2.38789548987216       -2.68877852859209        0.20938261648097
C            1.61100199867744        4.76057096304408        0.57805404853005
C           -1.41719621217892        5.09218019648987       -0.35388333053504
N            2.66648640563285        5.65651138334713        0.89851248102065
N           -2.55823464394087        5.72675666849709       -0.36167042719184
H            7.36276280839899        4.37806477652465       -0.96381002198636
H           -7.96148524533854        2.88006461265104       -0.09581779955742
H           -0.84365423176523       -6.93590019780763       -1.23550789343324
H            2.91886035657316        6.31825595506536        0.16110170857491
H           -3.08566940466021        6.57700037254182       -0.39396616852088
H            0.55557820226882        4.74674931597460        0.41619863498724
C            0.49725787276024        1.28147745610437        4.54102292844941
C            1.35283008056024        0.24339282571294        4.56064036614302
C            0.88791935436455       -1.15085006021230        4.61108906892004
O            1.56522131027786       -2.13818338712325        4.65032448334498
N           -0.51099299048650       -1.22255540509761        4.59613229229142
C           -1.42594508675772       -0.19653175582565        4.56953511220752
O           -2.61665148443187       -0.35058595036688        4.55082324062417
N           -0.85250709436488        1.06755668024094        4.53003556646788
F            2.67144018681437        0.46851963522373        4.54462657063569
H            0.84340284853939        2.30527473244686        4.53310159472196
H           -0.90061699768582       -2.15948137145260        4.66779654904069
H           -1.49367055956838        1.84991341154127        4.58379864987377
60
 energy: -137.716443212519 gnorm: 0.011969536076 xtb: 6.7.1pre (5071a88)
N           -0.00850975037453        0.04552590918338        0.50723826874372
C            0.02948235155411        1.45469696725185        0.26849528933720
C            1.21515511553971       -0.63532450860112        0.45892474930186
C           -1.22184139895547       -0.59527128281550        0.36186596984182
N            1.17419446694535        2.06277839091916        0.15595636985020
N           -1.10883603729927        2.11251267110280        0.14843240566232
N            2.33537367678749       -0.00289417733053        0.29871219183234
N            1.15538259549144       -1.97992392718512        0.57259547779561
N           -2.31114363917537        0.06309227022932        0.09587376382962
N           -1.22613143447859       -1.94005792137734        0.49701253489657
C            2.29516992972517        1.32528381682639        0.18111947677884
C           -0.05022340685571       -2.56238627261135        0.90102638442161
C           -2.22281320881962        1.40012496455129        0.04749820569445
N            3.50674895597357        1.93054369781723        0.04175352964216
N           -0.09536494811499       -3.90321921981682        1.24281855874125
N           -3.41532789413655        2.02354594500104       -0.15699765346441
C            3.79490251999549        3.33462570514336        0.13974059445129
C            4.65249588951872        1.22431002417948       -0.10850158198474
C           -3.63614868761396        3.43688941391258       -0.21918742845984
C           -4.47800044346674        1.24085052314087       -0.38071387410864
C            0.91605454221748       -4.57613397559819        0.33800764277786
C           -1.03686291420199       -4.52695574652390        0.23898125770235
N            4.97585987119571        3.80114750258657       -0.10734857653037
N            5.78306760194412        1.65665162721298       -0.25603313120877
N           -4.93392963733006        3.87821071989505       -0.22744547373753
N           -5.42762227355691        0.64346963874712       -0.59749814677960
N            2.00527098741407       -3.97822881190373        0.04250573868429
N           -2.07965015678470       -3.90256622530587       -0.15278133699520
C            6.06513220103881        3.04553336511143       -0.41370098787490
C           -6.03649623991179        3.41240906269767       -0.02261296252504
C           -0.04429337086662       -5.45931068613936       -0.28705019182373
N            7.20113297530820        3.39281909290506       -0.80018458175715
N           -7.16907364186261        3.30450747903062        0.34938920005120
N            0.04262842603757       -6.53571563506823       -0.93511093645234
C            2.79492395884520        4.20143321123292        0.56680628201442
C           -2.66144851330511        4.32633641466138       -0.29774070236655
C            2.31297061135190       -2.78172100535684        0.42353791933181
C           -2.38264745753948       -2.69029604258605        0.20951257439331
C            1.61349126948737        4.77014224908259        0.58441390737110
C           -1.41861871315104        5.09342620460512       -0.34187631023984
N            2.67139962662880        5.66379565204268        0.90515887811108
N           -2.56071792755967        5.72598958405232       -0.36029531961589
H            7.35969399077921        4.37551618047794       -0.96887699829828
H           -7.96352847416640        2.87776201549969       -0.08010110881587
H           -0.83689668352247       -6.93879596445113       -1.23778529070811
H            2.92872773161430        6.32048575747934        0.16486447808003
H           -3.08931605278372        6.57483595774351       -0.40749822328846
H            0.55801214254911        4.75860832606846        0.42137520524448
C            0.50132983524115        1.28059433824521        4.50105784209333
C            1.35387964757947        0.23903738898019        4.49484910809384
C            0.88543103298485       -1.15373842525426        4.53272817860363
O            1.55923904003419       -2.14488423738976        4.56191385183435
N           -0.51450156511113       -1.22059821053950        4.52131970326787
C           -1.42591134031493       -0.19222249722505        4.51489657304932
O           -2.61796758544011       -0.33867792343408        4.49763978583513
N           -0.84837948487331        1.07152754157318        4.48973905073036
F            2.67349005821042        0.45988930639968        4.47067355700434
H            0.85127163313781        2.30269979568531        4.50377206565512
H           -0.90424878404192       -2.15676112311870        4.59437903447620
H           -1.48546101951275        1.85407510836089        4.58140121180568
60
 energy: -137.717194219763 gnorm: 0.009122489982 xtb: 6.7.1pre (5071a88)
N           -0.01209492370665        0.04426857722209        0.55915892518603
C            0.02675518247671        1.45481984595274        0.32891814431237
C            1.21137494872884       -0.63585449622817        0.50085710489771
C           -1.22291699764368       -0.59612205470882        0.40006660466230
N            1.17120394791467        2.06313825257997        0.21330343156220
N           -1.11083994897667        2.11245853746548        0.20458181522403
N            2.33101197063854       -0.00222701257901        0.33708312152649
N            1.15222309817988       -1.98193051748247        0.60009324520098
N           -2.30996974890805        0.06295470495938        0.12611484340431
N           -1.22793470719001       -1.94294176059206        0.51954900927522
C            2.29114398076004        1.32608580866354        0.22794570718253
C           -0.05317490357900       -2.56707589941648        0.92587576922366
C           -2.22192322739587        1.40056523922942        0.08826741196174
N            3.50208933164047        1.93123802454774        0.07551051571776
N           -0.09815055838014       -3.91133547488512        1.25501487827956
N           -3.41197364159110        2.02356933450492       -0.13159766285226
C            3.79125537127606        3.33722594259340        0.16231923401398
C            4.64583677071864        1.22362110936460       -0.08267939663791
C           -3.63291534336069        3.43594311387873       -0.20458999622445
C           -4.47202383869744        1.24242391302650       -0.37127390566692
C            0.91439473480808       -4.58179025100235        0.35116494335137
C           -1.03533032984762       -4.53161015302569        0.24312279033149
N            4.97127254691128        3.80072096466342       -0.09300676266116
N            5.77683693616408        1.65334174950617       -0.24200432057848
N           -4.93243600999177        3.87549395530626       -0.23290053090963
N           -5.41944500513448        0.64834360722916       -0.60781484507846
N            2.00152672600057       -3.97843742170908        0.05430839095829
N           -2.07261657932322       -3.90170265363232       -0.15632652413008
C            6.05775942939106        3.04364641474199       -0.40613796990121
C           -6.03563063559237        3.41033042805862       -0.02795374962328
C           -0.04192036616956       -5.46421847455914       -0.28043753031311
N            7.19167809191857        3.38844720185823       -0.80132356158417
N           -7.16336305619666        3.30201009916896        0.35698740189740
N            0.04855986536334       -6.53928057994377       -0.93021137278604
C            2.79619199791615        4.21039409908876        0.58714589631361
C           -2.65842854596930        4.32524662643580       -0.28310755707330
C            2.30765177790643       -2.78336806610122        0.44372467510693
C           -2.37779545601914       -2.69263746210286        0.21315755929229
C            1.61691158981865        4.78402546000573        0.59825560962966
C           -1.41779869704267        5.09474414730517       -0.33308425668704
N            2.67785709256630        5.67462807524328        0.91311299648189
N           -2.56096091808729        5.72436456769985       -0.35551472290766
H            7.35272369974167        4.37044344860636       -0.97370119899592
H           -7.96605958816620        2.87710526991740       -0.05808835716331
H           -0.82883369899202       -6.94119834807142       -1.24069443599742
H            2.93715035875599        6.32534495533324        0.16781049798524
H           -3.09113074181646        6.57111188002675       -0.41608820124672
H            0.56037220254590        4.77403485136543        0.44012943656651
C            0.50594001444062        1.27933060286458        4.45003679064149
C            1.35428347708531        0.23401092839231        4.41289255665930
C            0.88162684843601       -1.15457816364066        4.43354288705886
O            1.55080664826591       -2.15204636551585        4.44730821906736
N           -0.51765103435173       -1.21529827582992        4.42976767348402
C           -1.42549313752835       -0.18426688395581        4.45000299400951
O           -2.61888267462654       -0.32607050377050        4.44064403725288
N           -0.84296838068982        1.07690105616156        4.44420958436984
F            2.67671858893879        0.44711189020631        4.38014285334333
H            0.86006089336414        2.29872955263390        4.46131510009645
H           -0.90838533627221       -2.15050512378422        4.49023409541604
H           -1.47417009142109        1.85632170673404        4.56350610806897
60
 energy: -137.718124071972 gnorm: 0.012555152739 xtb: 6.7.1pre (5071a88)
N           -0.01518375187753        0.04324097776408        0.61323813586120
C            0.02398536265165        1.45449334975555        0.39049063898265
C            1.20690743040998       -0.63587687588703        0.54920620392066
C           -1.22354634463151       -0.59680529588595        0.44305867445311
N            1.16873366158512        2.06359093374831        0.27395063053847
N           -1.11241341300980        2.11156816328088        0.25989531615307
N            2.32671991543606       -0.00157218636763        0.38291956246272
N            1.14877542774194       -1.98278648398086        0.63484382124893
N           -2.30882829323664        0.06251688616851        0.16156095813573
N           -1.22958331820211       -1.94532803703630        0.54605298514248
C            2.28668332096370        1.32722767125327        0.28096736862735
C           -0.05691750560445       -2.57169687123693        0.95408263221001
C           -2.22073542611502        1.40081265080052        0.13092230462112
N            3.49663777215689        1.93224895796195        0.11613550617135
N           -0.10092285949370       -3.91932766883410        1.26925941788574
N           -3.40768647607462        2.02316476003561       -0.10460903217941
C            3.78556597020397        3.33963899913312        0.19027093435547
C            4.63744684063478        1.21999840862555       -0.04903174988307
C           -3.62798354882106        3.43431875013150       -0.18812369137742
C           -4.46450276367336        1.24286537900299       -0.35798442898511
C            0.91320023099142       -4.58534245489390        0.36575524066987
C           -1.03299624257963       -4.53457767867919        0.24856814012250
N            4.96451210008178        3.79925212257890       -0.07612983058688
N            5.76867559346146        1.64679360746940       -0.22207515883793
N           -4.92902318033089        3.87077062285176       -0.22805683935705
N           -5.41188255502773        0.65376570001906       -0.60601547188834
N            1.99924526075271       -3.97616138057003        0.07212363270366
N           -2.06538986033652       -3.89943807662478       -0.15684007779754
C            6.04665473901105        3.03827666511031       -0.39500296099353
C           -6.03110107558515        3.40379089290080       -0.01988260186547
C           -0.03812666866415       -5.46645749825128       -0.27365322171977
N            7.17821194223879        3.38060417941444       -0.79969431558628
N           -7.15978925973022        3.29969313859523        0.36476718972853
N            0.05585504297727       -6.54042884309169       -0.92470639676610
C            2.79700803291229        4.22048298499669        0.61366135581474
C           -2.65377993236017        4.32337178619959       -0.26786123241423
C            2.30379757959956       -2.78392674244776        0.47196035431633
C           -2.37392698591026       -2.69485448978076        0.22237753614744
C            1.61982356913722        4.79901630570142        0.62182063122277
C           -1.41445118963374        5.09596208422458       -0.31825239855554
N            2.68395513786574        5.68799447196733        0.92175506189573
N           -2.55942279855768        5.72154775387607       -0.34948811251394
H            7.34027961249655        4.36187547653645       -0.97703810208217
H           -7.96509972065758        2.87579051044980       -0.04500530947799
H           -0.81949043951639       -6.94089606913615       -1.24279521104960
H            2.94202889732866        6.33072237749121        0.16839731868467
H           -3.09184537352121        6.56566691994947       -0.42211372526065
H            0.56176978606135        4.78980617264569        0.47185720327960
C            0.51237286049812        1.27737449422753        4.38352154882485
C            1.35492942960437        0.22886946682436        4.31409739111331
C            0.87653956883243       -1.15407353434958        4.31131968293252
O            1.53974720848682       -2.15815927696943        4.30496446711836
N           -0.52091318327587       -1.20813510754743        4.32006388287064
C           -1.42479173183084       -0.17345466879571        4.37374100672267
O           -2.61885906875719       -0.31412473867728        4.38224769417360
N           -0.83614770267151        1.08295037183986        4.39280567470837
F            2.68061980777634        0.43281728856500        4.27558947293903
H            0.87123927324260        2.29439450732125        4.40874554619232
H           -0.91486640720155       -2.14296982378304        4.35470981217372
H           -1.46171429824556        1.85911801341574        4.53130093404575
60
 energy: -137.719184556505 gnorm: 0.015932089120 xtb: 6.7.1pre (5071a88)
N           -0.01755445815062        0.04228497927329        0.66459702995562
C            0.02106821554551        1.45414952128266        0.44893813093338
C            1.20319103907036       -0.63596491286463        0.59746385329983
C           -1.22429568243838       -0.59758838055607        0.48500654032895
N            1.16629495667834        2.06470935265599        0.33585413162380
N           -1.11433216324450        2.11082672158027        0.31381783909070
N            2.32344462305524       -0.00128566314609        0.43051799804693
N            1.14616446649903       -1.98300988924434        0.67240781741681
N           -2.30868175450347        0.06183546250010        0.19922475849947
N           -1.23074380127377       -1.94704637769253        0.57416040230639
C            2.28267700091281        1.32830499743872        0.33505341923168
C           -0.06026412105549       -2.57581087748605        0.98318154297928
C           -2.22087893459197        1.40073203791947        0.17349309264285
N            3.49143546917904        1.93311096166545        0.16065482227959
N           -0.10362835894334       -3.92627942278736        1.28483161674375
N           -3.40491338659007        2.02248497059047       -0.07498113882051
C            3.77962515695175        3.34066194225221        0.22220838805955
C            4.62911381812036        1.21523358610728       -0.01036001207060
C           -3.62361471951619        3.43297830863711       -0.16715640159879
C           -4.45883188015060        1.24232263495004       -0.33813838037269
C            0.91313194887112       -4.58611978255070        0.38130164810862
C           -1.03032708955112       -4.53541965884486        0.25548350635911
N            4.95720567772039        3.79677153964296       -0.05752739406194
N            5.75984722193639        1.63938426975898       -0.19752795954345
N           -4.92495375627399        3.86875664631051       -0.21855193114305
N           -5.40404307686313        0.65526757739984       -0.60085958743017
N            1.99904617599079       -3.97201167233948        0.09464980672209
N           -2.05902617628090       -3.89598385026682       -0.15316682275793
C            6.03440876988519        3.03084774815322       -0.38081181583088
C           -6.02780121769605        3.40216101922027       -0.01425361368156
C           -0.03327199980681       -5.46530452389999       -0.26670450931874
N            7.16314558572092        3.37079640499950       -0.79616886683489
N           -7.15478524977334        3.29462613780399        0.37348009255033
N            0.06382978257523       -6.53800593171693       -0.91929867470362
C            2.79712448858349        4.22849729096768        0.64454888726680
C           -2.64898352981173        4.32102915445552       -0.24951477868115
C            2.30189490127992       -2.78355555572807        0.50458888363614
C           -2.37136857863146       -2.69616448120787        0.23640944852735
C            1.62164998308308        4.81128483508437        0.65216316114349
C           -1.40985469609023        5.09556100660582       -0.30148623080576
N            2.68891585840347        5.70085606392425        0.93096444642236
N           -2.55587442486003        5.71820661108927       -0.34093032446407
H            7.32431886700606        4.35123657166941       -0.97954766232724
H           -7.96159685726687        2.86902168438262       -0.03193096888419
H           -0.80970181632416       -6.93719428829322       -1.24377003223204
H            2.94385624446940        6.33369418143534        0.16755633858698
H           -3.08993457489337        6.56029733993081       -0.42403209794531
H            0.56236476484427        4.80255830920712        0.50999674563839
C            0.52070424537244        1.27546575159489        4.30924675643032
C            1.35661866861559        0.22440546034843        4.20739504446936
C            0.87087987429928       -1.15381899540876        4.17745133028771
O            1.52773326484356       -2.16309703528195        4.14417398246377
N           -0.52505758451426       -1.20106629010498        4.19956371422269
C           -1.42405715036058       -0.16184402695808        4.29253662507784
O           -2.61801467760820       -0.30269246794191        4.32089000184867
N           -0.82832487709937        1.08874081381552        4.33822360276749
F            2.68442407030451        0.42039155951864        4.16208079819727
H            0.88466972942639        2.29052271388369        4.35375036083999
H           -0.92441147630735       -2.13544354171043        4.20263709726579
H           -1.44965679876327        1.86469145798485        4.49486154122812
60
 energy: -137.720343375672 gnorm: 0.016104690351 xtb: 6.7.1pre (5071a88)
N           -0.01855357667260        0.04143753290562        0.70378358417065
C            0.01851982359271        1.45370261473992        0.49431269023180
C            1.20106119390369       -0.63626395229801        0.63821192324287
C           -1.22499897233011       -0.59851828422579        0.51932624981470
N            1.16447607537190        2.06620964786396        0.38998522891816
N           -1.11608457485474        2.11008953081951        0.35664917552626
N            2.32203197729106       -0.00139150800643        0.47411310274125
N            1.14517343681135       -1.98248259652104        0.70842196274420
N           -2.30958819864281        0.06099664854967        0.23468078384441
N           -1.23083160882922       -1.94769822402149        0.60066510052852
C            2.27992631021001        1.32912141848054        0.38339678541850
C           -0.06233972350943       -2.57887249391162        1.00907431833271
C           -2.22229854389860        1.40012675701710        0.20940542188715
N            3.48743063811752        1.93370289442686        0.20533581205101
N           -0.10553210210080       -3.93090286136799        1.30068000193296
N           -3.40397626606864        2.02140365234696       -0.04686220719681
C            3.77427912317300        3.33974048005798        0.25546878187424
C            4.62236256404521        1.20953766623758        0.03182840026971
C           -3.62041408787740        3.43178160057042       -0.14448529160087
C           -4.45557312236432        1.24000807446077       -0.31344096974296
C            0.91494471447530       -4.58318343475120        0.39647393094179
C           -1.02751237465585       -4.53309931823057        0.26422677883262
N            4.95010490775612        3.79343079963629       -0.03865337487497
N            5.75163202117005        1.63215419749802       -0.16820963128435
N           -4.92081030443697        3.86780622005336       -0.19796489394007
N           -5.39847978678163        0.65306251231006       -0.58413441158442
N            2.00239200435051       -3.96622692414076        0.12166126468573
N           -2.05516727049826       -3.89150329952331       -0.14277010771278
C            6.02238079121942        3.02172140307405       -0.36376091562568
C           -6.02424005565940        3.40065288481563        0.00066479884374
C           -0.02754841170381       -5.45937058357865       -0.26004192738316
N            7.14808512732770        3.35984697562755       -0.78974963836115
N           -7.15230230210051        3.28725143986971        0.38294044771239
N            0.07151030744073       -6.53057675899261       -0.91473015214100
C            2.79634340913471        4.23255321048873        0.67745237297470
C           -2.64495649366371        4.31845211560534       -0.23168847294801
C            2.30342595375031       -2.78191863379024        0.53973528610335
C           -2.37138550011442       -2.69607359079787        0.25641043550519
C            1.62181750979012        4.81791297910042        0.68856231537789
C           -1.40457183273395        5.09329152883438       -0.28386939374464
N            2.69150835744790        5.71077046976015        0.94035967321101
N           -2.55064255498261        5.71461641489181       -0.33047908225077
H            7.30542379528642        4.33956561640332       -0.97980450887652
H           -7.95572077523977        2.86398570990692       -0.02993859645472
H           -0.80094738267695       -6.92858997928050       -1.24303201303399
H            2.94016867955331        6.33253068250527        0.16561374549716
H           -3.08534530937782        6.55557292266460       -0.41835389131227
H            0.56167522596580        4.80866529250943        0.55414198302303
C            0.53023812016498        1.27374655838480        4.23405542810369
C            1.35915766235668        0.22188524266661        4.10480895904636
C            0.86490893308254       -1.15298510494852        4.04565040749769
O            1.51591135019842       -2.16432369873386        3.97977897025685
N           -0.52987413493407       -1.19399069289479        4.08113680801089
C           -1.42314280777681       -0.15080700080544        4.21392560224503
O           -2.61571553527669       -0.29402231050030        4.25998548224686
N           -0.81983466228386        1.09256986912617        4.28410583988492
F            2.68724871055006        0.41247301717082        4.05047205089836
H            0.89896136077948        2.28660726723149        4.29703461776125
H           -0.93689874445167       -2.12646333208791        4.05071575049688
H           -1.43781306780781        1.87028073480905        4.44536320737097
60
 energy: -137.721425751751 gnorm: 0.012969440539 xtb: 6.7.1pre (5071a88)
N           -0.01904097548633        0.04015435560068        0.73491598273826
C            0.01623821454904        1.45325991684473        0.53294615993361
C            1.20056513470879       -0.63747782053126        0.67121299899347
C           -1.22619893952582       -0.60006940245140        0.54741358395340
N            1.16271361240719        2.06768673960335        0.44063577039125
N           -1.11806876014698        2.10976061866632        0.39603714571138
N            2.32183968984274       -0.00182736072576        0.51275615910093
N            1.14554867063997       -1.98289455838160        0.73944286923838
N           -2.31143918476286        0.06010266693021        0.26810248791508
N           -1.23020289108213       -1.94862139942923        0.62508164212249
C            2.27838309357107        1.32942718297643        0.42781124130144
C           -0.06269882220497       -2.58207928175768        1.03132209630562
C           -2.22493364681336        1.39908931165707        0.24311483441889
N            3.48500738042179        1.93385285626146        0.25035738356769
N           -0.10667394994407       -3.93488523154247        1.31653302590839
N           -3.40512428724686        2.02024417587152       -0.01750463512015
C            3.77095789569332        3.33768431953200        0.28913403742892
C            4.61835005663528        1.20525328855424        0.07683046595900
C           -3.61929633384987        3.43109376204032       -0.11920504613995
C           -4.45516598638856        1.23695480008228       -0.28614399008958
C            0.91843538135794       -4.57948276033808        0.41147486992277
C           -1.02493443351659       -4.53000304058509        0.27408772292869
N            4.94449771626951        3.79030798383961       -0.01909221356065
N            5.74533147317879        1.62762875829325       -0.13533578152853
N           -4.91799408842528        3.86961827824947       -0.17217826701781
N           -5.39513548230138        0.64787278208534       -0.56448630403473
N            2.00809725433938       -3.96155117366582        0.14986913856721
N           -2.05360322224194       -3.88799062939553       -0.12815944474858
C            6.01293640347852        3.01366377840696       -0.34509306191209
C           -6.02299759070639        3.40327575695570        0.01806804634699
C           -0.02162274854795       -5.45151395359433       -0.25344015479182
N            7.13511965580383        3.35014708922583       -0.78278212522167
N           -7.15288120416452        3.28250346079301        0.39230058035575
N            0.07865544394526       -6.52037613253166       -0.91181915696515
C            2.79523183121231        4.23334950967543        0.71032790287625
C           -2.64230128013016        4.31570688488998       -0.21227115234770
C            2.30674378161421       -2.78048647890562        0.57372976797522
C           -2.37302452925490       -2.69584537065375        0.27872381524481
C            1.62101009399809        4.81968070503522        0.72596875936785
C           -1.39964457139256        5.08851828939373       -0.26524865088874
N            2.69222926445175        5.71695203052221        0.95178593246131
N           -2.54457125015358        5.71110379401859       -0.31804845458380
H            7.28668936777283        4.32917718600117       -0.98028628793902
H           -7.94962001058786        2.85557100968014       -0.03099667206065
H           -0.79331598320994       -6.91710943336608       -1.24269471335221
H            2.93389403258986        6.32747581235077        0.16631931208597
H           -3.07865242436081        6.55243013598295       -0.40833630290255
H            0.56047303627936        4.80907974679281        0.59820027462331
C            0.54010985874844        1.27302449404659        4.16072331178461
C            1.36256530372749        0.22017112316321        4.00359621721280
C            0.85913366081972       -1.15256154765861        3.91773479641520
O            1.50480808157277       -2.16309159501823        3.81591623696226
N           -0.53557443438739       -1.18730112771923        3.96560967587967
C           -1.42214125476607       -0.14125282366819        4.13427609409569
O           -2.61317779572518       -0.28467803678070        4.19403955665077
N           -0.81110733117711        1.09543382359271        4.22768030769653
F            2.68926285870413        0.40740990154333        3.93660058913232
H            0.91353031398662        2.28351130628872        4.24258008571833
H           -0.95099878128974       -2.11531652096737        3.91416507031202
H           -1.42621636851459        1.87823804423500        4.39434246558671
60
 energy: -137.722165854037 gnorm: 0.009244820606 xtb: 6.7.1pre (5071a88)
N           -0.01917735329939        0.03790517984088        0.75253562212422
C            0.01474774260008        1.45237903984970        0.56019143539982
C            1.20154484986979       -0.63993307204772        0.68968404530011
C           -1.22770282733782       -0.60249209944722        0.56505215514253
N            1.16138840399574        2.06821873564098        0.48070655840726
N           -1.11981153303870        2.10931332399529        0.42692404441553
N            2.32251344276797       -0.00265670178713        0.53951256314402
N            1.14692499904153       -1.98496921786656        0.75663695142509
N           -2.31370546686928        0.05912628774176        0.29446219090733
N           -1.22906878278025       -1.95041813433257        0.64278667833374
C            2.27819525194652        1.32897519098764        0.46263420716230
C           -0.06099224510878       -2.58555701189700        1.04422607581031
C           -2.22775445098545        1.39756086785557        0.27036698550602
N            3.48470352757563        1.93351818052908        0.29099431469621
N           -0.10621758137125       -3.93796350455275        1.32941940344917
N           -3.40754856439917        2.01915693279022        0.00973148274778
C            3.77029754216898        3.33540364449071        0.31979410120182
C            4.61819465638789        1.20346057437859        0.12112162550205
C           -3.62029290664644        3.43064274799555       -0.09388733128234
C           -4.45693085462990        1.23399238532329       -0.25895404828126
C            0.92324444427593       -4.57688699582406        0.42374407807462
C           -1.02293117689135       -4.52749891660508        0.28364810014511
N            4.94120677163791        3.78830972651968        0.00043526508457
N            5.74244439952205        1.62703242860132       -0.10048666208709
N           -4.91744655746165        3.87161510994633       -0.14187080620346
N           -5.39550239738866        0.64307623744064       -0.53569533998421
N            2.01542784513115       -3.96025239899574        0.17386709623666
N           -2.05500039766983       -3.88723960728317       -0.11107209165319
C            6.00777056800124        3.00850593786370       -0.32568495721543
C           -6.02323349268519        3.40462139398027        0.04100196061016
C           -0.01661060631440       -5.44385600184753       -0.24802523654611
N            7.12613534251368        3.34359139583302       -0.77499505200576
N           -7.15667756278110        3.27708574859773        0.40240150448119
N            0.08393140921672       -6.50959190486006       -0.91164513883247
C            2.79404676541764        4.23159317884763        0.73938606851304
C           -2.64169145910934        4.31316949037351       -0.19319491064241
C            2.31107458999351       -2.78006469947545        0.59948518686013
C           -2.37608932304373       -2.69651920008725        0.29992039567252
C            1.61931464087546        4.81659469246320        0.76006125771845
C           -1.39627845076888        5.08174552846568       -0.24788512325560
N            2.69059131317631        5.71853526627560        0.96606647275236
N           -2.53901216013358        5.70805305170215       -0.30343959660857
H            7.27072534838562        4.32197144612988       -0.98054902031219
H           -7.94551003365559        2.85386000968326       -0.03900953198512
H           -0.78828824954730       -6.90457301018652       -1.24394521943724
H            2.92508922660791        6.31985291367536        0.17230850593947
H           -3.07103422289479        6.55105706922474       -0.39208878888358
H            0.55860408695633        4.80329087467904        0.63810066631657
C            0.54886709716291        1.27371684660113        4.09507512945762
C            1.36576656530607        0.22065538198219        3.91759245648241
C            0.85432573776070       -1.15039927029013        3.81462560939316
O            1.49574873918726       -2.15744583064928        3.68074061436369
N           -0.54114464109476       -1.18015505152816        3.87149396618679
C           -1.42099570300371       -0.13335306140565        4.06438601555510
O           -2.61103941236163       -0.27381498297312        4.12648450189334
N           -0.80304919142794        1.09780707336327        4.17133659776738
F            2.69000205713346        0.40639342760096        3.83405387002436
H            0.92666450086300        2.28105720842083        4.18808681316717
H           -0.96422315570239       -2.10297624371118        3.81456475488404
H           -1.41453110505997        1.88577238798025        4.33542752694436
60
 energy: -137.722542151033 gnorm: 0.007815982108 xtb: 6.7.1pre (5071a88)
N           -0.01970199797510        0.03431382729992        0.75976145745188
C            0.01402309376128        1.45064478849637        0.57930369430353
C            1.20266712398314       -0.64337891182395        0.69257976971197
C           -1.22906295797507       -0.60577144216452        0.57313678026031
N            1.16029435249517        2.06723398989249        0.50821056825453
N           -1.12130593766032        2.10822915870824        0.45205317845626
N            2.32268924581371       -0.00385293147578        0.54964977676149
N            1.14798708980502       -1.98902107678660        0.75377399070423
N           -2.31538633397895        0.05779805008714        0.31041041543403
N           -1.22841960912483       -1.95388366587106        0.65003954780017
C            2.27846822353449        1.32787403340344        0.48462083130503
C           -0.05816562945436       -2.58957575624335        1.04482452856206
C           -2.22952235411169        1.39577497114189        0.29166674173728
N            3.48564847212617        1.93301015066473        0.32029945664869
N           -0.10412411161918       -3.94093983745796        1.33505512594291
N           -3.40967184423974        2.01835908105881        0.03342313750062
C            3.77150447675906        3.33473985656001        0.34282656638747
C            4.62070056708432        1.20487936963979        0.15539289024451
C           -3.62204209635138        3.43021648041959       -0.07144840796225
C           -4.45934844126779        1.23308694743571       -0.23725331433360
C            0.92720457475813       -4.57876815985786        0.42965207516230
C           -1.02181061010792       -4.52872866483368        0.28923397599108
N            4.94032000096491        3.78838739605820        0.01776908301122
N            5.74316367020982        1.62993439202070       -0.07137004162540
N           -4.91853307342997        3.87350285976414       -0.11838243036412
N           -5.39665228825953        0.64015554626411       -0.51571839210164
N            2.02066966142153       -3.96425263058473        0.18379744301672
N           -2.05750329328111       -3.89082586343978       -0.09937145752034
C            6.00713505947707        3.00819599157784       -0.30936849671541
C           -6.02537144119226        3.40655295468150        0.05841392499243
C           -0.01420760917597       -5.44175944139712       -0.24556286237915
N            7.12198268276846        3.34199833189415       -0.76864330895770
N           -7.16132170123419        3.27571154023039        0.41090012597485
N            0.08623529497700       -6.50445612897305       -0.91433317130400
C            2.79336492556581        4.23043726856899        0.76004603033641
C           -2.64215472996266        4.31102488222140       -0.17479132455382
C            2.31348810773536       -2.78187834278816        0.60682248221463
C           -2.37810094133073       -2.69961739586872        0.31168730524193
C            1.61767178430579        4.81276263144740        0.78321639199841
C           -1.39477432736131        5.07494767448544       -0.23303235373175
N            2.68816320801282        5.71807408114455        0.98107686383336
N           -2.53541036884071        5.70567066091415       -0.28856417584721
H            7.26159863026438        4.31962477547969       -0.98159865792311
H           -7.94455483619965        2.85333445423449       -0.04227295568113
H           -0.78642694643820       -6.89719394554115       -1.24843988798435
H            2.91806860845068        6.31429063443035        0.18276990962252
H           -3.06490787774454        6.55070639294319       -0.37637830244319
H            0.55684785465052        4.79636421670173        0.66482278067977
C            0.55475457942277        1.27695489201324        4.04725569000373
C            1.36783975977865        0.22229508489230        3.85767337772942
C            0.85145379959748       -1.14730223997993        3.75277134225913
O            1.48956774656387       -2.15227863684968        3.60293912443487
N           -0.54526810746204       -1.17311404544905        3.81319104554055
C           -1.42011212658084       -0.12580727563186        4.01346918886845
O           -2.61129235925613       -0.25842877821442        4.07134532180896
N           -0.79744513401079        1.10342564657056        4.12552583188601
F            2.69051240542013        0.40620200523218        3.76034284465534
H            0.93648806900486        2.28192410145257        4.14435054968972
H           -0.97281837845020       -2.09329156512395        3.76487738149550
H           -1.40509560461643        1.89548761634463        4.29419699349568
60
 energy: -137.722854925165 gnorm: 0.011190042188 xtb: 6.7.1pre (5071a88)
N           -0.01922925949876        0.02903547466320        0.74463893368001
C            0.01451889164539        1.44731204945913        0.57850236531925
C            1.20503576337121       -0.64800614278299        0.67218951521713
C           -1.22988765520865       -0.61028532663985        0.56524191072999
N            1.16022220865768        2.06456382683103        0.51563462675411
N           -1.12217752246175        2.10565579928967        0.46101602617256
N            2.32389541734995       -0.00582759467331        0.53814033277970
N            1.15005283566403       -1.99433929452808        0.72731808038160
N           -2.31725421761293        0.05559364195622        0.31393560339424
N           -1.22745666190341       -1.95839562818129        0.64468005938284
C            2.28014269409216        1.32588226894132        0.48836927379275
C           -0.05311951414723       -2.59333803729088        1.02879295627806
C           -2.23090029886105        1.39298391052866        0.30097349975652
N            3.48869286149767        1.93248390205858        0.33937090833217
N           -0.09917775265427       -3.94165771321524        1.33309254019851
N           -3.41255747605251        2.01733080331798        0.05258756273831
C            3.77426152527656        3.33468507758719        0.36104382498632
C            4.62705495926113        1.20847582275005        0.18522393760501
C           -3.62491625949159        3.42960913682421       -0.04939898025262
C           -4.46394249979008        1.23270039002187       -0.21460206285573
C            0.93161984591022       -4.58242629049450        0.42817234563666
C           -1.02139497684697       -4.53143980424375        0.29247066518324
N            4.94142898197553        3.79008686608119        0.03549710453651
N            5.74815626463274        1.63602611141959       -0.04015475164378
N           -4.92062261543153        3.87553306516471       -0.09033040222555
N           -5.40163480813086        0.63792319047633       -0.48443882982529
N            2.02668606210923       -3.97261885371711        0.18209341917842
N           -2.06348514653033       -3.89853136135490       -0.08703824144411
C            6.01042381962117        3.01115115676131       -0.29068931304764
C           -6.02854670828375        3.40846525206059        0.07955125766122
C           -0.01403350504282       -5.44214339542214       -0.24603469663888
N            7.12186432009256        3.34420805967637       -0.75783613849623
N           -7.16756476994898        3.27433883429738        0.42155098096668
N            0.08476544097946       -6.50219455321051       -0.91958904378265
C            2.79210877639047        4.22754566654011        0.77580080357511
C           -2.64378807918189        4.30880531483496       -0.15643972312225
C            2.31720386226714       -2.78509340321567        0.59574824137962
C           -2.38131581484053       -2.70462314623770        0.31922304158444
C            1.61415111375355        4.80416895397109        0.80313641469292
C           -1.39392131571001        5.06643952549626       -0.21933822561198
N            2.68244567782410        5.71414235928729        0.99801960389400
N           -2.53186043350367        5.70323562587497       -0.26988186671635
H            7.25612391198714        4.32097293179278       -0.97839022096886
H           -7.94472748647861        2.85651754197569       -0.04725774819357
H           -0.78924553149534       -6.89214821992878       -1.25348569905735
H            2.90666771403280        6.30845788976495        0.19728358750891
H           -3.05761994640464        6.55116610863780       -0.35193112304638
H            0.55340783732987        4.78310727294508        0.68684430293472
C            0.55912440941889        1.28334515610022        4.01066893594570
C            1.36915943276909        0.22737307340669        3.82651934469090
C            0.84995310421818       -1.14173179437392        3.73253174596065
O            1.48559061099817       -2.14496085900302        3.58141038807833
N           -0.54836510773298       -1.16470675834424        3.79139643538344
C           -1.41911629620653       -0.11705249587411        3.98050165534968
O           -2.61212982047616       -0.23939419577571        4.02422638577776
N           -0.79316071202909        1.11190024491196        4.08522470039142
F            2.69017164808954        0.41026711321334        3.71875380821725
H            0.94430933876726        2.28633276582193        4.10040473598527
H           -0.97904735719584       -2.08396941339845        3.76073854507220
H           -1.39703978080937        1.90706209718638        4.24696265982528
60
 energy: -137.723183022632 gnorm: 0.009434074975 xtb: 6.7.1pre (5071a88)
N           -0.01934783152259        0.02114755869447        0.74078380149052
C            0.01517938018047        1.44181939676688        0.59462117774377
C            1.20670949983697       -0.65390239491236        0.65596833159139
C           -1.22996138118644       -0.61668253452417        0.56535888976187
N            1.15978976958088        2.05994437513652        0.53634355076494
N           -1.12311070320227        2.10088077200598        0.48817396626206
N            2.32379861081518       -0.00850271586473        0.52679712349382
N            1.15160888579258       -2.00199444410783        0.69586517589294
N           -2.31768165181293        0.05162349483454        0.32098200634949
N           -1.22731114348922       -1.96605901533236        0.63994682965437
C            2.28106899647538        1.32310522064886        0.49986316018197
C           -0.04784288844372       -2.59985289923116        1.01251153476897
C           -2.23060023062184        1.38885917994496        0.32150938964517
N            3.49104461704204        1.93224521814620        0.36455308385741
N           -0.09328828354552       -3.94619010002188        1.32886569173953
N           -3.41350083676156        2.01536086433546        0.08063603874182
C            3.77603080160587        3.33735118906341        0.38510457744647
C            4.63325422527399        1.21423717199892        0.22160331753426
C           -3.62633036027983        3.42751561973481       -0.02091176304693
C           -4.46651762033174        1.23352727630254       -0.18931171909905
C            0.93428309891097       -4.59190677358903        0.42414661754263
C           -1.02077283168892       -4.53948722204214        0.29264812770723
N            4.94199630126862        3.79362201350665        0.05958715421179
N            5.75434578826793        1.64328818814872       -0.00248634687252
N           -4.92232525726602        3.87461962731239       -0.06361721191374
N           -5.40498040975782        0.63883454162014       -0.45700363334003
N            2.02921470996338       -3.98521806830581        0.17043959389061
N           -2.06756667220036       -3.91006145093544       -0.08091392528625
C            6.01335894569017        3.01725757979738       -0.26832469531387
C           -6.03120838960998        3.40729394857373        0.10037597865509
C           -0.01546256499403       -5.44979782006573       -0.24826040995271
N            7.12019332395769        3.34852285943872       -0.74720392228639
N           -7.17234233639920        3.27455589135327        0.43569421256292
N            0.08250176198123       -6.50689581147274       -0.92703399004874
C            2.79120230501247        4.22890066512080        0.79690223072498
C           -2.64452625543612        4.30577496755029       -0.12905300768975
C            2.31840522479472       -2.79139629198141        0.57472959970699
C           -2.38114767336770       -2.71331079522058        0.32046869167753
C            1.61084365735196        4.79963604922189        0.82580232409382
C           -1.39338269403983        5.05822713750688       -0.19765100865920
N            2.67763090784923        5.71396033448807        1.02074057374076
N           -2.52955075130125        5.69990556293924       -0.24438489769166
H            7.25155067597803        4.32364412047591       -0.97759775078377
H           -7.94746567780699        2.86369811714675       -0.04154520742299
H           -0.79227976320995       -6.89318630029379       -1.26368259666909
H            2.89714764577400        6.30708364575844        0.21718858092172
H           -3.05197349742703        6.54995916456347       -0.32658725462486
H            0.54984382562318        4.77375396046639        0.71166618266713
C            0.56423325802121        1.29426498270637        3.96430530863934
C            1.36997292250982        0.23129952385678        3.77666523306348
C            0.84733837953379       -1.13702067752485        3.69134698410985
O            1.47797518675880       -2.14672692411821        3.53962609346801
N           -0.55297198502759       -1.15268929591989        3.75455956664126
C           -1.41906409076908       -0.09943635414381        3.93585593239878
O           -2.61595979187692       -0.20439112252499        3.96699353100797
N           -0.78836153697597        1.13122850505073        4.03617525785341
F            2.69201742654423        0.40727008539758        3.65955823702406
H            0.95538639780608        2.29597848268471        4.04655939017446
H           -0.98518098542051       -2.07365750836599        3.74205167236556
H           -1.38591043440450        1.92816922822503        4.21064061890938
60
 energy: -137.723512515739 gnorm: 0.011544219348 xtb: 6.7.1pre (5071a88)
N           -0.01704312457484        0.01360819259353        0.71645947204504
C            0.01693257704038        1.43516653229534        0.58644695381035
C            1.20952860153257       -0.65917529199709        0.62579598776843
C           -1.22844088246519       -0.62283853511168        0.55221831860459
N            1.16097768588773        2.05467563132847        0.53402020397090
N           -1.12277914180385        2.09454906826184        0.49204660175514
N            2.32579057582597       -0.01170084545343        0.50080906872607
N            1.15464829666705       -2.00768630529942        0.65863143979148
N           -2.31817935545938        0.04681767487226        0.31790437032230
N           -1.22618997872826       -1.97228980143951        0.62732310135879
C            2.28319568696389        1.31982272296022        0.49242309725308
C           -0.04193657237395       -2.60430117483610        0.98843744342771
C           -2.23035169654181        1.38387362857481        0.32668374593931
N            3.49409813062824        1.93218648905375        0.37678708638643
N           -0.08587555549969       -3.94745937011106        1.31884619720626
N           -3.41510682607016        2.01270348445717        0.10093442374011
C            3.77640720774580        3.33912528378604        0.40268949876509
C            4.64044421732319        1.21845342522045        0.25040395887439
C           -3.62732094875776        3.42520835899835        0.00529550038085
C           -4.47127399926957        1.23320511531086       -0.16194990009962
C            0.93642099815076       -4.59801568980386        0.41248308778963
C           -1.02042285677112       -4.54515292992962        0.29020651309846
N            4.94237237118457        3.79694533839244        0.08114199166088
N            5.76224029167982        1.64944873988458        0.03460129995380
N           -4.92250935144211        3.87467926727630       -0.03175704169019
N           -5.41072447899916        0.63654401773546       -0.42217332932248
N            2.03199367080976       -3.99546400875848        0.15172549745594
N           -2.07353871673745       -3.92047808740181       -0.07428840018120
C            6.01604989079793        3.02248825657577       -0.24410140287282
C           -6.03346357365259        3.40862803364255        0.12265863916486
C           -0.01826526166662       -5.45603197989255       -0.25395324472361
N            7.11963905822388        3.35317853705138       -0.72950402809426
N           -7.17607207046146        3.27342522463956        0.45263090458217
N            0.07694198396743       -6.51200725307885       -0.93514860436948
C            2.78855742260663        4.22721914611398        0.81401899887628
C           -2.64482821956695        4.30270101626154       -0.10401038130165
C            2.32253477465115       -2.79698928467542        0.54533118665994
C           -2.38238574052194       -2.72070919622792        0.32131495136962
C            1.60491267716974        4.79072953383574        0.84856046077949
C           -1.39159258678166        5.05027004634622       -0.17846467270425
N            2.66921402690704        5.71041746247790        1.04221098006563
N           -2.52591579669931        5.69635866185474       -0.21644874570654
H            7.24760671357683        4.32686695937344       -0.96759758693225
H           -7.94849811115455        2.86843658904298       -0.03503904155492
H           -0.79954627944781       -6.89583338810731       -1.26986160076444
H            2.88174616197923        6.30539048834916        0.23774954356093
H           -3.04510805590676        6.54863517991604       -0.29258199266008
H            0.54393087288239        4.75992642513481        0.73580616779343
C            0.56867952890553        1.30535434762422        3.92163428734998
C            1.37062852253417        0.23837818224390        3.75222554733392
C            0.84498541818843       -1.12874492156602        3.68236023243185
O            1.47119830714480       -2.14245981904732        3.55180226936398
N           -0.55569718420645       -1.13996684456857        3.74702453013149
C           -1.41846405990311       -0.08226130509559        3.90285754056423
O           -2.61660842203924       -0.17674071362922        3.92542151506427
N           -0.78420467267845        1.14872021044951        3.99111501354198
F            2.69336411551615        0.40974545313387        3.64134082793164
H            0.96397702018226        2.30688669793282        3.99262187449611
H           -0.98832455797025       -2.06164577090081        3.75161954495682
H           -1.37834872849603        1.94718309395753        4.16090609685018
60
 energy: -137.723936266178 gnorm: 0.009391110746 xtb: 6.7.1pre (5071a88)
N           -0.01276914394193        0.00561744758224        0.69230011894121
C            0.01943204547303        1.42697492714468        0.57899891177213
C            1.21277234861809       -0.66448230397832        0.59753394622501
C           -1.22480861480200       -0.62960125057469        0.54006804849305
N            1.16321809471901        2.04857123303185        0.53268904423659
N           -1.12113871897333        2.08613415448646        0.49643120545027
N            2.32902555933657       -0.01564071310313        0.47396764923650
N            1.15857293288363       -2.01288298293992        0.62578478751356
N           -2.31738255775603        0.04024095373142        0.31521888906755
N           -1.22407219942104       -1.97901875734492        0.61412095419345
C            2.28554847794902        1.31582143370685        0.48436308335632
C           -0.03587357045048       -2.60935026132087        0.96548738852655
C           -2.22918540706909        1.37734998954381        0.33230299696419
N            3.49617743670260        1.93220007095467        0.38874357917699
N           -0.07692079022661       -3.94996967123466        1.30459624866365
N           -3.41561675579311        2.00819597518568        0.12300435213243
C            3.77369318560519        3.34086972670032        0.42315033713192
C            4.64638156327347        1.22117921734674        0.28194503777151
C           -3.62654499861897        3.42117181980322        0.03523115075382
C           -4.47538420193382        1.23092750814927       -0.12949788543485
C            0.93735249070034       -4.60359621809759        0.39377078770924
C           -1.01919172251281       -4.55134361424716        0.28364838063025
N            4.94076481205037        3.80007574706203        0.10656360470658
N            5.77011471579228        1.65357518560530        0.07741614097036
N           -4.92075591265334        3.87221319963560        0.00597231124773
N           -5.41707345669320        0.63355860590262       -0.37853575379589
N            2.03256321197760       -4.00349904927640        0.12412140879621
N           -2.07747146032759       -3.92992294621049       -0.07186098061162
C            6.01549830955929        3.02681877615062       -0.21482154761418
C           -6.03366462877145        3.40765503799074        0.14981892698565
C           -0.02165926644744       -5.46424167973924       -0.26392535429597
N            7.11614444280139        3.35702912871961       -0.70664746430138
N           -7.17731736812186        3.27042997176223        0.47619216385877
N            0.06980824396470       -6.52059825468937       -0.94502322849679
C            2.78434879735913        4.22538239034651        0.83653187983121
C           -2.64390532200259        4.29867339105513       -0.07335722492323
C            2.32750046843612       -2.80373408654144        0.51042697307726
C           -2.38164697823378       -2.72841099415442        0.32055344869019
C            1.59727913595547        4.78194295028474        0.87834209302177
C           -1.38888544366043        5.04354945572249       -0.15249478227154
N            2.65882536240937        5.70665372070698        1.06875831657307
N           -2.52226580542003        5.69176260140236       -0.18089104654117
H            7.24156588690539        4.32894780579840       -0.95243946642053
H           -7.94950585306402        2.87599325039873       -0.02085218770421
H           -0.80872062184944       -6.90361396799602       -1.27472763308232
H            2.86348817675153        6.30544126440422        0.26459283984062
H           -3.03939630570650        6.54550995075909       -0.25094422996436
H            0.53624972459505        4.74699630612172        0.76759926585696
C            0.57499626454762        1.31939240496900        3.86763613968366
C            1.37198450772879        0.24640420732709        3.72063444268575
C            0.84019680187005       -1.11771073591495        3.66950847698538
O            1.46018065056387       -2.14025980164689        3.56118514508984
N           -0.55963333791648       -1.12229063705911        3.73517247412341
C           -1.41863690377530       -0.05702824497469        3.86239627555065
O           -2.61622215558732       -0.14534899937718        3.88018086081307
N           -0.77853971925281        1.17194310222854        3.93640478510018
F            2.69775221164431        0.40891261511336        3.61816547719783
H            0.97516564823334        2.32039218670023        3.92265116935509
H           -0.99268261419256       -2.04383754047349        3.74437621435975
H           -1.36972967320228        1.97187499739190        4.09610705308446
60
 energy: -137.724386107758 gnorm: 0.007892847115 xtb: 6.7.1pre (5071a88)
N           -0.00675455400561       -0.00222899807400        0.67034935365756
C            0.02233801445523        1.41841687754993        0.57477040404895
C            1.21685728196309       -0.67026372702269        0.57143883137039
C           -1.21958549829968       -0.63686750873991        0.52868435034938
N            1.16604942415648        2.04246676647408        0.53587274185617
N           -1.11859202333104        2.07719361446584        0.50463038440961
N            2.33365363648667       -0.02022639090941        0.44849888917565
N            1.16349393932302       -2.01839612328501        0.59799851738990
N           -2.31543385718622        0.03256482804873        0.31431519108811
N           -1.22026482582271       -1.98645708161752        0.60018029207957
C            2.28822027405480        1.31122926928940        0.47817619432832
C           -0.02903992595578       -2.61576374798071        0.94410927125319
C           -2.22785682002408        1.36978763196011        0.34083092585037
N            3.49735694414127        1.93181943385377        0.40111686569486
N           -0.06634763108110       -3.95507583842242        1.28518638770864
N           -3.41587451637313        2.00205551481994        0.14810869617525
C            3.76912144604049        3.34150111142720        0.44720475576491
C            4.65110512139340        1.22294484119575        0.31461788989516
C           -3.62540334124789        3.41577396342061        0.06934830952658
C           -4.47970179553817        1.22634558397942       -0.09217539586150
C            0.93807215355415       -4.60942749300120        0.36677655397440
C           -1.01696404435944       -4.55886563731347        0.27203433815447
N            4.93798854774186        3.80266382225452        0.13653625117738
N            5.77734916523708        1.65662834146463        0.12334882048044
N           -4.91867391422828        3.86821496305034        0.04846814488510
N           -5.42371404274975        0.62791609723798       -0.33194487313726
N            2.03144416796660       -4.00977388928677        0.08674877374689
N           -2.07863159854028       -3.93847282178510       -0.07509507439944
C            6.01268636495228        3.03058399716973       -0.18136828811493
C           -6.03367427553197        3.40601898897342        0.18127024853329
C           -0.02488710557217       -5.47442146346862       -0.27967830659647
N            7.11085990312069        3.36035563387662       -0.67979402470061
N           -7.17689478320886        3.26700606290180        0.50778121725599
N            0.06156647561016       -6.53268200484668       -0.95829349740033
C            2.77887847915654        4.22177657746311        0.86498350154546
C           -2.64300936173968        4.29383841913182       -0.03688219460605
C            2.33272329474771       -2.81199094984942        0.47001685033481
C           -2.37852673688326       -2.73641820268457        0.31743602980390
C            1.58873692958582        4.77236479010773        0.91408482034219
C           -1.38682218109073        5.03809988772904       -0.12032943122214
N            2.64679606426863        5.70091034550727        1.10194437762924
N           -2.51992086383033        5.68670922849098       -0.13834397158277
H            7.23416713446357        4.33040361066034       -0.93302358043706
H           -7.95157967491347        2.88598318946113        0.00460498084288
H           -0.81958428509608       -6.91753208946525       -1.27859815305945
H            2.84496771106354        6.30514531325936        0.30022448580724
H           -3.03614556166930        6.54157678059661       -0.20278876358281
H            0.52776888232387        4.73460486328852        0.80513117187643
C            0.58456274055027        1.33615700969328        3.80083995217389
C            1.37514987466967        0.25451840970543        3.68042118031015
C            0.83301692184952       -1.10512983645426        3.65231589112392
O            1.44494605537316       -2.13659464381483        3.57465277085843
N           -0.56540120689541       -1.10032721648204        3.71575939020731
C           -1.41948118361182       -0.02456961675375        3.81105975600236
O           -2.61647561907853       -0.10896552550315        3.82772396264371
N           -0.77012487448734        1.19999497858987        3.86734285912223
F            2.70461521097629        0.40515319757543        3.59039303344876
H            0.99054110372784        2.33635127063537        3.83858900339866
H           -1.00106454504167       -2.01959361417843        3.72636921164227
H           -1.35860261552716        2.00496920566602        4.01466572572712
60
 energy: -137.724789082322 gnorm: 0.009557360590 xtb: 6.7.1pre (5071a88)
N           -0.00081301668551       -0.00905336557470        0.65261883537643
C            0.02483857959137        1.41091394218319        0.57285259477098
C            1.22126615462582       -0.67594740305474        0.54992308826511
C           -1.21462273406310       -0.64386208920560        0.51862934565075
N            1.16861696422475        2.03691683002610        0.54210255567853
N           -1.11615561949264        2.06935048004822        0.51382783069231
N            2.33852928169106       -0.02444268816854        0.42947315896434
N            1.16862260020981       -2.02389105165385        0.57665689794894
N           -2.31314521084422        0.02540540538480        0.31547893793857
N           -1.21531360637462       -1.99371951962858        0.58720750896509
C            2.29081494388573        1.30673275891487        0.47575652999110
C           -0.02196099244069       -2.62280030601548        0.92591310914759
C           -2.22698865968078        1.36237254712521        0.35052969747922
N            3.49816736272770        1.93069412325545        0.41404504166637
N           -0.05578887800932       -3.96209854956515        1.26426379909592
N           -3.41633366625693        1.99550829313168        0.17260173985573
C            3.76513837228392        3.34041948071819        0.47234716277423
C            4.65484867086810        1.22397599932365        0.34434528192232
C           -3.62510301977640        3.40999381164613        0.10299357229199
C           -4.48373398860923        1.22033451845641       -0.05524678682770
C            0.93980057470802       -4.61513344990400        0.33677486526831
C           -1.01423176508361       -4.56686452094988        0.25845142194703
N            4.93539066002575        3.80436444593609        0.16718910560139
N            5.78277227557481        1.65942668671462        0.16492349963066
N           -4.91759369521753        3.86374714334036        0.09227555566403
N           -5.43032048180452        0.62161007722362       -0.28414045219412
N            2.03060228747780       -4.01434251083303        0.04777987471421
N           -2.07778467609225       -3.94587495114974       -0.08138549863253
C            6.00962128714853        3.03369279399379       -0.14930600786060
C           -6.03412137120347        3.40390780826975        0.21753058432688
C           -0.02678262991856       -5.48401214297623       -0.29861219041724
N            7.10583994871438        3.36315963580338       -0.65327642907565
N           -7.17854075248356        3.26702659634609        0.54152700760543
N            0.05413260726403       -6.54484674707358       -0.97371938171494
C            2.77383203634446        4.21605150745025        0.89561111983536
C           -2.64308698239731        4.28874136344551       -0.00093743109000
C            2.33748837150205       -2.81978397609154        0.43177920475758
C           -2.37438972592833       -2.74394180522896        0.31357659993643
C            1.58140225503523        4.76220965335923        0.95098280924893
C           -1.38653944718506        5.03361904805382       -0.08759934581806
N            2.63583290474191        5.69363997155167        1.13690598333583
N           -2.51965863815286        5.68187829427010       -0.09563620846840
H            7.22664341601311        4.33176042659505       -0.91271536106339
H           -7.95454215057593        2.89474098590515        0.03379825475775
H           -0.82985255484990       -6.93322796183441       -1.28228389485688
H            2.82958941725080        6.30293511380951        0.33823116569312
H           -3.03572930944131        6.53754801006815       -0.15389693271406
H            0.52037433043710        4.72245379701590        0.84422269959577
C            0.59592511487091        1.35286120134214        3.73440595851151
C            1.37914477523405        0.26240559924126        3.64273162944980
C            0.82516250441250       -1.09324286643150        3.63705462905332
O            1.42960357235383       -2.13199811006084        3.58099268926283
N           -0.57253585565242       -1.07695704335412        3.69218941885311
C           -1.42026238597089        0.00934378072842        3.75924283385829
O           -2.61732667124079       -0.07119927573974        3.77052653291234
N           -0.76029586222867        1.22791828829566        3.79469668948384
F            2.71116239674387        0.40075246900487        3.55850476633908
H            1.00798014459838        2.35122322961690        3.75201870688905
H           -1.01463735740785       -1.99246001302023        3.70364183773846
H           -1.34495210545484        2.04006422995973        3.91826978795525
60
 energy: -137.725192172094 gnorm: 0.009187537919 xtb: 6.7.1pre (5071a88)
N            0.00401966555779       -0.01495538819767        0.64210269242644
C            0.02657655630478        1.40443787858496        0.57438666339830
C            1.22543889989903       -0.68132988341448        0.53559011608164
C           -1.21058909813506       -0.65058881750312        0.51109026573011
N            1.17043612293256        2.03160927180173        0.55080784949500
N           -1.11428231518382        2.06261725574399        0.52443839794047
N            2.34277412732719       -0.02814383559771        0.41880883972089
N            1.17333871470994       -2.02936104608037        0.56231667264850
N           -2.31059359776996        0.01883508189733        0.31787241001990
N           -1.20985052486808       -2.00086301016591        0.57536003855435
C            2.29288632736566        1.30230437287079        0.47752616558619
C           -0.01537715347964       -2.63035933407207        0.91169475140569
C           -2.22656481217690        1.35522014463257        0.36123659442992
N            3.49849439546848        1.92847960839369        0.42628460299635
N           -0.04617557506819       -3.97119949685176        1.24184396645089
N           -3.41685302640167        1.98875503047390        0.19528853379235
C            3.76220603906973        3.33766944955195        0.49691489224878
C            4.65720766789599        1.22437936138642        0.36700851794539
C           -3.62575215367151        3.40382517213552        0.13448864022080
C           -4.48705323849829        1.21363344533251       -0.02196465860248
C            0.94223362764978       -4.62107141993454        0.30431796533350
C           -1.01126734133191       -4.57575152004530        0.24244207409893
N            4.93325826305154        3.80517395874663        0.19701938046227
N            5.78575807585756        1.66204679902512        0.19704168248183
N           -4.91783811721720        3.85851432109823        0.13206782567548
N           -5.43616289830018        0.61562633115509       -0.24185057164837
N            2.02932551517510       -4.01692718742525        0.00716320900913
N           -2.07443212644295       -3.95219793505578       -0.09282980859877
C            6.00707143919908        3.03668047023495       -0.12109828456326
C           -6.03558535659830        3.40124919159313        0.25346543813101
C           -0.02733401555929       -5.49327485546457       -0.32094397299776
N            7.10192349793359        3.36616035904224       -0.62894214902056
N           -7.17984796173552        3.26828261066680        0.57833423174161
N            0.04815975711617       -6.55722190382100       -0.99156041019056
C            2.76981363617039        4.20850146871729        0.92666863780913
C           -2.64422394289795        4.28347015264592        0.03348716515754
C            2.34053913785111       -2.82648351705784        0.39640623523511
C           -2.36893219444509       -2.75109787691667        0.30663634323517
C            1.57623003100888        4.75243013498659        0.98585223278614
C           -1.38866468512321        5.03067619487105       -0.05432093328970
N            2.62742965134584        5.68512722746975        1.17270051613246
N           -2.52244715308926        5.67744033834737       -0.05458796225202
H            7.22052306509973        4.33390683512865       -0.89205690307529
H           -7.95923995058627        2.90369215280180        0.07124728467376
H           -0.83831468680703       -6.95027129500937       -1.28776820926490
H            2.82012036024702        6.29904923835018        0.37779965035171
H           -3.03943759493429        6.53316984962928       -0.10779271100778
H            0.51515067927628        4.71194235113037        0.88077722732458
C            0.60820311692666        1.36866025554661        3.67173796710574
C            1.38345910684286        0.26948417563658        3.60961687692619
C            0.81721794924166       -1.08247840181681        3.62264900145989
O            1.41487111371944       -2.12542612617844        3.58510531270212
N           -0.58040291861555       -1.05316795567850        3.66487890776832
C           -1.42038494224978        0.04282647245558        3.70664079672731
O           -2.61809309592533       -0.03243801279050        3.71163495109372
N           -0.74997538640547        1.25501099148852        3.72200249465011
F            2.71656753390066        0.39573615198205        3.53120331746755
H            1.02643223653012        2.36462878088937        3.67056353845163
H           -1.03222787504215       -1.96349199025260        3.68297646034859
H           -1.32976257207416        2.07684792293072        3.81686523904338
60
 energy: -137.725587858028 gnorm: 0.008386161723 xtb: 6.7.1pre (5071a88)
N            0.00731784295750       -0.02118399906760        0.63567085790862
C            0.02760812399311        1.39790736504695        0.57581939687351
C            1.22914025666012       -0.68708141908737        0.52586608730381
C           -1.20782635116367       -0.65791772042044        0.50361631707221
N            1.17143419716726        2.02568696830447        0.55783083440576
N           -1.11318216343562        2.05592118443442        0.53323440015315
N            2.34601642490193       -0.03203387757666        0.41407384447961
N            1.17741036500311       -2.03540774021269        0.55076790068419
N           -2.30816896739543        0.01212234547739        0.31862763077042
N           -1.20454831316036       -2.00859030133384        0.56241957500452
C            2.29443483538472        1.29746802745413        0.48099036354913
C           -0.00962498032288       -2.63871038321779        0.89853141609864
C           -2.22653669775127        1.34767253248809        0.37067079502438
N            3.49892185132101        1.92494696686277        0.43711275342360
N           -0.03771659806701       -3.98215601360493        1.21675256460379
N           -3.41763055561734        1.98154596859014        0.21600456037262
C            3.76082894354087        3.33345151046306        0.52064281031830
C            4.65916961162307        1.22414367368393        0.38184837190737
C           -3.62736747469641        3.39694155592760        0.16477963259566
C           -4.49008380407341        1.20660002530996        0.00736116949980
C            0.94532064888856       -4.62768884072991        0.26879570269911
C           -1.00833738459566       -4.58601201343109        0.22327278908386
N            4.93205827894487        3.80532216649341        0.22652414706132
N            5.78738634204894        1.66474338875274        0.21964216184218
N           -4.91926272826437        3.85211536272475        0.17000341152447
N           -5.44232717826905        0.61082278590809       -0.20459550752433
N            2.02761844791396       -4.01822575365216       -0.03606722488505
N           -2.06942533847931       -3.95854204678141       -0.11021265316201
C            6.00629563673636        3.04029828976090       -0.09594110076590
C           -6.03766985561798        3.39738595793750        0.29305353448859
C           -0.02675758910542       -5.50252028628518       -0.34756977911329
N            7.10027906207727        3.37078404174083       -0.60518736227027
N           -7.18260418675192        3.27308557486977        0.61888807636125
N            0.04381484183948       -6.56984299462590       -1.01306470103719
C            2.76715510895792        4.19897479228287        0.95802816658450
C           -2.64640468997541        4.27771728431409        0.06720549360198
C            2.34160735385887       -2.83204882693945        0.36205554310520
C           -2.36283603270655       -2.75874863134269        0.29486191116952
C            1.57323856456108        4.74246049951642        1.01878573466878
C           -1.39327571565600        5.02889638070683       -0.01905106438780
N            2.62194971965875        5.67486611101991        1.21080157705522
N           -2.52844124224465        5.67305099378715       -0.01375891710516
H            7.21692291211857        4.33849567135797       -0.86891770699334
H           -7.96608314688948        2.91100518463240        0.11738398046864
H           -0.84447450453825       -6.96777122303067       -1.29769417798450
H            2.81653113970192        6.29353871481909        0.42048525614635
H           -3.04740887768936        6.52797062154436       -0.06258620927627
H            0.51211029757495        4.70224149373175        0.91450654740242
C            0.62124091698305        1.38456560619533        3.61585449839311
C            1.38768519440851        0.27691670035377        3.58524526551061
C            0.80906787260795       -1.07148749784549        3.61271818032411
O            1.40001534120899       -2.11754372875903        3.59028736129890
N           -0.58904767671499       -1.02750555473906        3.63740105852793
C           -1.41958455122233        0.07716480437540        3.65513280899118
O           -2.61844891894405        0.01005416179703        3.64980990610522
N           -0.73918682333918        1.28285784556692        3.65121746272826
F            2.72114717349900        0.39028865081963        3.51461957765935
H            1.04624321626066        2.37733971457292        3.59631911577777
H           -1.05344293740513       -1.93151797844031        3.66844683960790
H           -1.31226523826527        2.11516590754850        3.70932501422955
60
 energy: -137.725924966569 gnorm: 0.008109789700 xtb: 6.7.1pre (5071a88)
N            0.00865878175902       -0.02797926162488        0.63117413416721
C            0.02794426880960        1.39121745397648        0.57413320392870
C            1.23176963462888       -0.69307568560986        0.51950774818054
C           -1.20667013347890       -0.66555406831508        0.49501265765059
N            1.17148177831484        2.01942227530805        0.55898860418443
N           -1.11307228546461        2.04911581661434        0.53668775317286
N            2.34782773830989       -0.03642082102066        0.41302141171629
N            1.18025315602734       -2.04181445052602        0.53980943680226
N           -2.30658672235781        0.00534568599156        0.31506348956831
N           -1.20068360348073       -2.01648883256526        0.54799042099693
C            2.29532066984791        1.29239472589087        0.48302696215684
C           -0.00582559340245       -2.64712705276712        0.88533526172648
C           -2.22695769328605        1.34007597328170        0.37569017957355
N            3.49961730038553        1.92044753395787        0.44416262883885
N           -0.03169488800157       -3.99335097383411        1.19084327441812
N           -3.41895655013848        1.97440713126248        0.23213519268283
C            3.76101346193831        3.32844385110345        0.54036255531889
C            4.66100489107524        1.22301894459760        0.38641593515226
C           -3.62978937514283        3.38989499122741        0.19099823054907
C           -4.49318071742292        1.20026343122247        0.02946316013291
C            0.94840082869177       -4.63439036356746        0.23406225565412
C           -1.00591084476890       -4.59649351506537        0.20199931295249
N            4.93196967646969        3.80477547310903        0.25248653766284
N            5.78833241134277        1.66687181319512        0.23040917317121
N           -4.92156885853568        3.84526089883158        0.20104475274957
N           -5.44872364767661        0.60807591172574       -0.17670594623488
N            2.02558479730249       -4.01884310505749       -0.07721791084714
N           -2.06407793136796       -3.96485771197684       -0.13251033344401
C            6.00780948901328        3.04439908472644       -0.07584686287620
C           -6.04047397398229        3.39304222785255        0.32977062127590
C           -0.02536851183018       -5.51088126820007       -0.37619338554656
N            7.10153743455109        3.37753105633423       -0.58338613376017
N           -7.18423636749441        3.27768004032545        0.66142690543573
N            0.04187377862907       -6.58103565782590       -1.03711151753758
C            2.76608849546342        4.18855043190510        0.98593391887654
C           -2.64927831888457        4.27188514646831        0.09785979021195
C            2.34052945307992       -2.83618079600425        0.33103047515672
C           -2.35743558015180       -2.76663454559671        0.27797720958432
C            1.57245070494626        4.73297817213394        1.04638434541728
C           -1.39949733593943        5.02805054944775        0.01651659576041
N            2.62005912373051        5.66344127357515        1.24850937705951
N           -2.53661773612255        5.66885323262308        0.02440732832757
H            7.21694945988929        4.34620728246972       -0.84386243574739
H           -7.97444770439300        2.91621301497528        0.17069487854207
H           -0.84715154190941       -6.98289086201876       -1.31343809613073
H            2.81883417182025        6.28732760907263        0.46353079526516
H           -3.05832807286596        6.52220695285913       -0.02130416284262
H            0.51139257214956        4.69408953844503        0.94103692673961
C            0.63354709869795        1.39973124712016        3.57446933152204
C            1.39100691143680        0.28488247027171        3.57289424267617
C            0.80101701586459       -1.05983594581245        3.60890677317542
O            1.38507787958939       -2.10889177148759        3.60023117523452
N           -0.59766431437777       -1.00185368202552        3.61495760621619
C           -1.41803189722386        0.10966002564994        3.61004854365910
O           -2.61814875008290        0.05325930757357        3.59240351857180
N           -0.72885713371299        1.30969729575855        3.59230916378067
F            2.72491680631514        0.38537992979826        3.51598198965752
H            1.06574737989362        2.38891049796680        3.54197685222286
H           -1.07465883036924       -1.89929902296918        3.66315677906296
H           -1.29412225605926        2.15089109527594        3.61398336838547
60
 energy: -137.726085956961 gnorm: 0.004755550194 xtb: 6.7.1pre (5071a88)
N            0.00718378277399       -0.03093621871050        0.62997008934465
C            0.02728882064316        1.38887196645961        0.57081915173606
C            1.23084679384073       -0.69547589635878        0.52000984792463
C           -1.20788236930803       -0.66785580104776        0.49214123358077
N            1.17055872895354        2.01760534610839        0.55445063376285
N           -1.11400208122690        2.04678732603441        0.53213183658132
N            2.34686582981913       -0.03907685818775        0.41538714618950
N            1.17931188246233       -2.04392668919232        0.53591987719649
N           -2.30756752775983        0.00342398342526        0.31033997538173
N           -1.20207342997420       -2.01859959325673        0.54393060238861
C            2.29472088941184        1.29042150000223        0.48271374525566
C           -0.00744930488216       -2.64932300990594        0.88077225457355
C           -2.22744418090309        1.33812998972518        0.37196853614465
N            3.49978435759033        1.91818223056559        0.44552600988638
N           -0.03343682153332       -3.99533683010493        1.18659763694406
N           -3.41964800861874        1.97277837663116        0.23065614568218
C            3.76172599725186        3.32621623251433        0.54378991647307
C            4.66112467933229        1.22021171168143        0.38381649815922
C           -3.63027156818929        3.38815130697909        0.19158485261902
C           -4.49381048264709        1.19956643889842        0.02644494585780
C            0.94840818333429       -4.63599615851735        0.23081824804625
C           -1.00637107419299       -4.59793904135335        0.19656228073595
N            4.93253000757333        3.80290015091115        0.25768636801299
N            5.78822717933182        1.66446654318110        0.22839785415814
N           -4.92188196179632        3.84358549076845        0.20014081045782
N           -5.45013724860932        0.60875358183419       -0.17945725611626
N            2.02579191242824       -4.02024885951129       -0.07882149331461
N           -2.06475430687964       -3.96651897238759       -0.13874501996562
C            6.00954508575625        3.04379793956286       -0.07145054023642
C           -6.04092703482180        3.39142512797105        0.33066716550066
C           -0.02496367016873       -5.51128841623572       -0.38197531437060
N            7.10390999854854        3.37952839736463       -0.57589941455785
N           -7.18430133680726        3.27571396303432        0.66442277253772
N            0.04351882930017       -6.58053367709316       -1.04415602344933
C            2.76661560470545        4.18546943412590        0.99052400165090
C           -2.64951675781696        4.27012802614826        0.09997795582601
C            2.33943485415036       -2.83678238433597        0.32972611119522
C           -2.35878585613379       -2.76871079254029        0.27205347274990
C            1.57314623673613        4.73043871658312        1.05033396344823
C           -1.40003099658634        5.02669801556378        0.02163613513476
N            2.62191740828468        5.65963420389141        1.25828160242423
N           -2.53737073434616        5.66720068314569        0.02863684022658
H            7.21986432903960        4.34970302561107       -0.83194267522012
H           -7.97574049013034        2.91356990172047        0.17525148483994
H           -0.84484227477887       -6.98113450762448       -1.32327941388648
H            2.82196951818164        6.28559593159111        0.47490276766095
H           -3.05937782111757        6.52014238684366       -0.01663673102742
H            0.51213950331595        4.69219452403641        0.94315392718020
C            0.63697898218291        1.40350993961832        3.57728065093388
C            1.39067262151242        0.28820008585078        3.57505624826219
C            0.79762731747943       -1.05398354482366        3.60642993847982
O            1.37820703833829       -2.10470642353202        3.60003937205749
N           -0.60050859523725       -0.99329285687810        3.61236212910625
C           -1.41698437234820        0.11899249165006        3.60592516863576
O           -2.61672160006544        0.06790113834286        3.58592590296255
N           -0.72504397763311        1.31708971542976        3.59346476426464
F            2.72546566230748        0.38518343245464        3.52631420036119
H            1.07250696328032        2.39089704364079        3.54946187206529
H           -1.07935571732710       -1.88916589136135        3.66228910074701
H           -1.28668739597957        2.15776612311155        3.61431583675866
60
 energy: -137.726363785436 gnorm: 0.004771905988 xtb: 6.7.1pre (5071a88)
N            0.00374803978609       -0.03768965837624        0.62808621823402
C            0.02595065203643        1.38343375872883        0.56228259088584
C            1.22887049065947       -0.70105657033829        0.52252552175089
C           -1.21054942386754       -0.67333204590611        0.48498140829437
N            1.16839646428778        2.01308259668713        0.54214020713641
N           -1.11595822533352        2.04115581460956        0.52030084869838
N            2.34485631880498       -0.04521723849369        0.42346558650398
N            1.17737285506992       -2.04941293853645        0.52784091720106
N           -2.30978085019066       -0.00163284890737        0.29881507487873
N           -1.20505649389293       -2.02385630900140        0.53418300375885
C            2.29345704116458        1.28566442642483        0.48237161016536
C           -0.01147954246398       -2.65503921599442        0.87037781908625
C           -2.22867760205312        1.33316119743455        0.36323908724004
N            3.49995837419829        1.91250066242843        0.44769431382038
N           -0.03793353816091       -4.00069094827395        1.17634872757323
N           -3.42148613499627        1.96841417268057        0.22723665830796
C            3.76346724612570        3.32030056617287        0.55136007158364
C            4.66095474951793        1.21354522255168        0.37317891888816
C           -3.63142377034896        3.38361274673877        0.19168142574170
C           -4.49650789483334        1.19760532751222        0.02250788939315
C            0.94900900155629       -4.64016860214407        0.22345488400319
C           -1.00697419565941       -4.60153082454671        0.18253208024991
N            4.93398352491942        3.79802079849800        0.26966265322997
N            5.78734299652317        1.65888969123050        0.21867735953493
N           -4.92269993990047        3.83940206470584        0.19686167840725
N           -5.45230968062166        0.60809314853735       -0.18972510580118
N            2.02701672328629       -4.02406615133875       -0.08125635971759
N           -2.06561173486958       -3.97061782586152       -0.15496132918992
C            6.01363180382415        3.04266010690983       -0.06253643027219
C           -6.04125703599188        3.38754131712946        0.33541931361052
C           -0.02318675447608       -5.51210073033455       -0.39662702569529
N            7.10991416334874        3.38526522284068       -0.55753277054700
N           -7.18448682171609        3.27480529738978        0.67107825695486
N            0.04870493082309       -6.57880151322976       -1.06255085956448
C            2.76778917814450        4.17747222790252        1.00154021527393
C           -2.64996639613712        4.26544056024810        0.10368081918115
C            2.33696662224467       -2.83872047027666        0.32866681210247
C           -2.36169216377821       -2.77405740334639        0.25703879423581
C            1.57509758001523        4.72384251995503        1.05982127016219
C           -1.40115283233111        5.02321417096002        0.03489464269964
N            2.62676239755075        5.64930580793763        1.28377826447275
N           -2.53906659674335        5.66294403406720        0.03712097125743
H            7.22742519068645        4.35904939384139       -0.80116718398759
H           -7.97686700482882        2.90651074372636        0.18672773544061
H           -0.83812824132687       -6.97699626276271       -1.34847793331989
H            2.83090476576532        6.28061672540554        0.50502887239630
H           -3.06194690177460        6.51498019215423       -0.00818678471582
H            0.51450146474937        4.68788069933285        0.94638441887421
C            0.64582398814928        1.41354400840260        3.58869792896171
C            1.39023516069221        0.29435384952895        3.58489015879048
C            0.78788341935990       -1.04167242305975        3.60677485592979
O            1.35863617115172       -2.09783637757916        3.59966580307012
N           -0.60975710490277       -0.97214540143969        3.60721205021446
C           -1.41622745245780        0.14371337539770        3.59657540716702
O           -2.61611025978995        0.10679043507682        3.56389253670342
N           -0.71600764316609        1.33731950064246        3.59752988827305
F            2.72707495763822        0.38088928072768        3.55176629322849
H            1.09054237510868        2.39668648728383        3.57200318139543
H           -1.09429435743399       -1.86433443839028        3.65666507750504
H           -1.26968205309795        2.17926804638867        3.61300766030169
60
 energy: -137.726624942061 gnorm: 0.008452377997 xtb: 6.7.1pre (5071a88)
N            0.00040230867627       -0.04513667638339        0.62674143794420
C            0.02466075735805        1.37714785928941        0.55340017266761
C            1.22697000973582       -0.70757005250623        0.52623011637596
C           -1.21284195824063       -0.67974218375188        0.47565309368034
N            1.16619662602995        2.00726058735440        0.52883470807495
N           -1.11790066540322        2.03440122730439        0.50846111415194
N            2.34303393620472       -0.05224527989187        0.43440200797315
N            1.17568938297619       -2.05636976423071        0.52087465867773
N           -2.31150520781821       -0.00810772722080        0.28452362393085
N           -1.20759133045558       -2.03028774229458        0.52207315724970
C            2.29223280880074        1.27975807782478        0.48247403429872
C           -0.01601039682213       -2.66245407617762        0.85889039948310
C           -2.22999161352720        1.32683221962648        0.35381209254811
N            3.49974208203964        1.90548673713784        0.44879688936758
N           -0.04340999581636       -4.00808883858780        1.16330342736350
N           -3.42341152623408        1.96232478648263        0.22183681690012
C            3.76519755343500        3.31242983644892        0.56029240257821
C            4.66004193704441        1.20589596662428        0.35710679346311
C           -3.63267557723450        3.37756274522964        0.19099980206296
C           -4.49732808758611        1.19282484809630        0.00890455773364
C            0.95003111302589       -4.64560208216028        0.21404476837379
C           -1.00719697776084       -4.60603569889850        0.16392545213385
N            4.93570045554973        3.79179980450142        0.28450127566449
N            5.78569084712893        1.65258346301471        0.20421939146233
N           -4.92367174649949        3.83424707307656        0.18835144589558
N           -5.46043113130163        0.61050251814815       -0.19004550781044
N            2.02905071936296       -4.02906074799741       -0.08376839688506
N           -2.06553650651813       -3.97525869890099       -0.17626692558184
C            6.01799336108113        3.04126174867710       -0.05205246795588
C           -6.04195155187925        3.38380376074157        0.33481419365268
C           -0.02049237544563       -5.51339566385843       -0.41537515080694
N            7.11737428873841        3.39191866308911       -0.53373020959694
N           -7.18226271981284        3.27028619029635        0.68015359105570
N            0.05552164571896       -6.57670511167609       -1.08641105924560
C            2.76887985884156        4.16705683457215        1.01544136354839
C           -2.65040696112613        4.25936744666571        0.10951516018726
C            2.33462713165256       -2.84220099531930        0.32921163324087
C           -2.36422194862748       -2.78044950707156        0.23796607768983
C            1.57738328676552        4.71514922622858        1.07241472890523
C           -1.40244168470854        5.01881515553818        0.05255423696139
N            2.63220099415107        5.63551023324367        1.31648565239345
N           -2.54098595170045        5.65758398920983        0.04837790535656
H            7.23706670508618        4.36954267802659       -0.76192370412150
H           -7.97854149293006        2.89929271977172        0.20376119915432
H           -0.82963352445458       -6.97270995327470       -1.38015798287977
H            2.84202545922815        6.27383082311455        0.54437627934564
H           -3.06506588227852        6.50861273820481        0.00126872406659
H            0.51749579814357        4.68276516937802        0.95011175849235
C            0.65787248542330        1.42658509343310        3.60504599807524
C            1.39024522404619        0.29991576398277        3.60030573256374
C            0.77407723846921       -1.02857650781869        3.60875509524851
O            1.33145165029503       -2.09220623856669        3.59879376807372
N           -0.62352347721371       -0.94534790524944        3.60058562025138
C           -1.41674409787708        0.17734477065347        3.58353998839909
O           -2.61709304137348        0.15834373264433        3.53205302683508
N           -0.70428522787319        1.36476192003026        3.60164951805614
F            2.72903909409961        0.37191200737126        3.58294760079303
H            1.11469758497536        2.40442932543989        3.60060270849511
H           -1.11658885182637       -1.83291908777339        3.64609525469252
H           -1.24885083369982        2.21132279918896        3.60889694925478
60
 energy: -137.726913963230 gnorm: 0.010396515288 xtb: 6.7.1pre (5071a88)
N           -0.00260675708677       -0.05228850761205        0.62619871622421
C            0.02341248685966        1.37074580818389        0.54474092493109
C            1.22509752457198       -0.71429882714197        0.53085574922988
C           -1.21484388455545       -0.68619586141911        0.46630898429853
N            1.16421135154631        2.00070868586472        0.51565829280045
N           -1.11960346732676        2.02739547465199        0.49647643672146
N            2.34142558943441       -0.05946915538509        0.44658739942593
N            1.17432261114493       -2.06384335979802        0.51710214525846
N           -2.31317277252299       -0.01508250680609        0.27134736733537
N           -1.20948718646667       -2.03702435363239        0.50981410394666
C            2.29108634213826        1.27324869763133        0.48239451439073
C           -0.02057803778109       -2.67065684204866        0.84836439453987
C           -2.23161516832098        1.32010905157659        0.34476563404940
N            3.49904317166078        1.89794406297111        0.44772721651783
N           -0.04921714206247       -4.01675596139903        1.14906156461009
N           -3.42556982820927        1.95601945994737        0.21831749258040
C            3.76652104449215        3.30340451745122        0.56906933766054
C            4.65839923884713        1.19832412308466        0.33701357179655
C           -3.63361814235913        3.37134276182721        0.19016623371819
C           -4.50256842211040        1.18945060894133        0.01172827721619
C            0.95118093328150       -4.65152546459752        0.20365281453008
C           -1.00703312752161       -4.61085857311780        0.14289903700446
N            4.93729287713427        3.78498231440680        0.30012103442074
N            5.78341224483063        1.64649300702103        0.18665001808201
N           -4.92457605751887        3.82863658753103        0.18145126414874
N           -5.45902539445707        0.60439459251981       -0.20973495240245
N            2.03149740070035       -4.03435240045230       -0.08595384234957
N           -2.06448897382277       -3.97962682653933       -0.20004567378221
C            6.02186807917087        3.03969923794050       -0.04137140814160
C           -6.04167581753094        3.37917440256940        0.34061772459525
C           -0.01721648554830       -5.51502830232334       -0.43592360188662
N            7.12529219432997        3.39828251924533       -0.50729134395280
N           -7.18172083335915        3.27129419516490        0.68820654661853
N            0.06313126647899       -6.57441104013030       -1.11289638517112
C            2.76973413180526        4.15527904224872        1.03038350285509
C           -2.65073575602387        4.25301761812265        0.11416705922599
C            2.33268643537007       -2.84686221322286        0.33185416676437
C           -2.36613614718643       -2.78696212963146        0.21757485928523
C            1.57967700843365        4.70528327688621        1.08681050979983
C           -1.40370979353100        5.01451340129873        0.07093690650139
N            2.63741495437630        5.61959259239476        1.35229064006952
N           -2.54291079633895        5.65207059382521        0.05859703932618
H            7.24760631002867        4.37934123504902       -0.71914308176472
H           -7.97787095180494        2.88980001841353        0.21984708193894
H           -0.82030716201368       -6.96874040635621       -1.41443793405908
H            2.85360068716484        6.26602828608125        0.58830969863213
H           -3.06834226962329        6.50214504682355        0.00946337560794
H            0.52065657933606        4.67744691260468        0.95474414026955
C            0.67187022348723        1.44045757722299        3.62380950984126
C            1.39005131784075        0.30368106620137        3.61943884918137
C            0.75670770810823       -1.01632092841899        3.61206467110428
O            1.29832953454639       -2.08847791426009        3.59786304006898
N           -0.64097552637917       -0.91542423391798        3.59302095928718
C           -1.41855301144298        0.21695212036699        3.56746656847652
O           -2.61900123295569        0.21759565272334        3.49346232695577
N           -0.69085654714150        1.39631883563520        3.60462254479614
F            2.73028031303588        0.35828802040177        3.61679571760848
H            1.14253897239149        2.41216210740747        3.63170150417767
H           -1.14486946719011       -1.79759077858782        3.63111416792337
H           -1.22546237232130        2.25017307461122        3.60180858712241
60
 energy: -137.727249068161 gnorm: 0.009657797344 xtb: 6.7.1pre (5071a88)
N           -0.00397356112508       -0.05812746381198        0.62645442129362
C            0.02267669845690        1.36503737218341        0.53977048883219
C            1.22403909419020       -0.72052074765098        0.53550267886888
C           -1.21525871271043       -0.69194963790889        0.45744880773732
N            1.16325547452152        1.99408456804909        0.50780973781570
N           -1.12054296043752        2.02100418495879        0.48989490030140
N            2.34074310885895       -0.06592687999572        0.45741458771369
N            1.17403437687645       -2.07084387728390        0.51869687291469
N           -2.31311195160073       -0.02175748433925        0.25963264881539
N           -1.20957501706402       -2.04325042535722        0.49839882694462
C            2.29045810065983        1.26680355440586        0.48267136608680
C           -0.02389670603428       -2.67870771043824        0.84052180259707
C           -2.23259513973944        1.31364964128173        0.33796516741805
N            3.49804346399525        1.89092121768349        0.44424970308179
N           -0.05413160035634       -4.02593687501671        1.13467699429293
N           -3.42661733003447        1.94933328010968        0.21326467666705
C            3.76707109452566        3.29424195796927        0.57712266767168
C            4.65633260117156        1.19227160657769        0.31641319178585
C           -3.63397986667135        3.36482907625391        0.18808900096488
C           -4.50389932585612        1.18331950661196        0.00481085703252
C            0.95226509952702       -4.65724747431201        0.19263995424802
C           -1.00620875292926       -4.61547376758082        0.12125980549401
N            4.93842994948762        3.77850562901990        0.31522918751185
N            5.78104147556167        1.64187381577763        0.16997272303642
N           -4.92519719038787        3.82247535361478        0.17300115565596
N           -5.46358775489184        0.60181937563728       -0.21196046247830
N            2.03411196460971       -4.03917071133122       -0.08825850191247
N           -2.06201771716045       -3.98286257229385       -0.22402398889221
C            6.02431721189316        3.03793822191993       -0.03093427337308
C           -6.04092200864678        3.37427163895329        0.34409493870541
C           -0.01359904952430       -5.51715958807499       -0.45621037737500
N            7.13229486360869        3.40239132133495       -0.48075635344750
N           -7.18047961445787        3.27172821561311        0.69429440505959
N            0.07043115509423       -6.57254921004106       -1.13914160654641
C            2.77015374791809        4.14332490874302        1.04523254086780
C           -2.65092193771501        4.24691500975472        0.11989461721771
C            2.33214191794081       -2.85283299224187        0.33642419310388
C           -2.36636472033315       -2.79238701155133        0.19783054982034
C            1.58146395574417        4.69509375705362        1.10247187021110
C           -1.40490425325668        5.01076823498387        0.09089028716429
N            2.64091662491532        5.60311921964885        1.38671169769864
N           -2.54473478509730        5.64680110615856        0.06933936842497
H            7.25755011299850        4.38568167855182       -0.67788432347374
H           -7.97639291268875        2.88143886201227        0.23355100069912
H           -0.81151549830125       -6.96605440622436       -1.44692187300770
H            2.86296466163973        6.25799129889806        0.63169839485017
H           -3.07153357825405        6.49598363026713        0.01632479958197
H            0.52335089691017        4.67219266789319        0.96205098824611
C            0.68609407605210        1.45335621645467        3.64053431675921
C            1.38911560627461        0.30519738189197        3.63861040690964
C            0.73712842065296       -1.00608899741977        3.61614590155726
O            1.26259388739010       -2.08639541304038        3.59660535470727
N           -0.66024218036376       -0.88497936849019        3.58455440754969
C           -1.42126059682039        0.25918717427975        3.54924004749457
O           -2.62065472714175        0.27788010975735        3.45245088173218
N           -0.67709941165728        1.42858668563651        3.60399396373002
F            2.72963467991482        0.34140759363842        3.64735225485995
H            1.17041028406575        2.41857064504337        3.65907906611974
H           -1.17637262950904       -1.76121208021577        3.61117840125217
H           -1.20147311466143        2.29143897604710        3.59127088136325
60
 energy: -137.727697502357 gnorm: 0.007969626804 xtb: 6.7.1pre (5071a88)
N           -0.00417962219427       -0.06429300380535        0.62717928468587
C            0.02204292190615        1.35851424419586        0.53788854768732
C            1.22335554306687       -0.72795223062555        0.54072978256179
C           -1.21458783480126       -0.69843170906155        0.44825287219222
N            1.16299298779747        1.98594035587134        0.50446365569632
N           -1.12110460095530        2.01378112552040        0.48783702335329
N            2.34060839177529       -0.07345810248058        0.46741600584229
N            1.17446191194863       -2.07885185270514        0.52649066183923
N           -2.31182733566162       -0.02934586851477        0.24886002191950
N           -1.20816841472679       -2.05038028092997        0.48585513329739
C            2.28997634205711        1.25876777546086        0.48271253441489
C           -0.02664717304660       -2.68832475780570        0.83373119986366
C           -2.23341998593040        1.30628772311376        0.33317540701122
N            3.49658241865456        1.88275791345563        0.43711878279610
N           -0.05904415595697       -4.03762052932426        1.11670502430199
N           -3.42704399158858        1.94159413625053        0.20878511317380
C            3.76692638020228        3.28286528228088        0.58681854524722
C            4.65348712999507        1.18619022793436        0.29153580253883
C           -3.63370367598505        3.35729932723972        0.18703738086015
C           -4.50485731316137        1.17557168659725        0.00043051653857
C            0.95315766385003       -4.66382068669354        0.17804438843573
C           -1.00468886399794       -4.62087913289110        0.09424129788406
N            4.93933407046984        3.77089482090273        0.33406862983432
N            5.77832908199430        1.63741271505654        0.15182041881940
N           -4.92542967883555        3.81529735512513        0.15987347703939
N           -5.46698492410206        0.59650612888640       -0.21298592429843
N            2.03713124737672       -4.04420448593441       -0.09170828854268
N           -2.05775301150921       -3.98549346056767       -0.25328142230073
C            6.02592649454477        3.03525864488417       -0.01751739269818
C           -6.04028783966182        3.36988451062192        0.34022032161277
C           -0.00898239464750       -5.52025508215756       -0.48093212076960
N            7.13981755821224        3.40461666309565       -0.44801329906356
N           -7.17657409152754        3.26808088034816        0.70075970765498
N            0.07875504253776       -6.57076560590867       -1.17104044507882
C            2.77026692530229        4.12813507144298        1.06395026114432
C           -2.65076102836179        4.24006999948394        0.12943628353881
C            2.33291439207585       -2.86141220955378        0.34354042531912
C           -2.36516327182202       -2.79780313951898        0.17489801812559
C            1.58300285246420        4.68202895032359        1.12357552507233
C           -1.40608565747773        5.00651114008907        0.11396806330723
N            2.64310301924904        5.58214801076310        1.42770726196350
N           -2.54637950061842        5.64074269118893        0.08359638029083
H            7.26937811259487        4.38990645375342       -0.62784484172744
H           -7.97486686968883        2.87246893357065        0.25032645730827
H           -0.80158267895302       -6.96404510528075       -1.48457239294084
H            2.87160163174255        6.24816155741687        0.68484365986014
H           -3.07461693860437        6.48895930303101        0.02467199814160
H            0.52588688671461        4.66532426862430        0.97569862443738
C            0.70291830754470        1.46809570288233        3.65523174005189
C            1.38626934187578        0.30584370244182        3.65894383482289
C            0.71063574606479       -0.99420845146488        3.61934198559611
O            1.21650754542216       -2.08365856979535        3.59464273371285
N           -0.68506091221525       -0.84635022421162        3.57230629369330
C           -1.42490196922177        0.31359849842102        3.52438641413107
O           -2.62154219244285        0.35173051631702        3.40224256363030
N           -0.66025771968295        1.46839200771348        3.59748602292342
F            2.72610581579885        0.31860151650013        3.68129463863706
H            1.20331951726389        2.42494326205613        3.68502707056479
H           -1.21722817681557       -1.71423050217744        3.58240053855405
H           -1.17106345628803        2.34260188859592        3.57497379545434
60
 energy: -137.728204905523 gnorm: 0.008934526239 xtb: 6.7.1pre (5071a88)
N           -0.00344470288668       -0.07191185043198        0.62740684510283
C            0.02161406031845        1.35046089419092        0.53848381852358
C            1.22319745598356       -0.73733342359147        0.54600842747386
C           -1.21311154857465       -0.70641552335886        0.43890486389488
N            1.16329827383125        1.97628565598242        0.50521182388197
N           -1.12125149196563        2.00520746154383        0.48879954512509
N            2.34104608875025       -0.08288266655923        0.47513827083838
N            1.17530567338831       -2.08827497816602        0.53841832991182
N           -2.30944843797606       -0.03815139645325        0.23849235829127
N           -1.20575768083884       -2.05895019930828        0.47196825903963
C            2.28963516674523        1.24881714684821        0.48211894719028
C           -0.02876089398943       -2.69972937639989        0.82672584207760
C           -2.23364384346013        1.29767553595669        0.32909801292877
N            3.49514302358189        1.87315604044086        0.42689962681533
N           -0.06370370590534       -4.05171425194706        1.09490033596224
N           -3.42649582356279        1.93244732294202        0.20367829418302
C            3.76659931038389        3.26929756796540        0.59930203071820
C            4.65038595458033        1.17916896637088        0.26248783802423
C           -3.63278655574191        3.34806217649166        0.18487468401680
C           -4.50457973845550        1.16563765113914       -0.00285838501207
C            0.95396321897079       -4.67131955914896        0.15960212438231
C           -1.00250299432293       -4.62731806873451        0.06210530393246
N            4.94044106858409        3.76194262659116        0.35830509916325
N            5.77579799765509        1.63205161855299        0.13210082108159
N           -4.92522993045722        3.80519667585015        0.14916140912867
N           -5.46986487016100        0.58896452492642       -0.20837573900336
N            2.04063608778571       -4.04956919900275       -0.09671430337317
N           -2.05204180359757       -3.98806088297467       -0.28761407739393
C            6.02762694194866        3.03154779264862        0.00001119341935
C           -6.03831569634590        3.36189134102661        0.34517830996288
C           -0.00323474913735       -5.52421366766879       -0.51051293460067
N            7.14827503720124        3.40587989626031       -0.40871458887923
N           -7.17628589418110        3.27184715839078        0.70241904105049
N            0.08830625647174       -6.56905420551105       -1.20887775172703
C            2.77033341358810        4.10910980089211        1.08763028501314
C           -2.65055656497895        4.23221011310686        0.14060958673901
C            2.33498006426986       -2.87235632831405        0.35199673648262
C           -2.36288710536690       -2.80372282972043        0.14871547762616
C            1.58445713900084        4.66567240257543        1.15038038784492
C           -1.40739215132813        5.00207988063139        0.14447437846264
N            2.64428623622439        5.55631651450845        1.47724946701207
N           -2.54857026831643        5.63362072943154        0.10023079773759
H            7.28353080584219        4.39390754013427       -0.56656718419622
H           -7.97046488278201        2.85827985497053        0.26110928663592
H           -0.79027539928166       -6.96201868023661       -1.52835159260979
H            2.88030469717007        6.23672505266221        0.75007341039610
H           -3.07829809872698        6.48062227521889        0.03371586642939
H            0.52826833929720        4.65604292382444        0.99605773549690
C            0.72173142906251        1.48519060043703        3.66570325698555
C            1.38052958066769        0.30720351479649        3.67757518096566
C            0.67668879024745       -0.97862108572289        3.61981103903769
O            1.15966265522788       -2.07831620416452        3.59181547547859
N           -0.71521084996877       -0.79846159835092        3.55534795966065
C           -1.42908124779084        0.38014927580810        3.49297092420574
O           -2.62183037841682        0.43964847922888        3.34371893181413
N           -0.64057371748468        1.51583007111646        3.58427193210291
F            2.71912655469756        0.29107788321969        3.71873688834505
H            1.24085161284332        2.43167684774558        3.70723342647433
H           -1.26674505684230       -1.65497073322007        3.54654393063919
H           -1.13367685146394        2.40246489460580        3.55345873905348
60
 energy: -137.728721741195 gnorm: 0.010791830520 xtb: 6.7.1pre (5071a88)
N           -0.00238981120379       -0.08060076920788        0.62609845469714
C            0.02144601236804        1.34155289092549        0.54064522697038
C            1.22348742656167       -0.74762120696293        0.54940729998480
C           -1.21164175196850       -0.71512053524299        0.43063384473750
N            1.16384987762464        1.96643330874341        0.50918153304279
N           -1.12109489272813        1.99619804319418        0.49234862810982
N            2.34178064790314       -0.09317130926775        0.47843439949683
N            1.17596032663782       -2.09808639233354        0.54951164068805
N           -2.30709017737887       -0.04691484870309        0.23066122150163
N           -1.20340257658542       -2.06804772563552        0.45821653471141
C            2.28940181978154        1.23828738826582        0.48093129637493
C           -0.03010763072327       -2.71138062052295        0.81869096287329
C           -2.23348064501866        1.28903334130191        0.32777850175998
N            3.49409889502450        1.86329970505544        0.41636094512538
N           -0.06735628383222       -4.06587854672388        1.07210097968766
N           -3.42559290805158        1.92363187256012        0.20214897875752
C            3.76660106442229        3.25532705022887        0.61419818095066
C            4.64770063578781        1.17177285871541        0.23362629974000
C           -3.63162753053568        3.33902296844414        0.18666314343673
C           -4.50448377457855        1.15642507904554        0.00013889322703
C            0.95485797633306       -4.67876138940782        0.13989954503375
C           -0.99999927588007       -4.63397549011576        0.02967096368526
N            4.94195229719042        3.75229068769177        0.38622878143171
N            5.77395466752555        1.62593151885006        0.11352900476079
N           -4.92469919670136        3.79519979024534        0.13388503574222
N           -5.46971010022528        0.57948991331547       -0.20474910953241
N            2.04431349576090       -4.05488384730190       -0.10284009793382
N           -2.04610423358581       -3.99079372629312       -0.32193491701796
C            6.02980358660678        3.02707131708099        0.02030177935059
C           -6.03750848571050        3.35568507558453        0.33630902247155
C            0.00295418084615       -5.52813845213936       -0.54112484132540
N            7.15640085030818        3.40652756442124       -0.36751206690053
N           -7.17211475358719        3.26551815580549        0.70468109376615
N            0.09802847130661       -6.56736991636651       -1.24752222727258
C            2.77051882374174        4.08842860306254        1.11425380704617
C           -2.65009134630640        4.22437979538641        0.15642541295353
C            2.33774878923344       -2.88382535962241        0.35919150723089
C           -2.36037108764742       -2.80985542143100        0.12283134231153
C            1.58597125712573        4.64797606100147        1.17972916701697
C           -1.40862315508988        4.99677304353205        0.17404873957967
N            2.64488196341562        5.52862679055428        1.53070283894043
N           -2.55018917926770        5.62618015588212        0.11961936207733
H            7.29731996505791        4.39762534311451       -0.50085122905231
H           -7.96885033609467        2.84773013735499        0.27362666368343
H           -0.77887424413432       -6.95935866515180       -1.57309455070441
H            2.88894625280853        6.22430046362790        0.82065788617185
H           -3.08083923360612        6.47208357934858        0.04500037007402
H            0.53054016439342        4.64530144010202        1.01970683109257
C            0.73905184460450        1.50327782700758        3.67041070757943
C            1.37195095044583        0.31069320687465        3.69066353186527
C            0.64011810109671       -0.95972407507249        3.61725873982122
O            1.10014136308431       -2.06922877757256        3.58782673116111
N           -0.74603497370938       -0.74739823869101        3.53586114612799
C           -1.43272258446034        0.44911664746451        3.46006946328555
O           -2.62102303846954        0.52959126787526        3.28643244072062
N           -0.62123644974689        1.56457731381092        3.56676247727839
F            2.70865138641857        0.26441378581373        3.75241989802857
H            1.27678174157820        2.43878030448855        3.72192596267967
H           -1.31691905802788       -1.59096597386203        3.51059635242350
H           -1.09503612013675        2.46254699189650        3.52997146844055
60
 energy: -137.729287678797 gnorm: 0.010978017328 xtb: 6.7.1pre (5071a88)
N           -0.00090054476602       -0.09060609157329        0.62172353881863
C            0.02202053482564        1.33164315754128        0.54271720706293
C            1.22465524760117       -0.75870296067608        0.54929178426769
C           -1.21003832476071       -0.72465248084242        0.42285056597178
N            1.16487300082353        1.95649930064264        0.51529003310648
N           -1.12021884882793        1.98670297363872        0.49572645573090
N            2.34309646358514       -0.10419049146604        0.47622165727322
N            1.17654927578648       -2.10825377571733        0.55620200644699
N           -2.30464704432656       -0.05574738147789        0.22450777470702
N           -1.20124593048253       -2.07772052678082        0.44440634441906
C            2.28967734780125        1.22743094739545        0.47926302173932
C           -0.03020086542842       -2.72302525443866        0.80814140954206
C           -2.23230767855891        1.28024537621764        0.32714316165410
N            3.49387741865027        1.85350314190949        0.40771353195755
N           -0.06932184881685       -4.07939468207688        1.04877776764068
N           -3.42389479143516        1.91465031963392        0.20191111765044
C            3.76727034134443        3.24131867328567        0.63224152033312
C            4.64612252701338        1.16453997637838        0.20815245545708
C           -3.63027669121100        3.32946570291544        0.18872318656433
C           -4.50305687275468        1.14656780529534        0.00490248977853
C            0.95642081513709       -4.68611263065368        0.11941460501634
C           -0.99698224479166       -4.64074995951397       -0.00170521772013
N            4.94395417471486        3.74167935210563        0.41800583543158
N            5.77333272006714        1.61950634137977        0.09877609525271
N           -4.92364621746949        3.78382798355658        0.12389003585684
N           -5.46933830016471        0.56915086979076       -0.19407613584312
N            2.04854304311078       -4.06052201122422       -0.11050072781524
N           -2.04022170179955       -3.99421116450613       -0.35473909600253
C            6.03270265952592        3.02167254129531        0.04364130327001
C           -6.03606364331690        3.34730713009876        0.33543413922710
C            0.00965122192703       -5.53174171143157       -0.57197246230131
N            7.16379716163908        3.40646274531663       -0.32508912487954
N           -7.17259697293926        3.26692513252385        0.69975108845599
N            0.10784608289803       -6.56569173413754       -1.28571305211970
C            2.77082577984391        4.06643800211624        1.14401561880499
C           -2.64984394997034        4.21626037847561        0.17303545161601
C            2.34142591026436       -2.89541063747412        0.36330822506292
C           -2.35763118675707       -2.81641641310134        0.09784340011683
C            1.58759631305126        4.62918531202629        1.21138590836054
C           -1.40987663162316        4.99109082468465        0.20862937651782
N            2.64505396684907        5.49941451111158        1.58758513699458
N           -2.55196945020377        5.61829440209304        0.13945374375300
H            7.30928692730412        4.40027846197740       -0.43277812960404
H           -7.96525073048607        2.83301241084175        0.27594532780079
H           -0.76752854766299       -6.95547347108834       -1.61786578383796
H            2.89746520042747        6.20986376185802        0.89530398597883
H           -3.08287835880899        6.46323037773265        0.05667422226511
H            0.53286497376314        4.63295091687369        1.04600243501527
C            0.75347179369229        1.52255596861794        3.66862637635864
C            1.35999466877014        0.31745428522434        3.69655019910521
C            0.60188666307027       -0.93669849833878        3.61039248194869
O            1.03965871975131       -2.05508905011127        3.58185847096453
N           -0.77654393415099       -0.69417087309305        3.51419527671537
C           -1.43560596321210        0.51808381714050        3.42747409547924
O           -2.61885372429814        0.61907396009497        3.23463202945735
N           -0.60332642189807        1.61336939087913        3.54605403680926
F            2.69378244557941        0.24107126647585        3.77915192365511
H            1.30903486740940        2.44667302192182        3.72763571898951
H           -1.36577298496012       -1.52361014486383        3.47737186785579
H           -1.05669786035386        2.52079140356436        3.50514028783390
60
 energy: -137.729967280857 gnorm: 0.009615070037 xtb: 6.7.1pre (5071a88)
N            0.00072887097558       -0.10316343189274        0.61288175509458
C            0.02356448013113        1.31958336218159        0.54218150646600
C            1.22678417109128       -0.77154317477360        0.54452641745989
C           -1.20850026921104       -0.73604722568411        0.41400375358645
N            1.16635323713581        1.94532929069362        0.52060203402706
N           -1.11852858978120        1.97561678793800        0.49624266798870
N            2.34498365842185       -0.11700971060068        0.46917043101623
N            1.17717631716135       -2.11993305817925        0.55487180265126
N           -2.30262847345218       -0.06571526417348        0.21918759341448
N           -1.19960340345895       -2.08911198234843        0.42872806389085
C            2.29068739092007        1.21530003661793        0.47687788831099
C           -0.02907502427261       -2.73587387097832        0.79214661720653
C           -2.23021937777204        1.27034669161320        0.32674402870408
N            3.49477462407042        1.84271413302824        0.40240417082191
N           -0.06972688189640       -4.09322867994257        1.02303201043209
N           -3.42185466962117        1.90473254180116        0.20532937986318
C            3.76913099190531        3.22592288324621        0.65526460700190
C            4.64597752353693        1.15674829356442        0.18538872340756
C           -3.62893539472777        3.31878076626650        0.19487387477198
C           -4.50158710449996        1.13620823328917        0.01545680828734
C            0.95959105161723       -4.69445508454090        0.09685322996509
C           -0.99306998606870       -4.64845008122874       -0.03433450248927
N            4.94686536176136        3.72873127230601        0.45625342578208
N            5.77409391263723        1.61235003461341        0.08738237513424
N           -4.92234702405539        3.77071766943760        0.11266684999489
N           -5.46721247076855        0.55668648851296       -0.17996326704186
N            2.05438298384197       -4.06777330566800       -0.12041867506134
N           -2.03434132988673       -3.99954683566105       -0.38846233586617
C            6.03725089280383        3.01490646791849        0.07201893240415
C           -6.03535056595890        3.33760241933786        0.32750436472359
C            0.01762673208036       -5.53521461982488       -0.60563965956291
N            7.17201663603067        3.40672094419562       -0.27728724656408
N           -7.17210743455943        3.26103421684335        0.69273932593299
N            0.11909818661764       -6.56382920838772       -1.32666038320092
C            2.77145691492879        4.04122601490983        1.17959323903152
C           -2.64967174097401        4.20693897002387        0.19503722884395
C            2.34627591605041       -2.90764278259409        0.36339226106092
C           -2.35480046005436       -2.82468736097223        0.07127611510652
C            1.58981125793858        4.60771299668704        1.24779682763335
C           -1.41153484065071        4.98342983835171        0.24785745536106
N            2.64583883157003        5.46586608180924        1.65365571432354
N           -2.55350817381538        5.60905552567087        0.16387470434289
H            7.32063986159057        4.40299846254680       -0.35662819497015
H           -7.96419085707800        2.82271674326338        0.27373592504923
H           -0.75465873197539       -6.94948010926216       -1.66729460211196
H            2.90765986926750        6.19127209408569        0.98071457579485
H           -3.08378938930485        6.45326597712757        0.07273083617762
H            0.53592729753221        4.61791656063235        1.07571878635269
C            0.76866974658636        1.54459909529521        3.66449390751553
C            1.34417727549582        0.32614212363573        3.69937764222302
C            0.55636379449188       -0.90848690261651        3.60058499653883
O            0.96810651164099       -2.03743844751620        3.57360131799865
N           -0.81267518589595       -0.63275538521912        3.48897694056906
C           -1.43941027638381        0.59569727533300        3.39249032797970
O           -2.61769350539117        0.72315774105907        3.17886724809747
N           -0.58356611821677        1.66877800432277        3.52347716753401
F            2.67414692564491        0.21503027175335        3.80395987026371
H            1.34535560379550        2.45519371850308        3.73011021483994
H           -1.42287611170333       -1.44553956224025        3.44318254576596
H           -1.01205343785927        2.58589605593119        3.47549638009482
60
 energy: -137.730766469922 gnorm: 0.007848109394 xtb: 6.7.1pre (5071a88)
N            0.00288088927028       -0.11739439589245        0.59756248729369
C            0.02650171624830        1.30595651569464        0.53647300175711
C            1.23027065136186       -0.78523290698197        0.53219890536136
C           -1.20666722760296       -0.74871956396412        0.40341574866270
N            1.16874315811088        1.93315150998922        0.52318729998732
N           -1.11551074792953        1.96352189720632        0.49097842618434
N            2.34783940127505       -0.13066198633607        0.45583507863987
N            1.17837173633958       -2.13265299669984        0.54193981393840
N           -2.30109229349703       -0.07669097445879        0.21520919811112
N           -1.19833518733674       -2.10184050401357        0.41155122586860
C            2.29303931118725        1.20253265985053        0.47338131531392
C           -0.02587464773650       -2.74943235571517        0.76972852480359
C           -2.22710312941186        1.25961522098330        0.32543378097261
N            3.49733129933626        1.83147054937453        0.40337509302163
N           -0.06769640211977       -4.10674743546702        0.99542593974756
N           -3.41951343223370        1.89378671976290        0.21156519964322
C            3.77235426003537        3.20978552079711        0.68381512153034
C            4.64812682926802        1.14941442374782        0.17215595522625
C           -3.62778758010675        3.30699407205929        0.20409575021199
C           -4.49976560030194        1.12457105843200        0.03066649896384
C            0.96479264789598       -4.70386633851106        0.07233814734284
C           -0.98822680627255       -4.65687680200004       -0.06677756651032
N            4.95087951471828        3.71376417851471        0.50085202275122
N            5.77711937881181        1.60566892581592        0.08626868875598
N           -4.92041495121367        3.75701578886461        0.10521200348860
N           -5.46466480912568        0.54162966976132       -0.15838317755791
N            2.06200610951232       -4.07719544266866       -0.13391605822095
N           -2.02891388202251       -4.00706971799354       -0.42087082066339
C            6.04352566313933        3.00656891193659        0.10691523987531
C           -6.03529551465604        3.32820664793026        0.31909117231502
C            0.02634744036821       -5.53861138183516       -0.64091587510431
N            7.18041799481070        3.40598155754775       -0.22474829035831
N           -7.17482091175734        3.25846060399737        0.67753196198374
N            0.13071680692676       -6.56231200118791       -1.36852974955674
C            2.77228057081237        4.01391406703467        1.22059294537042
C           -2.64973154166386        4.19630294120679        0.22164683155590
C            2.35275006542632       -2.92032141161850        0.35692593637698
C           -2.35166466810597       -2.83448718506445        0.04474315167816
C            1.59236908335622        4.58402849417794        1.28901177795697
C           -1.41335456002867        4.97366353011794        0.29531165580930
N            2.64666002491757        5.42902011405647        1.72593904172662
N           -2.55451880805338        5.59853527323845        0.19341149005523
H            7.32963268438805        4.40346626782092       -0.27661980809536
H           -7.96298426122194        2.80733122970399        0.26219259748179
H           -0.74160239414877       -6.94196444319178       -1.71876016499336
H            2.91786450554239        6.16775076788063        1.07230467017493
H           -3.08297156148093        6.44266293207103        0.09456879032615
H            0.53964110098753        4.60000703081033        1.10912815743309
C            0.78270948182871        1.56916373182773        3.65430888609432
C            1.32395705061625        0.33699265622469        3.69526004563260
C            0.50509340216985       -0.87515937846589        3.58562953472038
O            0.88808731137467       -2.01479487553830        3.56014582447781
N           -0.85300273484305       -0.56456807895206        3.46143477411847
C           -1.44368240062040        0.67920390076260        3.35821931090234
O           -2.61549556261263        0.83711140472729        3.13344299417136
N           -0.56352395955072        1.72915872581571        3.49940178542163
F            2.64836741525856        0.18843610807027        3.81865452727544
H            1.38265827837521        2.46421302694863        3.72534031608235
H           -1.48575496349413       -1.35866344702967        3.41234939965377
H           -0.96336524455443        2.65620498886374        3.44199946478505
60
 energy: -137.731664784608 gnorm: 0.009488532054 xtb: 6.7.1pre (5071a88)
N            0.00572995431958       -0.13317543096603        0.57706900207227
C            0.03085495156731        1.29073470157482        0.52342197947325
C            1.23496338096119       -0.79999793614921        0.51385203786851
C           -1.20408770997770       -0.76295686088031        0.39060060020316
N            1.17222269446207        1.91923315716256        0.51855917596567
N           -1.11108163056550        1.95000928729996        0.47701734367510
N            2.35168212887483       -0.14550302500430        0.43971391136816
N            1.18085889711795       -2.14697891769978        0.51870674549262
N           -2.29981975536838       -0.08963841785149        0.21177876894768
N           -1.19686240609385       -2.11641617170556        0.39267490562036
C            2.29694516644660        1.18852990685018        0.46769804172794
C           -0.02081080336150       -2.76467571353381        0.74147191967341
C           -2.22317991567636        1.24728234340594        0.32137659348720
N            3.50185900051409        1.81857693559986        0.40892144459245
N           -0.06389196933357       -4.12147524633369        0.96495040442294
N           -3.41699447937084        1.88090511534071        0.21937130160553
C            3.77727827194391        3.19172198323980        0.71735233842272
C            4.65258993810658        1.14098749555712        0.16365599349614
C           -3.62678860296099        3.29322579099099        0.21597597191465
C           -4.49814041821968        1.11099335772686        0.05007162365595
C            0.97227624276522       -4.71521906764747        0.04498751867828
C           -0.98229689275873       -4.66652152999748       -0.10147674658216
N            4.95660462800482        3.69682751350296        0.55251582187010
N            5.78216125321972        1.59847296686171        0.09067893542082
N           -4.91847187249894        3.74039869311415        0.09960606639104
N           -5.46244475374748        0.52398015859559       -0.12957788493661
N            2.07179797792609       -4.08942473827795       -0.15105821660937
N           -2.02361926149649       -4.01688448067728       -0.45423846698709
C            6.05216237686968        2.99717571367002        0.14818084739979
C           -6.03534857492835        3.31427402967834        0.30989345247261
C            0.03592998379423       -5.54258570933541       -0.67946593098118
N            7.19095092223325        3.40621003634735       -0.16517125127981
N           -7.17815622025981        3.24910099397222        0.65912679310599
N            0.14325661559036       -6.56133612486904       -1.41384502839255
C            2.77356964698499        3.98350178065931        1.26666883281060
C           -2.65018821933166        4.18377405517155        0.25319618226377
C            2.36086855323754       -2.93391544683028        0.34494789212022
C           -2.34797490214544       -2.84623681541953        0.01700700053535
C            1.59545431217623        4.55703883954792        1.33478516700212
C           -1.41598971546385        4.96173126021574        0.35218126161017
N            2.64811382957553        5.38721403749282        1.80693748867067
N           -2.55562889595238        5.58634946718622        0.22999098834710
H            7.33972695797070        4.40542317812022       -0.18679479018557
H           -7.96420381043319        2.80041243986693        0.24002616735421
H           -0.72758780627876       -6.93377732181956       -1.77476772735426
H            2.92943622026425        6.14017884791406        1.17385744241580
H           -3.08160809880827        6.43085588509514        0.12416036099131
H            0.54429176020970        4.57877029877512        1.14507497041253
C            0.80041726308320        1.59543919939660        3.64465959767398
C            1.30006995286021        0.34601238918063        3.69122979235196
C            0.44299962665521       -0.83847098952983        3.56879960799608
O            0.79008226913415       -1.99117114979508        3.54105056923863
N           -0.90353911391484       -0.48530968002607        3.43268477525757
C           -1.45084102727417        0.77668038745033        3.32486853677189
O           -2.61646079877035        0.97549934785113        3.08407814409404
N           -0.53907081697266        1.79918602594432        3.47651035967083
F            2.61803624340995        0.15262179764328        3.83172948491226
H            1.42935367864752        2.47100947560636        3.72087958218852
H           -1.56383906803002       -1.25759235264376        3.37916361509635
H           -0.90361715898176        2.73892423342177        3.40132468447357
60
 energy: -137.732619592801 gnorm: 0.008963710637 xtb: 6.7.1pre (5071a88)
N            0.00992994063687       -0.14807340887065        0.54855343082935
C            0.03710849970876        1.27600692945353        0.50017889004257
C            1.24128843295981       -0.81338534381414        0.48399963402967
C           -1.20040913171958       -0.77676624394984        0.37650635928628
N            1.17747920131375        1.90532425887265        0.50541402205955
N           -1.10453205126104        1.93725564379181        0.45146841075149
N            2.35709606926925       -0.15892790842538        0.41653464947405
N            1.18503445054346       -2.16092305145564        0.47917239686968
N           -2.29924932044105       -0.10291037107600        0.21281226938535
N           -1.19515264101161       -2.13100916108207        0.37458748237824
C            2.30328846486136        1.17538893045901        0.45952037189721
C           -0.01242700572794       -2.77931015196614        0.70729940593425
C           -2.21852633048791        1.23515930467964        0.31479908963848
N            3.50934676020167        1.80584665120515        0.42499992535907
N           -0.05641171189902       -4.13483404742757        0.93417453752850
N           -3.41449250378917        1.86770464043410        0.22924028905048
C            3.78385601142484        3.17393262018741        0.75692068272065
C            4.66127157743986        1.13364431904385        0.17569352932132
C           -3.62639389580682        3.27935577237332        0.23212052730460
C           -4.49668331410046        1.09651314280982        0.07461458126928
C            0.98161320449473       -4.72733217708951        0.01560065666491
C           -0.97597103823838       -4.67596334819698       -0.13321892636861
N            4.96395331602387        3.67911861853949        0.61056953867893
N            5.79126013679575        1.59277723154865        0.11681230736686
N           -4.91622465257446        3.72488320323380        0.09984327249441
N           -5.45940774744797        0.50337101485091       -0.09289445172153
N            2.08255189926108       -4.10410988655091       -0.17496374727996
N           -2.02010703005378       -4.02823669129386       -0.48128717833443
C            6.06290157165809        2.98635756102157        0.19917738172189
C           -6.03686754021124        3.30159105253775        0.29496933659405
C            0.04397056349217       -5.54677428926465       -0.71684279901330
N            7.20129466412510        3.40396501433606       -0.10159162413950
N           -7.18390300521027        3.23730069334595        0.63036428100205
N            0.15263433001188       -6.56197280611747       -1.45612922974455
C            2.77487698922681        3.95347922202599        1.31556849090592
C           -2.65133445793400        4.17053741726174        0.29060883611732
C            2.37058461033169       -2.94703734010013        0.32131214877361
C           -2.34372223707010       -2.85836250188408       -0.00577924925378
C            1.59805596672316        4.52864145544210        1.38359959802946
C           -1.41949097158358        4.94728669160537        0.41549399363611
N            2.64811933290372        5.34461917033795        1.88614554944858
N           -2.55574610466552        5.57355737326192        0.27616550483714
H            7.34539192301084        4.40232049337500       -0.10093488935036
H           -7.96701879465478        2.79306547720611        0.20267789279065
H           -0.71745948967062       -6.92655491538477       -1.82606673245352
H            2.93716748450357        6.10781433778085        1.27066462566060
H           -3.07766035556517        6.41989013311639        0.16767198447247
H            0.54888866516069        4.55436903396645        1.18376843947752
C            0.81232307158186        1.62337672939790        3.62425097064572
C            1.27182067529370        0.35966466552318        3.67284008756267
C            0.38158047289667       -0.79590628259240        3.54283803254296
O            0.69420718570712       -1.95766030370610        3.50681908602422
N           -0.95242479889182       -0.40372019792709        3.40679732083272
C           -1.45806299829895        0.87140334813125        3.30401271106088
O           -2.61557454689402        1.10926644425337        3.06886581610627
N           -0.51813767589188        1.86772298566251        3.45580246051084
F            2.58029470798509        0.12529530550167        3.81722841160403
H            1.46798465671350        2.47814861253673        3.70193833262135
H           -1.63686553341279       -1.15418357931640        3.35648457309749
H           -0.84691795181105        2.81799850841587        3.36085270122595
60
 energy: -137.733470394942 gnorm: 0.013012949386 xtb: 6.7.1pre (5071a88)
N            0.01499903640376       -0.16244145841516        0.52367391510072
C            0.04314821593328        1.26174525711379        0.47574131988568
C            1.24750109223596       -0.82697547308303        0.45744940438343
C           -1.19537303641213       -0.79095034808408        0.36280751877025
N            1.18309437320796        1.89089561684231        0.48726586853881
N           -1.09832200605707        1.92382315404926        0.42492878908562
N            2.36288672009564       -0.17254062021026        0.39855625658981
N            1.19078047931817       -2.17528484694202        0.44474121701513
N           -2.29744339808623       -0.11770917235800        0.21415635188603
N           -1.19127629502557       -2.14614724882814        0.35683012990772
C            2.30984211164967        1.16149179030338        0.44958002509912
C           -0.00395889365823       -2.79506159812031        0.67608913986837
C           -2.21447039491618        1.22164266678542        0.30760390805448
N            3.51701576276043        1.79106392188364        0.43583840710955
N           -0.04907092491789       -4.15041894770452        0.90156031423406
N           -3.41199903669424        1.85286180377304        0.23665512876153
C            3.79042317533768        3.15367133213641        0.79573729838843
C            4.66979561809161        1.12345021887818        0.17699165016228
C           -3.62545355573861        3.26406067452354        0.24614538214348
C           -4.49520617043247        1.07993451225802        0.09747092028281
C            0.99098382295735       -4.74010074180956       -0.01611916114237
C           -0.96898049108958       -4.68589341091329       -0.16867219169939
N            4.97176834528817        3.66141455276154        0.67072349958315
N            5.79988269591247        1.58495257434540        0.13316118495439
N           -4.91319287648958        3.71054529046764        0.09625139141183
N           -5.45769801457431        0.48182638215926       -0.05456632698197
N            2.09339128661928       -4.11851286200934       -0.20012313514963
N           -2.01538378737619       -4.03891219825564       -0.51116952288758
C            6.07390786390977        2.97655108082510        0.25039308992225
C           -6.03802949219122        3.29261474202806        0.27902153843515
C            0.05210834549012       -5.55220238340302       -0.75673188102625
N            7.21373964955946        3.40458740710228       -0.03377099611554
N           -7.19030165475518        3.23502443956163        0.59826714308815
N            0.16235124459189       -6.56302908920821       -1.50238615421800
C            2.77616645066538        3.92125730651987        1.36357170177660
C           -2.65150864251670        4.15517757271908        0.32851291236585
C            2.38020608464874       -2.96061546037476        0.29861661048054
C           -2.33829513040487       -2.87071309253377       -0.02901356424660
C            1.60032431565447        4.49777498999704        1.43147116724228
C           -1.42197141434589        4.93120186460924        0.48675002848960
N            2.64787133154617        5.29856558153649        1.97041872144754
N           -2.55533120509398        5.55870665644363        0.32505222564809
H            7.35574607398539        4.40476156255350       -0.00463014578864
H           -7.96680163952621        2.77107230745639        0.17069062708509
H           -0.70687738393593       -6.92163292512897       -1.88018220965255
H            2.94674696866690        6.07726241790957        1.37620695284875
H           -3.07414801885262        6.40666069361076        0.21238274721248
H            0.55332890019838        4.52924512334932        1.21972232545746
C            0.82987848065848        1.65077306732380        3.60903621790064
C            1.24370777540356        0.36806531549712        3.65895135320810
C            0.31176745012158       -0.75545187604789        3.51523567540316
O            0.58325415968607       -1.92986279327335        3.46660819956696
N           -1.01043043290829       -0.31491623646226        3.38020176202206
C           -1.46943562384946        0.97919409059320        3.27804758096677
O           -2.61927058868447        1.26184904342995        3.04427035088857
N           -0.49288501533141        1.94388999527588        3.43479738617885
F            2.54472865902295        0.08440171773382        3.81412870388559
H            1.51765945471463        2.48220532658158        3.69398091684554
H           -1.72289158053915       -1.04153773900792        3.32796462105179
H           -0.78299924001273        2.90668847126771        3.32175170825499
60
 energy: -137.734318331163 gnorm: 0.011798255145 xtb: 6.7.1pre (5071a88)
N            0.02214864081922       -0.17131301809623        0.50071646910696
C            0.05022222628857        1.25268549145861        0.44630951901129
C            1.25445636450599       -0.83542333214730        0.42832292850316
C           -1.18805043308618       -0.80113770573721        0.35279662102000
N            1.19034183978858        1.88040382430387        0.46073440973367
N           -1.09113298742996        1.91417283741700        0.39277665926105
N            2.37008673501239       -0.18084257166175        0.38262800109230
N            1.19920607666909       -2.18534880039763        0.40615948568784
N           -2.29446940777603       -0.13010717140877        0.22192116423169
N           -1.18488899061704       -2.15744987243449        0.34561481771742
C            2.31824453223620        1.15182061700613        0.43903072471940
C            0.00686585708501       -2.80654474282259        0.65028297464500
C           -2.21021424755139        1.21068545224054        0.29913762312627
N            3.52669503695044        1.77854663031160        0.45278859973320
N           -0.03850940547214       -4.16209334819486        0.87518786072051
N           -3.40891084739785        1.84018390154094        0.24199409980932
C            3.79683819010125        3.13648074108765        0.83164393931656
C            4.68190963454054        1.11466835320279        0.19656683941071
C           -3.62429795875859        3.25109242530448        0.25968110138082
C           -4.49299917876504        1.06508909478089        0.11880161910636
C            0.99964303468586       -4.75044205115393       -0.04546712258932
C           -0.96269521875919       -4.69309292564133       -0.19433372986827
N            4.97905402954153        3.64707135617330        0.72441690181784
N            5.81144816893844        1.57890398670292        0.16674647924954
N           -4.91025628024243        3.69793892039740        0.09820080995361
N           -5.45545717288973        0.46236464828662       -0.01527130357393
N            2.10187714350634       -4.13073384390595       -0.23019833110431
N           -2.01281917072023       -4.04714111077210       -0.52709290886229
C            6.08404521692312        2.96808879491856        0.30121821692269
C           -6.03803592548243        3.28007937330692        0.26218009734823
C            0.05562745247715       -5.55784376493091       -0.78702429442001
N            7.22379328331059        3.40307240607649        0.02535467047921
N           -7.19536885039771        3.22237585672389        0.56201910122858
N            0.16468530316449       -6.56637097513071       -1.53642848457831
C            2.77716334470621        3.89626062871486        1.40138252363913
C           -2.65209825197771        4.14146042387711        0.36397098905822
C            2.38890902241185       -2.97001263823243        0.26674942446213
C           -2.33185885462221       -2.87985448371514       -0.03899108942795
C            1.60075622293173        4.47067927371398        1.47059603255685
C           -1.42515029462789        4.91532789759801        0.55397075646623
N            2.64494082525614        5.26093203878090        2.03173191608371
N           -2.55458438731528        5.54533722517991        0.37647540584045
H            7.36150920286655        4.40329401181903        0.06879760881561
H           -7.96886257980176        2.77022317149422        0.11860416164886
H           -0.70492024432576       -6.92232787338535       -1.91547438780219
H            2.94813026844414        6.04910258071717        1.45176162541594
H           -3.07043792287684        6.39582150787652        0.26596894930005
H            0.55595882711998        4.50601244470035        1.24932540917764
C            0.83657854761902        1.67347115438728        3.59002553228498
C            1.21721518271755        0.38032328133990        3.63266580044014
C            0.25765651578518       -0.71665952899563        3.48033861741709
O            0.49890611671459       -1.89561110244006        3.40737788079874
N           -1.05516420231799       -0.24177871864533        3.36437571607624
C           -1.48198339134115        1.06264622032553        3.27331127838623
O           -2.62585010428952        1.37799705989280        3.05521645806375
N           -0.47791275623732        2.00133616228455        3.42337312385905
F            2.51011493132022        0.06284103835994        3.78164275922446
H            1.54580760167888        2.48476066044465        3.67821244674808
H           -1.78411476732627       -0.95072883842698        3.31101611593346
H           -0.73979154380574        2.96930692555934        3.29880538617978
60
 energy: -137.735195692816 gnorm: 0.010576877463 xtb: 6.7.1pre (5071a88)
N            0.03189198337330       -0.17876356968865        0.48440050442683
C            0.05804768000562        1.24567874404090        0.42162804633057
C            1.26231626427763       -0.84303910886691        0.40475499113363
C           -1.17789839258048       -0.81051004407122        0.34636089563935
N            1.19893985242900        1.87190505279668        0.43513458605272
N           -1.08394204153505        1.90463064139183        0.36810940634269
N            2.37869628623737       -0.18806215338345        0.37183336884162
N            1.20999921831925       -2.19401582907770        0.37543971212686
N           -2.28788043190390       -0.14192235287191        0.23245341522602
N           -1.17437554673019       -2.16738650577416        0.33730088269439
C            2.32732278722209        1.14328689335290        0.42988034262602
C            0.01884876322972       -2.81683672244753        0.63126904833265
C           -2.20500478600162        1.19966393092378        0.29432042222040
N            3.53628173384919        1.76666515991578        0.46767624159390
N           -0.02543977176393       -4.17343859433589        0.84910578568218
N           -3.40423247198136        1.82763623306484        0.24797680450414
C            3.80140245259476        3.11896750034839        0.86423110491665
C            4.69531611111596        1.10623529237740        0.22077846630684
C           -3.62155882097098        3.23815144533716        0.27435050225975
C           -4.48868580636854        1.05031891809893        0.13996639872596
C            1.00717068897701       -4.75902057159793       -0.07809590484540
C           -0.95590044622958       -4.69960395015023       -0.21818985889279
N            4.98402142151996        3.63354382248039        0.77382865647447
N            5.82420662263903        1.57326090353646        0.20781049856922
N           -4.90573394137444        3.68627113411319        0.09630600681779
N           -5.44960752723036        0.44358182787052        0.01981944063976
N            2.10821994945791       -4.13930488551881       -0.26664758198321
N           -2.00941237230500       -4.05295843710179       -0.53879891274932
C            6.09236714009660        2.96026824585513        0.35358580825355
C           -6.03629206499233        3.26814763013805        0.23785016844546
C            0.05729778409440       -5.56469560602004       -0.81600577372185
N            7.23259056984828        3.39845390066644        0.08529395384289
N           -7.19787248363405        3.20879260839421        0.51838575101052
N            0.16339195911949       -6.57085816836262       -1.56925618883267
C            2.77721769812414        3.87288939936682        1.43344204867514
C           -2.65158729802150        4.12717173665140        0.40214845688410
C            2.39672111293441       -2.97787841527802        0.23053049800753
C           -2.32338986361833       -2.88752188004806       -0.04301581529370
C            1.59938902697365        4.44373497556269        1.50539314388266
C           -1.42883387576202        4.89745573159772        0.61856048181794
N            2.63967606928312        5.22452170170895        2.08723585242204
N           -2.55330272605253        5.53062613527600        0.43384419820475
H            7.36591935902583        4.39663129572771        0.13265045443917
H           -7.96791453441002        2.76941554605848        0.05812656827081
H           -0.70757935975306       -6.92758463888044       -1.94465735518228
H            2.94575694340869        6.02310438279112        1.52257174076006
H           -3.06703466883841        6.38332321449843        0.32821135242644
H            0.55670941039989        4.48442096100754        1.27606439246793
C            0.83804859724827        1.69542972987372        3.57084924136655
C            1.18990479330521        0.39477728929775        3.59959271469372
C            0.20655242963134       -0.67678455651879        3.43496090148311
O            0.42025010476089       -1.85781009939014        3.32664603685720
N           -1.09694586779241       -0.17068537959675        3.34962932803810
C           -1.49666974202330        1.14299433982336        3.27336799243041
O           -2.63474478961195        1.48362281997795        3.07585037247535
N           -0.46784980138407        2.05494857494837        3.41380572287220
F            2.47499160019358        0.04764843246943        3.73722279443952
H            1.56549145189536        2.48753666018211        3.66448578974677
H           -1.83897015579415       -0.86419804148086        3.28915675153857
H           -0.70629827703517        3.02716669896706        3.28911534725020
60
 energy: -137.736130133641 gnorm: 0.011074219644 xtb: 6.7.1pre (5071a88)
N            0.04357659812265       -0.18845678702780        0.47244522881497
C            0.06693041139012        1.23730651074441        0.40396199055508
C            1.27139615222143       -0.85307396012146        0.38748435594031
C           -1.16598682465402       -0.82177234442051        0.34122651968130
N            1.20847233429781        1.86283353014089        0.41486732041213
N           -1.07624096797661        1.89282708707456        0.35240117858422
N            2.38828782971461       -0.19760778939011        0.36244891522508
N            1.22202983135058       -2.20411645899816        0.35346893205416
N           -2.27792962121678       -0.15476750960771        0.24064018090018
N           -1.16097541503617       -2.17840505592953        0.32841369888518
C            2.33631968123208        1.13331888865064        0.42113631181052
C            0.03116775430528       -2.82859606723088        0.61505760757896
C           -2.19785534336060        1.18687608318014        0.29154852433848
N            3.54477140255376        1.75440986647657        0.47641571431911
N           -0.01055157224175       -4.18658869314325        0.81940379229569
N           -3.39754210480357        1.81346407287740        0.25279484228659
C            3.80509009255221        3.09928763492280        0.89722054476419
C            4.70764539350699        1.09638257167690        0.23619932142265
C           -3.61721548828433        3.22304659873632        0.28714376164065
C           -4.48177928132990        1.03361871341962        0.15994929570709
C            1.01438897659458       -4.76739391366078       -0.11671677266243
C           -0.94810422256503       -4.70781483510678       -0.24434508310640
N            4.98812226350761        3.61809007680174        0.82552714761861
N            5.83596247835666        1.56471182211686        0.24245678510153
N           -4.89903176632405        3.67170210463875        0.08825095206718
N           -5.44301445990283        0.42372595808196        0.05638345507594
N            2.11377927441464       -4.14559311155469       -0.30984540185334
N           -2.00402546899820       -4.05860940628824       -0.55247031452799
C            6.09935662276285        2.95127233209717        0.40627300071173
C           -6.03160091454995        3.25302116404001        0.20841039105007
C            0.05962978856309       -5.57294885939411       -0.84926171969812
N            7.24222341796780        3.39257641062474        0.15168342629077
N           -7.19769050345249        3.19312337272976        0.46912880378173
N            0.16190236831237       -6.57545500903837       -1.60799790183914
C            2.77726372500924        3.84706244758264        1.46779235781391
C           -2.65032921826378        4.11110030376560        0.44469920201290
C            2.40445494692305       -2.98679701001001        0.19203903752167
C           -2.31351962966233       -2.89644122028746       -0.04706237711681
C            1.59815857484410        4.41448384727022        1.54348935854414
C           -1.43187674143160        4.87930640199750        0.70853338274503
N            2.63428454406097        5.18436456634493        2.14742695503967
N           -2.55350464592072        5.51382487509338        0.49495792081119
H            7.37693373920054        4.39270997248293        0.21426991968712
H           -7.96341116631240        2.76921494785850       -0.00885964442364
H           -0.71103883824963       -6.93491780851143       -1.97674079162909
H            2.94288761266804        5.99340834490627        1.60070110821147
H           -3.06643739937648        6.36729020285626        0.38868840861002
H            0.55752572082152        4.46322333552656        1.30643340290898
C            0.83818332984710        1.72021959335307        3.55385390684065
C            1.15835760034430        0.41108433341025        3.56292625757117
C            0.14823757067247       -0.63188033476469        3.37965351172854
O            0.33243327352349       -1.81431846350596        3.22689104103088
N           -1.14355040107155       -0.09218374085381        3.32986769950080
C           -1.51289782993323        1.23391569442360        3.27045438829449
O           -2.64502767427228        1.60104654510875        3.09139460161271
N           -0.45770038831971        2.11508122263866        3.40491549115708
F            2.43523275778502        0.03066606479481        3.68812262633465
H            1.58577590987412        2.49194315968956        3.65612381901506
H           -1.90050919934030       -0.76859756901534        3.25617180824923
H           -0.67143489057342        3.09479528975151        3.29019780269012
60
 energy: -137.736969264423 gnorm: 0.012011884824 xtb: 6.7.1pre (5071a88)
N            0.05791257681862       -0.19631799612449        0.47030971877119
C            0.07706235852510        1.23175330037763        0.39785777980498
C            1.28201440593993       -0.86135807058329        0.38261530499839
C           -1.15189332338551       -0.83136304024202        0.34040374659231
N            1.21915661494763        1.85732650162988        0.40128502915429
N           -1.06811755930430        1.88225748972105        0.35292160068284
N            2.39937439221133       -0.20525270008254        0.35883722163713
N            1.23613311408532       -2.21149672885822        0.34711058111456
N           -2.26358614865483       -0.16510341548659        0.24632791599343
N           -1.14354939890156       -2.18635213672008        0.32368505149499
C            2.34533556078670        1.12626715698541        0.41440957478464
C            0.04325744918694       -2.83733069345367        0.60942863594553
C           -2.18859988750954        1.17538272853422        0.29400488145043
N            3.55166986079774        1.74682040938178        0.47765942915429
N            0.00702848574825       -4.19688248086938        0.79385282723512
N           -3.38914923315965        1.80087460169080        0.25908392784948
C            3.80603126619364        3.08312992452149        0.91879838730962
C            4.71951951786487        1.08871317651825        0.25235652972544
C           -3.61116049745597        3.20924322960740        0.30143508427730
C           -4.47172046516847        1.01859509020404        0.17571295814810
C            1.01960306670935       -4.77180793882578       -0.15668864754312
C           -0.94071407924263       -4.71619276660362       -0.26093466077674
N            4.98945932309684        3.60580338381069        0.86449910671085
N            5.84765865275386        1.55586530652786        0.28162643264187
N           -4.88865195201890        3.66008077665869        0.07762485179053
N           -5.43322458693045        0.40779682704458        0.08323723971939
N            2.11557665212459       -4.14479665070071       -0.36118124874454
N           -1.99788920517509       -4.06210740623093       -0.55618153214684
C            6.10522239808168        2.94443822928361        0.45705294918376
C           -6.02304353092415        3.24134733380360        0.17474195174809
C            0.05955264554556       -5.58208310635387       -0.87630899644479
N            7.25244708570311        3.38297025449957        0.21677401423577
N           -7.19585024164728        3.18641048912187        0.40816086011428
N            0.15509292146652       -6.58078585325686       -1.64066688906474
C            2.77564557600589        3.82737635203191        1.48762392229892
C           -2.64961087072284        4.09560495797347        0.48724268532705
C            2.41017812401562       -2.99224629283746        0.14929535499328
C           -2.30283666715773       -2.90454913713085       -0.04066585957145
C            1.59500783927140        4.39105577368663        1.56507223614831
C           -1.44002288552036        4.85862205085985        0.77324796045963
N            2.62745610445870        5.15040178975226        2.19321988021965
N           -2.55529249321707        5.49652381910945        0.56036899287760
H            7.38781508608810        4.38100304632114        0.27380550164397
H           -7.95020322436553        2.75932384316373       -0.08543084104182
H           -0.72155798649678       -6.94829915445987       -1.99380519381360
H            2.93979501358168        5.97141401273479        1.66666883611627
H           -3.06841258045391        6.35013564273296        0.46068435541663
H            0.55601604821545        4.45021234274794        1.32382909185976
C            0.82877475047723        1.74113692460951        3.54414057302430
C            1.12690087808156        0.42865576074292        3.52020773288586
C            0.09859552367230       -0.58840539522478        3.31344781924632
O            0.26317550309540       -1.76469569219131        3.10477930472838
N           -1.18137318104238       -0.02747199026233        3.31064741036940
C           -1.53027088937916        1.30810790066329        3.27390480931014
O           -2.65898037239067        1.69114327886171        3.11552775235592
N           -0.45712351473130        2.16177869035173        3.40672877861717
F            2.39728354788538        0.02395070434805        3.62560449213374
H            1.58967397987412        2.49628043779903        3.65910831403290
H           -1.94613715418233       -0.69102541170362        3.21784054490754
H           -0.65645439430760        3.14812051981242        3.32569992789729
60
 energy: -137.737534621791 gnorm: 0.015463411295 xtb: 6.7.1pre (5071a88)
N            0.06771545663244       -0.20927407893998        0.45221533653489
C            0.08605652011562        1.21997018585690        0.38476478224273
C            1.29217082735035       -0.87321974471012        0.36574999139990
C           -1.14308621111157       -0.84447809413517        0.33031187723068
N            1.22743339637242        1.84659638380060        0.39097451023119
N           -1.05977858749517        1.86996052778283        0.34363826190745
N            2.40900613660916       -0.21669595274542        0.34310538509781
N            1.24609383449510       -2.22304735181419        0.32523150210576
N           -2.25617201714398       -0.17779532595033        0.24522944923139
N           -1.13372735296169       -2.19862909003930        0.30994030105893
C            2.35377347349035        1.11580746063259        0.40639273742992
C            0.05402295220670       -2.84988246742707        0.58665302931100
C           -2.18076153983070        1.16282773243639        0.29243083112805
N            3.55955365999211        1.73837985520029        0.48266731305844
N            0.02103804131238       -4.20870681779168        0.76396686050816
N           -3.38354123157474        1.78687187739714        0.26675939284454
C            3.81111375719563        3.06731379030144        0.94727032076378
C            4.73018604979709        1.08233457688323        0.26332093127243
C           -3.60789280080082        3.19413589725975        0.31452142507832
C           -4.46579472537787        1.00281199280659        0.19502387460311
C            1.02772663045333       -4.78001075610042       -0.19445344206850
C           -0.93361174486290       -4.72769269826162       -0.28327907725269
N            4.99545389915651        3.59061854726502        0.91194293950116
N            5.85883274825708        1.54809555897376        0.31349312295676
N           -4.88139772820863        3.64504736241607        0.06508823045011
N           -5.42507098477360        0.38820191119489        0.10904001239380
N            2.12210333995311       -4.15092256005383       -0.40392395336460
N           -1.99250504279471       -4.07197207521855       -0.57090095614036
C            6.11573090109802        2.93507397981300        0.50894271611356
C           -6.01940963638814        3.22900002914691        0.14096347984840
C            0.06445672951064       -5.58927811561903       -0.90989007914132
N            7.26527591842089        3.37485765080626        0.28476838446971
N           -7.19487704050326        3.17403438238282        0.35908360328452
N            0.15638107170164       -6.58371214248360       -1.68029694242576
C            2.77651024714068        3.80261414847340        1.52146206810063
C           -2.65018261384548        4.08055073621372        0.53168288828969
C            2.41893220123034       -3.00175216261379        0.11250370164133
C           -2.29595333511486       -2.91752682659845       -0.04827596988633
C            1.59601616900721        4.36576274355357        1.59901660343514
C           -1.44610901271338        4.84233054441095        0.86431217203614
N            2.62518572390250        5.11132479386564        2.25595986628399
N           -2.55820303725429        5.48105543746353        0.61888783876804
H            7.39908464142365        4.37049313474018        0.34789616719083
H           -7.94288482757401        2.74605340699047       -0.14386555616283
H           -0.72208353254307       -6.95191325100323       -2.02761323543913
H            2.94458456102186        5.94334333249776        1.74960735927149
H           -3.07011350074388        6.33472163759738        0.51435344060240
H            0.55860633360325        4.43239116792560        1.35252021863624
C            0.83209295287459        1.76637060698846        3.53662146346285
C            1.09488519282003        0.44214250286043        3.49235234984205
C            0.03463826486663       -0.54398996749798        3.26674600913456
O            0.16749177145099       -1.72402961160105        3.02665188232143
N           -1.23182151259757        0.05123230286881        3.28287073961508
C           -1.54447447842797        1.40077977277797        3.26189996524439
O           -2.66754692295272        1.81536817007091        3.11497095249072
N           -0.44544295391607        2.22569665488827        3.40354751888709
F            2.35809434256338       -0.00138141249276        3.59120565466587
H            1.61672934654712        2.50137711562886        3.66246004860797
H           -2.01711702042948       -0.59186824230438        3.18082541139578
H           -0.61741770078341        3.22223083325003        3.33930028989502
60
 energy: -137.737927203713 gnorm: 0.026049890793 xtb: 6.7.1pre (5071a88)
N            0.07512595802342       -0.21649724676013        0.44044068395768
C            0.09305628467983        1.21381408448313        0.38878976560918
C            1.30146853696907       -0.87845611505217        0.36226553701250
C           -1.13753885780512       -0.85145849304641        0.32057133166267
N            1.23283466414056        1.84295210301802        0.39777726887040
N           -1.05344579941417        1.86459401949592        0.35696246395584
N            2.41695988450692       -0.22143470855708        0.33032785623546
N            1.25374973561334       -2.22744956580067        0.32125995401836
N           -2.24937272525038       -0.18266376083850        0.23169367962474
N           -1.12616271146778       -2.20335667269075        0.29976725918316
C            2.35906269763901        1.11323443031162        0.40243782088476
C            0.06036458925003       -2.85386096778459        0.57461439035735
C           -2.17293729852140        1.15725884138368        0.29485497124929
N            3.56312281551450        1.74130799945485        0.47575070010952
N            0.03338691952224       -4.20993818413716        0.75034513817897
N           -3.37873144317972        1.77995220667581        0.27080509043613
C            3.81513982599443        3.06485282673880        0.95249045075179
C            4.73453869243568        1.08121149246815        0.26488431332868
C           -3.60507332984333        3.18617755430035        0.31836326845072
C           -4.45923952332818        0.99491060496636        0.19841545851384
C            1.03201088401435       -4.78041036792384       -0.21900217893115
C           -0.93069452204038       -4.73847026700324       -0.27983932632892
N            5.00048587112188        3.58344171781985        0.92600552276081
N            5.86365535949478        1.53904689245220        0.32734715767446
N           -4.87268075861983        3.63750528323161        0.04737564116941
N           -5.41781556681596        0.38020443821703        0.10955016524373
N            2.12276941931002       -4.14716886758203       -0.44263461468316
N           -1.98969172066299       -4.08115033996628       -0.56572754801287
C            6.12166822272503        2.92778417030939        0.52770486128827
C           -6.01284047260406        3.22418604415529        0.10510392245412
C            0.06573247037570       -5.59430076877573       -0.92160794928062
N            7.27509889853960        3.36357669404428        0.31850565589444
N           -7.18816022720383        3.16848204146714        0.31394444481521
N            0.15112467959137       -6.58634127114556       -1.69529432333824
C            2.77901003708075        3.79713838037099        1.52898073352483
C           -2.65231259547147        4.07233019931280        0.56054294827381
C            2.42357454789572       -3.00281425639467        0.07955392330493
C           -2.29369164572313       -2.92893596859540       -0.04205777175392
C            1.59885959302227        4.36031820841934        1.60412620159962
C           -1.45333068615647        4.83413625523341        0.94783227471649
N            2.62646804203230        5.09836195130509        2.26828240863225
N           -2.56488470359594        5.47212276565336        0.65299883072920
H            7.41900317447377        4.36466981840918        0.39462720778429
H           -7.92758782812204        2.72777533368581       -0.19229148317102
H           -0.73068863338202       -6.95947751808235       -2.02812553898601
H            2.94856473336520        5.92827980610407        1.76954828525011
H           -3.07778547908620        6.32408734149055        0.53898149768354
H            0.56144585369129        4.43179268562066        1.36135504785993
C            0.81608698829677        1.78116505082955        3.54626044237195
C            1.07310889178835        0.45873232016063        3.47608117027313
C            0.00803164666887       -0.51299435267328        3.24223282278468
O            0.13705808876779       -1.68484811490056        2.99446573694311
N           -1.24958917217197        0.08106522924851        3.26419865935977
C           -1.55422515822645        1.43009500231721        3.25843343160328
O           -2.67572644331076        1.84666614785173        3.11786029432870
N           -0.45768576822237        2.24779793400623        3.42061974074594
F            2.33338666975230        0.00747105857478        3.56257297915472
H            1.60329457002521        2.51022752477973        3.68242548568243
H           -2.03901310931820       -0.55378801743360        3.15719892639552
H           -0.62834306693751        3.24708936679610        3.39769291178730
60
 energy: -137.738427531967 gnorm: 0.017517123532 xtb: 6.7.1pre (5071a88)
N            0.07935793308628       -0.22288649903047        0.42021300505764
C            0.09792554295532        1.20695727244500        0.38208895581697
C            1.30805166128584       -0.88307752890356        0.34556716512540
C           -1.13370022928397       -0.85790406644729        0.30637810886664
N            1.23669145573120        1.83738388705160        0.39675405295058
N           -1.04844224895638        1.85965122374924        0.35586793453662
N            2.42248304924794       -0.22576898235553        0.31392159723152
N            1.25891364893148       -2.23261203143646        0.30162725393366
N           -2.24610694403841       -0.18843217744069        0.22050870605966
N           -1.12254064382807       -2.20943645566009        0.28559826371851
C            2.36371957084831        1.10918139392162        0.39535354320370
C            0.06651198359435       -2.85904779410986        0.55369251490540
C           -2.16724007970519        1.15181532739129        0.29202281745902
N            3.56752630395525        1.73903517669677        0.47394700519100
N            0.04194894611301       -4.21306285348535        0.73491477976915
N           -3.37490794772052        1.77277749048858        0.27745562766838
C            3.82030834472760        3.05961386871132        0.96293896330126
C            4.73868782687118        1.07749739110972        0.26518476259590
C           -3.60341030304861        3.17849363956254        0.33169981725884
C           -4.45462944044181        0.98679098206934        0.20529003145984
C            1.03801812327552       -4.78407887190226       -0.23916037574707
C           -0.92767650549991       -4.74767281127978       -0.28548795300804
N            5.00752782966604        3.57505524094532        0.94916249158559
N            5.86851081983479        1.53117613067973        0.33816317662667
N           -4.86753812407904        3.62700779189439        0.04743371730695
N           -5.41676586442893        0.37206578498354        0.12596961410409
N            2.12708303343063       -4.15007000929316       -0.46905035087104
N           -1.98811416225110       -4.09148403636911       -0.56988620193690
C            6.12989377964273        2.92033719405123        0.55039010026762
C           -6.00688097592706        3.21257455053308        0.09781869181853
C            0.06883097528874       -5.59799212240119       -0.93687303057406
N            7.28624488004946        3.35809831518745        0.35476367150144
N           -7.19203040025765        3.16892755415234        0.27654983043576
N            0.15092048817850       -6.58855913140709       -1.71279811930479
C            2.78106972717862        3.78631418234225        1.54248445800256
C           -2.65599308047512        4.06463230525664        0.58534333451029
C            2.42961287982551       -3.00564563980655        0.05329881188430
C           -2.29184773882014       -2.93910055786967       -0.04672156832883
C            1.60154891053847        4.35106225722535        1.61335920483544
C           -1.46557922335242        4.82163587120197        0.94543541650872
N            2.62744988956002        5.07978320419870        2.29773474993513
N           -2.56895398188236        5.46415656620446        0.69124958639355
H            7.43497136551924        4.36341581313152        0.44770609611626
H           -7.91861977189057        2.71897579939233       -0.24277827677009
H           -0.73234177848869       -6.96148635438952       -2.04102080711609
H            2.95738840556378        5.91637378936318        1.81075772088959
H           -3.08002680207681        6.31745862435575        0.58756054514311
H            0.56457811184064        4.42506930603642        1.36773444684927
C            0.80938360443574        1.79618451072792        3.55303264731419
C            1.05499579281473        0.47251603585769        3.47292021853564
C           -0.01959847665197       -0.48702209033790        3.23563693630999
O            0.09499694746407       -1.66231708091069        2.98550930130689
N           -1.27091402534318        0.11850914038236        3.25213140779541
C           -1.56171528248549        1.46799678161383        3.25846000403258
O           -2.67950437208442        1.89516599470376        3.11672153763588
N           -0.46046037461501        2.27607248279306        3.43254837530774
F            2.31031580363839        0.01048538534382        3.54903777091743
H            1.60165594855108        2.51712159804291        3.69078278842009
H           -2.06881764535876       -0.50590096347661        3.14247838758667
H           -0.62276716082065        3.27618819453275        3.41922273766641
60
 energy: -137.738917365624 gnorm: 0.014359997259 xtb: 6.7.1pre (5071a88)
N            0.08490090915892       -0.22586896360695        0.40248128111256
C            0.10262227776130        1.20309816403221        0.37464403847923
C            1.31485096626060       -0.88435116785263        0.32810428902724
C           -1.12738497675266       -0.86220309581017        0.29324927399184
N            1.24115994583644        1.83434944941591        0.39198666104749
N           -1.04436459986682        1.85597431763797        0.35430279860677
N            2.42887080169504       -0.22641514644743        0.30333899317139
N            1.26612947040762       -2.23491302717564        0.28006119140175
N           -2.24056910008857       -0.19347435012023        0.21136903623626
N           -1.11600734879651       -2.21373537656252        0.27274061596074
C            2.36941828489495        1.10790177112070        0.38976897036021
C            0.07449151580548       -2.86214321724193        0.53499157888943
C           -2.16176099182146        1.14689722073418        0.28827694635334
N            3.57292548694328        1.73735300083444        0.47622108922167
N            0.05295823549175       -4.21549100529700        0.71998435890723
N           -3.37020614880652        1.76558277387396        0.28028637997956
C            3.82400537600152        3.05548216374514        0.96833627526120
C            4.74590139947331        1.07541158694530        0.28198061033205
C           -3.60136808064516        3.17101870880826        0.33919647994941
C           -4.44886398888651        0.97849115752404        0.20833458944961
C            1.04463221250480       -4.78655298047109       -0.26147040393397
C           -0.92382124566287       -4.75575461256640       -0.29042610769395
N            5.01253134363922        3.56842140687715        0.96581157811035
N            5.87721166237117        1.52646413263978        0.37206118416327
N           -4.86203526434546        3.61858909940978        0.03767590273639
N           -5.40984548773696        0.36287314206116        0.12915568682429
N            2.13098369195181       -4.15108492730903       -0.49987703686107
N           -1.98661205998355       -4.10074088927850       -0.57015891026387
C            6.14096123631366        2.91431662679604        0.58556042593651
C           -6.00183839287250        3.20353230623922        0.07200624567634
C            0.07043949677898       -5.60229443727585       -0.95074387427196
N            7.29824278720759        3.34731191607914        0.39580933807233
N           -7.18767229529510        3.15655598653296        0.23918183866771
N            0.14793728395474       -6.59236892326148       -1.72781714180157
C            2.78255560167628        3.77906894637351        1.54675299517976
C           -2.65851921136933        4.05556439528831        0.61167803320862
C            2.43557569251989       -3.00550212065485        0.02114875798421
C           -2.28785395749562       -2.94742758341078       -0.04759993274934
C            1.60283420238574        4.34367241800951        1.61656730030845
C           -1.47312471251184        4.81020503057480        1.00033250080981
N            2.62649242510174        5.06438741934222        2.31650306720781
N           -2.57255690033726        5.45450338087690        0.72705593918677
H            7.43547710253753        4.34003058843536        0.45344234287924
H           -7.91035029321671        2.71420291094017       -0.29135726610147
H           -0.73741385464884       -6.96749763393708       -2.04806789954231
H            2.96147360695433        5.90826483095474        1.84035076770228
H           -3.08262948804156        6.30865841012100        0.62227404352851
H            0.56607074561484        4.41891747154435        1.37258819595661
C            0.80046030219647        1.80940803310491        3.56308827762472
C            1.03553958118507        0.48554876390575        3.46739869305017
C           -0.04653174183308       -0.46352929351264        3.22258844607788
O            0.05386743255288       -1.64236586130116        2.96271774203416
N           -1.29314315789987        0.15517568738013        3.24422237409410
C           -1.57251244355706        1.50504544584812        3.26999920289528
O           -2.68713160852118        1.94366565386137        3.13057157864760
N           -0.46473168299125        2.30147955800806        3.45325724514124
F            2.28664480804251        0.01409779309970        3.53032702716079
H            1.59733083579154        2.52190565385890        3.70623928760052
H           -2.09625468520378       -0.45980247970286        3.12889414708885
H           -0.62039300199902        3.30008976997786        3.45124894992385
60
 energy: -137.739226445400 gnorm: 0.005400615582 xtb: 6.7.1pre (5071a88)
N            0.08589255772815       -0.22459088716234        0.39760121815116
C            0.10291154299640        1.20345852933657        0.37292472019952
C            1.31549102425770       -0.88302197881051        0.32006020201860
C           -1.12544014530848       -0.86175992953045        0.28842493203325
N            1.24162259860000        1.83457311094561        0.39025612761284
N           -1.04435728933689        1.85598936562278        0.35561201614957
N            2.42922490743007       -0.22515124224222        0.29925885406335
N            1.26771281700377       -2.23389558962668        0.27202573090141
N           -2.23896175555255       -0.19407541702808        0.20901649203304
N           -1.11388764238839       -2.21388480099032        0.26818174137637
C            2.37019510386504        1.10839420654815        0.38558874108645
C            0.07688295383688       -2.86168309617638        0.52968124052599
C           -2.16139463948025        1.14622990176363        0.28759894542870
N            3.57361617676366        1.73567128812767        0.47210530153324
N            0.05609987564447       -4.21550328220345        0.71690347837205
N           -3.36926417046295        1.76405792628157        0.28002742823516
C            3.82478286961857        3.05488240608469        0.96337178009505
C            4.74582986749873        1.07326620139216        0.27717309382389
C           -3.60078439655774        3.16972352366686        0.33987816932822
C           -4.44792006962397        0.97648549671415        0.20651962523203
C            1.04674507204195       -4.78707449503646       -0.26558959282919
C           -0.92209461849017       -4.75699304069623       -0.29190279879127
N            5.01322844687160        3.56669124160254        0.96127100345159
N            5.87609993295268        1.52338217365020        0.36684104165058
N           -4.86070880632148        3.61828424268427        0.03684453230269
N           -5.40794758195383        0.36143701761567        0.12713411576919
N            2.13221007844591       -4.15167827104050       -0.50529131979682
N           -1.98585216425207       -4.10314932834160       -0.56963557897648
C            6.13975588947549        2.91097410329855        0.57880186863535
C           -6.00028203256038        3.20332392227826        0.06773469528169
C            0.07100775394005       -5.60384895540697       -0.95230170109362
N            7.29796976901828        3.34250399259747        0.39254901482721
N           -7.18428082468462        3.15442047594766        0.23555336455818
N            0.14746981081461       -6.59491105576035       -1.72843356262657
C            2.78349379357394        3.77920340778640        1.54112711933427
C           -2.65964806813862        4.05217952347014        0.62192519853373
C            2.43723036589376       -3.00423100731347        0.01256349318077
C           -2.28578372346246       -2.94791157238043       -0.04929089093024
C            1.60452109639979        4.34547043163954        1.61051512833495
C           -1.48287084541463        4.80494750052407        1.04268255287744
N            2.62617763321640        5.06069007138940        2.31464274336184
N           -2.57417105201386        5.45099229548452        0.73730354591884
H            7.44000265907413        4.33864141767218        0.46072812234505
H           -7.90567271689854        2.71058971977008       -0.29351251226072
H           -0.73819553853612       -6.97147621557619       -2.04637615371676
H            2.96183178237798        5.90476256320488        1.84225408312276
H           -3.08256254614248        6.30557962045724        0.62569348118514
H            0.56687200843872        4.41926460306697        1.36877662855133
C            0.79785982233789        1.81276797706185        3.56941836216902
C            1.03035950513838        0.48898730902654        3.47060343153966
C           -0.05169066794696       -0.46009660184155        3.22635234857757
O            0.05096851479111       -1.63810247282730        2.97288679989518
N           -1.29824205023086        0.16075418877604        3.24424953315617
C           -1.57560037607382        1.51195840429586        3.27451265726626
O           -2.68674026946109        1.95519252524077        3.13502226561934
N           -0.46654045928516        2.30579389235184        3.46259495616635
F            2.28154881962940        0.01590017247095        3.53417442581853
H            1.59662262545165        2.52317371392649        3.71753234992970
H           -2.10146165147501       -0.45254818139296        3.12594735500636
H           -0.61988157324958        3.30498895762647        3.46053405445296
60
 energy: -137.739524575834 gnorm: 0.007755071946 xtb: 6.7.1pre (5071a88)
N            0.08800488603121       -0.22368471544113        0.38879849210817
C            0.10359679994331        1.20290429340254        0.37020248152330
C            1.31709769374280       -0.88163433914825        0.30428208329228
C           -1.12178223149745       -0.86237947994344        0.28059220310871
N            1.24222389047330        1.83460686602037        0.38598902582706
N           -1.04431380921096        1.85479558439814        0.36049709116040
N            2.43027381115209       -0.22324606364671        0.28846004399426
N            1.27120688092030       -2.23286228825282        0.25479321064389
N           -2.23634227406556       -0.19641001593133        0.20645159934314
N           -1.10962975649189       -2.21541215927117        0.25963724190377
C            2.37160015523944        1.10924689151993        0.37545824095313
C            0.08220991739322       -2.86186198513167        0.51861651477902
C           -2.16088499910008        1.14367584819766        0.28980637701325
N            3.57507600570634        1.73332277663618        0.46118507980482
N            0.06338596716675       -4.21634172959963        0.71022905976513
N           -3.36805002589489        1.75987402673716        0.28579864739102
C            3.82684629867606        3.05396593770044        0.95179816245920
C            4.74594519254795        1.07031840531794        0.26319556503300
C           -3.60004759317807        3.16582637834989        0.34744822152514
C           -4.44685127170558        0.97185507705623        0.20800733744546
C            1.05128457362532       -4.78791375803020       -0.27587901782345
C           -0.91815467304003       -4.75942809550520       -0.29531664727779
N            5.01589713747225        3.56347436678355        0.95216266021948
N            5.87620801687039        1.51866697946318        0.35297793166344
N           -4.85566751643718        3.61585568162807        0.02966337445973
N           -5.40556347494463        0.35617459731215        0.12021732918996
N            2.13468008750820       -4.15208666874903       -0.51948341075442
N           -1.98414318537955       -4.10788358988989       -0.56854095248420
C            6.14068837387680        2.90439675318175        0.56978401460029
C           -5.99558038727736        3.20187861774920        0.05172387089154
C            0.07230750759755       -5.60726446958317       -0.95630634446709
N            7.30029056744942        3.33409650973135        0.38814647115476
N           -7.17802415320148        3.14799275261648        0.22414756345772
N            0.14657129389561       -6.60064037242589       -1.72999869082842
C            2.78554999763208        3.77847359019647        1.52905074366336
C           -2.66193146405081        4.04475816546543        0.64831889217530
C            2.44101823307061       -3.00183158484816       -0.00729598677953
C           -2.28171370809109       -2.94971476410783       -0.05180850054603
C            1.60774254687041        4.34701726350104        1.59927652604776
C           -1.49764954535202        4.79245894108532        1.11745273086759
N            2.62631203893832        5.05388912449931        2.31028138198389
N           -2.57669570355914        5.44246451175982        0.77064028237832
H            7.44812427329863        4.33316987291411        0.47048805700368
H           -7.89979250564945        2.70582246384910       -0.30374547432190
H           -0.73984329124342       -6.98030792969058       -2.04243892643401
H            2.96337880007614        5.89996442017464        1.84544197544855
H           -3.08254988054370        6.29812919392320        0.65392807421855
H            0.56828275476916        4.41711198678589        1.36328914304172
C            0.79207109113847        1.82174383495980        3.58415777083139
C            1.01921669942266        0.49799812427625        3.47712824573540
C           -0.06345237825851       -0.45027595977319        3.23129277183123
O            0.04205149758611       -1.62781405616173        2.98700529651699
N           -1.30925432922377        0.17545173919068        3.24229999901968
C           -1.58268211697360        1.52867423373331        3.28324910650295
O           -2.68891356295171        1.98071333464244        3.14494713657697
N           -0.47097042291725        2.31721301065275        3.48262505787390
F            2.27030545478354        0.02071825349108        3.53914972127423
H            1.59451827757753        2.52735119590172        3.74041203561996
H           -2.11336758793078       -0.43448894281096        3.11833016070106
H           -0.62011487445710        3.31743136315232        3.48062494769103
60
 energy: -137.739779165824 gnorm: 0.010932435572 xtb: 6.7.1pre (5071a88)
N            0.09074141758152       -0.22454593454087        0.38051995400480
C            0.10485694012469        1.20100164603045        0.36795620815803
C            1.31959882467195       -0.88152268915338        0.28876353662661
C           -1.11787181755039       -0.86463026058775        0.27407207899798
N            1.24296034109242        1.83406224029335        0.38086397551553
N           -1.04377755814150        1.85217495134576        0.36648231650937
N            2.43210881431291       -0.22211372087530        0.27461846728839
N            1.27542746663078       -2.23285603206996        0.23651844177033
N           -2.23358643773285       -0.20007262109395        0.20454435560591
N           -1.10493145925253       -2.21817219205743        0.25157417017532
C            2.37324770188649        1.10978419365487        0.36356447331290
C            0.08847206211191       -2.86312971276544        0.50708206818958
C           -2.15986380970445        1.13969431976331        0.29326281117644
N            3.57692342815114        1.73204236423391        0.44748220051510
N            0.07201549855089       -4.21792933210949        0.70268460965621
N           -3.36693681862737        1.75430443716190        0.29388552069945
C            3.82949662566174        3.05308296998298        0.93921862734430
C            4.74651598419188        1.06859120211240        0.24557830294765
C           -3.59939182412604        3.16033482018781        0.35887799480415
C           -4.44507686383744        0.96576780757476        0.20638441345326
C            1.05628037213468       -4.78895453677854       -0.28839494951475
C           -0.91345240130754       -4.76226112880758       -0.29904876368626
N            5.01930946195041        3.56041977054774        0.94265245770066
N            5.87757814513055        1.51512177124475        0.33656991784171
N           -4.85026973324929        3.61173705928401        0.02440252275408
N           -5.40521743044655        0.35212857567117        0.12371741669810
N            2.13732043231982       -4.15227193497530       -0.53730522817778
N           -1.98197398805289       -4.11309954369792       -0.56714091849984
C            6.14341229133192        2.89839092310585        0.56147615613566
C           -5.99053901968494        3.19883625242797        0.04335308549690
C            0.07400271065563       -5.61119359477617       -0.96158573649306
N            7.30458568062937        3.32666505013842        0.38554466603270
N           -7.17486946327245        3.14813574842187        0.20235505960738
N            0.14581555426901       -6.60722520826878       -1.73222309592103
C            2.78776105360761        3.77661778981274        1.51662495130466
C           -2.66446370596472        4.03564339060688        0.67985244013514
C            2.44541981962573       -3.00003287029142       -0.02999129118171
C           -2.27729114734359       -2.95275307482682       -0.05325727885846
C            1.61067918993331        4.34622131933561        1.58934639372495
C           -1.50960665210380        4.77611647890855        1.18579132149854
N            2.62688157553423        5.04712244120594        2.30600628259337
N           -2.57836654299370        5.43127542494740        0.81687813285472
H            7.45540604596063        4.32606679216773        0.47668584276683
H           -7.89128125422473        2.69852845506357       -0.32606594974817
H           -0.74156041346017       -6.99012862241918       -2.03817034403294
H            2.96516213065824        5.89633356137773        1.84859744716990
H           -3.08167265062711        6.28876946655098        0.70245081631432
H            0.56955672098755        4.41248589100248        1.35941228271290
C            0.78518561042740        1.83315426721298        3.59955187032188
C            1.00700331477924        0.50944025193974        3.48264752516055
C           -0.07719668599788       -0.43659531582810        3.23350352016323
O            0.02877710621153       -1.61417836421128        2.99431321919663
N           -1.32144474711138        0.19409939858736        3.23881620849865
C           -1.59075974894636        1.54844668635789        3.29212283389960
O           -2.69360140810761        2.00822767942633        3.15620460002860
N           -0.47664429646805        2.33168539622575        3.50331121571146
F            2.25748585696694        0.02717845338044        3.54096051024048
H            1.59096916859425        2.53365122856077        3.76303430434178
H           -2.12705090461003       -0.41239629722235        3.10931997625969
H           -0.62225856390526        3.33272251151619        3.50239205219529
60
 energy: -137.740199558551 gnorm: 0.011052830883 xtb: 6.7.1pre (5071a88)
N            0.09524206004187       -0.22760927711638        0.36840666119783
C            0.10709375317682        1.19678932321211        0.36395883389353
C            1.32413043376007       -0.88245549138041        0.26534930708896
C           -1.11218206456305       -0.86966026321204        0.26673034102767
N            1.24396424280471        1.83266856036337        0.37080494692638
N           -1.04268214086639        1.84672482853232        0.37500726865000
N            2.43548064861096       -0.22102666756296        0.24950444213854
N            1.28236036512225       -2.23370898148047        0.20816116699138
N           -2.22991762880054       -0.20690178795505        0.20486262738724
N           -1.09765128287312       -2.22350075932916        0.24102773574573
C            2.37568321004630        1.11039966326660        0.34283698005024
C            0.09882327247328       -2.86598325993149        0.48979878819548
C           -2.15817441482514        1.13235543533537        0.30069988046260
N            3.57973350651660        1.73165446987497        0.42302887444901
N            0.08658155048443       -4.22083404597689        0.69099142653202
N           -3.36566947034064        1.74514362999036        0.31204720220206
C            3.83370829463020        3.05187573489840        0.91913883194263
C            4.74752386254285        1.06774036751623        0.21450253665432
C           -3.59827103254561        3.15115403809226        0.38322492458199
C           -4.44434850394326        0.95751360321405        0.22250395565845
C            1.06418054802193       -4.79085877995620       -0.30898340063734
C           -0.90559467470058       -4.76722489142855       -0.30379227196384
N            5.02463146354801        3.55619020511336        0.92767154874707
N            5.88024977266268        1.51150731102369        0.30870282717700
N           -4.83969101942150        3.60526029859100        0.01428279590559
N           -5.40009056466628        0.34057267594415        0.11169010680297
N            2.14123052548862       -4.15239941395366       -0.56787562897104
N           -1.97830914450999       -4.12179594778166       -0.56337567382486
C            6.14859993164227        2.89052540021219        0.54850827593171
C           -5.98142076142458        3.19544978422813        0.02577965713560
C            0.07689365645016       -5.61786444215388       -0.97000976604446
N            7.31241975868400        3.31703903476889        0.38351826331104
N           -7.16852355663304        3.14884019971724        0.16705813193821
N            0.14463640660211       -6.61846531835923       -1.73514894802258
C            2.79082732423336        3.77256190467746        1.49770957119024
C           -2.66814656024704        4.02009404552182        0.73521852277797
C            2.45236355396650       -2.99793838229491       -0.06717373125948
C           -2.27043001084276       -2.95902156228004       -0.05272941440540
C            1.61428809265552        4.34216251326838        1.57652840904301
C           -1.52374571256858        4.74669674608393        1.28419455973860
N            2.62780390760362        5.03650574076759        2.30017750496849
N           -2.57840781798424        5.41183323969949        0.89875954157765
H            7.46519941607316        4.31468593820127        0.48387951648034
H           -7.87828209594618        2.68849473136408       -0.36162801458729
H           -0.74444605286280       -7.00633850240699       -2.03012474659547
H            2.96702961663837        5.89143508974500        1.85360920896153
H           -3.07715747773276        6.27316622807178        0.79284446491345
H            0.57079772358770        4.40274533277110        1.35603569258794
C            0.77363400653152        1.85250225532385        3.62153448284600
C            0.98737935541510        0.52888819840583        3.48833684166249
C           -0.10048226388200       -0.41170269957759        3.23296381894439
O            0.00291891047170       -1.58968591266173        2.99641390938143
N           -1.34132935925484        0.22653697799515        3.23223610929985
C           -1.60395240067101        1.58155904360490        3.30579052069411
O           -2.70321646545424        2.05162340575658        3.17533854375640
N           -0.48637918485716        2.35661916019241        3.53384282794167
F            2.23621128494409        0.03820144000196        3.53870944432752
H            1.58410232930506        2.54508381810376        3.79468319465193
H           -2.14989486387550       -0.37449650746181        3.09498894654719
H           -0.62732625861576        3.35867252082071        3.53589362529180
60
 energy: -137.740734063412 gnorm: 0.009933234056 xtb: 6.7.1pre (5071a88)
N            0.10143368317908       -0.23372421184508        0.35545149742438
C            0.11075206846017        1.19004034532459        0.36011058263286
C            1.33077326736352       -0.88539541361187        0.24009055124651
C           -1.10528847140259       -0.87766824258759        0.26006732598142
N            1.24569988784250        1.82975781248038        0.35890231829651
N           -1.04019003959688        1.83844239137102        0.38569508465256
N            2.44060551768105       -0.22121683283605        0.21701100506151
N            1.29108779441645       -2.23628689399815        0.17647334703165
N           -2.22494376204770       -0.21628294313089        0.20479105282317
N           -1.08883420030029       -2.23112833223974        0.23032747235545
C            2.37880808459085        1.11010137829355        0.31791792221814
C            0.11158293088665       -2.87077450188163        0.47056683610564
C           -2.15468188561567        1.12217628624873        0.30964934001141
N            3.58314942237984        1.73278373608316        0.39202884077522
N            0.10453688453520       -4.22508963239718        0.67673549806292
N           -3.36346665452637        1.73323271453091        0.33067914571867
C            3.83889397368198        3.05017774575838        0.89633545910885
C            4.74912546178057        1.06887499142369        0.17464445273002
C           -3.59643372665551        3.13881970371133        0.41526816296430
C           -4.44048618059107        0.94602309904168        0.22095230912388
C            1.07346476545960       -4.79406479067175       -0.33428321014758
C           -0.89577325822231       -4.77415233881547       -0.30878760802434
N            5.03077717574952        3.55176946851218        0.91010729954999
N            5.88391126555471        1.50983219298811        0.27344113473847
N           -4.82434929827981        3.59749671584487       -0.00057598960790
N           -5.40214603549585        0.33560841940279        0.13229555363230
N            2.14563260135650       -4.15305628598569       -0.60638858322156
N           -1.97326740477836       -4.13278354662554       -0.55847267469456
C            6.15550922106692        2.88356718178297        0.53237639759845
C           -5.96847825039768        3.19243842600267       -0.00130348293944
C            0.08091020072102       -5.62643331946519       -0.98096752732138
N            7.32234160304953        3.30868617730332        0.38218026489257
N           -7.15856813479490        3.14931316214820        0.12157628253446
N            0.14372182103374       -6.63247708044765       -1.73924372957386
C            2.79419020904063        3.76621667062473        1.47727811743085
C           -2.67359773405450        3.99838608695773        0.81050673478249
C            2.46048276735833       -2.99736571891306       -0.11135959622871
C           -2.26210732350356       -2.96848117198635       -0.04991972331761
C            1.61730883164180        4.33322512483841        1.56612495266362
C           -1.54000537457824        4.70423690047377        1.40847200582370
N            2.62942840256397        5.02454873655791        2.29371384594853
N           -2.57681245408964        5.38494708092673        1.00846845541365
H            7.47462849725335        4.30198221452022        0.48981431051033
H           -7.86182668386614        2.67958624240695       -0.40907449615101
H           -0.74750172326283       -7.02529356522681       -2.02133872900628
H            2.96734709135311        5.88612916116646        1.85684374169725
H           -3.06786474005497        6.25225071693283        0.91266624462138
H            0.57128962236699        4.38756245028824        1.35671059396561
C            0.75872378084866        1.87797744715720        3.64281015827172
C            0.96436522872731        0.55480999625162        3.49047666262088
C           -0.12899395991924       -0.37727890846212        3.22700076793705
O           -0.03262268937413       -1.55576422858115        2.98546340989623
N           -1.36499262556897        0.26853878186752        3.22460527172379
C           -1.62021157083349        1.62274525607305        3.32184352749124
O           -2.71783566234565        2.10115314503517        3.20000183527500
N           -0.49940622219729        2.38903564558046        3.56542140784329
F            2.21051715529749        0.05457982543489        3.52926950879125
H            1.57347124968256        2.56229812146782        3.82454372096181
H           -2.17730777179484       -0.32650053344468        3.07989935334378
H           -0.63647662894585        3.39186694034689        3.57275158594677
60
 energy: -137.741255117081 gnorm: 0.010898007212 xtb: 6.7.1pre (5071a88)
N            0.10740903205561       -0.24142666990982        0.34479316569737
C            0.11470636512962        1.18229012784590        0.35516420781629
C            1.33748094543152       -0.88969849059938        0.21960804596208
C           -1.09947086958972       -0.88679287996426        0.25728310559887
N            1.24773299095699        1.82538868128583        0.34618970864603
N           -1.03685100245810        1.82919504988510        0.39107913701324
N            2.44582619391604       -0.22305190405391        0.18538246217783
N            1.29893079976223       -2.24013969411568        0.15105963252743
N           -2.22047074349020       -0.22607919337632        0.20784515999166
N           -1.08103524635013       -2.23930283615608        0.22379861800186
C            2.38151781763518        1.10827335949669        0.29457759105800
C            0.12312548279723       -2.87661838071639        0.45512183943644
C           -2.15040320564020        1.11167193369572        0.31745976126419
N            3.58559931932657        1.73466545614192        0.36227052470313
N            0.12105755196306       -4.22996388485668        0.66303922274940
N           -3.36042203302676        1.72227833269797        0.34786936518893
C            3.84284380450856        3.04763877865064        0.87710663497564
C            4.75049038058557        1.07168028415627        0.13584771256399
C           -3.59217507699401        3.12735903569095        0.44562261248894
C           -4.43818630819099        0.93771798103500        0.23707991829783
C            1.08155936360958       -4.79842274634097       -0.35762360382290
C           -0.88666288975899       -4.78218247003293       -0.31256381123907
N            5.03499336810187        3.54794251950358        0.89408347381596
N            5.88643556080648        1.51100484068901        0.23861837643973
N           -4.80773302459161        3.59087852015209       -0.00441458841124
N           -5.39912211798696        0.32684554801359        0.13450945176072
N            2.14903598837688       -4.15460359631956       -0.64262339042251
N           -1.96791202478771       -4.14371627928102       -0.55368677904077
C            6.16074698422969        2.87996026473457        0.51484219339653
C           -5.95326384786133        3.18953373786200       -0.00995042930434
C            0.08518447119081       -5.63490281163687       -0.99213372615148
N            7.32973316875713        3.30449845439460        0.37921406676405
N           -7.14886603136221        3.15797412155891        0.07427615001017
N            0.14340233060808       -6.64524126851025       -1.74470090670658
C            2.79662311291995        3.75868940617242        1.46176843428452
C           -2.67752952165195        3.97527962282274        0.88255152062946
C            2.46689094454356       -2.99904526605340       -0.15021407825816
C           -2.25456517349542       -2.97962231117110       -0.04430368800006
C            1.61824227775947        4.32013020920452        1.56320947812195
C           -1.55601297521912        4.65675550143302        1.53753939763441
N            2.63164500751129        5.01429302773928        2.28724772063478
N           -2.57228633107136        5.35625781642170        1.11330394510390
H            7.48097646449992        4.29331688432881        0.49649711358059
H           -7.83814974751886        2.67376217230725       -0.46397674120402
H           -0.74973568999202       -7.04113462289019       -2.01593451888681
H            2.96387229677041        5.88020237647080        1.85325729829825
H           -3.05429991294182        6.22988325313011        1.02633082532443
H            0.56985378338356        4.36854252371157        1.36541602516508
C            0.74303927866272        1.90482680369894        3.65448115286288
C            0.94388192660407        0.58272245967407        3.48661628231345
C           -0.15488328437737       -0.34042391632764        3.21644808545012
O           -0.06757543344189       -1.51849101699945        2.96110866291361
N           -1.38647782652089        0.30962343397171        3.22135036585077
C           -1.63646572545095        1.66168118339026        3.33828784550134
O           -2.73516657410427        2.14259528938109        3.22745718437875
N           -0.51365059654902        2.42164456225042        3.58728079800830
F            2.18732480190671        0.07603003255273        3.51337750410768
H            1.56007634000970        2.58392812837868        3.84054319732281
H           -2.20174635836507       -0.28096954762731        3.07252861571720
H           -0.64911858169974        3.42486807241327        3.60042866989452
60
 energy: -137.741750757074 gnorm: 0.010608530012 xtb: 6.7.1pre (5071a88)
N            0.11274953753919       -0.24983018390739        0.33721609126023
C            0.11850994873036        1.17441126805442        0.35072065464060
C            1.34356821368512       -0.89493461849447        0.20567441911990
C           -1.09496664832804       -0.89613486665873        0.25801138678639
N            1.25005488967321        1.81959382042262        0.33548762912065
N           -1.03306378983772        1.82006874106986        0.39373577158443
N            2.45056539512527       -0.22658753337600        0.15833359132261
N            1.30507285631422       -2.24503447488433        0.13526154995762
N           -2.21636259552799       -0.23532724978139        0.21361159576095
N           -1.07475059404320       -2.24731391488998        0.22163280496926
C            2.38356021075895        1.10457882017330        0.27567002768597
C            0.13218112566330       -2.88317520748996        0.44478728070773
C           -2.14561056800143        1.10181805259506        0.32579419094010
N            3.58643924814191        1.73658537314663        0.33743239256288
N            0.13424750824514       -4.23533314217253        0.65008410598595
N           -3.35661070771903        1.71296057459084        0.36224428150887
C            3.84421618306247        3.04391656726784        0.86414856539508
C            4.75143121659070        1.07619336477794        0.10192838966636
C           -3.58638438257056        3.11754107571117        0.47547231719054
C           -4.43570689512349        0.93175508117411        0.25349824245688
C            1.08770915450854       -4.80401707164717       -0.37705592122748
C           -0.87924450623262       -4.79131788419584       -0.31558210472742
N            5.03562237989897        3.54521715898434        0.88139351104681
N            5.88691562357725        1.51594872815199        0.20674510709639
N           -4.78659532744001        3.58865414134023       -0.00934169588622
N           -5.39650091976745        0.32133018436745        0.14081278380942
N            2.15108186655758       -4.15719392793688       -0.67288572145484
N           -1.96234767063677       -4.15374734806024       -0.55094302207105
C            6.16253758394547        2.88118794311225        0.49679682518683
C           -5.93465747726222        3.19317258650650       -0.03494211264204
C            0.08961357839893       -5.64268282624541       -1.00343151015941
N            7.33203474121365        3.30645374248416        0.37274432386602
N           -7.12787846879959        3.15854813611760        0.04304202361763
N            0.14394215546326       -6.65509433791763       -1.75295325236486
C            2.79723356658962        3.75012629647020        1.45402715627389
C           -2.68120837776756        3.95233355403765        0.95020062426666
C            2.47061508102750       -3.00315995526550       -0.17920230150898
C           -2.24822713484240       -2.99174397148385       -0.03725224111029
C            1.61589265120640        4.30225829510541        1.56987295409831
C           -1.56374191323669        4.60639093668257        1.63202952062851
N            2.63364549825599        5.00683153037493        2.28044588006573
N           -2.56576529270530        5.32604600228362        1.21263648370983
H            7.48250523928518        4.29220530575486        0.50415476598258
H           -7.81412012321502        2.68175358329757       -0.50436242749024
H           -0.75063735145238       -7.05153566425977       -2.01705277717811
H            2.95462049448682        5.87324512540634        1.83929800807439
H           -3.03881160513259        6.20598149254552        1.13936904436123
H            0.56547857656650        4.34440591998821        1.38445486877869
C            0.72668318255133        1.93220300497780        3.65321319343971
C            0.92823649148019        0.61181156040230        3.47594370258956
C           -0.17415716888527       -0.30425637228991        3.20242204619495
O           -0.09496333769700       -1.48003950492988        2.92416619968802
N           -1.40352950183302        0.34410531689844        3.22696289861911
C           -1.65264062858077        1.69315919134692        3.35655067846117
O           -2.75582369897920        2.16856659419345        3.25970313292418
N           -0.52952674198397        2.45148896184418        3.59607549414026
F            2.17002388888978        0.10468062211747        3.49087691559413
H            1.54330800543826        2.61123220050756        3.83735950238980
H           -2.21980024502494       -0.24518196054876        3.07887493843159
H           -0.66666242041130        3.45488116215435        3.61273321585956
60
 energy: -137.742087068498 gnorm: 0.009507231030 xtb: 6.7.1pre (5071a88)
N            0.11780939814261       -0.25643696784585        0.32817836691959
C            0.12201386400145        1.16788079057178        0.34493352438737
C            1.34884286115741       -0.89936802345933        0.19204716892490
C           -1.09021430800791       -0.90404514253838        0.25684325180311
N            1.25289324507878        1.81379493511391        0.32568761834942
N           -1.02949274511284        1.81264785857012        0.39369997285103
N            2.45480381358457       -0.23019941213100        0.13674838346465
N            1.31068764846552       -2.24960589355903        0.12342326978218
N           -2.21183517391400       -0.24356530348489        0.21819576507946
N           -1.06859048263170       -2.25460815008861        0.21960166113669
C            2.38606639174257        1.10034156489465        0.25878020352997
C            0.13998935647226       -2.88921617912176        0.43637626256508
C           -2.14102347134858        1.09336008236034        0.33083862557046
N            3.58713976735028        1.73643202851938        0.31691881256682
N            0.14531386826268       -4.24073886232461        0.63878994648170
N           -3.35167942222864        1.70531071652326        0.36979021929347
C            3.84386306533904        3.03960207666902        0.85284361991308
C            4.75307945647961        1.08002757061434        0.07285093156257
C           -3.57824817829896        3.11023933770778        0.49406695512105
C           -4.43272111842128        0.92693205060146        0.26391505682719
C            1.09344435547622       -4.81010034422680       -0.39227831546557
C           -0.87301427395385       -4.80115217081451       -0.31771404625610
N            5.03413493847905        3.54324174503938        0.87033260740384
N            5.88714778041033        1.52180578806802        0.17816863083362
N           -4.76689324450451        3.59006887654581       -0.00481394718968
N           -5.39534451531238        0.31964857038005        0.15607639331575
N            2.15329576963522       -4.16044731341775       -0.69663689822166
N           -1.95692032068789       -4.16343421513919       -0.54953918867524
C            6.16225725923052        2.88428244894174        0.48064775468829
C           -5.91634668718280        3.19984521988646       -0.04429787949632
C            0.09392744590902       -5.65079863232800       -1.01220686804402
N            7.33129603243565        3.31140509977889        0.36365213507978
N           -7.11229501574106        3.17076948484875        0.00766703295943
N            0.14456439724789       -6.66409382074658       -1.76081937707457
C            2.79710739279396        3.74154869949467        1.44841701259490
C           -2.68166068795092        3.93277474637479        1.00374160212931
C            2.47384891680894       -3.00718491157202       -0.20198502934453
C           -2.24209457261850       -3.00288548093188       -0.03197009372156
C            1.61263629843756        4.28387131091582        1.57679313748553
C           -1.57266125151551        4.56140199483146        1.72773462931462
N            2.63460949464240        4.99929461471874        2.27246378377059
N           -2.55865996371463        5.29966953579282        1.29427145401517
H            7.48200871854852        4.29688672960433        0.51131819385948
H           -7.78745054150609        2.68621834290430       -0.54715794643669
H           -0.75130256251190       -7.06108041917606       -2.01942210373757
H            2.94279635174007        5.86492999767975        1.82119260925494
H           -3.02401913713786        6.18424140348333        1.23182101789071
H            0.55959244417619        4.31784652229556        1.40561955126879
C            0.71060054132113        1.95828237057038        3.64813314557010
C            0.91484411721855        0.63914291713824        3.46391383647305
C           -0.18881466173316       -0.27419078330473        3.19159835188476
O           -0.11163006533944       -1.44612661770754        2.89400567613759
N           -1.41900194903985        0.36927551423362        3.24010004736813
C           -1.66963989811770        1.71735082500599        3.37790723773819
O           -2.77712675122098        2.18661623000026        3.29678593277738
N           -0.54591768654071        2.47690373352127        3.60302949301616
F            2.15707878684551        0.13538368487427        3.46701214125722
H            1.52675895390132        2.63982916129462        3.82739773287908
H           -2.23491118686596       -0.22071861407169        3.09488149601598
H           -0.68494285833975        3.48089267762112        3.61827544054829
60
 energy: -137.742303471742 gnorm: 0.008458328485 xtb: 6.7.1pre (5071a88)
N            0.12123647046739       -0.26021383942030        0.32141745016115
C            0.12501054026787        1.16399317600781        0.34042374242975
C            1.35186922436514       -0.90295226198229        0.18570203891215
C           -1.08703654153598       -0.90842895039969        0.25640886753798
N            1.25632786320179        1.80855341460445        0.32087358175825
N           -1.02595124355991        1.80894881976307        0.39192633374711
N            2.45773401987903       -0.23454694691205        0.12906169381056
N            1.31365850731214       -2.25377267908344        0.12291059214950
N           -2.20823792183169       -0.24785205887226        0.22344008671350
N           -1.06503811831969       -2.25915667218053        0.22014548246694
C            2.38888442605831        1.09536919475680        0.25102034367273
C            0.14313253067091       -2.89363643348657        0.43411164120674
C           -2.13706978268061        1.08933340376750        0.33375119140744
N            3.58774583174597        1.73391596879132        0.30914123782071
N            0.14931836025611       -4.24507198518543        0.63221266873240
N           -3.34606283316648        1.70320670578152        0.37247587265442
C            3.84095830937095        3.03534765337457        0.84907033588981
C            4.75610055556442        1.08294711427440        0.06040433425647
C           -3.56929473452192        3.10907264179309        0.50157067090040
C           -4.42996067923452        0.92737189469544        0.27212545373848
C            1.09599637269220       -4.81556993289590       -0.39777682949723
C           -0.87081727129483       -4.80900468429247       -0.31892215405389
N            5.02937672687153        3.54373558190359        0.86539654796693
N            5.88754972697104        1.52915671563697        0.16452569305146
N           -4.75234516832659        3.59570311232028        0.00657314229837
N           -5.39489638978681        0.32329467962133        0.17077695829809
N            2.15448418603240       -4.16435291271995       -0.70466765432393
N           -1.95324299161350       -4.16889770258969       -0.55179106331798
C            6.15906659318145        2.89155762336462        0.47175916370104
C           -5.90176131569473        3.20879364546763       -0.04770178622454
C            0.09661144582574       -5.65648789285339       -1.01674512912867
N            7.32629049262735        3.32201483077615        0.35419488603525
N           -7.09807179183313        3.18067412826157       -0.01046926934972
N            0.14528055776729       -6.66782500964071       -1.76833415384288
C            2.79517391790372        3.73438152970064        1.44970037333136
C           -2.67935782767585        3.92528260156543        1.02550304728252
C            2.47473033373727       -3.01167670304403       -0.20801313929872
C           -2.23864460806549       -3.00983043566731       -0.03024466458972
C            1.60732606365426        4.26700504848992        1.58487835088301
C           -1.57106186085422        4.54072901528150        1.74857185399017
N            2.63273002353233        4.99453186370319        2.26532705673368
N           -2.55620609790464        5.28671544901526        1.33278191920251
H            7.47581236571257        4.30932021661710        0.50947183971130
H           -7.76654128163987        2.70289794695335       -0.57792306104974
H           -0.75099001206215       -7.06406804061330       -2.02645727436507
H            2.92877694264619        5.85682298254859        1.80013218990755
H           -3.02164219567966        6.17153515854992        1.28551237613053
H            0.55311235518897        4.29412429409443        1.42312171031801
C            0.69839923320872        1.97578378767502        3.63709427527169
C            0.90998494884458        0.65780478947747        3.45200769771369
C           -0.19099248421164       -0.26017552758033        3.18877406342218
O           -0.10821022232550       -1.42702170766826        2.87594500098428
N           -1.42605392263170        0.37248713053490        3.26506406457863
C           -1.68305099925440        1.72085141582272        3.40080326405656
O           -2.79489995605945        2.18082800361266        3.33327256001420
N           -0.56039392173549        2.48741354233722        3.60471710409614
F            2.15595217543502        0.16418673183239        3.44258669290262
H            1.51212592171626        2.66477905452917        3.80463047892145
H           -2.23923299194616       -0.22201887308022        3.12608124680152
H           -0.70369185742560        3.49209038286515        3.61029500146780
60
 energy: -137.742437005152 gnorm: 0.011756214771 xtb: 6.7.1pre (5071a88)
N            0.12618436517631       -0.26383591017153        0.30842517524856
C            0.12902151199578        1.15929793994138        0.33450591784936
C            1.35622175038886       -0.90645316756922        0.16947600839972
C           -1.08147634845935       -0.91326846431860        0.25178523725827
N            1.26057760510808        1.80332594185104        0.31262484468520
N           -1.02210392345830        1.80435933106685        0.39518438928443
N            2.46210212537383       -0.23843821097337        0.11532777074036
N            1.31947265722551       -2.25807545459695        0.11128121782995
N           -2.20338015551458       -0.25362150985690        0.22855496483424
N           -1.05877740134517       -2.26497644496067        0.21586094607469
C            2.39375163149759        1.09092377565637        0.23624903540690
C            0.14976484198527       -2.89825939940956        0.42541310651713
C           -2.13306426695031        1.08380293420969        0.33912152898939
N            3.59082762210384        1.72975423114226        0.29429267740891
N            0.15779612481831       -4.24991945758802        0.62374805511015
N           -3.34009192186347        1.69920560640211        0.38003905144156
C            3.83967811716464        3.03151412394066        0.83592319308518
C            4.76141621330220        1.08456568876591        0.04069009930650
C           -3.56004968101322        3.10655977226288        0.51216254766656
C           -4.42694071832639        0.92593739923382        0.28025282193912
C            1.10136962021335       -4.82146496965049       -0.40783816406057
C           -0.86652851096433       -4.81789748287724       -0.32070304655568
N            5.02652912187672        3.54425503393593        0.85359964190764
N            5.89089034962177        1.53493547191598        0.14505513537106
N           -4.73572553104039        3.60143434869872        0.00332640841442
N           -5.39448262790906        0.32545448596456        0.18233205181921
N            2.15772773170360       -4.16897151213730       -0.71981234282971
N           -1.94898399324436       -4.17677324063332       -0.55224701385542
C            6.15804285273863        2.89692212599136        0.45956860238081
C           -5.88631485794612        3.21972866214786       -0.07963084569049
C            0.09948936980893       -5.66499726886898       -1.02086573716871
N            7.32468736085919        3.33058441172962        0.34374064513084
N           -7.07863760863330        3.18237197243938       -0.03516644597147
N            0.14497374260942       -6.67599033439190       -1.77366324917111
C            2.79433272498046        3.72686371448503        1.44112256407674
C           -2.67693678197691        3.91620452371330        1.06482465152148
C            2.47906105881486       -3.01475619540144       -0.22634011998638
C           -2.23297036602159       -3.01702272327328       -0.03043138290286
C            1.60347841868427        4.25103153759895        1.58145595840963
C           -1.57990955247457        4.51825300517728        1.82626115249018
N            2.62879831863188        4.98536268779345        2.25436267695189
N           -2.55474667350486        5.27295132241917        1.39014167724295
H            7.47232939152841        4.31960996802921        0.50164809498716
H           -7.74872364639795        2.72467566475587       -0.61462480162059
H           -0.75211402710310       -7.07458269680796       -2.02704106970776
H            2.91562932027788        5.84725816883434        1.78294264083951
H           -3.01903842093828        6.15812749544068        1.35058901076225
H            0.54739927645192        4.26873149599350        1.43119786307884
C            0.68270807641609        1.99785498203599        3.63743394084173
C            0.89833603039140        0.68096137042226        3.44499232653605
C           -0.19983769622231       -0.24375927013360        3.19301388113500
O           -0.10844785541722       -1.40605248392090        2.87235026277959
N           -1.43943924848112        0.38022573394213        3.29196049408465
C           -1.70109728406657        1.73008184598968        3.43038997285438
O           -2.81391389085569        2.18727706396226        3.37587286619113
N           -0.57876783732156        2.50181906439027        3.62379319754154
F            2.14909173243476        0.19546900362368        3.41624721795530
H            1.49592662533414        2.69134117773285        3.79556570107567
H           -2.25061354317952       -0.21746793708662        3.15654292929222
H           -0.72450131905018        3.50755105099095        3.61576006476952
60
 energy: -137.742607324675 gnorm: 0.005785030274 xtb: 6.7.1pre (5071a88)
N            0.12756561684365       -0.26454157322945        0.30578286130420
C            0.13137660617745        1.15808586091464        0.33445857647221
C            1.35731120827581       -0.90817693977198        0.16805382168769
C           -1.08003775489790       -0.91332718706382        0.25150537666994
N            1.26311151211305        1.80153159240186        0.31221243975964
N           -1.01951295115853        1.80397244237015        0.39802290192934
N            2.46395686785093       -0.24089819216116        0.11754204516803
N            1.32079184344206       -2.26009825034054        0.11072044832555
N           -2.20194521013495       -0.25353773023469        0.23128952271886
N           -1.05778765227365       -2.26569175938643        0.21534132876950
C            2.39668497371607        1.08883952064363        0.23617315983076
C            0.15018354238445       -2.89919717676532        0.42446911984973
C           -2.13117761142214        1.08403488765610        0.34101662230953
N            3.59347599757774        1.72700786378283        0.29530582296856
N            0.15746459247393       -4.25100421591751        0.62360234849414
N           -3.33734195069643        1.70071371640898        0.38430330988854
C            3.83928788853379        3.03107651683486        0.83331837350083
C            4.76554524117622        1.08418779080034        0.04378669426456
C           -3.55672765406739        3.10848005951856        0.51507684578562
C           -4.42527871507635        0.92852132912008        0.28422991152667
C            1.10146920952500       -4.82302549909698       -0.40717144983748
C           -0.86702627985251       -4.81875023201559       -0.32141500173894
N            5.02522078188792        3.54666442663009        0.85011945891573
N            5.89420723082554        1.53714321735672        0.14777513566726
N           -4.73480669296960        3.60365825248040        0.01160096357924
N           -5.39372197718192        0.32952080712021        0.18686465762218
N            2.15855627031293       -4.17158358418661       -0.71804782176558
N           -1.94874885945331       -4.17654351103081       -0.55400493109163
C            6.15769201301421        2.90111879677412        0.45770523375708
C           -5.88402501326460        3.22188033298586       -0.07484919175317
C            0.09898080187256       -5.66651350165767       -1.02016785116399
N            7.32378593776358        3.33657853560481        0.33926434360998
N           -7.07986057737318        3.19011318616488       -0.04850485643797
N            0.14457914300121       -6.67632367990233       -1.77449160887485
C            2.79355997973831        3.72555668911132        1.43871680973308
C           -2.67404649870753        3.92052172739445        1.06214398589840
C            2.48026188942398       -3.01657522846061       -0.22641433201572
C           -2.23242452284418       -3.01634917516838       -0.03319628063209
C            1.60137415201770        4.24753129031759        1.57603188098577
C           -1.57779225834857        4.52845509312905        1.81339231382276
N            2.62450295828077        4.98402550459371        2.24978332692405
N           -2.55820456183328        5.27781053500239        1.38646862024629
H            7.46860173287264        4.32632117911989        0.48749663508875
H           -7.74399981048543        2.73524100654654       -0.63844791133493
H           -0.75209918477543       -7.07558185116640       -2.02816417008654
H            2.91095474742602        5.84573135055927        1.77812856484255
H           -3.02847345236099        6.16025417171632        1.35297058758956
H            0.54612375146158        4.26339328354208        1.42434510196174
C            0.67864146903234        2.00022352127020        3.63932089447891
C            0.89750835947111        0.68428774676596        3.44508620600817
C           -0.19739867110154       -0.24718277117842        3.20051462864908
O           -0.10009049888055       -1.40865074024506        2.87966813930022
N           -1.43945908942195        0.37124217914702        3.30631891938966
C           -1.70542295806952        1.72098416906322        3.44171595870481
O           -2.81807678334436        2.17695214987013        3.38814733408146
N           -0.58549447156806        2.49725676632307        3.63463748263734
F            2.15138524961235        0.20441093992337        3.40606578475758
H            1.49008033072763        2.69671689275316        3.79187006330889
H           -2.24896831556233       -0.22935551640269        3.17357281587972
H           -0.73429192186809        3.50286298366469        3.61758402806549
60
 energy: -137.742729750838 gnorm: 0.005491171520 xtb: 6.7.1pre (5071a88)
N            0.13051160294654       -0.26788353378599        0.30312783114034
C            0.13588870552813        1.15425303131018        0.33566029245747
C            1.36021258204221       -0.91217579135689        0.16603682753270
C           -1.07744648168873       -0.91533764596642        0.25344958651426
N            1.26726884995303        1.79755885115112        0.31038712280155
N           -1.01455756410207        1.80119207820918        0.40458454136647
N            2.46761125375599       -0.24552320470639        0.11672562027793
N            1.32354164850490       -2.26425860403332        0.10741789252752
N           -2.19929325684001       -0.25499137060415        0.23755119095887
N           -1.05562376365004       -2.26806202745041        0.21527396039552
C            2.40123856614561        1.08488846742637        0.23422136972927
C            0.15216565157519       -2.90190970248942        0.42179133446525
C           -2.12721080845153        1.08244638905398        0.34713568714816
N            3.59760583438627        1.72381749981321        0.29298160361407
N            0.15882514433679       -4.25350920656954        0.62158224203492
N           -3.33279606294243        1.70101444774048        0.39357709055352
C            3.83940092483237        3.03045588688379        0.82726262481170
C            4.77173427489444        1.08450531066195        0.04357180225428
C           -3.55114428961551        3.10875563605904        0.52470511136718
C           -4.42220551053173        0.93113800203825        0.29300098684308
C            1.10190104947866       -4.82620363135030       -0.40976179512729
C           -0.86668599742084       -4.82075180053439       -0.32325252612654
N            5.02387696387542        3.55036751670100        0.84123801319748
N            5.89934979574297        1.54120704763219        0.14619173569672
N           -4.72849615763267        3.60616503628287        0.02030916793057
N           -5.39164198084133        0.33407198921604        0.19326339727040
N            2.15954982741163       -4.17614322638336       -0.72087226684371
N           -1.94774762687875       -4.17728051991069       -0.55587218335794
C            6.15778258549711        2.90801159242414        0.44941371667307
C           -5.87672850160230        3.22612854329184       -0.07989313838420
C            0.09843614475933       -5.66951935819796       -1.02160684603129
N            7.32261235403277        3.34640314427036        0.32792334747045
N           -7.07397579524920        3.19804793163419       -0.06996864592764
N            0.14393014152278       -6.67816663469292       -1.77716039141468
C            2.79262459446731        3.72269605083825        1.43347928045467
C           -2.67029997709400        3.92156587575418        1.07154363864807
C            2.48230305811046       -3.02065328820117       -0.23120041550640
C           -2.23087279058394       -3.01712726884191       -0.03555695238931
C            1.59779308334371        4.23996961956653        1.56834298146956
C           -1.57873202015679        4.53353640232046        1.82409193727343
N            2.61824678485860        4.98245000481315        2.24116581206102
N           -2.56112978124868        5.27931259629384        1.39706359672359
H            7.46357338799718        4.33647867175604        0.46735433280909
H           -7.73296199310265        2.75526650924172       -0.67645375336676
H           -0.75222769181679       -7.07825806596569       -2.03025098069646
H            2.90251503698296        5.84469687650081        1.76862525802177
H           -3.03750024643179        6.15901502565969        1.36985456552308
H            0.54327064369846        4.25211219653156        1.41577394690905
C            0.66939206647580        2.00861650340956        3.64103127630405
C            0.89393345429624        0.69482374953072        3.44200026058555
C           -0.19637695115085       -0.24492111199934        3.20599333044339
O           -0.09283830462730       -1.40567645347429        2.88108850334062
N           -1.44138041601009        0.36424693134889        3.32598071621237
C           -1.71467754209766        1.71201601968058        3.46001999483033
O           -2.82932258023484        2.16390000820953        3.40963882010123
N           -0.59906772986712        2.49540731441232        3.65168158287903
F            2.15116868968144        0.22319980038961        3.38727371846067
H            1.47729616794067        2.70954836174809        3.78696432104263
H           -2.24844205216867       -0.24109247682523        3.19871821303316
H           -0.75417699519792        3.50015800353488        3.62442571100982
60
 energy: -137.742842582384 gnorm: 0.005416332964 xtb: 6.7.1pre (5071a88)
N            0.13426028136293       -0.27239543689708        0.30248752411539
C            0.14146026560407        1.14924261951435        0.33960333061144
C            1.36411074239108       -0.91701221566984        0.16533105271859
C           -1.07428904760985       -0.91802323939070        0.25751456088763
N            1.27221943039233        1.79265097745148        0.30930090274753
N           -1.00843084319423        1.79741972220654        0.41568760383079
N            2.47205121596322       -0.25089708424437        0.11587659926521
N            1.32668944164350       -2.26911074707074        0.10322349063792
N           -2.19595361333652       -0.25677691602826        0.24631771608405
N           -1.05312223904243       -2.27080546228995        0.21598437156813
C            2.40644176245354        1.08009660985200        0.23297948979805
C            0.15466577200941       -2.90532047054883        0.41894525996861
C           -2.12211346569104        1.08022689801161        0.35775055068161
N            3.60230496360126        1.72058173848403        0.29055749153863
N            0.16033848511279       -4.25663976495153        0.61946329552934
N           -3.32741852926724        1.70060062640965        0.40631004706749
C            3.83983990357597        3.03046608954541        0.81989708760640
C            4.77849769100549        1.08477082574000        0.04415812548183
C           -3.54484419244363        3.10791075308936        0.53768172172072
C           -4.41803765337747        0.93320166142895        0.30347231259555
C            1.10180568249769       -4.82993593823856       -0.41345343061797
C           -0.86636620318093       -4.82262280150646       -0.32566944106710
N            5.02252974570863        3.55516150538852        0.82891451641728
N            5.90491772580357        1.54553240403774        0.14371446603961
N           -4.71937720687600        3.60876918765124        0.02903845506757
N           -5.38844736597167        0.33816064567847        0.20027061673492
N            2.16018731725984       -4.18152646703193       -0.72506298685632
N           -1.94700065129145       -4.17800992678493       -0.55741926896483
C            6.15790778260896        2.91616088561214        0.43718978409262
C           -5.86679394632158        3.23226716043573       -0.09218164027470
C            0.09720691954824       -5.67266653185355       -1.02413459795629
N            7.32064325959197        3.35840983376645        0.30992207535161
N           -7.06407030645286        3.20773970013397       -0.09664478042222
N            0.14265614189633       -6.68044948509677       -1.78060617511362
C            2.79158160643699        3.72013236972961        1.42659230373666
C           -2.66558553729800        3.92183966004452        1.08627550511875
C            2.48446052082645       -3.02592502602066       -0.23683862104936
C           -2.22914973252689       -3.01799500521958       -0.03735935856916
C            1.59409317558562        4.23272430076690        1.55781077532756
C           -1.58048212984711        4.53981426627241        1.84293211861854
N            2.61080052412442        4.98206665122531        2.23001542523027
N           -2.56397716279370        5.28103557313812        1.41112741284215
H            7.45772202317022        4.34918850358848        0.44184561366529
H           -7.71777717162768        2.77726569299921       -0.71809707586294
H           -0.75304141358513       -7.08124839033625       -2.03317870215699
H            2.89273364545645        5.84507437479738        1.75697872651194
H           -3.04700284687811        6.15726365966857        1.38704238134517
H            0.53995961949300        4.24043217552308        1.40413900149054
C            0.65705670556906        2.01854434642631        3.64402679228412
C            0.88966346794006        0.70760324862003        3.43708865731503
C           -0.19486510635791       -0.24130386215844        3.21039905546922
O           -0.08489584294137       -1.40108680947001        2.88127761644703
N           -1.44301567740650        0.35592927455533        3.34604642343714
C           -1.72589696569834        1.70049366509863        3.48041877105393
O           -2.84345950963860        2.14603312001270        3.43092706891776
N           -0.61637026285341        2.49296926412769        3.67247627519067
F            2.15002721246121        0.24620044939136        3.36436468940085
H            1.46000283616202        2.72522821877888        3.78425294325194
H           -2.24669292514996       -0.25568160244377        3.22504959449916
H           -0.78035831875724        3.49622452405182        3.63661247959589
60
 energy: -137.742943455560 gnorm: 0.005239883623 xtb: 6.7.1pre (5071a88)
N            0.13855268416957       -0.27735610505010        0.30357567261094
C            0.14696965544736        1.14379482991912        0.34545861321843
C            1.36860536273454       -0.92170255494618        0.16454130290614
C           -1.07063424379889       -0.92150574398671        0.26271814916188
N            1.27705658181386        1.78748977465859        0.30905406483690
N           -1.00228591242775        1.79298747155606        0.42967216052084
N            2.47662247526003       -0.25579322198525        0.11327489748634
N            1.32996193118808       -2.27370464697880        0.09825216566883
N           -2.19204473587112       -0.25930629263375        0.25633199959258
N           -1.05014873390436       -2.27400666905262        0.21732555891324
C            2.41126587508891        1.07526148310103        0.23124019283769
C            0.15793858598241       -2.90927629229338        0.41615303107616
C           -2.11657514887674        1.07706094432527        0.37158649959096
N            3.60628478875562        1.71812801465130        0.28698851835093
N            0.16281396512217       -4.26041991962776        0.61669736040398
N           -3.32177851777928        1.69867619813402        0.42196044629615
C            3.84011916946866        3.03103573435535        0.81163409530997
C            4.78417626898316        1.08528022188659        0.04331268566562
C           -3.53814816179227        3.10534439130974        0.55481752687624
C           -4.41340395002044        0.93358643863132        0.31566555883109
C            1.10189106460678       -4.83389819343777       -0.41877783289899
C           -0.86551532040655       -4.82494782046890       -0.32828830769710
N            5.02096329372329        3.55999811658602        0.81466857069402
N            5.90937701517943        1.54972498263588        0.13870195276631
N           -4.70753006385565        3.61026252522365        0.03940562224498
N           -5.38471073576842        0.34060938239741        0.20856837416526
N            2.16056189589236       -4.18650013922762       -0.73174109637584
N           -1.94618863544578       -4.17953333311728       -0.55798004119227
C            6.15770095421433        2.92409382503100        0.42247960018191
C           -5.85360383619475        3.23799652999753       -0.10491357851702
C            0.09602643196122       -5.67582148446403       -1.02814790316911
N            7.31778546410390        3.37065654430385        0.28738997810095
N           -7.05084323431504        3.21881588411921       -0.12730586095201
N            0.14090085814460       -6.68332368803262       -1.78502042766267
C            2.79052297973007        3.71809631412816        1.41916129723581
C           -2.66027678068971        3.91901214002903        1.10784121292142
C            2.48645800517971       -3.03140474096175       -0.24353039480602
C           -2.22695105369574       -3.01989051244265       -0.03711876817952
C            1.59074233685565        4.22629243606869        1.54821082604546
C           -1.58244848339626        4.54133611897813        1.87294570996281
N            2.60416158024492        4.98279434401277        2.21771079790404
N           -2.56425187230859        5.27990211777002        1.43141215115313
H            7.45136366804397        4.36249741334945        0.41379008991106
H           -7.69727698023751        2.79830824900004       -0.76276271783994
H           -0.75482981596279       -7.08421804147327       -2.03700427205925
H            2.88258738312148        5.84593649200504        1.74261839253378
H           -3.05218911112956        6.15330264479928        1.40691791989206
H            0.53636211183180        4.22917880415223        1.39527120982500
C            0.64177137279682        2.03010545226284        3.64687178491614
C            0.88414358294531        0.72244850299872        3.43005521308069
C           -0.19427948677520       -0.23500249230032        3.21186594775991
O           -0.07826987168457       -1.39325360445658        2.87770513460393
N           -1.44571141238901        0.34942198932778        3.36298097603339
C           -1.73896721212318        1.69053854508240        3.49960231217375
O           -2.86042829981283        2.12768552729807        3.45086540649186
N           -0.63589225161759        2.49242232450509        3.69190286501610
F            2.14713347870105        0.27239419553590        3.33932296621999
H            1.43922506152269        2.74344506534383        3.78280809300055
H           -2.24524168855561       -0.26904245427400        3.24754870520929
H           -0.80962033213805        3.49398598174363        3.65235359114770
60
 energy: -137.743035327967 gnorm: 0.004070467787 xtb: 6.7.1pre (5071a88)
N            0.14277477976483       -0.28190239171521        0.30698295956761
C            0.15170815213859        1.13864605052500        0.35364161757125
C            1.37283020967520       -0.92577741710555        0.16432906115268
C           -1.06691993676223       -0.92517697956506        0.26899314225844
N            1.28128101913531        1.78254651956878        0.31135560622866
N           -0.99675279095678        1.78861734621379        0.44609384924710
N            2.48067613605654       -0.25986263250814        0.11092305096739
N            1.33269918077266       -2.27760198148150        0.09428911540003
N           -2.18797241382365       -0.26209349421311        0.26728502836038
N           -1.04722705523716       -2.27726069031254        0.21972729927050
C            2.41526040683321        1.07069313063534        0.23056615543281
C            0.16122920092667       -2.91343587596564        0.41456993656672
C           -2.11128002755241        1.07355028627369        0.38773828211516
N            3.60905757857960        1.71620054673197        0.28440480877537
N            0.16542400025499       -4.26475268558457        0.61388157617883
N           -3.31624950832719        1.69591593199820        0.43958869976687
C            3.83975652225163        3.03224628841958        0.80374717132564
C            4.78833958383762        1.08561755858735        0.04357390589688
C           -3.53131219226710        3.10216928519883        0.57352757795640
C           -4.40870284484369        0.93266056712539        0.32905312322851
C            1.10200377081095       -4.83753858039610       -0.42444763925533
C           -0.86460924357381       -4.82719151979699       -0.33108497721838
N            5.01877253566115        3.56493985206572        0.79963253313626
N            5.91231234360004        1.55353978890669        0.13347965158013
N           -4.69424473007834        3.61126856629199        0.05047796640904
N           -5.38067962656984        0.34169468900609        0.21783118184559
N            2.16065452838364       -4.19046864419059       -0.73855894252097
N           -1.94556727033921       -4.18110862989603       -0.55791864967125
C            6.15640013630930        2.93177895047937        0.40602006638371
C           -5.83809913395741        3.24305997812001       -0.11940551521379
C            0.09485247702081       -5.67808689502512       -1.03331591825659
N            7.31329090383389        3.38290265713550        0.25994576894457
N           -7.03387761655739        3.22807981097301       -0.15740201424472
N            0.13862777543108       -6.68537918843398       -1.79066976533144
C            2.78950843597640        3.71726697831418        1.41254917249651
C           -2.65424808800864        3.91506161201198        1.13058976647529
C            2.48792439100115       -3.03645868478783       -0.24870451981596
C           -2.22471610464685       -3.02214249066767       -0.03492421569708
C            1.58808732206177        4.22191718851293        1.54105310324560
C           -1.58291739129914        4.54201105931277        1.90164213665686
N            2.59924973109569        4.98553194859877        2.20485945884351
N           -2.56250631691540        5.27824805590057        1.45025631324865
H            7.44368516113640        4.37644602179136        0.38038794733610
H           -7.67322007211175        2.81952015032772       -0.80693008035021
H           -0.75763370739733       -7.08538571094328       -2.04259493731645
H            2.87316007328093        5.84751143488931        1.72521625701512
H           -3.05432542960507        6.14915720485832        1.42166757398163
H            0.53313955312828        4.22014578218715        1.39055321293606
C            0.62431160670122        2.04134624406898        3.64994768211156
C            0.87840530409765        0.73749071897216        3.42294025775688
C           -0.19277468965460       -0.22919043788197        3.21247971573039
O           -0.06947202523889       -1.38532308560161        2.87356627209939
N           -1.44819303400939        0.34145480810071        3.37726575285117
C           -1.75301177434398        1.67940987565319        3.51695926258033
O           -2.87878803772647        2.10621319671268        3.46875972013270
N           -0.65683371385562        2.49112528350324        3.70922168098072
F            2.14419533038999        0.30101114465045        3.31464572055694
H            1.41560946901595        2.76267612896261        3.78196250904746
H           -2.24235190354527       -0.28463169329491        3.26557414598514
H           -0.84074094011688        3.49109706778571        3.67084637725395
60
 energy: -137.743108031917 gnorm: 0.004332890492 xtb: 6.7.1pre (5071a88)
N            0.14675378160560       -0.28588783645934        0.31097502583054
C            0.15526107936605        1.13389188699659        0.36240519746959
C            1.37653363305778       -0.92899645912964        0.16255896600253
C           -1.06316498899867       -0.92925435501056        0.27509184063651
N            1.28435718135968        1.77830071100376        0.31522710216512
N           -0.99249187298766        1.78403953845776        0.46316847933591
N            2.48401236895149       -0.26260164846857        0.10644296908886
N            1.33528622383038       -2.28052326332973        0.08961194031802
N           -2.18407817605479       -0.26573793330174        0.27802570620632
N           -1.04402812925821       -2.28086090468805        0.22239579915585
C            2.41810927183725        1.06707603288539        0.22923859069913
C            0.16520758631694       -2.91760170767112        0.41324774799983
C           -2.10692498977382        1.06911333626391        0.40445688480814
N            3.61054511844511        1.71511476607656        0.28089335439412
N            0.16950293457331       -4.26940298001439        0.61058203863596
N           -3.31157865529825        1.69165037073932        0.45941363336473
C            3.83914318064881        3.03387770115700        0.79543259318945
C            4.79065351047300        1.08579981303043        0.04205122974539
C           -3.52482757423327        3.09795430939604        0.59476794559119
C           -4.40468611940998        0.92983800702465        0.34416112567544
C            1.10312422658252       -4.84045905119067       -0.43141982727430
C           -0.86284552307570       -4.82947743846771       -0.33371962049582
N            5.01665192268901        3.56929726074127        0.78395672408646
N            5.91367975505381        1.55655493059554        0.12610064118575
N           -4.68059642557782        3.61123300635262        0.06255917788951
N           -5.37730199484495        0.34080655123003        0.22885215650861
N            2.16103882758210       -4.19281730222617       -0.74728883350852
N           -1.94466671011113       -4.18333058865476       -0.55637681144538
C            6.15433215450466        2.93803098633801        0.38757071407857
C           -5.82161989488170        3.24650909746734       -0.13087757929691
C            0.09434551885228       -5.67961154960138       -1.03957889614571
N            7.30812885514365        3.39305423597502        0.22980741026890
N           -7.01748689060388        3.23896241576223       -0.19371773193435
N            0.13609745914574       -6.68708212311172       -1.79696621416405
C            2.78914670741955        3.71756900336588        1.40611572517524
C           -2.64807089142141        3.90889204372333        1.15723120873430
C            2.48952181416147       -3.04010191319440       -0.25514447332762
C           -2.22201567662854       -3.02519772764255       -0.03034635598487
C            1.58675344908739        4.21947708886282        1.53739974221338
C           -1.58214632997818        4.53859920532884        1.93382199316281
N            2.59750206610591        4.98990112636997        2.19201882056082
N           -2.55788922478134        5.27429583699869        1.47313763135518
H            7.43599089389770        4.38832288936140        0.34443648588716
H           -7.64553675934381        2.83508610337893       -0.85601999157534
H           -0.76127729638906       -7.08572222275657       -2.04805183270201
H            2.86585396326188        5.84992615423513        1.70595980781329
H           -3.05125827425931        6.14404974983385        1.43792741679450
H            0.53070377621057        4.21283695700605        1.39250981585210
C            0.60570265525255        2.05267830342567        3.65374706185353
C            0.87120986608697        0.75274634352953        3.41731366808006
C           -0.19260413054485       -0.22258490563802        3.21243606041805
O           -0.06166663797214       -1.37661780109915        2.86981325363844
N           -1.45194210093208        0.33563780250057        3.38707360366434
C           -1.76792746149987        1.67086746341310        3.53193834735626
O           -2.89779185634825        2.08726078391209        3.48602071048845
N           -0.67815125735572        2.49098619153680        3.72476166128879
F            2.13964614684910        0.32993955013166        3.29350637571944
H            1.39114688856716        2.78148060171770        3.78295005701506
H           -2.24041144203609       -0.29746851795855        3.27623567996830
H           -0.87095553247596        3.48968007349400        3.69280404648108
60
 energy: -137.743170658805 gnorm: 0.005096791639 xtb: 6.7.1pre (5071a88)
N            0.14977719850024       -0.28893275751245        0.31769817827011
C            0.15761753040174        1.12989114173088        0.37368756706730
C            1.37879264736868       -0.93163614569384        0.16301896173480
C           -1.06019458981725       -0.93283781593887        0.28282028024558
N            1.28650767507211        1.77457428292543        0.32369106623635
N           -0.98923190211132        1.78003985960347        0.48113763115944
N            2.48612569595605       -0.26476369891286        0.10506511525119
N            1.33670958348158       -2.28276736594290        0.08821768042530
N           -2.18092832264498       -0.26898437221429        0.28992994151126
N           -1.04168971127279       -2.28409606296561        0.22697844059544
C            2.41987019509749        1.06381150215744        0.23168411017777
C            0.16820444023011       -2.92161524978349        0.41441224399517
C           -2.10367295195622        1.06510631790426        0.42161224721780
N            3.61086959130636        1.71386785546868        0.28139331309147
N            0.17262658193714       -4.27444492827429        0.60786747626630
N           -3.30756614857136        1.68802618376824        0.47925480503023
C            3.83776768731214        3.03591595242374        0.78920150692979
C            4.79164997754651        1.08514766667006        0.04489923329218
C           -3.51833084977061        3.09510192934196        0.61196472694735
C           -4.40140128041101        0.92740046341829        0.36052041260866
C            1.10394159452915       -4.84219855012526       -0.43764662119284
C           -0.86164684223574       -4.83063607915956       -0.33692870510473
N            5.01383744573569        3.57414153330374        0.76828552660082
N            5.91378706876394        1.55908589878735        0.12125691882811
N           -4.66766141896801        3.61163863461979        0.07337073286286
N           -5.37443525008353        0.34016387396427        0.24120032666328
N            2.16119296400455       -4.19356431522104       -0.75356354343305
N           -1.94418702345377       -4.18423432300721       -0.55497479830512
C            6.15062746730525        2.94441464165805        0.36761404336003
C           -5.80397705267253        3.24801363537150       -0.14600776602064
C            0.09376612473220       -5.67877266289895       -1.04723508468460
N            7.30070055932280        3.40321237191477        0.19344124072836
N           -6.99678116132412        3.24153559733006       -0.22408299685578
N            0.13320742562032       -6.68540893733589       -1.80594774083906
C            2.78940252375656        3.71955638755558        1.40238733889468
C           -2.64140713749975        3.90486299125090        1.17518309384968
C            2.49039413329233       -3.04264036912994       -0.25771574123032
C           -2.21992969313319       -3.02754899305469       -0.02430025837869
C            1.58656206358047        4.21940450896423        1.53857089941519
C           -1.57991115631258        4.54034833584558        1.95274521618072
N            2.59908914089124        4.99802808320178        2.17863446049619
N           -2.55305475650933        5.27348197327313        1.48225202421958
H            7.42577901677360        4.40065145105696        0.29768774851476
H           -7.61676794770987        2.85510220271995       -0.90515039104021
H           -0.76545074549238       -7.08156912471166       -2.05714621469718
H            2.86071756560794        5.85424417791420        1.68236647741410
H           -3.04793843160091        6.14182718346889        1.43677015240919
H            0.52948198747057        4.20818435609844        1.40106952963591
C            0.58653721019551        2.06187845485776        3.65871762511425
C            0.86558559403901        0.76631981116863        3.41468858217058
C           -0.18879959252733       -0.22024343122692        3.21529269894590
O           -0.04701603740796       -1.37200415403584        2.87033892104564
N           -1.45348410931193        0.32399853349468        3.39718872698552
C           -1.78298662584853        1.65649945942681        3.54704369680170
O           -2.91716493350394        2.06056318510732        3.50429877097097
N           -0.70066124809317        2.48619176213272        3.74044224538506
F            2.13779743878297        0.36050916565248        3.27628923041775
H            1.36497588613572        2.79976306098122        3.78368696801977
H           -2.23488958533016       -0.31730542559815        3.28516741912080
H           -0.90273550933138        3.48370033621673        3.71830030867322
60
 energy: -137.743227568813 gnorm: 0.004091843265 xtb: 6.7.1pre (5071a88)
N            0.15165994027650       -0.29110429932058        0.32345769765452
C            0.15836345172371        1.12680311894627        0.38356983813440
C            1.37979358041663       -0.93314137601954        0.16224225889525
C           -1.05809496161447       -0.93614795682562        0.28965816103883
N            1.28700090492661        1.77232281230231        0.33258398676189
N           -0.98807911773546        1.77623692960358        0.49637671977688
N            2.48696218347454       -0.26535647460475        0.10203209961738
N            1.33799654053960       -2.28380453340963        0.08597258654603
N           -2.17916831929117       -0.27260653124817        0.30046367999580
N           -1.03957177026842       -2.28712288777064        0.23139758723566
C            2.42016557228926        1.06227685747577        0.23375724467748
C            0.17150555381669       -2.92475969871905        0.41541498667910
C           -2.10252829816322        1.06076140084988        0.43626061214969
N            3.61028775187978        1.71348817312772        0.28114027153791
N            0.17699715728317       -4.27871130393931        0.60525021798109
N           -3.30582369135242        1.68383947891666        0.49827462660307
C            3.83684782484285        3.03794648712034        0.78330903790189
C            4.79100540819693        1.08426974178513        0.04535356586650
C           -3.51359593559050        3.09215284366148        0.62791038132583
C           -4.40021921349126        0.92425906643330        0.37696503573879
C            1.10575894919420       -4.84230205626800       -0.44470761478793
C           -0.85963437219724       -4.83107302597167       -0.33951168388562
N            5.01204182807411        3.57794461143296        0.75333875662480
N            5.91277083075546        1.56040059124545        0.11442010818041
N           -4.65690810387644        3.61230679044139        0.08032358402856
N           -5.37374768571675        0.33854361972242        0.25493256818257
N            2.16184721630130       -4.19218501789920       -0.76123712168893
N           -1.94344827952290       -4.18525369969063       -0.55195778656894
C            6.14687478076479        2.94849295381585        0.34721455373641
C           -5.78949875172075        3.25004243511176       -0.16116711976085
C            0.09402405766632       -5.67671371339312       -1.05507740532678
N            7.29395244540837        3.40931743464842        0.15858262606912
N           -6.98180086120406        3.24857308164150       -0.26345890876079
N            0.13072908517277       -6.68259050889221       -1.81489513673813
C            2.79102513927789        3.72241427772237        1.39942554006602
C           -2.63620427573365        3.90023022752664        1.19332074548537
C            2.49172622184066       -3.04272300962360       -0.26261771828509
C           -2.21778102774300       -3.03001281415565       -0.01679067263017
C            1.58833170617909        4.22092795555050        1.54372972285323
C           -1.57697202598349        4.53923863771792        1.96997593850532
N            2.60476477033142        5.00726151499033        2.16672016823823
N           -2.54681330993859        5.27124360254802        1.49254923612467
H            7.41718767020115        4.40808761766460        0.25345229357005
H           -7.58843430418754        2.85897956692841       -0.95214261735068
H           -0.76930433298332       -7.07682672954718       -2.06468391374810
H            2.85955220854406        5.85958157280679        1.66014383197932
H           -3.04036123998923        6.13982921823195        1.43598268563319
H            0.52991769484780        4.20530028395529        1.41628427422552
C            0.57015846240986        2.06928933983298        3.66587900456671
C            0.85943128343632        0.77730273806753        3.41617212026320
C           -0.18699211710260       -0.21818360647239        3.21910806935335
O           -0.03583706011314       -1.36858046170771        2.87406410536260
N           -1.45579575245974        0.31592751840072        3.40280241211118
C           -1.79624703866602        1.64573672504498        3.55988968832297
O           -2.93352632935427        2.04015836610487        3.52188058647487
N           -0.71996579866873        2.48209166834817        3.75570034991994
F            2.13457642396513        0.38487382129485        3.26823381848574
H            1.34295414483019        2.81354168358212        3.78826517623641
H           -2.23156356520039       -0.33132726111110        3.28744412951881
H           -0.92829324915281        3.47853220199612        3.74566700929107
60
 energy: -137.743289334568 gnorm: 0.004896345430 xtb: 6.7.1pre (5071a88)
N            0.15145191037206       -0.29159919902646        0.32894499152932
C            0.15678733494858        1.12564142532770        0.39152669325312
C            1.37856140202008       -0.93286254069566        0.16246114166819
C           -1.05782644739424       -0.93826518340253        0.29583675723205
N            1.28531640884215        1.77228071624626        0.34269228567338
N           -0.98972388160559        1.77370223605905        0.50545187337935
N            2.48560118115751       -0.26393400284247        0.10003323002666
N            1.33830740436595       -2.28303643760332        0.08545290685320
N           -2.17963816850245       -0.27562547863796        0.30859532872581
N           -1.03858271178139       -2.28906894208173        0.23638766259615
C            2.41826402918600        1.06297395902671        0.23759819284114
C            0.17395066652713       -2.92630404959427        0.41758268555787
C           -2.10419312347352        1.05724704839508        0.44525828382801
N            3.60830765496442        1.71400915821440        0.28260987027211
N            0.18126291837856       -4.28151844178359        0.60352149855950
N           -3.30693488268929        1.68052404432552        0.51106262975710
C            3.83633304646577        3.03972335560199        0.78006493256515
C            4.78804444865348        1.08283779096152        0.04568565914901
C           -3.51129828719081        3.09053818223860        0.63407428862819
C           -4.40195582324791        0.92185643470125        0.39092081978544
C            1.10788328967240       -4.83982296485512       -0.45129985523766
C           -0.85748535719742       -4.82995730976282       -0.34130232467883
N            5.01133819903980        3.58028403156043        0.74126377954286
N            5.91001027921289        1.55994112660976        0.10763537727750
N           -4.65130264869327        3.61139858733426        0.08059047388759
N           -5.37611813453644        0.33712981341064        0.26937588138395
N            2.16257749111594       -4.18774347509928       -0.76801784170026
N           -1.94285097782577       -4.18537846928634       -0.54773447746529
C            6.14293751613666        2.94958211425281        0.32859355483612
C           -5.77857936897081        3.24564261171513       -0.17322801793505
C            0.09498963208928       -5.67216350870032       -1.06284810833374
N            7.28781530055075        3.41020226071970        0.12703630177187
N           -6.96959291423942        3.24266924622019       -0.29255428365747
N            0.12898260172505       -6.67665393486546       -1.82445530875360
C            2.79440868653085        3.72648313513906        1.39959786602020
C           -2.63380099093993        3.89731781137161        1.20155024193894
C            2.49278459598790       -3.03955829830557       -0.26711071210270
C           -2.21634508908719       -3.03180659953711       -0.00794017040228
C            1.59285471634499        4.22490550386899        1.55538368074033
C           -1.57459518930268        4.53770462033550        1.97763492364549
N            2.61612377510056        5.01823205058672        2.15784811534903
N           -2.54052977044832        5.26975125533739        1.49400184675074
H            7.41034708613860        4.40935937565410        0.21327060898663
H           -7.56650457640940        2.86091414599469       -0.99582363245561
H           -0.77225592604560       -7.06939805942250       -2.07210737143519
H            2.86405457969020        5.86599132426233        1.64014973799063
H           -3.02923048141513        6.14040843357166        1.42567659399279
H            0.53300973332479        4.20603068294378        1.44061767002154
C            0.55920570280835        2.07247073981390        3.67522545951384
C            0.85479656219270        0.78276059100593        3.42309105113062
C           -0.18576105462339       -0.21856727422715        3.22447386475605
O           -0.02720452064417       -1.36856260175279        2.88165213602134
N           -1.45743178923589        0.31015034417907        3.40337046029197
C           -1.80543241542796        1.63738688604890        3.56896887032649
O           -2.94444730142839        2.02533241124286        3.53684668757388
N           -0.73320494702358        2.47712207209070        3.76819512489193
F            2.13192835590993        0.39888785092993        3.27325291574707
H            1.32807285586863        2.82014017695921        3.79679883633551
H           -2.22954537306585       -0.34026696819360        3.28277827410489
H           -0.94393721302955        3.47256018542762        3.77242603744243
60
 energy: -137.743352431629 gnorm: 0.004376601732 xtb: 6.7.1pre (5071a88)
N            0.15013267386998       -0.29168549801272        0.33462256041328
C            0.15419172802796        1.12505938422249        0.39977810544436
C            1.37613996559870       -0.93204371234980        0.16414827360531
C           -1.05853409797675       -0.94004190560163        0.30343312034646
N            1.28279069244927        1.77281661605182        0.35468893074756
N           -0.99273662939642        1.77148859579702        0.51311284333470
N            2.48308369853397       -0.26201863385809        0.09988959808421
N            1.33840895365333       -2.28183223221648        0.08649230211842
N           -2.18139283725277       -0.27865685051612        0.31854019692280
N           -1.03796769248656       -2.29080862150384        0.24300537434359
C            2.41544164343848        1.06427016053221        0.24354116885419
C            0.17613291788570       -2.92743758412443        0.42066762313242
C           -2.10736164373262        1.05391860089622        0.45379638181261
N            3.60586741930376        1.71427673423406        0.28594367922519
N            0.18568441430809       -4.28407178010307        0.60201948406134
N           -3.30938961102116        1.67803853663182        0.52322322050382
C            3.83584542459517        3.04127405872403        0.77733143019469
C            4.78439655690458        1.08087634889574        0.04692052807747
C           -3.50912826268693        3.09019063501389        0.63773375288393
C           -4.40573146896999        0.92085736656314        0.40765345969037
C            1.11007912888051       -4.83591096365263       -0.45851734170858
C           -0.85522466820787       -4.82827106908851       -0.34287763324661
N            5.01057532460524        3.58308487686923        0.72725882015656
N            5.90653377375341        1.55937054667670        0.09985052780456
N           -4.64504288233582        3.61357623464264        0.07658194157375
N           -5.38089643332150        0.33714023981503        0.28911156095967
N            2.16331802868538       -4.18165323413682       -0.77489002870325
N           -1.94224032611786       -4.18506115431946       -0.54256262993785
C            6.13816608771202        2.95101118873360        0.30682991977538
C           -5.76819749558739        3.24437489946052       -0.19834204265817
C            0.09627160874289       -5.66588327100246       -1.07167179767798
N            7.28062463149567        3.41107955001324        0.08967150157651
N           -6.95721176141784        3.23502055580397       -0.33113881243862
N            0.12754690776836       -6.66750836646091       -1.83694984694614
C            2.79922706277742        3.73104111989390        1.40170181584215
C           -2.63238262935081        3.89537975113470        1.20664570492658
C            2.49377320160717       -3.03472897382171       -0.27186196650106
C           -2.21514526765162       -3.03364474415699        0.00262998650347
C            1.59918690241316        4.22890892449818        1.57182555868334
C           -1.57185022982329        4.53609662897604        1.98052842126345
N            2.63139312053442        5.03118890057480        2.14799997244917
N           -2.53329316576184        5.26863461295186        1.48916192397690
H            7.40223808981730        4.41065122149077        0.16510299784787
H           -7.54295163696398        2.85343829503196       -1.04300588524887
H           -0.77459198191277       -7.05919017074010       -2.08217754043051
H            2.87038192763778        5.87303719193442        1.61624320496970
H           -3.01443857985320        6.14244994670243        1.40709498673327
H            0.53799599007154        4.20664219776494        1.47311896287427
C            0.54890592994351        2.07456999878371        3.68801702335822
C            0.85123011092537        0.78687145530616        3.43264651143160
C           -0.18354672018527       -0.22080502080179        3.23260712869552
O           -0.01657504397851       -1.37019133474085        2.89093631072505
N           -1.45893931120484        0.30197714934842        3.40767533405741
C           -1.81509997425246        1.62590757352500        3.58352100304071
O           -2.95606393510457        2.00729898037473        3.55936232501165
N           -0.74693477530540        2.46982256754197        3.78544079792762
F            2.13139121598020        0.41138563346560        3.28023585274293
H            1.31374715469617        2.82602029836436        3.80797518889893
H           -2.22788485294960       -0.35152922619243        3.28249124552136
H           -0.95994837195928        3.46392677017007        3.80383296236825
60
 energy: -137.743399427582 gnorm: 0.003905743994 xtb: 6.7.1pre (5071a88)
N            0.14844528740681       -0.29145453017160        0.33875892221224
C            0.15184753317688        1.12542239434316        0.40471120978625
C            1.37421938961625       -0.93077248644135        0.16715294906568
C           -1.05980944317018       -0.94067404114986        0.30935146712955
N            1.28041956404020        1.77402321988050        0.36177033268066
N           -0.99571327232290        1.77073426112382        0.51581410874512
N            2.48079022369938       -0.26002519858642        0.10146560368028
N            1.33836967947610       -2.28041973710775        0.08743284010508
N           -2.18347104332666       -0.28026667930615        0.32540627545711
N           -1.03793247403250       -2.29130189156561        0.24802732210955
C            2.41288707548387        1.06602760452358        0.24830055295617
C            0.17724373459594       -2.92745103625926        0.42258878841552
C           -2.11024050162916        1.05234072275818        0.45826026094036
N            3.60411746049574        1.71501613659512        0.28846693599668
N            0.18844182954613       -4.28478222237660        0.60138884198151
N           -3.31217557547058        1.67697845768326        0.52732722619350
C            3.83636534653000        3.04255395862420        0.77557927732679
C            4.78134111818555        1.07958689765129        0.04734478274755
C           -3.50914416789642        3.09012307675389        0.63363851964201
C           -4.40959831284757        0.92086081862820        0.41783835630443
C            1.11101644235473       -4.83211529347142       -0.46390566816826
C           -0.85380910484126       -4.82650551170617       -0.34338356601959
N            5.01093488759841        3.58488152202537        0.71711508261742
N            5.90376377330472        1.55836398816124        0.09350687864724
N           -4.64311829466588        3.61349204667121        0.06771398225292
N           -5.38565408670385        0.33735627400552        0.30499937469125
N            2.16333768013870       -4.17651491664072       -0.78026981640760
N           -1.94231809607216       -4.18457542155249       -0.53806935564071
C            6.13568508734261        2.95130555510364        0.29188855812735
C           -5.76253036125827        3.24037792213948       -0.21423255318028
C            0.09683063014117       -5.66077703452543       -1.07752159240301
N            7.27671779432725        3.41056413204008        0.06470214565096
N           -6.95058385709470        3.22555957294353       -0.35538941288139
N            0.12691467557927       -6.65974796097425       -1.84621102355322
C            2.80351368235594        3.73419776464060        1.40386143363451
C           -2.63362911381216        3.89478438595359        1.20523786997154
C            2.49408358039490       -3.03045027374492       -0.27592000275458
C           -2.21489314419313       -3.03467202458648        0.01041955112656
C            1.60510146367825        4.23230391238369        1.58357921323882
C           -1.57089025569141        4.53323676872685        1.97936295763629
N            2.64266852262375        5.03851614686521        2.14404219563034
N           -2.52845318057189        5.26786279854375        1.48367427437803
H            7.39810408629631        4.41022802079194        0.13446124632490
H           -7.52947949847797        2.84558382483827       -1.07396584831068
H           -0.77541223452790       -7.05157673176753       -2.08981771772192
H            2.87618605938839        5.87712963340572        1.60530017843210
H           -3.00178784412683        6.14524244003928        1.39397920727765
H            0.54315053141724        4.20906153004188        1.49589179949087
C            0.54486996733733        2.07352184185271        3.69972932531562
C            0.84941956134653        0.78664650259696        3.44099130112843
C           -0.18348215089690       -0.22234401107379        3.23754110829170
O           -0.01408665935744       -1.37154933748266        2.89628296188997
N           -1.46006153874230        0.29856174614597        3.40915638567282
C           -1.81901675068103        1.61989339825468        3.59296270043725
O           -2.96077030886687        1.99912648547722        3.57232006550344
N           -0.75234405412947        2.46542087251100        3.79773752800062
F            2.13037231718304        0.41232493134300        3.29049975944629
H            1.30811876717097        2.82586400123999        3.82209550080681
H           -2.22858146385731       -0.35550076437009        3.28254516751567
H           -0.96629096311955        3.45840153756460        3.82511023042243
