77
 energy: -168.304275272047 gnorm: 0.007129798326 xtb: 6.7.1pre (5071a88)
N           -0.00168400000000        0.05080100000000        0.38102400000000
C            0.03489600000000        1.45341700000000        0.12329200000000
C            1.21506700000000       -0.63025200000000        0.37221900000000
C           -1.21788100000000       -0.59136800000000        0.28582200000000
N            1.18287100000000        2.05836700000000        0.00138700000000
N           -1.10059300000000        2.10754600000000       -0.00828300000000
N            2.34043400000000       -0.00188700000000        0.22262000000000
N            1.15689600000000       -1.97041800000000        0.52084000000000
N           -2.31255300000000        0.06413500000000        0.03674900000000
N           -1.22353500000000       -1.93253100000000        0.44700100000000
C            2.29884500000000        1.32573300000000        0.07668900000000
C           -0.04929100000000       -2.55215200000000        0.84215000000000
C           -2.21965800000000        1.40112800000000       -0.04579200000000
N            3.51207000000000        1.93103000000000       -0.03371100000000
N           -0.08697900000000       -3.88547900000000        1.21418100000000
N           -3.41539100000000        2.02678400000000       -0.21272200000000
C            3.79432200000000        3.33273900000000        0.08563600000000
C            4.65966600000000        1.21201900000000       -0.15820800000000
C           -3.63420900000000        3.44000800000000       -0.24751600000000
C           -4.48754700000000        1.24403500000000       -0.38227500000000
C            0.91800200000000       -4.56331200000000        0.30380400000000
C           -1.03870500000000       -4.51451900000000        0.22854700000000
N            4.97855300000000        3.80063500000000       -0.14345500000000
N            5.79398200000000        1.65009800000000       -0.28273400000000
N           -4.93239700000000        3.88076700000000       -0.22018700000000
N           -5.43845000000000        0.63541300000000       -0.56090300000000
N            2.01660400000000       -3.97357300000000        0.02442100000000
N           -2.09710000000000       -3.90309700000000       -0.14181500000000
C            6.06983000000000        3.03951000000000       -0.43308300000000
C           -6.03788400000000        3.41264600000000       -0.03845700000000
C           -0.04828900000000       -5.44608400000000       -0.30669700000000
N            7.21387000000000        3.39498000000000       -0.79291100000000
N           -7.16301700000000        3.25889700000000        0.34315000000000
N            0.02937600000000       -6.52846100000000       -0.94770700000000
C            2.79502700000000        4.19275000000000        0.52575700000000
C           -2.65924100000000        4.32835900000000       -0.33004700000000
C            2.32828000000000       -2.77377700000000        0.39543000000000
C           -2.39942700000000       -2.68807200000000        0.21349900000000
C            1.60969400000000        4.75217600000000        0.57702500000000
C           -1.41112700000000        5.09054500000000       -0.38743300000000
N            2.66169000000000        5.64837200000000        0.88749800000000
N           -2.55079100000000        5.72567900000000       -0.35756000000000
H            7.36493300000000        4.38136400000000       -0.95138300000000
H           -7.96095000000000        2.88658400000000       -0.13023600000000
H           -0.85622700000000       -6.93123600000000       -1.23318100000000
H            2.89505100000000        6.32177400000000        0.15334200000000
H           -3.07776600000000        6.57695800000000       -0.35270900000000
H            0.55073300000000        4.73097000000000        0.43692000000000
C            3.28979700000000        0.20318900000000        5.87020200000000
C            2.06480600000000       -0.22270700000000        5.48642800000000
N            0.97000800000000        0.00675100000000        6.24275200000000
C            1.08214000000000        0.71726500000000        7.48939900000000
O            0.08412700000000        0.90139000000000        8.14990800000000
N            2.30119900000000        1.12904200000000        7.84616800000000
C            3.36601400000000        0.89473200000000        7.11815100000000
N            4.54135200000000        1.34441500000000        7.58338100000000
C           -0.30736600000000       -0.54196100000000        5.84716000000000
C           -0.75783700000000       -1.70555700000000        6.77622300000000
C           -1.96687400000000       -1.15693200000000        7.53813600000000
C           -2.46156900000000       -0.05074300000000        6.58520300000000
O           -1.31394400000000        0.41923200000000        5.88045200000000
C           -3.14427800000000        1.13147100000000        7.29635000000000
O           -2.63685700000000        1.40189900000000        8.56427900000000
O           -2.91128800000000       -2.15602900000000        7.77731100000000
F           -1.06884000000000       -2.78718900000000        6.01916700000000
F            0.24936000000000       -2.12038000000000        7.58023300000000
H            4.16504000000000        0.02220200000000        5.27181800000000
H            1.90893300000000       -0.76681100000000        4.56418100000000
H            5.40596300000000        1.13048300000000        7.12088500000000
H            4.54980600000000        1.77933200000000        8.48981700000000
H           -0.19576400000000       -0.94195900000000        4.82507000000000
H           -1.58478300000000       -0.70944200000000        8.46533000000000
H           -3.15814900000000       -0.50087600000000        5.86073600000000
H           -3.05442400000000        2.00010400000000        6.62917500000000
H           -4.20517600000000        0.90033300000000        7.43303500000000
H           -1.67131000000000        1.50859500000000        8.50149100000000
H           -3.54008400000000       -1.82985200000000        8.43025500000000
77
 energy: -168.304355799237 gnorm: 0.003754072998 xtb: 6.7.1pre (5071a88)
N           -0.00264995836508        0.05100166915320        0.38271986898754
C            0.03403112892554        1.45353250028512        0.12347543237967
C            1.21433545167246       -0.62970005207394        0.37582737929682
C           -1.21883259662726       -0.59128309917065        0.28549446359766
N            1.18227388861356        2.05838030539990        0.00201145984759
N           -1.10101724759534        2.10763519137084       -0.00938207864737
N            2.34019379415453       -0.00117782256331        0.22921333203890
N            1.15658720186721       -1.97005191844991        0.52524402628076
N           -2.31310959898326        0.06419949172838        0.03639001935451
N           -1.22442353880874       -1.93274205420184        0.44657099727593
C            2.29833318861592        1.32623451570905        0.07910765149929
C           -0.05036026602626       -2.55216834067314        0.84383623859309
C           -2.22031748977133        1.40124448421629       -0.04611021911543
N            3.51163791443036        1.93122873579545       -0.03113888688473
N           -0.08813995499319       -3.88540199138400        1.21496543809250
N           -3.41577245252912        2.02641175828041       -0.21330843186974
C            3.79319589610614        3.33337269050888        0.08432268359320
C            4.65969157786321        1.21191776666135       -0.15158059296941
C           -3.63490894571971        3.44004420197873       -0.24793943905333
C           -4.48760105014925        1.24318340675283       -0.38153207002991
C            0.91874663730973       -4.56270891150924        0.30639362523053
C           -1.03822056618346       -4.51471772046796        0.22857982759994
N            4.97800356881501        3.80067458328466       -0.14418761759882
N            5.79446327768806        1.65038044870864       -0.27519160264933
N           -4.93254251933680        3.88164946305628       -0.21928679146137
N           -5.43695760789658        0.63271307028592       -0.56314368245607
N            2.01756915667668       -3.97299463798767        0.02874857707677
N           -2.09540593640334       -3.90342853473528       -0.14397733806177
C            6.06943328317820        3.03908991200924       -0.43146775794981
C           -6.03726390363862        3.41423863134758       -0.03413262929336
C           -0.04691032360876       -5.44590224351427       -0.30551625374848
N            7.21386039945895        3.39318727732771       -0.79088922218898
N           -7.16418516342788        3.26723455770605        0.34287620098125
N            0.03208061488392       -6.52809544960172       -0.94610144747084
C            2.79384021392859        4.19312481939154        0.52450873057867
C           -2.65934198460623        4.32792384018184       -0.33069927357054
C            2.32881893909193       -2.77331686933789        0.40209821152667
C           -2.39865841098275       -2.68823101805645        0.21039539868503
C            1.60869182444405        4.75317793056194        0.57620499817191
C           -1.41086503911792        5.08915273581150       -0.38871772249948
N            2.66158299990855        5.64899406084092        0.88491718035539
N           -2.55012035815402        5.72495113001107       -0.35853699731124
H            7.36426153627849        4.37874032641489       -0.95421566486372
H           -7.95885523438197        2.88412179012358       -0.12646923868075
H           -0.85285126921956       -6.93227357567653       -1.23156354317211
H            2.89508950645972        6.32225432210041        0.15121540165514
H           -3.07646103708572        6.57652520025247       -0.35269196427563
H            0.54970929795893        4.73269953586728        0.43700671894384
C            3.29061479410470        0.20420327513020        5.86756158073406
C            2.06661323790713       -0.22328683930186        5.48436200489056
N            0.97023989670429        0.00572619764222        6.24039993966505
C            1.08212758269151        0.71632779396453        7.48813697565598
O            0.08290389115663        0.90184962892444        8.14656297369111
N            2.30029649107569        1.12955419617300        7.84430954099648
C            3.36608877120629        0.89533679077955        7.11653938731233
N            4.54019048598299        1.34682827948098        7.58109835431365
C           -0.30679542459117       -0.54496550669259        5.84657227506973
C           -0.75922972496907       -1.70694705679038        6.77627852178254
C           -1.96776130593266       -1.15630655283303        7.53759202527846
C           -2.46184872859470       -0.05108569427227        6.58298422879434
O           -1.31414867675895        0.41651118964347        5.87418556947024
C           -3.14270984534411        1.13254302740918        7.29360910875860
O           -2.63684632571265        1.40509543168546        8.56159039117487
O           -2.91231981979365       -2.15438379929845        7.77739849018631
F           -1.07133776041123       -2.78732551875620        6.01890304669586
F            0.24705382651610       -2.12026172042420        7.58127561484345
H            4.16586895705022        0.02180331502131        5.26951333768466
H            1.91356574881370       -0.77251516962024        4.56419367810237
H            5.40448101514030        1.13397177573701        7.11753753134908
H            4.54861781646824        1.78192432352829        8.48744548677306
H           -0.19425200312845       -0.94978233709513        4.82605895146488
H           -1.58532651994307       -0.70848618281974        8.46449187630612
H           -3.15964069686332       -0.50175510020257        5.85998702038897
H           -3.05225654284526        2.00112585321470        6.62616708971643
H           -4.20367201538214        0.90286145713995        7.42978601584003
H           -1.67072117687653        1.50620841198031        8.50195864149406
H           -3.54045279238864       -1.82979758306794        8.43185094574815
77
 energy: -168.304440554636 gnorm: 0.004031199995 xtb: 6.7.1pre (5071a88)
N           -0.00478619299595        0.05142531624229        0.38765080726956
C            0.03225378407763        1.45373493296805        0.12496283304073
C            1.21258021393223       -0.62828628034652        0.38664105433617
C           -1.22083621770702       -0.59104388445176        0.28497838743729
N            1.18107485442227        2.05823013177309        0.00469587532765
N           -1.10180343016804        2.10787242020650       -0.01097783596386
N            2.33947464012656        0.00044705110380        0.24722650387421
N            1.15558503114495       -1.96892397910616        0.53776587020443
N           -2.31409912510707        0.06448375593388        0.03469684101793
N           -1.22638926391941       -1.93318656949601        0.44514866607696
C            2.29719746348584        1.32730278646031        0.08725345586117
C           -0.05315286747286       -2.55196052144377        0.84873019283617
C           -2.22161323563966        1.40172828216899       -0.04699718914352
N            3.51066125380320        1.93152807397860       -0.02267236094081
N           -0.09157154672290       -3.88509987046973        1.21762970996002
N           -3.41645232750800        2.02596662417890       -0.21571343488380
C            3.79067834518160        3.33478817250540        0.08329718147851
C            4.65964860509455        1.21133788422226       -0.13250568867636
C           -3.63608134495662        3.44042225691053       -0.24876830224739
C           -4.48614005338371        1.24107679290566       -0.38776030443754
C            0.92063205961473       -4.56094049200279        0.31403855984006
C           -1.03692634913727       -4.51534234373022        0.22842740077303
N            4.97633569796308        3.80067285038955       -0.14557492426401
N            5.79501651948609        1.65047948618366       -0.25421035784159
N           -4.93283710847740        3.88332081767835       -0.22393482780879
N           -5.43931620584921        0.63321368002310       -0.55851662498145
N            2.02009485707657       -3.97104151582108        0.04148607415865
N           -2.09111112564065       -3.90417627891995       -0.15069452841525
C            6.06817829082840        3.03753998826041       -0.42565736618596
C           -6.03740634716050        3.41742742848409       -0.03646593854274
C           -0.04271069517180       -5.44553399715061       -0.30183103908692
N            7.21323808697645        3.38793271220823       -0.78644069989743
N           -7.16103156965094        3.27168703582131        0.34855552848616
N            0.04044101433667       -6.52769436453634       -0.94119285796321
C            2.79113002552853        4.19480026794851        0.52184596692674
C           -2.65913904995523        4.32715190447582       -0.33051169534668
C            2.32989791902284       -2.77182739067479        0.42082655846728
C           -2.39661847526183       -2.68851948783744        0.20155622934599
C            1.60641328631430        4.75618798183314        0.57369434863630
C           -1.40980666783906        5.08602818647734       -0.39265849916497
N            2.66101773401924        5.65170158013050        0.87739288397095
N           -2.54803932334571        5.72360029790473       -0.35980469570436
H            7.36213115951366        4.37142679996612       -0.96272950729246
H           -7.96026464122771        2.88780320945560       -0.11056133989203
H           -0.84243187102250       -6.93506919489406       -1.22833979049645
H            2.89485958977927        6.32382968332645        0.14367225552759
H           -3.07284877440936        6.57599076700566       -0.35210615197676
H            0.54729544053776        4.73699851404625        0.43659584940632
C            3.29163221595883        0.20590745576073        5.86146206012775
C            2.06990229160571       -0.22737231985758        5.48003490057283
N            0.97040625317741        0.00129268536824        6.23432853676545
C            1.08135626100132        0.71478309124198        7.48293044900227
O            0.07983612435081        0.90003120311151        8.13803839816976
N            2.29771141902939        1.13003324667760        7.83875010577452
C            3.36529128370815        0.89823563240741        7.11108040930225
N            4.53689223624798        1.35364185498329        7.57467968858312
C           -0.30514790222315       -0.55398498785040        5.84359328883839
C           -0.76167760604106       -1.71068530881467        6.77723620580301
C           -1.96964387237893       -1.15461218496206        7.53594398251878
C           -2.46207784711202       -0.05184035532298        6.57732209740734
O           -1.31430013094749        0.40784186554148        5.85822110862942
C           -3.13830760293904        1.13615766341787        7.28495655604679
O           -2.63517165038633        1.41225142019802        8.55306166961957
O           -2.91529982557029       -2.14988170092748        7.77777750173297
F           -1.07735670344888       -2.78952348801798        6.02119485780080
F            0.24200738457437       -2.12151918712453        7.58515060383590
H            4.16695814028910        0.02187575755776        5.26387125696928
H            1.92240202648226       -0.78450618924450        4.56291850091667
H            5.40050832885270        1.14394581007155        7.10831677635928
H            4.54528442335821        1.78890984748392        8.48096857706910
H           -0.18948150846919       -0.96887135592682        4.82659661108568
H           -1.58664504862742       -0.70515697720459        8.46174240706864
H           -3.16335843317357       -0.50350135467153        5.85851015773443
H           -3.04532474077161        2.00398321769717        6.61623046687551
H           -4.19979562599206        0.90998643838336        7.42012429264485
H           -1.66774907259901        1.50153260266915        8.49952499890297
H           -3.54127088049312       -1.82844788494129        8.43598446074412
77
 energy: -168.304496375390 gnorm: 0.005554667799 xtb: 6.7.1pre (5071a88)
N           -0.00669567347633        0.05181376879216        0.39247006197076
C            0.03089788687023        1.45370890200831        0.12609807748619
C            1.21085411354503       -0.62699015780583        0.39801267377786
C           -1.22257544517064       -0.59074193420292        0.28551539052518
N            1.18014035353542        2.05778443161453        0.00701832946303
N           -1.10242719374673        2.10769941171454       -0.01403251033792
N            2.33843546853664        0.00169642550859        0.26416413729292
N            1.15415694881487       -1.96765769831170        0.55046088787324
N           -2.31519012336959        0.06480690367929        0.03346392456892
N           -1.22806096308396       -1.93340176795938        0.44421105963320
C            2.29619543099496        1.32796465016458        0.09633790498575
C           -0.05592963910967       -2.55144404226036        0.85414660365226
C           -2.22277658332440        1.40211308009160       -0.04922630414637
N            3.50980204902749        1.93154526559481       -0.01300991536951
N           -0.09532492148895       -3.88474751378808        1.22112587797990
N           -3.41732108154005        2.02645052214859       -0.21726434608603
C            3.78887661828955        3.33572564878796        0.08492750263201
C            4.65946867761088        1.21061023822205       -0.11293973199067
C           -3.63654757431002        3.44125237040626       -0.25070792412354
C           -4.48903392591228        1.24273725067955       -0.38118352881866
C            0.92206538187191       -4.55912769206953        0.32234410141138
C           -1.03576408915338       -4.51592649999492        0.22813958729769
N            4.97473001285218        3.80039017615329       -0.14612188802493
N            5.79488153487555        1.64990887948717       -0.23367228362654
N           -4.93301540211677        3.88397987905460       -0.22423363779077
N           -5.43484341286121        0.62859721641755       -0.56925269910765
N            2.02225141303502       -3.96878933473220        0.05522282901124
N           -2.08738378847566       -3.90470449854576       -0.15773490317277
C            6.06688878366925        3.03558152408398       -0.41892727509139
C           -6.03641948806757        3.41741216066009       -0.02996917328947
C           -0.03824713729293       -5.44515091299857       -0.29767056780985
N            7.21204241613651        3.38251099201147       -0.78328586271864
N           -7.16119787292275        3.27837000122814        0.35452159972943
N            0.04954009815082       -6.52762077109726       -0.93579161120133
C            2.78917860607760        4.19708634165503        0.52001348415838
C           -2.65878113767097        4.32698965433112       -0.33305866121471
C            2.33019589641540       -2.77006480305413        0.43946279404933
C           -2.39498431236669       -2.68879873429344        0.19317925003529
C            1.60475483947816        4.75929028017124        0.57101830638851
C           -1.40876355349187        5.08436076500785       -0.39605023509811
N            2.66020734168662        5.65537777194243        0.86963242637205
N           -2.54636197189785        5.72317999763125       -0.36305523627594
H            7.35991329164199        4.36419089925646       -0.97110275440094
H           -7.96217137940494        2.89150989491672       -0.09870100116125
H           -0.83112961574977       -6.93742852254585       -1.22624191713556
H            2.89417622695165        6.32540007318976        0.13430783740221
H           -3.07002063353589        6.57624412441514       -0.35285297352676
H            0.54546400067320        4.74054896855133        0.43537987081164
C            3.29145567958814        0.20636914167587        5.85653529072148
C            2.07129132482074       -0.23285247452913        5.47673062268441
N            0.97028396579388       -0.00460325432308        6.22922541080731
C            1.08024302974807        0.71266876882355        7.47727053793108
O            0.07724857991001        0.89642178250046        8.13044457778901
N            2.29516574730816        1.13009602573232        7.83265976504777
C            3.36364732934498        0.90159857428232        7.10484645873412
N            4.53367403664997        1.36052709488347        7.56785972568566
C           -0.30369437884713       -0.56311056208227        5.83970880086087
C           -0.76325046273126       -1.71439051285173        6.77840172649521
C           -1.97108570521163       -1.15315691158964        7.53418474173026
C           -2.46177661195472       -0.05287298487837        6.57181189042768
O           -1.31398267076323        0.39862282665069        5.84473179816883
C           -3.13360831462560        1.13995524642975        7.27538076790059
O           -2.63208765355565        1.41814933257528        8.54362487616254
O           -2.91832791444019       -2.14593935045863        7.77817646678419
F           -1.08237724967585       -2.79401565005413        6.02584351044886
F            0.23821522227941       -2.12418287998964        7.58899776614982
H            4.16692631783354        0.02271371486825        5.25902473961579
H            1.92700410645280       -0.79308265403051        4.56085151929557
H            5.39691360603075        1.15402063416826        7.09920516236112
H            4.54193374386750        1.79637201446797        8.47389085128879
H           -0.18495343741062       -0.98436218963349        4.82535214109644
H           -1.58799062184319       -0.70155007937808        8.45878281201150
H           -3.16628497139779       -0.50511702940257        5.85681103835698
H           -3.03713470319385        2.00611592564785        6.60466011958820
H           -4.19602791577190        0.91738343880581        7.40966602139465
H           -1.66383586476465        1.49993415191888        8.49338673438093
H           -3.54173268464236       -1.82595772614621        8.43954054910366
77
 energy: -168.304577625973 gnorm: 0.005031768910 xtb: 6.7.1pre (5071a88)
N           -0.00828462636897        0.05225160276507        0.39760336343146
C            0.03000640585740        1.45374550969487        0.12820892188465
C            1.20929392815673       -0.62570681243722        0.41067764948526
C           -1.22369992044527       -0.59050013009359        0.28617800847844
N            1.17955730517142        2.05742075889342        0.01067893676827
N           -1.10286595561718        2.10749467367481       -0.01616798136492
N            2.33727912582472        0.00286153522496        0.28135887617657
N            1.15244780117842       -1.96623968689404        0.56412616616242
N           -2.31562113029618        0.06490089899067        0.03072900757383
N           -1.22924408823298       -1.93349465677832        0.44316889159645
C            2.29543555462696        1.32850006227748        0.10759029455768
C           -0.05873834939487       -2.55065805009441        0.86030074869351
C           -2.22339688827159        1.40227514207663       -0.05234482690161
N            3.50918243558315        1.93148250135343       -0.00094633969105
N           -0.09960978319617       -3.88433644907268        1.22565326163204
N           -3.41784632043639        2.02664254367189       -0.22133849218157
C            3.78787008613552        3.33638316887490        0.08921890861762
C            4.65941707062074        1.20997637912662       -0.09091933495720
C           -3.63693790162032        3.44149140373421       -0.25475343328674
C           -4.48947829017754        1.24273975092174       -0.38553448662856
C            0.92323725100118       -4.55731430544671        0.33207994910754
C           -1.03445441764656       -4.51645912456133        0.22757946213620
N            4.97354886681259        3.79978635492871       -0.14549284432291
N            5.79462081822107        1.64888213732297       -0.21175341840723
N           -4.93342857724846        3.88390608630324       -0.22499215837457
N           -5.43852629453780        0.63125612495961       -0.56487023684627
N            2.02440025192572       -3.96634977652991        0.07125290781496
N           -2.08356227645106       -3.90511557657276       -0.16574218857734
C            6.06585363253714        3.03317992706102       -0.41099954246892
C           -6.03566974777462        3.41672266937917       -0.02336022242482
C           -0.03307837843232       -5.44470994027139       -0.29274304557214
N            7.21058576433552        3.37658992081916       -0.78070048876353
N           -7.16178787023206        3.28460299526687        0.36049641622543
N            0.06006512175501       -6.52769951376865       -0.92942435128676
C            2.78800988885678        4.20012839092265        0.51887658461766
C           -2.65878560559333        4.32677410330784       -0.33621457733897
C            2.32992936415096       -2.76808166515256        0.45940211177630
C           -2.39331780403707       -2.68916842815304        0.18415914256978
C            1.60370543891605        4.76269340150697        0.56789653698712
C           -1.40829003755407        5.08340436723448       -0.39783919347498
N            2.65925831270503        5.66027385932768        0.86096703768836
N           -2.54552856417352        5.72302095304301       -0.36629517489589
H            7.35789188859239        4.35643575378877       -0.97903018855259
H           -7.96437049139951        2.89344265145231       -0.08677842208376
H           -0.81815371249445       -6.93939692121522       -1.22471223417535
H            2.89312706505698        6.32685684726777        0.12229613756143
H           -3.06833815357672        6.57662636085746       -0.35430143069029
H            0.54428492037034        4.74368086322234        0.43283013654747
C            3.29042518385134        0.20577832339284        5.85182194910109
C            2.07129380599790       -0.23901157252937        5.47347204360466
N            0.97011545214832       -0.01209185359344        6.22481585057431
C            1.07897331814818        0.70907518122924        7.47144709895083
O            0.07494075123443        0.89201536756020        8.12311934225092
N            2.29250240538867        1.13016594405101        7.82550933779081
C            3.36134590427281        0.90472132234861        7.09761158575397
N            4.53028193758718        1.36799955948673        7.55968161930291
C           -0.30251330302518       -0.57284379028646        5.83529271286708
C           -0.76477321076376       -1.71857845738778        6.77947920444096
C           -1.97247525631569       -1.15198004913503        7.53221732747230
C           -2.46100202091850       -0.05465677975038        6.56560973261986
O           -1.31323600353238        0.38850389792722        5.83271825165100
C           -3.12803215042684        1.14393093116024        7.26410723007926
O           -2.62793119858299        1.42405444422901        8.53255075701155
O           -2.92169274541707       -2.14248917673203        7.77858077762661
F           -1.08690140604488       -2.80114854312203        6.03224200076680
F            0.23499844196919       -2.12793192179694        7.59246306115394
H            4.16611668341342        0.02382140844260        5.25415385780544
H            1.92875049308059       -0.80049449686574        4.55839139413267
H            5.39341966170420        1.16509842536436        7.08916234455604
H            4.53815574157897        1.80563801500836        8.46483454265632
H           -0.18096064595778       -0.99823323868941        4.82323765252149
H           -1.58972622942252       -0.69777983571688        8.45556732470331
H           -3.16852251121035       -0.50743698617662        5.85416891334307
H           -3.02664016273942        2.00731182569378        6.59052507272284
H           -4.19185520304247        0.92612316404670        7.39720852725903
H           -1.65924666422931        1.50159289684212        8.48375024255651
H           -3.54180218193136       -1.82235466721066        8.44287939992040
77
 energy: -168.304749795968 gnorm: 0.005050011408 xtb: 6.7.1pre (5071a88)
N           -0.01239376419858        0.05357419442368        0.40986887379887
C            0.02785590844499        1.45408879776224        0.13434345356330
C            1.20517505041247       -0.62266347256705        0.44136945208970
C           -1.22633989889666       -0.58986783567704        0.28808998908823
N            1.17805839405706        2.05695006281939        0.02099837477860
N           -1.10436909924103        2.10707876958569       -0.01961537921875
N            2.33388219437166        0.00570097152773        0.32123447198563
N            1.14754905667774       -1.96267551904785        0.59719374411465
N           -2.31691741066711        0.06509089404806        0.02419612718129
N           -1.23193150264731       -1.93344148005317        0.44089635010922
C            2.29346843718874        1.32974999016387        0.13627659168175
C           -0.06596521061548       -2.54851683789506        0.87557324958954
C           -2.22509423145583        1.40257961942461       -0.05865922349909
N            3.50770618511515        1.93143403485003        0.03064809550082
N           -0.11078653971426       -3.88325434865801        1.23769153107591
N           -3.41960629918448        2.02768528549019       -0.22887570821979
C            3.78638637579474        3.33760958426995        0.10227010100339
C            4.65925191689615        1.20887353740733       -0.03575763424191
C           -3.63796800442089        3.44243972621136       -0.26202492380035
C           -4.49258050058018        1.24478767977822       -0.39116410178120
C            0.92535572687725       -4.55318468992171        0.35735511966424
C           -1.03118326786701       -4.51732127870558        0.22566932218415
N            4.97164657592910        3.79767702927912       -0.14186565939993
N            5.79413440480547        1.64593799388813       -0.15867669806923
N           -4.93478798959169        3.88510661973470       -0.23214433107672
N           -5.44614885357847        0.63707404978301       -0.55985925022647
N            2.02936308922499       -3.96053500871026        0.11287233664997
N           -2.07428573026797       -3.90578758858277       -0.18569155356321
C            6.06392085475663        3.02683791319341       -0.39125398429618
C           -6.03644584377620        3.41901495482792       -0.02205253533451
C           -0.02005653860102       -5.44330797105031       -0.28026863829271
N            7.20698740649146        3.36186794367020       -0.77493505773358
N           -7.15674445960159        3.28797229851069        0.37889359604050
N            0.08653005610511       -6.52747839319872       -0.91343537223529
C            2.78630201163675        4.20814491529777        0.51709847786385
C           -2.65926376561198        4.32685774886620       -0.34209343261897
C            2.32808937855624       -2.76302471859191        0.50815611241747
C           -2.38978503960417       -2.69033218384462        0.16231308465745
C            1.60198926328491        4.77096238438472        0.56018219091922
C           -1.40804107280010        5.08209188205019       -0.40708090899430
N            2.65706012621032        5.67321704354062        0.83928323232681
N           -2.54428159606559        5.72346571707511       -0.37296172942056
H            7.35365575964436        4.33724084249500       -0.99614853643718
H           -7.97068426169716        2.89813375729553       -0.05038653023367
H           -0.78561856053206       -6.94280807182195       -1.22196685723318
H            2.88995230587949        6.32960877008493        0.09030300943207
H           -3.06525622966911        6.57823363497301       -0.35664806136753
H            0.54235742910730        4.75039245827364        0.42530175959815
C            3.28745077513058        0.20302501025163        5.84015436356834
C            2.07017590417952       -0.25338635205471        5.46519351884828
N            0.97002495182419       -0.03112280453153        6.21565339164324
C            1.07583966278850        0.70000523908467        7.45730723079839
O            0.07030492883157        0.88160020534580        8.10686042217466
N            2.28639832080883        1.13066791646426        7.80750847208466
C            3.35559098326887        0.91051045169720        7.07953260152426
N            4.52222611938881        1.38572656307225        7.53820122314100
C           -0.30043731166833       -0.59604684598040        5.82539688945538
C           -0.76860933279525       -1.72898467824672        6.78208376529411
C           -1.97591765004644       -1.14985867886372        7.52739139834022
C           -2.45856211563392       -0.05993869338230        6.55008800636621
O           -1.31092312552712        0.36450819424518        5.80708391027405
C           -3.11431245776105        1.15324164428607        7.23533767360038
O           -2.61821086914780        1.43803774880764        8.50449397023080
O           -2.93007252407748       -2.13537457884679        7.77948630500374
F           -1.09592488832086       -2.82067079196572        6.04855448318843
F            0.22835460530715       -2.13692902439204        7.60004784272688
H            4.16364682664332        0.02600857269734        5.24179402308766
H            1.93019910209442       -0.81776441685498        4.55231521562201
H            5.38556325827212        1.19203496533732        7.06408627452488
H            4.52858110808406        1.83017711238751        8.43997304854015
H           -0.17319144589152       -1.02992622159548        4.81866576475106
H           -1.59462699979478       -0.68931085592944        8.44790372179050
H           -3.17248261454478       -0.51449385796473        5.84649758459769
H           -2.99876655326482        2.00873917211536        6.55416337374717
H           -4.18197549680387        0.94897639928342        7.36460426310284
H           -1.64891721148906        1.50976615554103        8.45757138103852
H           -3.54156618644155       -1.81250125666622        8.45023134094789
77
 energy: -168.304891479614 gnorm: 0.006603609070 xtb: 6.7.1pre (5071a88)
N           -0.01727990565725        0.05536754372129        0.42270694711508
C            0.02535762836461        1.45491941733825        0.14204271887309
C            1.20028134429157       -0.61945174987051        0.47325201455728
C           -1.22930143423038       -0.58920372844652        0.28926510977936
N            1.17632839587033        2.05721429308971        0.03425497373219
N           -1.10611072517334        2.10699866620571       -0.02179181672970
N            2.32992043739843        0.00909468832669        0.36271566917185
N            1.14191026132348       -1.95886566815983        0.63244610845760
N           -2.31836343612917        0.06514283268665        0.01662816077527
N           -1.23485453076883       -1.93325175827133        0.43873603806811
C            2.29110563572442        1.33140139293216        0.16725628052805
C           -0.07429677000463       -2.54638323256927        0.89186199474004
C           -2.22672197720927        1.40267256748120       -0.06467756200569
N            3.50600138930101        1.93196045295842        0.06589098472977
N           -0.12323371669065       -3.88192100633630        1.25147359784184
N           -3.42101743178766        2.02837427752815       -0.23643835193043
C            3.78478290031473        3.33908074194864        0.11646202579437
C            4.65887576523752        1.20858856749285        0.02389314127587
C           -3.63886987407225        3.44299976054782       -0.26943793609583
C           -4.49546695214536        1.24677827092529       -0.39592530740925
C            0.92741050525530       -4.54923689790727        0.38664472222012
C           -1.02711064284141       -4.51748892100212        0.22379322447472
N            4.97031658376033        3.79494539545325       -0.13570318160702
N            5.79407770340714        1.64311708075737       -0.10259754803285
N           -4.93610384577560        3.88524319430214       -0.23547507726180
N           -5.45258043285171        0.64238907177825       -0.55592676389802
N            2.03485521531902       -3.95488817895693        0.16064181683098
N           -2.06351224958309       -3.90625963648493       -0.20604108728574
C            6.06220810269623        3.01985140965421       -0.37003549189855
C           -6.03569089956778        3.41916251070849       -0.01364339386767
C           -0.00572608176743       -5.44128867525521       -0.26609948012763
N            7.20340576261516        3.34577988255005       -0.76719050478739
N           -7.15278127348160        3.29315382007216        0.39739828859108
N            0.11481031738809       -6.52612182007177       -0.89586773539300
C            2.78451803777281        4.21664497428119        0.51557434894816
C           -2.66019966425297        4.32725434558997       -0.34976115767713
C            2.32551241836866       -2.75764177613027        0.56170106014099
C           -2.38617629511718       -2.69173700476296        0.13928531345595
C            1.59996692451806        4.77942245953659        0.55179163976161
C           -1.40874371862218        5.08184946824194       -0.41836398475280
N            2.65465744326565        5.68695234853045        0.81536789866491
N           -2.54435238897500        5.72412170125969       -0.38124022884620
H            7.34960701289736        4.31600356466811       -1.01174801445495
H           -7.97408218301467        2.90388516246923       -0.01802199691843
H           -0.75084426404823       -6.94448468307408       -1.21893928119204
H            2.88580323401518        6.33128976165055        0.05476340891320
H           -3.06403411375708        6.57958482766953       -0.36060520436561
H            0.54025755013194        4.75670837667415        0.41701994047893
C            3.28531245943635        0.19919762242298        5.82560032165766
C            2.07024442748280       -0.26833638931438        5.45499156975481
N            0.97072782408493       -0.05097070297393        6.20616950404958
C            1.07283712397472        0.69204997245860        7.44113455712786
O            0.06645490868063        0.87261862211315        8.08976086948210
N            2.28059308724066        1.13261621814344        7.78724423066305
C            3.35026235274158        0.91549671696091        7.05908519528045
N            4.51393716420649        1.40372124171688        7.51312976514660
C           -0.29873106983921       -0.62022656014550        5.81655369095898
C           -0.77283790773498       -1.73975895092792        6.78554169105176
C           -1.97997286348064       -1.14805621316487        7.52201522753245
C           -2.45586542894195       -0.06589450726592        6.53289216647008
O           -1.30806027419945        0.34054232382461        5.78124562103849
C           -3.10112269010065        1.16239837048583        7.20322211559492
O           -2.61112288140212        1.45247845206114        8.47356733291245
O           -2.93928324058223       -2.12808423843767        7.78014892171425
F           -1.10311825445737       -2.84017720665779        6.06480850216595
F            0.22170734952277       -2.14394467351602        7.60891218059288
H            4.16177328590529        0.02614614410457        5.22644879327541
H            1.93295965068471       -0.83831983562509        4.54531571083500
H            5.37776734935127        1.21923100837493        7.03631664367718
H            4.51797856771459        1.85723358242988        8.41039269093279
H           -0.16643135113837       -1.06579079235452        4.81596801178928
H           -1.60042742574491       -0.68098361561401        8.43963739830182
H           -3.17544399014409       -0.52348929422141        5.83705171829356
H           -2.96882166249490        2.00944123647343        6.51437093362647
H           -4.17264610677109        0.97369389372123        7.32668843505827
H           -1.64101287391495        1.51862656164118        8.43046303582682
H           -3.54217129179913       -1.80118907844140        8.45668084385756
77
 energy: -168.305074874015 gnorm: 0.006949008706 xtb: 6.7.1pre (5071a88)
N           -0.02313075846240        0.05776551262593        0.43697493035131
C            0.02239488062625        1.45638294872947        0.15289002792897
C            1.19416890576636       -0.61590230037018        0.50767759571395
C           -1.23252567432658       -0.58846593018418        0.28982212014897
N            1.17424815479216        2.05842849503046        0.05288860944251
N           -1.10817191006369        2.10746573398386       -0.02122192694019
N            2.32479232927562        0.01324024623793        0.40724534718277
N            1.13505278352116       -1.95443924401464        0.67161310895851
N           -2.31982696988796        0.06508410175479        0.00766627134104
N           -1.23782026589445       -1.93282650009443        0.43667301586908
C            2.28796002739821        1.33359775330619        0.20258129229148
C           -0.08418126900935       -2.54410005169743        0.90995551628538
C           -2.22828298928718        1.40266863823839       -0.07001220550778
N            3.50366249560788        1.93334195624484        0.10732186165647
N           -0.13754148703992       -3.88010278204135        1.26821426715953
N           -3.42211894378304        2.02889932629540       -0.24375992939482
C            3.78280203700543        3.34078804961178        0.13374521348007
C            4.65745841258482        1.20961142164979        0.09045251752344
C           -3.63951575714194        3.44345293726553       -0.27604442034558
C           -4.49816847942411        1.24890779864367       -0.40022083222531
C            0.92958928986010       -4.54523826708717        0.42251183327015
C           -1.02151060316851       -4.51660459004038        0.22215512795188
N            4.96922362622078        3.79118665504292       -0.12530641890366
N            5.79342938146485        1.64044584335468       -0.04168968541666
N           -4.93694503761840        3.88600902467194       -0.23669720105412
N           -5.45758735119927        0.64707913102523       -0.55491173323238
N            2.04096561626252       -3.94907132118063        0.21835103208541
N           -2.05026893631298       -3.90643896787199       -0.22709789675888
C            6.06007924701797        3.01154475654449       -0.34536458864132
C           -6.03460194856899        3.42104223743115       -0.00374321119873
C            0.01104774265177       -5.43826248620309       -0.24878201115197
N            7.19911813025182        3.32686686163151       -0.75636809173962
N           -7.14777273081575        3.29853765814252        0.41808379432625
N            0.14646729020033       -6.52310008806035       -0.87537674572661
C            2.78231384327454        4.22608382185477        0.51475814717696
C           -2.66129451465612        4.32788073060330       -0.35878425808155
C            2.32160485601529       -2.75148689717239        0.62350315726864
C           -2.38209569752569       -2.69329735243961        0.11421718391714
C            1.59726003111388        4.78834763290676        0.54195386672116
C           -1.41003125512449        5.08234953287736       -0.43405712384478
N            2.65145125898749        5.70200850364484        0.78768216542145
N           -2.54528559106046        5.72482691122568       -0.39121769913109
H            7.34536965248195        4.29067120409013       -1.02495154707735
H           -7.97423331088980        2.90710197682069        0.01621212603298
H           -0.71179801457830       -6.94330291270771       -1.21578361539092
H            2.88023026190102        6.33137771193772        0.01345823236192
H           -3.06424141751129        6.58057034231768       -0.36651420538310
H            0.53762243248773        4.76248634762085        0.40727825423812
C            3.28383414530165        0.19340006910958        5.80695918876366
C            2.07135482403513       -0.28557654178796        5.44227045012688
N            0.97250597673905       -0.07296843873546        6.19578734050363
C            1.07041010242312        0.68379642697155        7.42183218703622
O            0.06377484476727        0.86551491359432        8.07007136507250
N            2.27524856233631        1.13720543288516        7.76217627246783
C            3.34519072838996        0.92095270957332        7.03375868399944
N            4.50537762697373        1.42296041266761        7.48188143171920
C           -0.29694796946528       -0.64645295218686        5.80823738514241
C           -0.77732408627302       -1.75089405348492        6.79044875716198
C           -1.98481954780405       -1.14613694809453        7.51569212815091
C           -2.45270673861088       -0.07297287264505        6.51263265632184
O           -1.30386442037122        0.31544309055234        5.75484080065036
C           -3.08816036299774        1.17107366236558        7.16543645714990
O           -2.60715520570352        1.46681884289571        8.43781543003318
O           -2.95005271666216       -2.11959224544627        7.78030843657843
F           -1.10841852772106       -2.86047917747505        6.08300501682229
F            0.21442101790506       -2.14856298305863        7.62081913237203
H            4.16026046999197        0.02348543727649        5.20688947899740
H            1.93617114800413       -0.86289979743158        4.53671197018363
H            5.37010784812734        1.24695382765960        7.00384216531093
H            4.50599949244148        1.88828826091164        8.37319520512977
H           -0.16018722508207       -1.10648436156508        4.81482066004274
H           -1.60760532268754       -0.67162603300256        8.43013929761345
H           -3.17670565424115       -0.53496162312838        5.82418541203897
H           -2.93561348509187        2.00858548324516        6.46885517789074
H           -4.16358310671425        1.00007069027153        7.27987978678431
H           -1.63622857519427        1.52843559125406        8.40101785028756
H           -3.54464361624515       -1.78679093538361        8.46120260676030
77
 energy: -168.305336997696 gnorm: 0.006366272931 xtb: 6.7.1pre (5071a88)
N           -0.03032497933034        0.06102695405172        0.45444037735683
C            0.01863214015854        1.45878812419808        0.16944265991670
C            1.18623460517818       -0.61174445763073        0.54723677645428
C           -1.23605604884458       -0.58754537383792        0.29001623669073
N            1.17149063292040        2.06107461069079        0.08073334183088
N           -1.11065698730765        2.10889255734713       -0.01593552826770
N            2.31792040032780        0.01843414692708        0.45807495527368
N            1.12640774835547       -1.94890867582419        0.71801720984077
N           -2.32107847415034        0.06500698875866       -0.00322657715025
N           -1.24070762453017       -1.93205788708034        0.43495264874600
C            2.28346693380314        1.33666127662657        0.24557059442343
C           -0.09639589908648       -2.54150119788134        0.93147423965579
C           -2.22968998851850        1.40276156503571       -0.07427342592496
N            3.50013480712379        1.93604040688628        0.15880406916020
N           -0.15481963590492       -3.87745419651794        1.29009912116131
N           -3.42262986504712        2.02932574050602       -0.25126637149208
C            3.77985152526248        3.34304083943803        0.15597050203145
C            4.65404612611229        1.21251323620381        0.16854797025824
C           -3.63961625692313        3.44387855297342       -0.28206915360104
C           -4.50021649345570        1.25115291290491       -0.40534590167576
C            0.93218141604688       -4.54087501172779        0.46943466087516
C           -1.01329676609882       -4.51406414388869        0.22145723325948
N            4.96793678357643        3.78616678494633       -0.10881349547280
N            5.79134951551129        1.63805718093939        0.02822839755453
N           -4.93693138691106        3.88713503150997       -0.23414213283693
N           -5.46094742879339        0.65112887101642       -0.55832930939344
N            2.04794389238118       -3.94265604550591        0.29241986628897
N           -2.03299520710107       -3.90614574027559       -0.24910033252849
C            6.05689491439190        3.00104973183578       -0.31447804793319
C           -6.03232244182236        3.42396124662043        0.01077849668006
C            0.03193498694815       -5.43357868391366       -0.22573938636787
N            7.19364892486720        3.30306577207491       -0.74013048974814
N           -7.14097864033764        3.30318817667211        0.44370423244338
N            0.18380012701803       -6.51741221380885       -0.84976481240474
C            2.77897843386542        4.23708806459306        0.51496337628266
C           -2.66238290023345        4.32885078253949       -0.37091391216265
C            2.31573928106035       -2.74388438672269        0.69982286941018
C           -2.37693040938024       -2.69487183286913        0.08599867666427
C            1.59305554984422        4.79814420802128        0.52952720296249
C           -1.41185600595454        5.08377749857585       -0.45724505334090
N            2.64656435222492        5.71898653938947        0.75378143067358
N           -2.54709670714251        5.72557116186992       -0.40448559317903
H            7.34071182713780        4.25846379348698       -1.03527009344650
H           -7.97035967115059        2.90946018851433        0.05293411049082
H           -0.66549031980469       -6.93769783098124       -1.21204332305129
H            2.87274352101096        6.32905406822222       -0.03661455295810
H           -3.06611616611150        6.58106197289228       -0.37571524095763
H            0.53369281854085        4.76780949611761        0.39491000782805
C            3.28319011034364        0.18469369462993        5.78154078193659
C            2.07400981634400       -0.30721478526761        5.42534545612327
N            0.97579028859442       -0.09820746559887        6.18269012885601
C            1.06860696066370        0.67638647110360        7.39576778689151
O            0.06257776335672        0.86081966491497        8.04480515656806
N            2.27052772544487        1.14540336588358        7.72870068825456
C            3.34056045746474        0.92703387535099        7.00036499165624
N            4.49658288977922        1.44443330729650        7.44029286219278
C           -0.29447124348684       -0.67652730974891        5.79987173139782
C           -0.78207604015396       -1.76269840383342        6.79757198863667
C           -1.99093095248843       -1.14336794756073        7.50739206540553
C           -2.44882266654581       -0.08160745713647        6.48678847357199
O           -1.29733308158590        0.28776992374208        5.72562967906629
C           -3.07539299813193        1.17890128439519        7.11822856970565
O           -2.60770702191281        1.48098271923053        8.39391715894975
O           -2.96309961051519       -2.10847721424400        7.77952622915166
F           -1.11146719826153       -2.88276218186744        6.10558257094952
F            0.20554575003047       -2.14923615989264        7.63833651084909
H            4.15923195075149        0.01664155054070        5.18048927998271
H            1.94031350326713       -0.89515556074293        4.52589133236404
H            5.36270877257460        1.27601988498344        6.96260311583221
H            4.49225173215393        1.92557858683484        8.32341920331624
H           -0.15399281548599       -1.15539949621708        4.81551492082960
H           -1.61703092684069       -0.65924944566941        8.41790161400351
H           -3.17538421575666       -0.55020001368802        5.80538122868860
H           -2.89836153704326        2.00551936817558        6.41432932968426
H           -4.15459692651726        1.02778086127140        7.21895729740471
H           -1.63604596945222        1.53911591499421        8.36733245853762
H           -3.55064747633087       -1.76719983579412        8.46208285897107
77
 energy: -168.305631866310 gnorm: 0.006483966950 xtb: 6.7.1pre (5071a88)
N           -0.03779973617769        0.06473299605351        0.47471939804286
C            0.01422569086000        1.46186196524613        0.19097319212940
C            1.17758183770127       -0.60725420566852        0.58892197018625
C           -1.23940436237939       -0.58633896598212        0.29112340844446
N            1.16800303244352        2.06486430984807        0.11548584278724
N           -1.11334728738078        2.11133953543665       -0.00569169554488
N            2.31036147920127        0.02395570718207        0.51154568590367
N            1.11723285003668       -1.94269244316621        0.76772260089445
N           -2.32168509602038        0.06523363861021       -0.01368628227333
N           -1.24299987792400       -1.93099543576052        0.43438346397600
C            2.27793831590485        1.34040268963917        0.29220200213474
C           -0.10927576592557       -2.53869437408262        0.95490341578817
C           -2.23091433671220        1.40337453719468       -0.07634606807920
N            3.49551711429148        1.93980286865283        0.21448736763221
N           -0.17307208739690       -3.87409030670857        1.31525160733410
N           -3.42258344856947        2.02978777044881       -0.25824482606999
C            3.77555715511942        3.34601593937391        0.17997456646864
C            4.64869446150347        1.21666384338194        0.25078999575911
C           -3.63920696439174        3.44455663208819       -0.28698862357450
C           -4.50103475242531        1.25296619617706       -0.41188453152781
C            0.93508693017183       -4.53614871103924        0.52288001444394
C           -1.00313854702872       -4.51001267895446        0.22293629142796
N            4.96564902972098        3.78119582585029       -0.08945264948661
N            5.78759807368096        1.63644000512006        0.10244572188538
N           -4.93577864446319        3.88900794630132       -0.22810444443172
N           -5.46158785521535        0.65335607051291       -0.56777111375076
N            2.05454377222007       -3.93590199543480        0.37492549190611
N           -2.01351191788661       -3.90532672120592       -0.26886385613376
C            6.05246208699614        2.98947291757619       -0.27955781460244
C           -6.02909826202353        3.42826019990698        0.02847881930569
C            0.05463528181089       -5.42757058628266       -0.19836130816333
N            7.18772967360557        3.27655031168834       -0.71846685675166
N           -7.13297535039953        3.30674634078904        0.47285408885580
N            0.22254090066561       -6.50946822395683       -0.82112797970899
C            2.77406079971753        4.24843858686735        0.51564017469035
C           -2.66296159352167        4.32974707393716       -0.38567108228335
C            2.30873695899095       -2.73534043273590        0.78366471966560
C           -2.37070896726325       -2.69587592345686        0.05842677566432
C            1.58713782862701        4.80788735883484        0.51501458949776
C           -1.41334051713408        5.08496029824294       -0.48665574280695
N            2.63995356190635        5.73542472530071        0.71710128219453
N           -2.54852615706623        5.72586453716151       -0.42041063968936
H            7.33606648363531        4.22243062286710       -1.04210333295955
H           -7.96374460450054        2.90973150319635        0.09003238375958
H           -0.61700159725488       -6.92823725876465       -1.20711468830939
H            2.86499926895693        6.32474981260947       -0.08876795727463
H           -3.06807083823225        6.58087865896363       -0.38776037806911
H            0.52821686074300        4.77284024119962        0.38024975527309
C            3.28338984689780        0.17416497840997        5.75165189404615
C            2.07801929265768       -0.33206163393638        5.40595362234582
N            0.97992260264451       -0.12314251031205        6.16646311401472
C            1.06777545599920        0.67089176522054        7.36455687926226
O            0.06239609658605        0.86017334778227        8.01398642474354
N            2.26692022078194        1.15643793811552        7.68890844134900
C            3.33705772384146        0.93404216998484        6.96138797558032
N            4.48906350231241        1.46625999951914        7.39169018647816
C           -0.29074092408539       -0.70745891319066        5.79113164855720
C           -0.78612606737340       -1.77354966035197        6.80597157284262
C           -1.99761155447142       -1.13938061216641        7.49740582378771
C           -2.44503648691094       -0.09102664988389        6.45738344253449
O           -1.28925583828159        0.25972610024993        5.69428013349698
C           -3.06446143622571        1.18449723185741        7.06632523753307
O           -2.61249877760392        1.49364369484573        8.34593827551625
O           -2.97653816486937       -2.09518916553767        7.77755890196551
F           -1.11247545954668       -2.90461975828172        6.13138601309912
F            0.19552420180824       -2.14490067896226        7.66044147925580
H            4.15889539323982        0.00575187957948        5.15003223806013
H            1.94562972857882       -0.93336092195316        4.51457995778754
H            5.35656660416143        1.30246292542520        6.91528816300223
H            4.47940646973512        1.96388250423935        8.26578608520359
H           -0.14757441982016       -1.20752512534704        4.81705011310806
H           -1.62766553147727       -0.64362322672528        8.40318942844022
H           -3.17207764223649       -0.56753071405041        5.78191355464015
H           -2.86354493144188        2.00072434934465        6.35698214107986
H           -4.14658369734819        1.05135128713895        7.15108703772641
H           -1.64032686097099        1.54813400598092        8.33244741949480
H           -3.56080822781657       -1.74437001004664        8.45781404061625
77
 energy: -168.305948752266 gnorm: 0.007416699320 xtb: 6.7.1pre (5071a88)
N           -0.04487883187034        0.06868674460903        0.49829267931209
C            0.00941258753200        1.46535755982230        0.21730538144683
C            1.16889076195196       -0.60237794733519        0.63242523445590
C           -1.24217194017509       -0.58471177240928        0.29492448997684
N            1.16381235511020        2.06947983703240        0.15578705100250
N           -1.11609537879765        2.11454367459143        0.00934699986228
N            2.30260492609105        0.02952787109129        0.56627690000498
N            1.10795042556944       -1.93589987118597        0.81929950249934
N           -2.32125331333660        0.06594098873623       -0.02201799388909
N           -1.24429748388026       -1.92953741781645        0.43598942718755
C            2.27168247057613        1.34478146075282        0.34153591014455
C           -0.12179750403801       -2.53537950089124        0.98034260078083
C           -2.23185107615543        1.40462628163277       -0.07597501064988
N            3.48985718151725        1.94436787475804        0.27172806059978
N           -0.19139812058196       -3.87003264301099        1.34283667825550
N           -3.42205456559825        2.03041842923524       -0.26492657612783
C            3.77019476067880        3.34939298786946        0.20544915428750
C            4.64163687060597        1.22176273069831        0.33396367555185
C           -3.63839810948124        3.44550924910660       -0.29124423390582
C           -4.50049012226418        1.25431214132618       -0.42158638963495
C            0.93785767330298       -4.53076873687543        0.58014282998620
C           -0.99156801567607       -4.50463226672425        0.22729914217233
N            4.96208004181099        3.77659547146149       -0.06890848485825
N            5.78210480355967        1.63600669460947        0.17865767554135
N           -4.93380717132213        3.89078689322911       -0.21795136082763
N           -5.46027775206480        0.65465606457541       -0.58293681965228
N            2.05968587849586       -3.92859067751053        0.46149720348682
N           -1.99291818641482       -3.90395017098237       -0.28523729373718
C            6.04661849884344        2.97740637411219       -0.24207888931822
C           -6.02468425695438        3.43162999016862        0.05044255178673
C            0.07785529885878       -5.42029526043919       -0.16739544782047
N            7.18113161431004        3.24892727843329       -0.69243297209270
N           -7.12386267662861        3.30661119460805        0.50539404112197
N            0.26097435367507       -6.49951555919979       -0.79022989323680
C            2.76787952297730        4.25955815112376        0.51702028302259
C           -2.66307334621061        4.33032922574317       -0.40347645983745
C            2.30056096106563       -2.72589806960362        0.87108987923407
C           -2.36316922027136       -2.69618820633145        0.03378596006236
C            1.57998933798905        4.81712406965216        0.49878571382908
C           -1.41433697820513        5.08525378680377       -0.52142912563632
N            2.63186883208784        5.75049028858320        0.67905539945496
N           -2.54895826152277        5.72567113284663       -0.43922512436123
H            7.33117795674404        4.18452427119699       -1.04304011041394
H           -7.95555569609195        2.91033252779162        0.12458304272815
H           -0.56832476666898       -6.91552948428205       -1.20026676411282
H            2.85801372234196        6.31864239101506       -0.14089171419451
H           -3.06901635209259        6.58028063767725       -0.40276720992281
H            0.52160931122216        4.77763289220873        0.36304749394303
C            3.28382742109099        0.16196625825078        5.71914120936262
C            2.08245665614989       -0.35959245307594        5.38539607323833
N            0.98418474865604       -0.14668480586279        6.14722099867324
C            1.06754743227987        0.66812216619940        7.32894195326869
O            0.06266734773876        0.86338301103545        7.97806891413281
N            2.26430604520868        1.16863043573254        7.64421481174173
C            3.33447642948926        0.94114806179445        6.91833355337315
N            4.48322613862979        1.48770352021458        7.33750011859608
C           -0.28593364519537       -0.73777677900103        5.78134281536096
C           -0.78881399048244       -1.78271368213340        6.81449870270754
C           -2.00418894063856       -1.13422891075809        7.48552878971767
C           -2.44168514146673       -0.10093680218077        6.42577853022240
O           -1.28050718336213        0.23181248888601        5.66171412604908
C           -3.05588238012932        1.18759574182730        7.01195974084252
O           -2.61981022462328        1.50506374643873        8.29516461984952
O           -2.98873383301862       -2.08092422558299        7.77393642970734
F           -1.11110632163758       -2.92585577805693        6.15988236662221
F            0.18576498312798       -2.13552729575998        7.68461978741656
H            4.15884803094842       -0.00874313450543        5.11749218258346
H            1.95132663403451       -0.97592823114742        4.50388594383984
H            5.35166388289364        1.32486566691361        6.86261192946431
H            4.46892821076823        2.00102665835282        8.20236941785899
H           -0.14147746518198       -1.25893879107693        4.81824126102489
H           -1.63873639971020       -0.62515443104961        8.38581224376551
H           -3.16740643511766       -0.58574529809678        5.75497299867569
H           -2.83407838394563        1.99413879083436        6.29856482092154
H           -4.13995927390309        1.06865989434787        7.08087177117329
H           -1.64766775056225        1.55643170185994        8.29497664055187
H           -3.57444561267794       -1.71965910689483        8.44736416191123
77
 energy: -168.306313759873 gnorm: 0.007863627876 xtb: 6.7.1pre (5071a88)
N           -0.05174388025750        0.07291645823365        0.52626299022538
C            0.00399090813682        1.46915298828684        0.24827026757833
C            1.16015355706802       -0.59672775485869        0.67997781562954
C           -1.24464821174420       -0.58250753125734        0.30272828690942
N            1.15869402904167        2.07463537104009        0.20073560529120
N           -1.11914302399110        2.11817404914708        0.02830543275896
N            2.29467824633116        0.03543396793810        0.62463374488987
N            1.09839045423812       -1.92839871135279        0.87439185683809
N           -2.32000953521441        0.06725361424769       -0.02725508231871
N           -1.24491996678415       -1.92760875086933        0.44036324719552
C            2.26474207102967        1.34999661708260        0.39480015185085
C           -0.13399716777285       -2.53119869987466        1.00910316700727
C           -2.23282973030507        1.40651596244962       -0.07330047846675
N            3.48315038751521        1.94959483383858        0.33085971092017
N           -0.21010201019754       -3.86537026717927        1.37283059853109
N           -3.42142225232001        2.03128804899506       -0.27189710145193
C            3.76381788165386        3.35304881620005        0.23277605712375
C            4.63337758311094        1.22761808323450        0.42051010413782
C           -3.63747064029473        3.44682209017381       -0.29536006606269
C           -4.49896613676167        1.25538127414787       -0.43580808107181
C            0.94017643142441       -4.52423511884048        0.64053461931680
C           -0.97895762438535       -4.49826275688943        0.23467438233885
N            4.95708618355892        3.77227643172922       -0.04780385277652
N            5.77526905164231        1.63701075667810        0.25994496135433
N           -4.93120085609354        3.89286257490387       -0.20431931717030
N           -5.45762953793571        0.65583764336164       -0.60450364624391
N            2.06319747661542       -3.92011382575714        0.55178985930663
N           -1.97140965478615       -3.90207112370946       -0.29919053949639
C            6.03964123679393        2.96498135717417       -0.20059197265132
C           -6.01939103843590        3.43439162595257        0.07526536798782
C            0.10139529762807       -5.41183703053924       -0.13302366473610
N            7.17381286921438        3.22066441678051       -0.66151894616467
N           -7.11327077143740        3.30221991864957        0.54190105397862
N            0.29984955219658       -6.48801988000230       -0.75660452473370
C            2.76055429277112        4.27056774772791        0.51893243632423
C           -2.66276403330089        4.33019285058898       -0.42439568549765
C            2.29110078039129       -2.71524073756859        0.96286580864405
C           -2.35398097060904       -2.69591394095456        0.01202222948424
C            1.57193897578608        4.82621864274378        0.48050648279541
C           -1.41451084575759        5.08340551961809       -0.56152276722825
N            2.62253969415111        5.76463931177826        0.63882576893803
N           -2.54736996681598        5.72473266607318       -0.46119619839384
H            7.32510830861674        4.14536489447081       -1.04011982662463
H           -7.94691019902455        2.91042687026139        0.15915770841397
H           -0.51849691001268       -6.90083051796335       -1.19083282105476
H            2.85223751883791        6.31107431883355       -0.19426837283694
H           -3.06709192173380        6.57948652898489       -0.42052140071015
H            0.51413975908679        4.78281253148287        0.34270693999554
C            3.28403124140749        0.14797870647646        5.68461658885329
C            2.08661812847771       -0.38958742983234        5.36385015916368
N            0.98792483839537       -0.16919694223066        6.12458550689091
C            1.06749182071260        0.66751859583143        7.28941799901126
O            0.06242247717436        0.87028574152778        7.93641170396017
N            2.26203799028221        1.18133075371603        7.59467219958016
C            3.33219647053307        0.94840710042555        6.87105610697732
N            4.47848501353149        1.50933344065803        7.27753814916008
C           -0.28052151046021       -0.76782243054055        5.76938277103931
C           -0.79008713578577       -1.79032142474830        6.82228273639742
C           -2.01033812998813       -1.12825330966561        7.47161578559960
C           -2.43884738903428       -0.11181482205950        6.39214695304663
O           -1.27229611153632        0.20280714639784        5.62632655019954
C           -3.04885602398948        1.18891163632926        6.95478710229111
O           -2.62743150263374        1.51757733514730        8.24037786416727
O           -2.99888453234694       -2.06682576327119        7.76870791677684
F           -1.10766731860864       -2.94707263021289        6.19085641539347
F            0.17715871612848       -2.12177798295822        7.70857084962819
H            4.15876016257792       -0.02702364242779        5.08368999501041
H            1.95737700290965       -1.02267850566924        4.49405368556809
H            5.34707742898895        1.34349680921701        6.80388415494421
H            4.46107978472981        2.03729652599341        8.13326588159932
H           -0.13560477459750       -1.30973536643585        4.81796435764966
H           -1.64987926867741       -0.60441803292993        8.36559542235786
H           -3.16275322683866       -0.60497540626989        5.72577276439654
H           -2.80970717985188        1.98564421554288        6.23680324747355
H           -4.13433006476780        1.08070367036497        7.00983567362137
H           -1.65570609507537        1.56567027556029        8.25204440648451
H           -3.59055447255294       -1.69412239911773        8.43093874288049
77
 energy: -168.306740065505 gnorm: 0.008086954796 xtb: 6.7.1pre (5071a88)
N           -0.05771863675086        0.07741430224313        0.55882948973426
C           -0.00188107845965        1.47335984397778        0.28518554496988
C            1.15188503412525       -0.59030313591978        0.72856604287507
C           -1.24626609904583       -0.57955087643786        0.31707365308452
N            1.15248924466913        2.08067833013916        0.25069176925939
N           -1.12243975549831        2.12229348381433        0.05377749273747
N            2.28674363710439        0.04159948208024        0.68092970259056
N            1.08894546043881       -1.92042590488917        0.92898176964210
N           -2.31748219464315        0.06934663580232       -0.02590779445327
N           -1.24409688908676       -1.92485611000401        0.45047580133711
C            2.25714148853997        1.35633737022063        0.44914390287675
C           -0.14435304109133       -2.52590789138165        1.04082528081788
C           -2.23353757265349        1.40907882003850       -0.06578871737364
N            3.47515795251945        1.95586464749157        0.38723643463098
N           -0.22696358415322       -3.86003736738854        1.40459690950989
N           -3.42025482047164        2.03233056625362       -0.27788372958538
C            3.75660245895822        3.35646496361751        0.26196131752566
C            4.62337287485734        1.23530195143491        0.50105128584447
C           -3.63601903787642        3.44837954824133       -0.29782881741082
C           -4.49556333001495        1.25613977183605       -0.45645158569332
C            0.94106724017735       -4.51666527352517        0.70063060690836
C           -0.96553496478946       -4.49037244050552        0.24778313525106
N            4.95069122557920        3.76817627912569       -0.02495982326144
N            5.76640968845433        1.64120873343775        0.33681220781954
N           -4.92734506869475        3.89480559320847       -0.18331555079081
N           -5.45263848778021        0.65718087103415       -0.63615972393976
N            2.06309918821142       -3.91085280892350        0.63975551736418
N           -1.95040525756840       -3.89935012619389       -0.30449994618917
C            6.03127917685698        2.95349384633971       -0.15752635072483
C           -6.01244596407472        3.43467568070344        0.10430672323709
C            0.12271058655835       -5.40188996215058       -0.09559634958825
N            7.16558442767628        3.19527515152020       -0.62525754718032
N           -7.10103801787447        3.28917511481130        0.58034245936004
N            0.33449616150210       -6.47448586053865       -0.72088530860775
C            2.75229543515566        4.27974759564647        0.52277345670011
C           -2.66183734367365        4.32892762875657       -0.44871641821333
C            2.27945599195527       -2.70368685429300        1.05154438183687
C           -2.34289354897267       -2.69470212785584        0.00039767476097
C            1.56347234359256        4.83334365931816        0.46089264996150
C           -1.41350102718750        5.07823503410550       -0.60808754744634
N            2.61211047499952        5.77493686469735        0.59980846324821
N           -2.54262588370675        5.72266102713812       -0.48649619926663
H            7.31780215492127        4.10912915960279       -1.02421946672661
H           -7.93608046593264        2.90991154487711        0.18538524076322
H           -0.47294871319435       -6.88298519703779       -1.17669835309421
H            2.84893343596024        6.30014678579382       -0.24382604309438
H           -3.06063642617665        6.57837743955609       -0.44138506525428
H            0.50635892588847        4.78689519674342        0.31893439794786
C            3.28410732807566        0.13112797375316        5.64942935407654
C            2.08973908598197       -0.41967322240463        5.34193950286320
N            0.99053616029482       -0.18639942487882        6.09842371592605
C            1.06785147031307        0.67241676525842        7.24632074975643
O            0.06208451080781        0.88454692444532        7.88925677819894
N            2.26116754160086        1.19457846694252        7.54101837522754
C            3.33102575459752        0.95392745784673        6.82057631342682
N            4.47645775713494        1.52706304041826        7.21273595461206
C           -0.27539609168404       -0.79259652115811        5.75532584013136
C           -0.78833206288460       -1.79338282270016        6.82743397497101
C           -2.01467762918233       -1.12182088087805        7.45526649124347
C           -2.43723697314085       -0.12360988986830        6.35827449279973
O           -1.26623634697322        0.17644273957194        5.59185502172081
C           -3.04658781955880        1.18581653933687        6.89819856157943
O           -2.63584132813433        1.52980377698874        8.18347649656639
O           -3.00362938840399       -2.05549812090583        7.76075134337063
F           -1.09884635385246       -2.96464411576844        6.22149997041370
F            0.17286475588171       -2.10007899803315        7.72820354938959
H            4.15876642083250       -0.05198091272228        5.05057446531131
H            1.96249770106656       -1.07068270398515        4.48590470889610
H            5.34409944478045        1.35060716174619        6.74085677640424
H            4.45877248247092        2.06783210317810        8.05972434290206
H           -0.13208776477817       -1.35249863250232        4.81547802101010
H           -1.65989165047032       -0.58257951452891        8.34242525460711
H           -3.15800043574179       -0.62500594736762        5.69519751379117
H           -2.79835105323170        1.97300942215735        6.17476558849940
H           -4.13207215762195        1.08099292573766        6.94413602818175
H           -1.66520718385197        1.57714491259439        8.20277200663053
H           -3.60917157369060       -1.66968148882370        8.40366983302801
77
 energy: -168.307239386728 gnorm: 0.009078709874 xtb: 6.7.1pre (5071a88)
N           -0.06578613542975        0.08238958937391        0.59668631168549
C           -0.00910740619764        1.47762821580736        0.32358179449896
C            1.14198663286422       -0.58240073466247        0.79012436622765
C           -1.24985038756712       -0.57602357184056        0.33294226019746
N            1.14534798001445        2.08616182744908        0.30262824726021
N           -1.12671658372861        2.12614613633845        0.07681469784388
N            2.27788729285522        0.04911942716635        0.75488650091244
N            1.07769537647735       -1.91136496197680        0.99720278171426
N           -2.31629819265096        0.07197291266080       -0.02565997773447
N           -1.24552890455773       -1.92199019428289        0.45980051976400
C            2.24890487394229        1.36334325636278        0.51422735026458
C           -0.15792606654023       -2.51966700181095        1.07892263989444
C           -2.23555367517712        1.41203839190253       -0.06038076514621
N            3.46687625239164        1.96185358593258        0.45440801131277
N           -0.24885273071507       -3.85470337724722        1.43969285727028
N           -3.42011021388751        2.03393712881072       -0.28695447767118
C            3.74833248694819        3.36070581541794        0.29384477355420
C            4.61451375241207        1.24210642552858        0.60541894335624
C           -3.63527614026731        3.45067872757760       -0.30250718641817
C           -4.49336138657902        1.25798623645511       -0.48070884569776
C            0.94229448572527       -4.50735954996865        0.76841096559176
C           -0.95190765692451       -4.48311576147411        0.25953471879642
N            4.94304393601362        3.76400475928823       -0.00342621386919
N            5.75856962881080        1.64533720955565        0.43868135387821
N           -4.92375074960718        3.89784724590198       -0.16289275143771
N           -5.44955207209550        0.66060263795219       -0.67023376062903
N            2.06526143389158       -3.89946377832722        0.74247072227679
N           -1.92675782154186       -3.89670269213868       -0.31918461758091
C            6.02278648583252        2.94058038064841       -0.10595011319254
C           -6.00547209986549        3.43524867701177        0.13477853887296
C            0.14786391514151       -5.39204829723959       -0.05475779768110
N            7.15706189861502        3.16615698138237       -0.58512473708611
N           -7.08793756090005        3.27788768090362        0.62312066682402
N            0.37868316384708       -6.46210384832559       -0.67952357427406
C            2.74297239025207        4.29187268671417        0.52477230691022
C           -2.66108700858639        4.32723564553643       -0.47511546984998
C            2.26750577029752       -2.69044454051208        1.15939497416101
C           -2.33068364256879       -2.69359972959913       -0.02020668282183
C            1.55422590775155        4.84367979575621        0.43789237856946
C           -1.41167306282518        5.07018087002945       -0.65866015056619
N            2.60114760259210        5.79022298756220        0.55120857932624
N           -2.53538408085805        5.72017436942073       -0.51427337747320
H            7.30788824928740        4.06789371155201       -1.02043123977016
H           -7.92719364532046        2.90907134527720        0.22236272890595
H           -0.41568660287125       -6.86822682885839       -1.16229985092257
H            2.84518070636263        6.29079732272338       -0.30650646669504
H           -3.04952955322728        6.57807735591172       -0.46198567799024
H            0.49763731764339        4.79392735805384        0.29224580432627
C            3.28351195893364        0.11307420320032        5.61110420050198
C            2.09240931813753       -0.45400488595729        5.31733978179036
N            0.99215141550140       -0.20863059809242        6.06760696117109
C            1.06676814345093        0.67582349042285        7.19843304288876
O            0.05874883317131        0.89712321522667        7.83464235780241
N            2.25775592985276        1.20831122262992        7.48132537711529
C            3.32801858194138        0.96131213634069        6.76434849837575
N            4.47167791550851        1.55021430629330        7.14143252959781
C           -0.27023172305289       -0.82491194400149        5.73669159658396
C           -0.78731203837784       -1.79938342415468        6.83299358685992
C           -2.01950066231272       -1.11460404207682        7.43786156390698
C           -2.43551482164765       -0.13734396122107        6.31995595396942
O           -1.26178045275990        0.14115989724041        5.54527054969458
C           -3.04028464608155        1.18636600783415        6.83284032546485
O           -2.63910738986173        1.54980275925829        8.11654662087214
O           -3.00902944826346       -2.04336356660512        7.75424724620218
F           -1.09267751157963       -2.98776121170735        6.25726117074950
F            0.16789327665020       -2.08029051933941        7.74838954510910
H            4.15845720944164       -0.07821744036349        5.01492926172693
H            1.96968931286746       -1.12543768313907        4.47644207165417
H            5.33797782895288        1.36443585396264        6.66989057715955
H            4.45467527766327        2.10572226390068        7.97907158278487
H           -0.12532526040018       -1.40761361228929        4.81049981917193
H           -1.67097498454043       -0.55795731479875        8.31727328382011
H           -3.15709458709526       -0.64805520171112        5.66479350462386
H           -2.78059244001364        1.96093815920130        6.09866159211240
H           -4.12756111505338        1.08869479316090        6.87184467752203
H           -1.66858866420501        1.59123897035599        8.14307583042552
H           -3.62684141634571       -1.64429570325741        8.37864883093375
77
 energy: -168.307746872763 gnorm: 0.009975680884 xtb: 6.7.1pre (5071a88)
N           -0.07248560991586        0.08677929954546        0.63212876626181
C           -0.01578046043963        1.48152269753339        0.35923800207335
C            1.13378775641592       -0.57477460538748        0.84232754054190
C           -1.25310785310024       -0.57227744401989        0.35438822497739
N            1.13824929267861        2.09107977682447        0.34674659331874
N           -1.13111010485939        2.12916260761012        0.10040218756956
N            2.27006186664289        0.05618685753425        0.81357928466101
N            1.06806643526709       -1.90377930363863        1.05240836224997
N           -2.31564391637455        0.07485220116372       -0.01636239454814
N           -1.24679992770836       -1.91867359699974        0.47571312011235
C            2.24163047523855        1.37024619858883        0.56751568409863
C           -0.16729647776295       -2.51319035478917        1.11427141032303
C           -2.23766479650520        1.41473066594530       -0.05058190299522
N            3.45928141829780        1.96724320961207        0.50456246671651
N           -0.26382464152898       -3.85031062532212        1.46939821181041
N           -3.41972802680262        2.03564753928923       -0.29303601869766
C            3.74119203608956        3.36316880235476        0.32227857207553
C            4.60658078259168        1.24983959243700        0.68126113158340
C           -3.63381948173569        3.45300811648445       -0.30408342155139
C           -4.49024239127142        1.26094425130264       -0.50811288321273
C            0.94117745855829       -4.49864623778875        0.81943293688067
C           -0.94163217623780       -4.47666133111606        0.27615251178018
N            4.93597659326299        3.76029577108950        0.01777371947916
N            5.75081713615725        1.65337570278779        0.51305535150346
N           -4.91851628228898        3.90122515092449       -0.13840427689546
N           -5.44536895107280        0.66665457432287       -0.71099195142983
N            2.06350728027939       -3.88945707359055        0.81948748067850
N           -1.90980364161608       -3.89388132610501       -0.32043573230782
C            6.01537014248048        2.93296099560829       -0.06272245488050
C           -5.99784797519578        3.43338072070043        0.16019594593233
C            0.16422338519214       -5.38349077416289       -0.01996222431649
N            7.14950232957446        3.15021007505314       -0.54744852430378
N           -7.07603026699116        3.26085253155865        0.65426894552625
N            0.40928869257774       -6.45202056007756       -0.64293378791065
C            2.73475746481283        4.29905030336446        0.52861437129035
C           -2.65971888701153        4.32429771609703       -0.49794484571274
C            2.25520857761222       -2.67940468073800        1.24066334843106
C           -2.31959332032920       -2.69186046785671       -0.02317739478071
C            1.54723935662691        4.84933788286316        0.41814410456969
C           -1.40795931046375        5.05729362333388       -0.70466904897305
N            2.59183518208444        5.79782764719589        0.51516956538986
N           -2.52330703573317        5.71650802148386       -0.53890535377233
H            7.29760431576105        4.04367953489572       -1.00095393732203
H           -7.91658523723373        2.90166168757352        0.24329336283729
H           -0.37499201577248       -6.85697350444593       -1.14269958542299
H            2.84492151638804        6.27948913305946       -0.35129635156884
H           -3.03051066295827        6.57821048338372       -0.47912130756793
H            0.49122710780046        4.79759638587552        0.26667350768559
C            3.28294521705631        0.09431370062979        5.58141847077416
C            2.09185310365992       -0.47850633551450        5.29652365838137
N            0.99080799007661       -0.21890289137786        6.03775451197635
C            1.06541953329571        0.68554216983479        7.15660906613169
O            0.05449871673781        0.91627682527643        7.78405532937852
N            2.25560721342041        1.22072430463848        7.42938646131077
C            3.32631571745965        0.96393427224090        6.71660942509041
N            4.47008436052602        1.56178555154854        7.08146841636243
C           -0.26880173127837       -0.84326663588025        5.71713422283809
C           -0.78275585552716       -1.79827436380428        6.83182645274069
C           -2.01993446560107       -1.10906218167735        7.42174667645187
C           -2.43628220871988       -0.14973240245122        6.29009934949335
O           -1.26441438950498        0.11543843115331        5.50751618902325
C           -3.04092538094216        1.18273917364019        6.78230200617228
O           -2.63757060261895        1.56848082643445        8.05902275326409
O           -3.00483191790341       -2.04009606199126        7.74722693969366
F           -1.08132380476461       -3.00054622997138        6.28154942974040
F            0.17234729849785       -2.05678294826628        7.75244056100652
H            4.15861978476254       -0.10863908969216        4.98992356102759
H            1.97323609417820       -1.16612993183088        4.46917973546748
H            5.33428617753456        1.36009540844489        6.61170654890932
H            4.45801944510268        2.12838868436804        7.91198471981186
H           -0.12288156763138       -1.44111968251377        4.80131455378920
H           -1.67756877738876       -0.53911811712187        8.29501819782181
H           -3.15979754211376       -0.66853669873967        5.64315885934095
H           -2.78406335227546        1.94568738086149        6.03364783985278
H           -4.12904251891186        1.08312320999128        6.82640717737851
H           -1.66695896106885        1.60868472319088        8.08226361675385
H           -3.63902272758266       -1.62942096276371        8.34809795814718
77
 energy: -168.308334842707 gnorm: 0.010004727661 xtb: 6.7.1pre (5071a88)
N           -0.08065404335263        0.09167152527009        0.66989662908831
C           -0.02278701371086        1.48606596804905        0.39784371112063
C            1.12379604172743       -0.56656153143862        0.89710993236383
C           -1.25725411768821       -0.56849101131828        0.37920049393173
N            1.13081429831304        2.09655537707033        0.39376624177418
N           -1.13601062634884        2.13221158774629        0.12696546815809
N            2.26009785353773        0.06446112543111        0.87400454924860
N            1.05669199891687       -1.89581490445906        1.10968996411287
N           -2.31620189380469        0.07731899400183       -0.00408177338560
N           -1.24908533242007       -1.91509815659139        0.49717155274114
C            2.23351953595462        1.37755877036616        0.62335758552518
C           -0.17723610352450       -2.50646703303229        1.15294481992994
C           -2.23993127538293        1.41683531434776       -0.03826911884463
N            3.45120132699254        1.97299391827717        0.55742072054111
N           -0.27713115916793       -3.84614785006559        1.50204971241267
N           -3.41862158011803        2.03752895084048       -0.29794706790020
C            3.73346766769074        3.36519309894310        0.35329291619777
C            4.59793523706516        1.25977062317697        0.75613300694896
C           -3.63097886808658        3.45554205570383       -0.30426230871472
C           -4.48659357671994        1.26628042360013       -0.53743234910003
C            0.93974447709248       -4.48966172255782        0.87143504082695
C           -0.93139759095579       -4.47024018479596        0.29726353695211
N            4.92884501076854        3.75583336469165        0.04467210650146
N            5.74223378539073        1.66367241360567        0.58392709559204
N           -4.91133525058280        3.90478606044340       -0.11024020857405
N           -5.44056622203411        0.67655643036251       -0.75849952229359
N            2.06086418963563       -3.87905840019477        0.89687483452633
N           -1.89276584140092       -3.89109769067770       -0.31458089547858
C            6.00786163255533        2.92683251661536       -0.01728956359750
C           -5.98831236690520        3.42950770739688        0.18529471561898
C            0.18004846280043       -5.37465635037286        0.01724895529473
N            7.14162913498230        3.13778979802736       -0.50527541530446
N           -7.06268124447470        3.24083442965940        0.68205756431766
N            0.43946980772388       -6.44160355541469       -0.60244986701240
C            2.72573022958671        4.30544423418011        0.53295072359833
C           -2.65756575962431        4.32172609886428       -0.52099706170417
C            2.24068302564550       -2.66852736127510        1.32172205029817
C           -2.30860034873932       -2.69023357748670       -0.01912153188116
C            1.53986789224084        4.85380054552484        0.39667468217107
C           -1.40286603640606        5.04219005226268       -0.75561032491670
N            2.58175578900252        5.80367963693611        0.48058291870268
N           -2.50785148202491        5.71272585643639       -0.56432830054326
H            7.28691599224090        4.02381069034155       -0.96848315701749
H           -7.90225834866763        2.88987505003590        0.26202478848493
H           -0.33476757717057       -6.84671385274299       -1.11687530015050
H            2.84367949841259        6.26588475393217       -0.39416472970260
H           -3.00584083648702        6.57912169881230       -0.49448277832253
H            0.48477757437209        4.79918002251761        0.23752172675293
C            3.28303612701320        0.07192396419116        5.54972404150232
C            2.09020708650808       -0.50200538998264        5.27192099394911
N            0.98853773200159       -0.22613428610538        6.00346869948465
C            1.06343587434090        0.69927618706856        7.10963319370036
O            0.05011633937197        0.93996967610667        7.72861919712511
N            2.25325970963792        1.23636955027945        7.37224332794099
C            3.32481762070485        0.96448555324734        6.66506918172248
N            4.46867843416735        1.56932215130818        7.01873628693561
C           -0.26991899152856       -0.85898907445280        5.69423884983448
C           -0.77683917221408       -1.79476233083794        6.82753952680888
C           -2.01872997724076       -1.10303801380789        7.40398225225039
C           -2.43810962626285       -0.16278767701672        6.25803505505752
O           -1.27024458403857        0.09018888098169        5.46854437279057
C           -3.04421130948393        1.17686902269649        6.73001404555989
O           -2.63244560436044        1.58764606380699        7.99605406908567
O           -2.99782148843919       -2.03849121975736        7.73953764748176
F           -1.06643197905763       -3.01113417267194        6.30274747851889
F            0.18146357592850       -2.02959433230897        7.75075779012851
H            4.15966496077635       -0.14557650494899        4.96472867979775
H            1.97501305675939       -1.20649046117475        4.45854815838193
H            5.33147583023402        1.35037206087380        6.55365001123431
H            4.46215459086643        2.14805172763345        7.84130088202263
H           -0.12237230210963       -1.47221907305486        4.78904396308633
H           -1.68398061731021       -0.51981132018316        8.27151276515086
H           -3.16432406553926       -0.69151416884410        5.62167022284562
H           -2.79767414786527        1.92650487650935        5.96411281638065
H           -4.13213201063526        1.07259457196851        6.78498159229702
H           -1.66153700295135        1.63204618802269        8.01036069831369
H           -3.64742202617320       -1.61594036057664        8.31521143168316
77
 energy: -168.309011854322 gnorm: 0.009764294345 xtb: 6.7.1pre (5071a88)
N           -0.09076936254031        0.09745086008009        0.71043312311575
C           -0.03047094795076        1.49143142616960        0.43797164487363
C            1.11137494794989       -0.55753408805389        0.95767619495559
C           -1.26221551872297       -0.56470322294960        0.40592093898189
N            1.12267151286902        2.10266154904454        0.44279508867102
N           -1.14147899228442        2.13545995948012        0.15378470681546
N            2.24760980628471        0.07445277894792        0.94257429514115
N            1.04312449935230       -1.88671730287227        1.17341459236876
N           -2.31768764939141        0.07911360279730        0.00876249305716
N           -1.25249007279188       -1.91149919215353        0.52312823929146
C            2.22399701447124        1.38539361932353        0.68404402619078
C           -0.18876615262179       -2.49992751004448        1.19586409914227
C           -2.24218177181679        1.41821807806819       -0.02548218116839
N            3.44219011975781        1.97977403593103        0.61772641224041
N           -0.28989319752906       -3.84213648968386        1.53904583581045
N           -3.41645245223906        2.03937078462747       -0.30312025471445
C            3.72359753456633        3.36809285388353        0.38386103401015
C            4.58870629898199        1.27241837734705        0.84265400622166
C           -3.62655837148633        3.45823983677340       -0.30496329020169
C           -4.48227320783850        1.27368430930432       -0.56642618931853
C            0.93870256527631       -4.47978593395765        0.92784081459976
C           -0.92072091765611       -4.46409712595368        0.32223753591155
N            4.92023178780926        3.75171836392687        0.07384148951786
N            5.73349139903585        1.67547912933312        0.66608916861149
N           -4.90187536106911        3.90877507181088       -0.08287006298716
N           -5.43455978036776        0.68960025913620       -0.80924000276888
N            2.05751105460991       -3.86686010073101        0.97866271155022
N           -1.87355891579654       -3.88816209426670       -0.30463863772337
C            6.00033740811833        2.92133495622308        0.03535085992762
C           -5.97647849415740        3.42492088560423        0.20709317496387
C            0.19741471238011       -5.36518035160145        0.05867263887354
N            7.13420052539967        3.12451268179728       -0.45501291113850
N           -7.04549613723428        3.21941863435201        0.70922534690194
N            0.47259633556795       -6.43014103767594       -0.55655705287465
C            2.71472283676091        4.31210751006776        0.53454779872203
C           -2.65466219557955        4.31979387451135       -0.54355608023947
C            2.22413721960429       -2.65700820443758        1.40870492887494
C           -2.29739683035386       -2.68870498297766       -0.01267464922881
C            1.53104248269289        4.85750430114849        0.37291982503458
C           -1.39711704846908        5.02590696104271       -0.80451174485395
N            2.57070939582936        5.80857685043856        0.44496775831760
N           -2.49012939500458        5.70862658973692       -0.59106443714211
H            7.27536586478152        4.00223342327735       -0.93799138251038
H           -7.88613639963969        2.87720417660921        0.28697181643943
H           -0.29063955809196       -6.83774364019412       -1.08439191504939
H            2.83999751610255        6.25052757189607       -0.43748577400680
H           -2.97697357371535        6.58025191175910       -0.51009594692629
H            0.47729246827732        4.79886792897991        0.20522465477081
C            3.28380741789221        0.04767551574299        5.51296548344568
C            2.08891668392363       -0.52624863584651        5.24155976347898
N            0.98626018436279       -0.23341653154278        5.96355996005890
C            1.06111911819492        0.71286345144326        7.05573785153138
O            0.04606464905194        0.96379521606511        7.66712953064695
N            2.25024917290362        1.25346425796084        7.30800407558656
C            3.32324106079885        0.96357027188353        6.60775285713063
N            4.46622770688014        1.57519814045872        6.95114916300695
C           -0.27246726836343       -0.87558524549761        5.66780037972100
C           -0.77146735001677       -1.79075899349758        6.82008772223223
C           -2.01694956332504       -1.09668030867982        7.38404133465468
C           -2.44015581360943       -0.17656467358199        6.22265418442815
O           -1.27731508756316        0.06296075040053        5.42565309231197
C           -3.04807393815525        1.17002260352274        6.67318652888033
O           -2.62530084620210        1.60856029752799        7.92594992013794
O           -2.99151469208623       -2.03526347129176        7.73070169984244
F           -1.05235315542850       -3.01966961694421        6.32014742294395
F            0.19168479133614       -2.00168013699152        7.74438749694140
H            4.16140900265575       -0.18523718459681        4.93562296908135
H            1.97671959405501       -1.24707168861024        4.44195425373428
H            5.32903142985864        1.34222414284673        6.49316291585007
H            4.46380961407209        2.16677184849922        7.76459936483094
H           -0.12249559058089       -1.50602145286088        4.77451189210141
H           -1.69008745843711       -0.50008686551393        8.24538225921408
H           -3.16983044498738       -0.71713779211673        5.59965742556064
H           -2.81453065668643        1.90418841532672        5.88800556841567
H           -4.13512468922836        1.06161062400800        6.74152094525002
H           -1.65346818276781        1.65818240009691        7.92937051140957
H           -3.65144669073484       -1.60258921406859        8.28451268692752
77
 energy: -168.309772631458 gnorm: 0.010227401847 xtb: 6.7.1pre (5071a88)
N           -0.10232774143660        0.10392343252993        0.75074216980383
C           -0.03819250305678        1.49741356568216        0.47629415048516
C            1.09688438441066       -0.54851319851307        1.02043608811599
C           -1.26746294491775       -0.56122102304241        0.43151485414196
N            1.11451246685566        2.10910029949952        0.49100550887735
N           -1.14700691364524        2.13881272415810        0.17786091822220
N            2.23296254914318        0.08536123273885        1.01589693252783
N            1.02772502862789       -1.87678382376094        1.24147999388108
N           -2.31973156568556        0.07979105407943        0.01920674332280
N           -1.25716254764929       -1.90822739719199        0.55078747854446
C            2.21351549537026        1.39287400339305        0.74645922957446
C           -0.20229293782995       -2.49441762458908        1.24049900393094
C           -2.24384757575614        1.41850657409427       -0.01456509132285
N            3.43258108919832        1.98718789143819        0.68428143321711
N           -0.30308631253275       -3.83854131258163        1.57912476240571
N           -3.41292737664061        2.04078929164242       -0.30864537883655
C            3.71334303184295        3.37041564279394        0.41779790332437
C            4.57803228514967        1.28777653920931        0.93156657119838
C           -3.62063765869332        3.46064706333802       -0.30656818436274
C           -4.47726748678544        1.28233497485137       -0.59140975513845
C            0.93831196794942       -4.46984114710209        0.98801824172336
C           -0.91080294075275       -4.45909661325681        0.34804649369682
N            4.91144362344135        3.74735635936700        0.10742470356174
N            5.72363093833649        1.68759387215351        0.74694916361548
N           -4.89084973044708        3.91220652605622       -0.05916774727703
N           -5.42785332324236        0.70505337956554       -0.85577994251669
N            2.05468759590066       -3.85342025356110        1.06348701316352
N           -1.85259808294683       -3.88468196009725       -0.29522184407175
C            5.99188659619275        2.91688011847918        0.08712336739570
C           -5.96295911363446        3.41898173235326        0.22538543353857
C            0.21644473158611       -5.35618668117889        0.10289468245822
N            7.12605394155681        3.11143999599254       -0.40562109697768
N           -7.02625047504639        3.20152446190462        0.73264155922521
N            0.50896986300316       -6.41912303252187       -0.50684472552991
C            2.70281291533696        4.31784478231894        0.53673020025765
C           -2.65145257838526        4.31915886969218       -0.56366337439023
C            2.20700985886545       -2.64519601022506        1.49975952088396
C           -2.28748739781757       -2.68727154673295       -0.00877358692165
C            1.52118673341495        4.85922481988421        0.35064328578462
C           -1.39142140185021        5.01017160846355       -0.85305454206957
N            2.55981032304932        5.81355112984995        0.40897623641853
N           -2.47218223455844        5.70485842150102       -0.61519553462274
H            7.26656787304908        3.98078440614213       -0.89559876899433
H           -7.87058096424070        2.86658758968597        0.31726245450839
H           -0.24249153036268       -6.83101342119601       -1.05014717293386
H            2.83404982380884        6.23232078906180       -0.48388333650711
H           -2.94670923471862        6.58183059370568       -0.52011056713361
H            0.46933074660481        4.79475549291807        0.17276875897749
C            3.28483452190261        0.02447123046328        5.47164050803848
C            2.08826275625746       -0.54981642791280        5.20571697754983
N            0.98452657094624       -0.24164615702432        5.92003650351462
C            1.05887235965316        0.72262102158049        6.99716463689797
O            0.04364014843078        0.98255691333604        7.60419100984434
N            2.24703777361454        1.26938313565274        7.24009480938812
C            3.32173239635061        0.96128796166574        6.54767951783588
N            4.46285945661316        1.57923187347158        6.88298633420583
C           -0.27593133754266       -0.89301380762041        5.63900168371102
C           -0.76732736629439       -1.78747984160732        6.80980078713303
C           -2.01461744991548       -1.08987526673377        7.36299482434481
C           -2.44170768115833       -0.18975174804998        6.18550778332499
O           -1.28387022192952        0.03570147867402        5.38096167648673
C           -3.05185219934473        1.16301072709375        6.61468348926643
O           -2.61845185350308        1.62870753796347        7.85320304758385
O           -2.98724337303034       -2.02832544411637        7.72209641242936
F           -1.04159677210779       -3.02678208225987        6.33294392685007
F            0.20111342176683       -1.97637939069323        7.73480235042578
H            4.16318680077671       -0.22176703887622        4.90200410747091
H            1.97740955228492       -1.28385971602394        4.41780829776505
H            5.32819154043302        1.33915598675062        6.43490879032017
H            4.46068650987969        2.18475024454689        7.68621170578094
H           -0.12282903644015       -1.54140800900839        4.75827487842094
H           -1.69468497865243       -0.47960506245595        8.21728380723513
H           -3.17453478367796       -0.74379373631856        5.57760260152966
H           -2.83051162792473        1.88082019858678        5.81078414981286
H           -4.13767723735648        1.05287385812787        6.69624997088864
H           -1.64520761364873        1.68269600168605        7.84652301252134
H           -3.65047956650768       -1.58729063387172        8.26072219270496
77
 energy: -168.310576212146 gnorm: 0.011972289486 xtb: 6.7.1pre (5071a88)
N           -0.11358640556782        0.11109012621300        0.79170644996048
C           -0.04573430429763        1.50381649112013        0.51231955714691
C            1.08195419976900       -0.53906190177223        1.08266216620287
C           -1.27150949953906       -0.55774071086516        0.45960628729112
N            1.10603296434445        2.11578116328684        0.53532420860141
N           -1.15219431060199        2.14212738593883        0.19939103916759
N            2.21746717526695        0.09720576064578        1.08989063104964
N            1.01195631638626       -1.86566976939939        1.30926012510889
N           -2.32067612109654        0.07953998873571        0.03216473471282
N           -1.26108939863532       -1.90488267824482        0.58432076519578
C            2.20220710828160        1.40055847245806        0.80628488312804
C           -0.21458370191784       -2.48934264577634        1.28679205607761
C           -2.24445937410823        1.41796061540809       -0.00360612282951
N            3.42193625112619        1.99625733797514        0.75059027435529
N           -0.31255103358967       -3.83469838147350        1.62094100231707
N           -3.40783739492206        2.04128676746888       -0.31439017941051
C            3.70121499999665        3.37303743348598        0.44886205954038
C            4.56654665128799        1.30675423536742        1.02191254155844
C           -3.61332315514585        3.46248220656436       -0.30888122457944
C           -4.47065186721076        1.29020770161363       -0.61479733410711
C            0.93802531496902       -4.45885311380520        1.04595655709626
C           -0.90155974668164       -4.45495814387623        0.37938346006990
N            4.90093745504449        3.74454245007919        0.14121755328213
N            5.71377355179246        1.70139000007937        0.83304326871483
N           -4.87814640723604        3.91520362715752       -0.03816887707547
N           -5.41919436924011        0.72021793444974       -0.90151937011890
N            2.04964708755935       -3.83780144284544        1.14013149765705
N           -1.83144853216585       -3.88045796432102       -0.27665401775466
C            5.98408317025414        2.91449306462655        0.14646664555990
C           -5.94775488175538        3.41154194174050        0.23893502224367
C            0.23378719229490       -5.34619981658533        0.14872084397237
N            7.11961847733124        3.09897580506962       -0.34642256272540
N           -7.00367962596541        3.18212633512949        0.75455448996733
N            0.54157308283608       -6.40649436631024       -0.45593206895993
C            2.68829048758809        4.32107080050551        0.53554937980963
C           -2.64712231411406        4.31872594929270       -0.58123115110730
C            2.18950832520479       -2.63241683907539        1.58450761745075
C           -2.27748161327915       -2.68543889492093        0.00315036959931
C            1.50919447506988        4.85800028286233        0.32693000302074
C           -1.38475280000046        4.99328554259600       -0.89670750032862
N            2.54796608744934        5.81260833367138        0.37978724241382
N           -2.45234568311251        5.70037635615992       -0.63736073875948
H            7.25753148962469        3.95909887889956       -0.86341993441158
H           -7.85820661331724        2.86162023490417        0.35167560242543
H           -0.19837740369919       -6.82577923045248       -1.00717809308605
H            2.82846715236376        6.21154557685903       -0.51814352637817
H           -2.91275610221719        6.58307222307016       -0.52692694113927
H            0.45979975804680        4.78776519042076        0.13713151772050
C            3.28547304589152        0.00353291130596        5.42604312113556
C            2.08790163418352       -0.57069283929018        5.16465480406867
N            0.98261718953408       -0.24773733298411        5.87215580556319
C            1.05683378835947        0.72976028891830        6.93437794823262
O            0.04234934281844        0.99791668476772        7.53947371382516
N            2.24426627459304        1.28203613163743        7.16976677825165
C            3.32073550605045        0.95740195254026        6.48596175951369
N            4.46010368556809        1.57921456609460        6.81530144735971
C           -0.27966660508364       -0.90793245088493        5.60718602768058
C           -0.76289288549330       -1.78325351119494        6.79453869316458
C           -2.01033434426630       -1.08246859646639        7.33989031895193
C           -2.44356086352530       -0.20229033565540        6.14806372908362
O           -1.29064381781236        0.01120488752226        5.33523500308678
C           -3.05758288857541        1.15390110227253        6.55762034837488
O           -2.61374123556487        1.64720609692348        7.78062028118581
O           -2.98106230715356       -2.01878710547074        7.71318320282551
F           -1.03348468925445       -3.02998129163186        6.33894800203670
F            0.21099887699874       -1.95198096803855        7.71875823440918
H            4.16453192482347       -0.25522326222680        4.86414605679340
H            1.97751883779298       -1.31612767134475        4.38710456370763
H            5.33012937997065        1.33451385807320        6.37978561059048
H            4.45497877840504        2.19766540929894        7.60819638147000
H           -0.12418584043902       -1.57276437558378        4.73902973799182
H           -1.69483965807630       -0.45815796387017        8.18539356484475
H           -3.17817235551217       -0.77020636661364        5.55532713593164
H           -2.85120399885800        1.85610365690722        5.73671637507979
H           -4.14117244035619        1.03978181879145        6.65348278576222
H           -1.63926642586035        1.70249125422344        7.76511871462829
H           -3.64712202369902       -1.56909886213194        8.23878364531422
77
 energy: -168.311463325087 gnorm: 0.012821759921 xtb: 6.7.1pre (5071a88)
N           -0.12445958196108        0.11831760105409        0.83487476382955
C           -0.05348771259226        1.50999109508504        0.55101175914097
C            1.06727501172948       -0.52933678430265        1.14929574779023
C           -1.27509839852249       -0.55403066665713        0.48539109399622
N            1.09758689411614        2.12244440776968        0.58525469392065
N           -1.15696633878609        2.14576042909343        0.22134943085050
N            2.20250304035790        0.10858120326536        1.17013307263759
N            0.99574769043869       -1.85374164943096        1.38299465272885
N           -2.32007265296052        0.07968065892663        0.04061257035335
N           -1.26420812771259       -1.90131500712260        0.61304897059196
C            2.19069689119767        1.40842047594324        0.87315666874534
C           -0.22864681742623       -2.48345966697404        1.33446934350889
C           -2.24494366114124        1.41816696998568        0.00438967623531
N            3.41044554265402        2.00574473150970        0.82383367411865
N           -0.32736081175395       -3.82941770854378        1.66484370814151
N           -3.40347100097243        2.04153474009149       -0.32372257216444
C            3.68933738841640        3.37575010638507        0.48541645374639
C            4.55378521635527        1.32478553419771        1.12312495110952
C           -3.60730346261357        3.46399154592523       -0.31338140941004
C           -4.46457575690735        1.29527810894133       -0.64106326412590
C            0.93807223404189       -4.44718456506441        1.11322741009639
C           -0.89071991253590       -4.45002301288312        0.40739279616629
N            4.89023706290057        3.74112106067297        0.17593387928005
N            5.70258307889016        1.71338789852943        0.92834118187350
N           -4.86731536303396        3.91824394576184       -0.01660674824648
N           -5.41179031756924        0.73169090031521       -0.94574254183187
N            2.04666718643906       -3.82171667138359        1.23208804215495
N           -1.80734062921930       -3.87585172804998       -0.26730141228418
C            5.97390499634563        2.90923209788848        0.20614115242364
C           -5.93399071429191        3.40632449434944        0.25795008000853
C            0.25521119904118       -5.33510986771426        0.19773590716109
N            7.11059539479656        3.08062543858637       -0.28951996005157
N           -6.98193654011274        3.16462382983807        0.78536739463810
N            0.58063692076718       -6.39264002642628       -0.40295244358791
C            2.67390625118917        4.32608352838224        0.53673686580134
C           -2.64288128633479        4.31768266581576       -0.60191646415204
C            2.17247507978839       -2.61757155859976        1.68382525519263
C           -2.26626845749953       -2.68373656070428        0.00523801559431
C            1.49667529528781        4.85884655238284        0.30295712688886
C           -1.37865571592796        4.97790986505189       -0.94120452288677
N            2.53587364791523        5.81616507638760        0.34192096620291
N           -2.43453829010245        5.69578863713044       -0.66184386234658
H            7.24963183733831        3.92972837540888       -0.82621617263550
H           -7.84807406169858        2.86043294188051        0.39332096525192
H           -0.14608232976983       -6.81631091598035       -0.97075366967801
H            2.82420168601193        6.18993330773098       -0.56608584258181
H           -2.88237817901405        6.58336381844603       -0.53769737467321
H            0.44969115799243        4.78262041198199        0.10144224709996
C            3.28490746909590       -0.01725032740084        5.37626008065684
C            2.08831247425348       -0.59706846243302        5.12298485465889
N            0.98187311264016       -0.26028576757016        5.82500114718868
C            1.05494813546113        0.73458791487678        6.86917218832349
O            0.04110180911662        1.01234188218322        7.47269609479388
N            2.24141050421535        1.29490714076374        7.09598531618068
C            3.31897467591954        0.95699528917546        6.41997119247645
N            4.45701786254812        1.58574151566311        6.74078655477791
C           -0.28030887362234       -0.92935918652866        5.57607597878902
C           -0.75902157854163       -1.78229023167680        6.78326901780640
C           -2.00768635994633       -1.07382279765621        7.31626374797724
C           -2.44437404741475       -0.21610434896498        6.10741372385033
O           -1.29328051977260       -0.01729456680332        5.28643514091225
C           -3.06039462188910        1.14672916333081        6.49335782985397
O           -2.61386401324172        1.66681307686515        7.70459984700554
O           -2.97686040182397       -2.00535931956074        7.70591772841371
F           -1.02680998159288       -3.03983075475998        6.35349711978248
F            0.21656690508614       -1.92839126930846        7.71159329522481
H            4.16441750933332       -0.28661353740112        4.81999298702894
H            1.97847880573137       -1.35615676304950        4.35703186085826
H            5.33136188885263        1.33387579641459        6.31705975698998
H            4.44714405656621        2.21945261292776        7.52238167298262
H           -0.12396686752670       -1.61275196312370        4.72152548997599
H           -1.69471182418411       -0.43278356037758        8.15096918111036
H           -3.17888762865854       -0.79742394574943        5.52749487569078
H           -2.86073311360854        1.83340734727681        5.65745378415794
H           -4.14259258856451        1.03123997819242        6.59633139869730
H           -1.63922165323690        1.71955120858832        7.68730726812883
H           -3.64897371882321       -1.54366418874954        8.21705260964865
77
 energy: -168.312185693815 gnorm: 0.017294458607 xtb: 6.7.1pre (5071a88)
N           -0.13147310759283        0.12565310094563        0.87070578036802
C           -0.05905148670089        1.51520463923014        0.57445191168435
C            1.05524683011831       -0.52061993002682        1.20098979468979
C           -1.27456121179272       -0.55081003730612        0.50840204617620
N            1.09070871884509        2.12742708500532        0.61615652786298
N           -1.15886731528886        2.14828466795830        0.22853080483982
N            2.18929614315850        0.11870247099921        1.23690463988693
N            0.98139993856586       -1.84072190050295        1.44349216610311
N           -2.31505809324966        0.07760197741694        0.04792680691963
N           -1.26500343762611       -1.89780572708641        0.64455655586262
C            2.17945701488195        1.41464951700079        0.92307253638333
C           -0.23900086244721       -2.47876993481818        1.37665895406302
C           -2.24235112685629        1.41684475534350        0.00506088973724
N            3.39725403561925        2.01762875383167        0.88256422103352
N           -0.33634023873247       -3.82203565048792        1.70641218351076
N           -3.39682739944226        2.03856643297118       -0.33654088537240
C            3.67741271851711        3.37657855888382        0.51761502561012
C            4.53818377863522        1.34724972429149        1.19921978985527
C           -3.60047260349122        3.46236333115505       -0.32118571465304
C           -4.45603857098105        1.29274193754561       -0.65902695504988
C            0.93813859573745       -4.43496282608186        1.17018374758917
C           -0.88572220849367       -4.44932223925200        0.44087183422405
N            4.87854365258843        3.74151321291255        0.20810144013802
N            5.68920159723282        1.72509288421024        1.00015030973757
N           -4.85624556573427        3.91850131461364       -0.00866767104146
N           -5.40323419383413        0.73594912457827       -0.96820424425370
N            2.04189954847098       -3.80399339337684        1.29614476762839
N           -1.78764805810626       -3.86922527247983       -0.24790513360545
C            5.96134281941678        2.91028823154361        0.25490391942793
C           -5.92089841782640        3.40092075729434        0.26539512818162
C            0.26994914761315       -5.32496205369466        0.24589382204077
N            7.10140428968284        3.06872470298655       -0.23815275803782
N           -6.96171419662100        3.16017747557816        0.80436323447330
N            0.60665401537998       -6.38045728607794       -0.35226222638750
C            2.65880167641289        4.32185488028375        0.53868197708627
C           -2.63650996016717        4.31572329979382       -0.60995058607773
C            2.16031253577332       -2.60131741339120        1.75572999619095
C           -2.25869792193146       -2.68134775867441        0.01635478901414
C            1.48401285862024        4.84953690145926        0.29160160614281
C           -1.37194157699397        4.96331072976509       -0.95491789772406
N            2.52869009871729        5.80857077965015        0.32296416550479
N           -2.41741229706597        5.68915922518857       -0.67380634351026
H            7.25164987452947        3.90829263059030       -0.77309797150640
H           -7.85009447040852        2.87329284209051        0.44115699677207
H           -0.10923787616276       -6.80952624044606       -0.93210860113498
H            2.82585013616654        6.16249322301647       -0.58989315623241
H           -2.85076848196306        6.58061654052089       -0.53829742329878
H            0.44076641235698        4.76783480865043        0.07409813542547
C            3.28128523544089       -0.02353088684294        5.32197107112639
C            2.08932360595228       -0.61243081503431        5.07532579000291
N            0.98178506250659       -0.27096006364271        5.77820756441623
C            1.05408020013842        0.72641079565693        6.80581147432426
O            0.04379214952303        1.01047244026005        7.41642493912434
N            2.24091193453181        1.29264354463807        7.03227100062417
C            3.31844428909955        0.95524528770584        6.36355389799389
N            4.45740024949481        1.58410457241433        6.68290084924799
C           -0.27785586820291       -0.94254366286552        5.54255369529553
C           -0.75655736259012       -1.78211703750526        6.75946543072430
C           -2.00159905635975       -1.06438964976882        7.29043172526339
C           -2.44511049654863       -0.22435468883881        6.07445878949401
O           -1.29092605511610       -0.03116641546126        5.24658438329293
C           -3.06672067512907        1.13818027696238        6.44421831557866
O           -2.62576473769148        1.67689148464471        7.64650589986604
O           -2.96965921450177       -1.98305928729456        7.70004686852839
F           -1.03363111320914       -3.03980868907130        6.34475962631175
F            0.21685028746369       -1.91993374553670        7.68851991184394
H            4.16051539343504       -0.29273189286727        4.76622651637582
H            1.97588501621471       -1.37214467401316        4.31218652245886
H            5.34068389906060        1.33045995177491        6.27628894692319
H            4.43156231580097        2.22632966427882        7.45573746242514
H           -0.12587904341772       -1.63351009443583        4.69725117975794
H           -1.67677729384526       -0.41040359004806        8.10929613517465
H           -3.17252098502366       -0.81479463413900        5.50016523386655
H           -2.87037652891912        1.81594861582809        5.60375393043187
H           -4.14706651771266        1.01790138083800        6.54911552588004
H           -1.65287214287574        1.71350260723100        7.63901317064999
H           -3.64020630513251       -1.51568564844781        8.21434920733603
77
 energy: -168.312574381473 gnorm: 0.008385142684 xtb: 6.7.1pre (5071a88)
N           -0.13285452354312        0.12693643671193        0.87491650991251
C           -0.06075861681000        1.51589910109959        0.57850581514126
C            1.05378213439674       -0.51786437261913        1.20819071051783
C           -1.27605577946743       -0.54934476713449        0.51122084679173
N            1.08918163754147        2.12844964434875        0.62185484347686
N           -1.15951436496598        2.14843762757989        0.22976245431850
N            2.18770215539208        0.12071940175378        1.24408525984408
N            0.97917836350535       -1.83892039477674        1.44967028896004
N           -2.31467546513189        0.07902184422970        0.04782092027323
N           -1.26489604210439       -1.89566262743864        0.64586392372820
C            2.17738116747847        1.41774197261990        0.93296040991260
C           -0.24088114390254       -2.47504621351025        1.38141996793403
C           -2.24330460767026        1.41823602606505        0.00464736197495
N            3.39529429188949        2.01899923011872        0.89049102564026
N           -0.34051203692218       -3.81810827692636        1.71141269052694
N           -3.39848714283830        2.03897614303550       -0.33767049683552
C            3.67662705644989        3.37787925164224        0.52533845683701
C            4.53578570741107        1.34823997047983        1.21108986846126
C           -3.60229767528267        3.46185820180478       -0.32231540017067
C           -4.45694432556841        1.29131320753620       -0.66243128392143
C            0.93461688438929       -4.43228443732936        1.17940063327447
C           -0.88626914968707       -4.44777827055980        0.44670082340919
N            4.87838082866901        3.73989339442973        0.21434228629500
N            5.68657038208910        1.72756066635876        1.01481154707284
N           -4.85717727504104        3.91772587998317       -0.00773155018066
N           -5.40837184613023        0.73369004764241       -0.96463565422175
N            2.03837028360578       -3.80285896611682        1.30915838139490
N           -1.78978190279384       -3.87050224749515       -0.24252069063104
C            5.96054620842477        2.91027106364118        0.26926372717495
C           -5.92169153642156        3.40262906256379        0.27226941777971
C            0.26924772852485       -5.32231905984240        0.25380160348789
N            7.10018725806602        3.06656362983998       -0.22399546512288
N           -6.96664944168742        3.17051621312841        0.80741468710231
N            0.60699879890818       -6.37847602841968       -0.34288602788038
C            2.65837922011530        4.32440060423401        0.53919621554558
C           -2.63701312897359        4.31356070759646       -0.61187026063687
C            2.15702005665044       -2.59841890141769        1.76531692226747
C           -2.25832859993917       -2.68138739523732        0.02047815761355
C            1.48419868083310        4.85166482628714        0.28681072321047
C           -1.37191805292427        4.96180256423283       -0.96430594155344
N            2.52754097016605        5.80909509695782        0.31737289709345
N           -2.41724764438749        5.68885807139774       -0.67296219029713
H            7.24944871592733        3.90119166323653       -0.77313537782027
H           -7.84623049573583        2.86799770152127        0.44169330174201
H           -0.10662776517289       -6.80474318955587       -0.92437977492185
H            2.82634797031598        6.16245904526450       -0.59458554930859
H           -2.85027102929700        6.58103643667456       -0.53480325632925
H            0.44015921151832        4.77047806995626        0.07126373292115
C            3.28197713225332       -0.02486667055272        5.31433169860425
C            2.08956235737306       -0.61333180528689        5.07010606878794
N            0.98278217899558       -0.27322546325612        5.77364196277336
C            1.05481659136414        0.72742364914043        6.80009133151799
O            0.04384720445139        1.01393591009418        7.40686109692568
N            2.24179298804241        1.29316216183354        7.02512363169172
C            3.31904759607610        0.95438536537685        6.35535255060778
N            4.45909519958781        1.58271736894800        6.67369831159009
C           -0.27586132443965       -0.94493704180364        5.53670001820177
C           -0.75422917234437       -1.78367647875598        6.75457004283815
C           -1.99927826878241       -1.06441923644423        7.28522852625554
C           -2.44374179263614       -0.22811178317397        6.06796027961310
O           -1.28992207793294       -0.03334438164114        5.24140975886629
C           -3.06499164725533        1.13562559049556        6.43508514534653
O           -2.62264932555782        1.67416542872016        7.63868580271355
O           -2.96473606512105       -1.98349764790261        7.70035122291871
F           -1.03043910085885       -3.04292070291378        6.34147125869658
F            0.22066184911653       -1.92117877789044        7.68186199503305
H            4.16094789529670       -0.29311224115011        4.75607972140440
H            1.97771255491919       -1.37621495265341        4.31017278596692
H            5.33906317852771        1.32640660490319        6.26397058763430
H            4.43590778014269        2.22440330005327        7.44781685171673
H           -0.12575153019394       -1.63619652859567        4.69012889781723
H           -1.67168474969687       -0.40919338388184        8.10219324749602
H           -3.17166927678964       -0.81911112790794        5.49270668208584
H           -2.86821289137807        1.81357928141040        5.59260300932158
H           -4.14666557228150        1.01266983128705        6.53964074405978
H           -1.64994797958511        1.71587891827162        7.62895068366736
H           -3.63161785124160       -1.51740484229527        8.21758259466358
77
 energy: -168.312996382853 gnorm: 0.009566963088 xtb: 6.7.1pre (5071a88)
N           -0.13748647040665        0.13043359398080        0.88584012862930
C           -0.06589379810598        1.51811752934476        0.58819977699267
C            1.04861969881900       -0.51124713866481        1.22635411459017
C           -1.28067960982305       -0.54586320442410        0.51797400994532
N            1.08430449468142        2.13156477870377        0.63502008624054
N           -1.16208652470891        2.14959343218865        0.23205056289861
N            2.18207276128497        0.12606623839153        1.26339736189107
N            0.97283111420718       -1.83424373253448        1.46608113822202
N           -2.31576447753086        0.08252672168782        0.04878623689517
N           -1.26653590190707       -1.89112238058747        0.65015220806520
C            2.17136922799356        1.42481223735553        0.95445051206438
C           -0.24647952611335       -2.46733889993611        1.39348495399260
C           -2.24670874585811        1.42164409303158        0.00443447105734
N            3.38936842016241        2.02300960430357        0.90978772252672
N           -0.35034874817853       -3.81009696284440        1.72528697368140
N           -3.40314015264445        2.04086293623353       -0.33811121273648
C            3.67310010086030        3.38064071749233        0.54075206737761
C            4.52864611245017        1.35273052962916        1.24332782798662
C           -3.60615654131664        3.46249811700702       -0.32259930619736
C           -4.46414056220716        1.29157909945242       -0.65514260631946
C            0.92712297939387       -4.42581446834149        1.20303705263470
C           -0.88749304348541       -4.44330348015429        0.46130611799377
N            4.87666357472083        3.73668157636291        0.22851408008068
N            5.67933058425260        1.73481861477270        1.05258832078453
N           -4.86029923127664        3.91772599436996       -0.00882920569015
N           -5.40693612861048        0.72815592427986       -0.97489934840439
N            2.03065670935703       -3.79866634631448        1.34098543535397
N           -1.79348137621856       -3.87123552533573       -0.23042377160289
C            5.95697843774567        2.90831316926597        0.29894291307024
C           -5.92544283110206        3.40828639059568        0.27831557864566
C            0.26781542341453       -5.31662816394478        0.27488454629055
N            7.09811688359313        3.06020187948901       -0.19169904344590
N           -6.96796937817771        3.17496902429186        0.81787611469248
N            0.60854755649221       -6.37372721922620       -0.31950691102507
C            2.65628601290788        4.32925591691775        0.54057710676973
C           -2.63794245113515        4.31029114897805       -0.61430425228573
C            2.14839568451033       -2.59081177316361        1.79081149025954
C           -2.25911729491113       -2.68074212469371        0.03029491335551
C            1.48348751333530        4.85559959232023        0.27723502288853
C           -1.37281387827054        4.95935672759959       -0.97848021294621
N            2.52451937396208        5.81031262810909        0.30396618626629
N           -2.41713240374642        5.68804470777062       -0.67226265773031
H            7.24755160088784        3.88467970586876       -0.76352510277548
H           -7.84313987349334        2.87045986962996        0.45100614482393
H           -0.10140190087024       -6.79570310827921       -0.90486341407622
H            2.82850392456897        6.16080785709301       -0.60671623121645
H           -2.84918133819609        6.58109768913876       -0.53116161729662
H            0.43892766783987        4.77496643911510        0.06260368552603
C            3.28475723953070       -0.02722914961939        5.29430700258327
C            2.09177044682510       -0.61668708023651        5.05557662420217
N            0.98646993269393       -0.27859320342978        5.76003476074104
C            1.05776040215311        0.73082278755444        6.78266933508390
O            0.04547860826494        1.02142337754727        7.38321530614149
N            2.24565944410370        1.29325649727912        7.00620062934310
C            3.32210100069262        0.95231580972143        6.33446100207138
N            4.46422323170129        1.57907658703128        6.65133777358507
C           -0.27000770366882       -0.95096495029534        5.52206651544128
C           -0.74759729985090       -1.78800926345568        6.74152199437438
C           -1.99243346834417       -1.06618182679229        7.27164302396485
C           -2.43913754272001       -0.23695163902826        6.05212191892611
O           -1.28637717443250       -0.03957841508425        5.22728265369079
C           -3.06240496512966        1.12794779963900        6.41438157707950
O           -2.61897838215373        1.66917689370506        7.61848973862314
O           -2.95354503510221       -1.98466633393698        7.69850288539201
F           -1.02304948519174       -3.05001970672425        6.33197969893768
F            0.22911639977097       -1.92457008317023        7.66647523707393
H            4.16259843632775       -0.29324342426597        4.73158296903059
H            1.98260869253241       -1.38426213454056        4.30004484738067
H            5.33789026800638        1.31706263845353        6.23431291592584
H            4.44673714546671        2.21867505106106        7.42805219237079
H           -0.12283084354690       -1.64280243939049        4.67406858452672
H           -1.66007099919385       -0.40661884963941        8.08349545875377
H           -3.16711214825732       -0.83069167288404        5.47688876266742
H           -2.86472788201321        1.80499477249986        5.56903564330160
H           -4.14572585417053        1.00334488815558        6.51810831950716
H           -1.64655433266952        1.71953846127128        7.60484885928228
H           -3.61205980084044       -1.52012734773258        8.22418780188169
77
 energy: -168.313339208568 gnorm: 0.015765637234 xtb: 6.7.1pre (5071a88)
N           -0.14408296034472        0.13528537539977        0.90017321430843
C           -0.07297180494704        1.52186002037362        0.60160464736062
C            1.04079465551754       -0.50313056384128        1.24974721920345
C           -1.28611797691765       -0.54168049594040        0.52485896369882
N            1.07721907536631        2.13666564038694        0.65321004000074
N           -1.16633518209040        2.15246494813099        0.23737260472736
N            2.17352307939457        0.13331290834007        1.28991843510797
N            0.96396960733074       -1.82786594611831        1.48838854140038
N           -2.31659681281542        0.08648522125801        0.04702983796304
N           -1.26971694182757       -1.88608162708610        0.65593631102717
C            2.16307694116378        1.43338436703060        0.98037123622867
C           -0.25448388855824       -2.45887304535910        1.40909154620394
C           -2.25057365277728        1.42563877609704        0.00388222005014
N            3.38112361875821        2.02882186870047        0.93519870981754
N           -0.36240492469495       -3.80130562173552        1.74405212369348
N           -3.40655438419040        2.04226310168775       -0.34504351146793
C            3.66762193495250        3.38375720082522        0.55786604158975
C            4.51851114192320        1.36018225635808        1.28680406292554
C           -3.61058524641798        3.46305833258877       -0.32767669017385
C           -4.46062270709397        1.28838035595864       -0.67682861633236
C            0.91880184447128       -4.41790122140763        1.23387698245727
C           -0.88875548623874       -4.43728345538322        0.47975597433741
N            4.87349842409944        3.73347724911123        0.24574018968627
N            5.66960903784872        1.74410488140046        1.10087954230366
N           -4.86350193087261        3.91697500838790       -0.01152126175105
N           -5.42225602697615        0.73110755533194       -0.94884064396505
N            2.02175537439647       -3.79230956151650        1.38142113050788
N           -1.79603159441757       -3.87064528540614       -0.21661951265370
C            5.95153096949445        2.90477895149604        0.33285943604494
C           -5.92779286782138        3.41306867510810        0.28666547640147
C            0.26668996357276       -5.31023501555988        0.30268673991931
N            7.09547307173512        3.05069732141876       -0.15393836350516
N           -6.96938720813353        3.18121295787265        0.82947113883415
N            0.61161914253348       -6.36775251209554       -0.28972238799263
C            2.65290326363531        4.33416602211780        0.54318918663652
C           -2.63912236967134        4.30794925210717       -0.61747983031708
C            2.13681812331579       -2.58107621752107        1.82533796486867
C           -2.26060007437067       -2.67935468980367        0.04070414051183
C            1.48177565234260        4.85941968992223        0.26769895712099
C           -1.37330776351862        4.95877964432036       -0.98190768669882
N            2.52111070630043        5.81181317236665        0.28767493515354
N           -2.41839848319999        5.68734496647000       -0.67234715033943
H            7.24738081334268        3.86530901384435       -0.74233934697817
H           -7.84162903611592        2.87544680054253        0.45912541568834
H           -0.09501453666149       -6.78660666121920       -0.87992187781577
H            2.83157456684998        6.15675152173352       -0.62266277312400
H           -2.85054002241246        6.58055630077252       -0.53187670145393
H            0.43738098815578        4.77883083143205        0.05197720447410
C            3.28926481043160       -0.02966233924267        5.26792503500122
C            2.09603525514907       -0.62158879393574        5.03506517146279
N            0.99222384769523       -0.28510328354320        5.74053898077933
C            1.06298862175603        0.73406903483926        6.75875236990093
O            0.04900533930577        1.02979441849207        7.35266675082265
N            2.25187473806621        1.29256142667626        6.98064443212976
C            3.32743516616031        0.94979531499853        6.30728714559057
N            4.47160178228969        1.57438412954425        6.62316833626130
C           -0.26211590408014       -0.95865634267896        5.50330705517612
C           -0.73852618771858       -1.79358970731200        6.72446960389373
C           -1.98261917042738       -1.06932975532330        7.25435284928524
C           -2.43269267938542       -0.24793888574203        6.03206517683421
O           -1.28123377196948       -0.04830088939674        5.20806186460241
C           -3.05988791204400        1.11727796951342        6.38881323732947
O           -2.61726766912146        1.66347032462169        7.59203317954775
O           -2.94018250761087       -1.98570828674708        7.69371115377198
F           -1.01425243043983       -3.05785088849007        6.31864238918974
F            0.23934100616517       -1.92887990385981        7.64786181039611
H            4.16549133959117       -0.29355052934044        4.70130771045561
H            1.98933462418544       -1.39291059068097        4.28271166240829
H            5.33927291185440        1.30625402765874        6.19825412854866
H            4.46021483102323        2.21121631513302        7.40234917342621
H           -0.11707190165161       -1.65135812079234        4.65507293835343
H           -1.64567753006055       -0.40384383218886        8.05977470602818
H           -3.15977016734268       -0.84604008765624        5.45863719728704
H           -2.86173799296645        1.79227269953234        5.54111606468655
H           -4.14380291384474        0.99199384266236        6.49174196670819
H           -1.64517096269268        1.72181827458464        7.57518485359622
H           -3.58845068578862       -1.52184581020793        8.23133324147948
77
 energy: -168.313900425485 gnorm: 0.014824388472 xtb: 6.7.1pre (5071a88)
N           -0.15224477169334        0.14085367028818        0.91517677021147
C           -0.08073373248094        1.52619800505400        0.61374694848829
C            1.03082672273762       -0.49504503115527        1.27378501230963
C           -1.29264484095775       -0.53733744460286        0.53264782091407
N            1.06919222972381        2.14238654422788        0.67047071763309
N           -1.17126025059034        2.15607447141912        0.24080930974466
N            2.16283874545496        0.14114609657261        1.31860116789396
N            0.95329818314968       -1.82047137339498        1.51355308961771
N           -2.31978542900609        0.09032209842196        0.04786458441732
N           -1.27506502527073       -1.88132484696329        0.66420474649072
C            2.15369143792245        1.44143482745957        1.00474699802318
C           -0.26430159148207       -2.45121809836534        1.42658936071950
C           -2.25528564077042        1.42942218808193        0.00411622932941
N            3.37181317618357        2.03523942455122        0.96235631899353
N           -0.37484426792488       -3.79335313871116        1.76519758236547
N           -3.41084109671326        2.04460974915574       -0.34763481364293
C            3.66127370830449        3.38631657542855        0.57353308611677
C            4.50655185191012        1.36934989255186        1.33422443118950
C           -3.61456252535164        3.46554048373087       -0.33061066792244
C           -4.46687144927040        1.28984337318638       -0.67078474693382
C            0.91090502675755       -4.40980475927138        1.26693088207940
C           -0.89023039265315       -4.43070022944669        0.49931991306805
N            4.86950810437918        3.73064186639056        0.26326813843174
N            5.65872636992282        1.75297608721286        1.15121253923680
N           -4.86589714050467        3.91811279949316       -0.00965494158987
N           -5.41918748238773        0.72728879561604       -0.96020139322364
N            2.01279354127792       -3.78452688784709        1.42372071623024
N           -1.79694920828505       -3.86866020953062       -0.20291986162389
C            5.94535564299542        2.90020913287460        0.36618927446235
C           -5.92775257983968        3.41755236333754        0.30139930435433
C            0.26598033196575       -5.30404408336123        0.33248947303453
N            7.09225267774716        3.03872787378390       -0.11723294263784
N           -6.97279840340606        3.19292298427034        0.84153195739472
N            0.61575309489431       -6.36109665872418       -0.25865247072688
C            2.64882173301162        4.33788747806793        0.54632319634706
C           -2.64144617292469        4.30811537051221       -0.62157871002976
C            2.12355917505135       -2.57076535488147        1.86357914220772
C           -2.26314692189023       -2.67736321802534        0.05046118707985
C            1.47950591180353        4.86223292246111        0.25949035960686
C           -1.37561791902961        4.96004583652777       -0.98140656941824
N            2.51859280629158        5.81298317615028        0.27102490872067
N           -2.42115984994248        5.68775791245332       -0.67560191788463
H            7.24856236312134        3.84608238397482       -0.71229715469256
H           -7.84045810190840        2.87825105816344        0.46414023612031
H           -0.08834015993937       -6.77903740060156       -0.85357512859765
H            2.83510412644171        6.14997211767560       -0.64030675151760
H           -2.85289013709879        6.58087470742239       -0.53603989762457
H            0.43562006567760        4.78137668015264        0.04107074836940
C            3.29487203021215       -0.03168895727423        5.23945282103040
C            2.10185302727267       -0.62677834043799        5.01115791209258
N            0.99916705954729       -0.29121927665127        5.71777266703144
C            1.06994344044978        0.73576620959742        6.73227050714262
O            0.05425886316905        1.03676436386944        7.32037329910464
N            2.25946321614696        1.29108523384246        6.95254722857149
C            3.33441573161174        0.94722681156499        6.27843622542613
N            4.48012692837853        1.56950995004200        6.59400701259676
C           -0.25367341722635       -0.96658443259741        5.48333447982923
C           -0.72848296790094       -1.79916352833190        6.70631101765188
C           -1.97124994964628       -1.07303729654849        7.23654906891759
C           -2.42563386095035       -0.25911493513084        6.01109850952838
O           -1.27544295768990       -0.05816116395344        5.18656061348384
C           -3.05753181716214        1.10554301101594        6.36252376371516
O           -2.61745127294756        1.65743908235475        7.56396579860917
O           -2.92688202192072       -1.98612598451124        7.68633801548468
F           -1.00556168717929       -3.06445214231507        6.30341728075256
F            0.24999418233579       -1.93306119255486        7.62899264688202
H            4.16941951306512       -0.29427478889024        4.67039592364531
H            1.99692820683881       -1.40024922784464        4.26028723988202
H            5.34363281904036        1.29665353181772        6.16285800210730
H            4.47369493296780        2.20380802435679        7.37476730626521
H           -0.10930391291736       -1.66059970434793        4.63636845977977
H           -1.63069413565264       -0.40149092493667        8.03556993769036
H           -3.15102925805224       -0.86241413604286        5.44106141936287
H           -2.85992157738012        1.77786211153080        5.51317536313168
H           -4.14077754333714        0.97901571967851        6.46507951737429
H           -1.64577392417514        1.72167631243822        7.54537928616242
H           -3.56456958234338       -1.52193654151377        8.23736449426051
77
 energy: -168.314809385557 gnorm: 0.011502866144 xtb: 6.7.1pre (5071a88)
N           -0.16569949875905        0.14978033719242        0.93794951412760
C           -0.09257251693904        1.53371041392178        0.63190732034248
C            1.01385604479712       -0.48396936625256        1.30873293911634
C           -1.30221274833082       -0.53105389844687        0.54477564351181
N            1.05636373640591        2.15192199500771        0.69680072429048
N           -1.17994029149184        2.16296514504399        0.24880831180122
N            2.14489744863592        0.15306230564638        1.36262546825601
N            0.93562494852484       -1.80830998168811        1.55399530386527
N           -2.32595319973292        0.09522977309695        0.05121429900573
N           -1.28505990585141       -1.87504572057252        0.67996145984437
C            2.13886575508824        1.45209014060944        1.03910332932108
C           -0.28070754067458       -2.44164056508931        1.45471222610611
C           -2.26245948440986        1.43435446539649        0.00808553723830
N            3.35715912708406        2.04565022200935        1.00605676989475
N           -0.39284124351328       -3.78317003301339        1.79896150944282
N           -3.41611958908623        2.04867895117596       -0.34846891386656
C            3.65128135375609        3.38940592885980        0.59632072261529
C            4.48682302449789        1.38562453806921        1.40790262575881
C           -3.61910525023225        3.47130246744501       -0.33182744774117
C           -4.47451014577367        1.29459550351429       -0.66180331248344
C            0.90039583117959       -4.39818036853304        1.31712903643520
C           -0.89258606200908       -4.42093826273174        0.52891391830245
N            4.86252467119065        3.72751912450813        0.29078140369718
N            5.64149370840964        1.76498153143293        1.22587372301026
N           -4.87090948511724        3.92469417562111       -0.01583081356451
N           -5.41606086479783        0.72628227430467       -0.97409355937239
N            1.99980755148436       -3.77140247137070        1.48638640726622
N           -1.79507575681451       -3.86430472648371       -0.18361700193178
C            5.93566938930761        2.89338124071044        0.41542421191420
C           -5.93242177860868        3.43055669755639        0.30366257214863
C            0.26589679522157       -5.29557291136429        0.37757698765375
N            7.08598092586542        3.01890922838348       -0.06504267391551
N           -6.96630659062822        3.19024197373075        0.85839658037871
N            0.62353136097599       -6.35065278796392       -0.21239172373181
C            2.64155747238091        4.34151291977084        0.55243441181648
C           -2.64531552219916        4.31205862083201       -0.62465926497352
C            2.10228846753996       -2.55563244717551        1.92361112873627
C           -2.26734497977719       -2.67360497248330        0.06220131153511
C            1.47530493620022        4.86446847539189        0.24945954577103
C           -1.38324842468777        4.96393057892397       -0.98506194429766
N            2.51614873007453        5.81379765938685        0.24822107158686
N           -2.42556296864766        5.69021865332659       -0.68018060589208
H            7.24957198304123        3.81827762729829       -0.66054580237375
H           -7.84283277905173        2.89177764523830        0.48230874758819
H           -0.07739890128931       -6.77089885660547       -0.81326886387270
H            2.84019843817071        6.13540385004975       -0.66650371536177
H           -2.85564863093803        6.58336247365547       -0.54181550294881
H            0.43239728160235        4.78282547228588        0.02517539604749
C            3.30440179422513       -0.03468185731568        5.19545884491387
C            2.11246225617561       -0.63467268968135        4.97109824806231
N            1.01057905484594       -0.29900423209364        5.67929673656393
C            1.08191832214530        0.73571251346636        6.68902894292267
O            0.06451903523352        1.04239911824972        7.27195865592830
N            2.27198003011472        1.28730826374615        6.90842768396539
C            3.34670740236856        0.94289500907227        6.23465295679844
N            4.49370527707939        1.56216402013592        6.55041721025662
C           -0.24107099358184       -0.97872240175859        5.45233593775261
C           -0.71277228182377       -1.80674337406027        6.67892203687995
C           -1.95283890830702       -1.07860984271308        7.21044262010002
C           -2.41463563463800       -0.27526378007529        5.97950190459134
O           -1.26642802506497       -0.07486412026928        5.15125587260266
C           -3.05400266681755        1.08743094144344        6.32362264048503
O           -2.61893990275833        1.64834948289604        7.52118084215964
O           -2.90797200453134       -1.98542092280929        7.67210320726775
F           -0.99329436752316       -3.07180392247598        6.27974571121152
F            0.26649202272132       -1.93794492158747        7.60134847842580
H            4.17667399359368       -0.29680173256876        4.62475972886706
H            2.00913871055258       -1.40902962912106        4.22011392990496
H            5.35457008103136        1.28610634461991        6.11401498943931
H            4.49189883025549        2.19426704812779        7.33156297130648
H           -0.09529536356130       -1.67626451946159        4.60990780072960
H           -1.60863723668827       -0.39833147715837        8.00024612543643
H           -3.13674267129755       -0.88752047473273        5.41716690568363
H           -2.85917306991903        1.75511198049917        5.47232240886788
H           -4.13482801654954        0.95728383117007        6.42678943378034
H           -1.64801945810036        1.71780417788565        7.50195234932630
H           -3.53013903127329       -1.51934987304230        8.24269981433608
77
 energy: -168.315743242695 gnorm: 0.014683071654 xtb: 6.7.1pre (5071a88)
N           -0.18179450204169        0.16070224949744        0.96444277408319
C           -0.10618645365984        1.54320320487691        0.65343599398232
C            0.99327213481543       -0.47121502963837        1.34966580403945
C           -1.31288541586756       -0.52343190708533        0.56005366963220
N            1.04138297477069        2.16330214590346        0.72861301770414
N           -1.19034702358684        2.17131949717632        0.25855866976887
N            2.12341238159867        0.16709724335874        1.41449942330910
N            0.91388138268021       -1.79319093100827        1.60287051626670
N           -2.33296078188118        0.10041500410262        0.05561044884569
N           -1.29689138487682       -1.86740320406844        0.70079261338098
C            2.12111064149971        1.46416803285260        1.08167996898526
C           -0.30063136679254       -2.43038719768936        1.48931780284698
C           -2.27008569924008        1.43957778670367        0.01207179935571
N            3.33965639603011        2.05822400226952        1.06146033103023
N           -0.41409281273706       -3.77080097968396        1.83928001273155
N           -3.42125080080089        2.05299018859465       -0.35186877596240
C            3.63991634977094        3.39293558557089        0.62700996050822
C            4.46280601718067        1.40581684181168        1.49526972238266
C           -3.62429411995073        3.47721620421931       -0.33617366726917
C           -4.48013692756045        1.29962007092025       -0.66129990390940
C            0.88761097920149       -4.38437630642106        1.37596769447612
C           -0.89606846688364       -4.41000363662609        0.56403477482540
N            4.85424588479937        3.72370827160169        0.32691901151449
N            5.62070457324215        1.77823382619716        1.31406634254965
N           -4.87552718573841        3.92980644450488       -0.01757732188910
N           -5.41801807533188        0.73006286558998       -0.97853017180712
N            1.98359024979189       -3.75523336495144        1.55925263151509
N           -1.79181886999547       -3.85922853907938       -0.16104079106908
C            5.92425086894217        2.88595973944554        0.47715629681766
C           -5.93256539661354        3.43761747490352        0.31902198399652
C            0.26579609151556       -5.28514899695766        0.43007067312025
N            7.07747028039069        2.99533547752893       -0.00090034327800
N           -6.96617750793603        3.19933049859421        0.87537976916684
N            0.63293750002128       -6.33800532157518       -0.15754394033434
C            2.63215029668349        4.34559058742919        0.55945015978490
C           -2.65138427772942        4.31809195202440       -0.63079407097756
C            2.07653929266301       -2.53784807471907        1.99429738262688
C           -2.27148283725269       -2.66868892108782        0.07439020048859
C            1.47002345309996        4.86614972259600        0.23577442557810
C           -1.39195380329825        4.97022413085865       -0.98935888157715
N            2.51305179211152        5.81388626366620        0.22280321840893
N           -2.43250474297396        5.69494106894980       -0.68674159902183
H            7.24759861878763        3.78292786760087       -0.60605446634795
H           -7.84529524570903        2.90639992788172        0.49406571365293
H           -0.06278059101192       -6.76200409192567       -0.76469109769473
H            2.84546133196566        6.11589663749153       -0.69613896879555
H           -2.86131154687557        6.58817178461285       -0.54828475235701
H            0.42814750871041        4.78349886670204        0.00611290622861
C            3.31603877668497       -0.03912271564200        5.14347690081669
C            2.12557150857111       -0.64381415253955        4.92238112613682
N            1.02411563146244       -0.30747003519249        5.63213450885162
C            1.09585434953436        0.73345861992852        6.63661665196526
O            0.07720084117302        1.04479840442022        7.21579524951526
N            2.28625887134976        1.28254566475009        6.85578947629209
C            3.36112975622915        0.93759359299174        6.18270073585481
N            4.50927902284475        1.55383956283655        6.49865790350375
C           -0.22621440905064       -0.99357122790949        5.41440889036384
C           -0.69341402539667       -1.81507801061302        6.64672878616738
C           -1.93042742199137       -1.08441506626222        7.17974011820870
C           -2.40121531297420       -0.29433846674821        5.94187520577258
O           -1.25582360672930       -0.09620251139247        5.10754132781212
C           -3.04875872708835        1.06624971499483        6.27722677619972
O           -2.61769211248949        1.63813828527666        7.46983448967125
O           -2.88448091086792       -1.98460425055671        7.65538533753840
F           -0.97776429481597       -3.08013867638621        6.25329456187932
F            0.28820540340485       -1.94208479034779        7.56781391304850
H            4.18621490004783       -0.30101877484354        4.57068414466401
H            2.02413036955198       -1.41914802401999        4.17133084733413
H            5.36898410545861        1.27674639268985        6.05926019608412
H            4.51105135111551        2.18498283355302        7.27963280458121
H           -0.07809623238837       -1.69683701456761        4.57819700286848
H           -1.58238232902477       -0.39415524495562        7.95875741956031
H           -3.11998580320145       -0.91751509770603        5.38946164395967
H           -2.85885078064626        1.72858602018467        5.42236725423766
H           -4.12731367911575        0.93005973220338        6.38235320530600
H           -1.64756500235140        1.71321424977696        7.44947512454674
H           -3.49061940321554       -1.51615597743918        8.24337543663094
77
 energy: -168.316753376942 gnorm: 0.016071858828 xtb: 6.7.1pre (5071a88)
N           -0.19870585061802        0.17222737693200        0.99127118299671
C           -0.12008787359692        1.55364640701123        0.67628364616083
C            0.97160370054907       -0.45847835432562        1.39099413384488
C           -1.32373035466238       -0.51517768311412        0.57778679955878
N            1.02586634080362        2.17498111644221        0.76209182786726
N           -1.20168952940085        2.18004629413195        0.27023988833675
N            2.10102446229069        0.18123735241161        1.46642073561376
N            0.89066386942641       -1.77729255812566        1.65245346139078
N           -2.34076261845276        0.10560279241763        0.06287317344087
N           -1.30919026024016       -1.85910677950407        0.72480331822136
C            2.10229884457744        1.47609783450036        1.12760638703082
C           -0.32144562366589       -2.41890019463861        1.52558821793588
C           -2.27798188800955        1.44485769268480        0.01792037483170
N            3.32098315527600        2.07139423103771        1.12163031114126
N           -0.43588703130041       -3.75760011208232        1.88024904283622
N           -3.42658529959748        2.05790056524856       -0.35407962760189
C            3.62841719003489        3.39642888879741        0.66263160453787
C            4.43699977156287        1.42741051619747        1.58307489498493
C           -3.62953464534430        3.48332976495178       -0.33917883056545
C           -4.48526822015486        1.30590710520769       -0.66506600865535
C            0.87342699682650       -4.37028928836114        1.43448679259696
C           -0.90118967215640       -4.39959856417032        0.59990713779438
N            4.84549153996364        3.71945855586739        0.36833591936781
N            5.59842559792742        1.79079869853614        1.40262884112238
N           -4.88062479282298        3.93747473754377       -0.02082469184312
N           -5.42350792828312        0.73758032134592       -0.98086660258034
N            1.96549756700395       -3.73827111853336        1.63034575594674
N           -1.78812380143349       -3.85357009840132       -0.13817873757434
C            5.91157752142100        2.87850039950304        0.54237602827422
C           -5.93514062197540        3.44815002452485        0.32703049275399
C            0.26456031313241       -5.27403280466184        0.48245890646141
N            7.06696496248981        2.97127595340259        0.06663774926819
N           -6.96418858463100        3.20555804484110        0.89018104333549
N            0.64143209884178       -6.32518988417043       -0.10115259064156
C            2.62182393232048        4.34927937229848        0.56640374464403
C           -2.65813993676300        4.32519039394334       -0.63539175115653
C            2.04988114710816       -2.51983518508865        2.06310225294690
C           -2.27525244412041       -2.66294397439098        0.08589666769111
C            1.46462159580726        4.86644273341312        0.22080090594233
C           -1.40036183323068        4.97636892601894       -0.99697780948743
N            2.51001082707597        5.81246989041513        0.19997816794934
N           -2.43935090420310        5.70098285324331       -0.69286229005648
H            7.24287939269676        3.74569862258452       -0.55385394300040
H           -7.84656379395042        2.91559927420829        0.51133784655814
H           -0.04693627267538       -6.75357498584259       -0.71466157165209
H            2.85053423824211        6.09366618018981       -0.72295844971018
H           -2.86684827990415        6.59474601617457       -0.55365415772970
H            0.42390043440329        4.78284350600160       -0.01407145190064
C            3.32863029286761       -0.04459153871748        5.09117928159810
C            2.13993166449071       -0.65332535025753        4.87262792320966
N            1.03823125097609       -0.31552942019715        5.58314228652035
C            1.10984566542333        0.72857054532491        6.58247394958033
O            0.09045750236148        1.04348490226033        7.15955068443158
N            2.30001321904867        1.27840539992947        6.80139571693816
C            3.37542235659970        0.93272851171933        6.12945969679021
N            4.52427403131832        1.54670584636519        6.44546601055286
C           -0.21057274369788       -1.00925258807296        5.37461780174272
C           -0.67221443648240       -1.82310552394838        6.61413532647295
C           -1.90646939981058       -1.08962112007924        7.14822397419464
C           -2.38672233801504       -0.31410703330420        5.90327409916510
O           -1.24482024333528       -0.11990507764279        5.06116919440270
C           -3.04163518116262        1.04484752602348        6.22892939793236
O           -2.61228399683425        1.62922104761373        7.41557828189389
O           -2.85833478892394       -1.98433951056511        7.63817729184478
F           -0.95982893805174       -3.08887536342178        6.22840475993308
F            0.31331427252298       -1.94464922900779        7.53256321038855
H            4.19738749459466       -0.30651139891814        4.51632089046433
H            2.04090681378403       -1.43043132449157        4.12221938705558
H            5.38501424798991        1.27128771171020        6.00663389724116
H            4.52746950547377        2.17866455767538        7.22559415557837
H           -0.05928169596041       -1.71978675039768        4.54551691907902
H           -1.55525259469241       -0.38973330934115        7.91656479322598
H           -3.10296037618747       -0.94832507743302        5.36155526404859
H           -2.85882757958520        1.70154520512564        5.36871003411124
H           -4.11852623133350        0.90134443684378        6.33787071631695
H           -1.64281778427003        1.70914057864770        7.39353637979478
H           -3.45213542765956       -1.51314951006177        8.23575393697057
77
 energy: -168.317829479040 gnorm: 0.012437949302 xtb: 6.7.1pre (5071a88)
N           -0.21580617132531        0.18382345033064        1.01731629287695
C           -0.13377064134883        1.56487024381509        0.70018663046641
C            0.94986328700321       -0.44650426686016        1.43031614424166
C           -1.33464037365027       -0.50638828103068        0.59841237253018
N            1.01029577452214        2.18647147110078        0.79614188603348
N           -1.21360759738141        2.18871155397190        0.28388056651456
N            2.07873158551534        0.19458515884092        1.51482380085737
N            0.86706532250040       -1.76193241327347        1.69808708781466
N           -2.34955235754036        0.11084327772490        0.07442336625347
N           -1.32171843884414       -1.85028166642344        0.75187404004531
C            2.08289463997852        1.48735790992871        1.17528483155918
C           -0.34208380678272       -2.40787414814379        1.56128961653431
C           -2.28592347869442        1.45022938351010        0.02612590602898
N            3.30136978330133        2.08494206123671        1.18433128903634
N           -0.45732219590233       -3.74406230093725        1.91930707127469
N           -3.43183172818947        2.06345990230388       -0.35473942296720
C            3.61685201400678        3.40004678953098        0.70261447593869
C            4.40988304239403        1.45022882917980        1.66689363516044
C           -3.63458864342419        3.48908781770524       -0.34131099244743
C           -4.48983517757961        1.31360044025064       -0.67312849239867
C            0.85728698474388       -4.35733264340344        1.48821309798897
C           -0.90937680092742       -4.39088173988970        0.63488661265362
N            4.83630058629943        3.71527665805645        0.41497282972336
N            5.57513142825645        1.80258287318216        1.48787585529679
N           -4.88543793923141        3.94528120486763       -0.02146380202246
N           -5.43379365178185        0.74924719270081       -0.97997178435217
N            1.94558203581975       -3.72224055720407        1.69216694344573
N           -1.78509006868083       -3.84696622748302       -0.11593062158349
C            5.89763705607002        2.87195578139194        0.60937406566768
C           -5.93691496573989        3.45551629596934        0.33479610955469
C            0.26018334322914       -5.26340861755381        0.53171365215305
N            7.05436752769471        2.94874162648700        0.13602825273029
N           -6.96380046256746        3.21321633632130        0.90130104538805
N            0.64613132868777       -6.31422778948980       -0.04533925061244
C            2.61101190724317        4.35210895488204        0.57333925332376
C           -2.66599987222293        4.33332079862268       -0.63984645624534
C            2.02445535106105       -2.50308260365830        2.12082458704621
C           -2.27890645763786       -2.65624379554278        0.09692840285636
C            1.45936934845363        4.86475805867286        0.20681352981061
C           -1.40802424267231        4.98193351695959       -1.00831880751492
N            2.50776256836720        5.80887480294975        0.18264362226816
N           -2.44609800105769        5.70831203564413       -0.70026492264213
H            7.23558589181151        3.71001129953129       -0.50200827921120
H           -7.84705880190116        2.92027172264759        0.52901629549261
H           -0.03234967360001       -6.74721734749302       -0.66544575020965
H            2.85543512754006        6.06913454098784       -0.74359408055302
H           -2.87214582729483        6.60298712206749       -0.55917994213782
H            0.42007802282319        4.78044277033282       -0.03419353040294
C            3.34250447791431       -0.05124951157523        5.04220635284079
C            2.15604231106545       -0.66379133541954        4.82623657669332
N            1.05287184026483       -0.32278619701468        5.53522323024682
C            1.12304549992791        0.72205075241301        6.52798406758051
O            0.10377198342433        1.03880422191654        7.10557995534390
N            2.31235162703003        1.27669419237227        6.74699978070154
C            3.38886526416508        0.92947979408999        6.07735421580488
N            4.53760851920664        1.54298831418253        6.39267429636247
C           -0.19386437584492       -1.02540168432586        5.33484828620780
C           -0.64944181639174       -1.83054876641155        6.58257551170027
C           -1.88178067763686       -1.09415092297072        7.11645483414181
C           -2.37101645331073       -0.33403867200777        5.86487550218862
O           -1.23315510310318       -0.14592200180365        5.01365714060369
C           -3.03179910007036        1.02409682798300        6.17960655889808
O           -2.60094633893170        1.62301310897381        7.35871359126874
O           -2.83005180500470       -1.98529299532101        7.62003629717873
F           -0.93891459102727       -3.09821039470810        6.20686826608673
F            0.34125903251809       -1.94511552677815        7.49711048140317
H            4.21092800950899       -0.31384084130431        4.46615265508113
H            2.06060763576742       -1.44503093247640        4.07859807922457
H            5.40214272917105        1.27249388168741        5.95878673121986
H            4.53905411528520        2.17859882838083        7.17050788170587
H           -0.03815281502425       -1.74452931282051        4.51370873832439
H           -1.52850526558798       -0.38593310587887        7.87522241387085
H           -3.08605160012192       -0.97838993564068        5.33403028179025
H           -2.85847637946970        1.67431670264003        5.31169024457066
H           -4.10773542757311        0.87297455557881        6.29495022433474
H           -1.63189000569269        1.70568938326277        7.33437507608032
H           -3.41686587173397       -1.51055791034978        8.21819969601080
77
 energy: -168.318777711944 gnorm: 0.009133071134 xtb: 6.7.1pre (5071a88)
N           -0.23317421543526        0.19488324444022        1.04372847497920
C           -0.14846306273145        1.57611249863063        0.72639118966368
C            0.92887791508180       -0.43464549015481        1.46881125894595
C           -1.34718003367344       -0.49699644155769        0.62063000751303
N            0.99388450260553        2.19771749060319        0.83200075464374
N           -1.22632368111578        2.19685968874434        0.29927051005972
N            2.05697391493965        0.20722367477247        1.56100247949515
N            0.84434685495412       -1.74887773297681        1.73692781026752
N           -2.35974431903300        0.11736389979501        0.08834522476741
N           -1.33452260907186       -1.84071672383802        0.77774481629303
C            2.06254758820615        1.49944295454736        1.22555814676493
C           -0.36210642288534       -2.39667041295994        1.59371248369341
C           -2.29540020534127        1.45687051673984        0.03589548610489
N            3.28047941026104        2.09893012099362        1.24745343132965
N           -0.47981334110590       -3.73011384781345        1.95457054901157
N           -3.43876209434078        2.07013573001518       -0.35413438882646
C            3.60414139652818        3.40486990805133        0.74492730077219
C            4.38196380119936        1.47374837969722        1.75232774427052
C           -3.64065700739770        3.49482053977972       -0.34233850867811
C           -4.49613134686896        1.32215133925486       -0.68158053912800
C            0.83786654506598       -4.34632353019889        1.53668249696092
C           -0.92105845729503       -4.38374577134451        0.66786766642930
N            4.82644726742243        3.71085425948906        0.46324010280850
N            5.55089912400260        1.81639564193892        1.57770084007934
N           -4.89095615172963        3.95336250965897       -0.02070901661690
N           -5.44631175850382        0.76194754197385       -0.98019132700201
N            1.92415285751016       -3.70951836933927        1.74468792860754
N           -1.78577338172308       -3.83981147115392       -0.09470936496396
C            5.88249468836738        2.86593617599292        0.67959055526832
C           -5.94086591787193        3.46277447148796        0.33937282473474
C            0.25095899164632       -5.25446891668579        0.57777954283767
N            7.04114629947646        2.92743053800980        0.20949493883705
N           -6.96359911298492        3.21777316967994        0.91197686412455
N            0.64485566758199       -6.30700714149580        0.00959830624266
C            2.60038537744750        4.35586541988497        0.58081904081535
C           -2.67378694513520        4.34003600231140       -0.64381904045543
C            2.00173471581968       -2.48824153279593        2.16448956599639
C           -2.28363878481878       -2.64921837903771        0.10927798897224
C            1.45396416975463        4.86399868831891        0.19481551625884
C           -1.41382878489588        4.98449698201449       -1.02128630987739
N            2.50606404209762        5.80505698098053        0.16609894872095
N           -2.45086398426282        5.71467704099727       -0.70843109979351
H            7.22850879274827        3.67603413587337       -0.44555897183773
H           -7.84825801441516        2.92234462104998        0.55086056650587
H           -0.02215625488433       -6.74258902412039       -0.61854852407248
H            2.86112446487366        6.04529837635752       -0.76260640574045
H           -2.87487959926907        6.61069212022062       -0.56578627118213
H            0.41620866253928        4.77959567796542       -0.05307089406194
C            3.35853687013295       -0.05836612288042        4.99793815492422
C            2.17448616211015       -0.67586042434697        4.78712658612569
N            1.06896884925110       -0.33083066170211        5.49171030309329
C            1.13577038453361        0.71761330316514        6.47497020584967
O            0.11611780052554        1.03760123952934        7.05141214370828
N            2.32368076697156        1.27960571938899        6.69285881484026
C            3.40165211659050        0.92934387809780        6.02663074153651
N            4.54987346253434        1.54428691057172        6.34034534023827
C           -0.17446626057525       -1.04203853616002        5.29605843321501
C           -0.62520761360431       -1.83878266579734        6.55096174266046
C           -1.85698803594061       -1.09947197828221        7.08259191896555
C           -2.35348104741180       -0.35511630183887        5.82514439552032
O           -1.21929423690333       -0.17267114378272        4.96681977676221
C           -3.01907733741093        1.00330185573654        6.12749551169339
O           -2.58490944664695        1.61785733593239        7.29841560165517
O           -2.80023864686464       -1.98850833088814        7.60040585063732
F           -0.91433250949246       -3.10992084342347        6.18627656130122
F            0.37001285027945       -1.94589890752818        7.46161208990180
H            4.22750957467112       -0.32196357272653        4.42191962276135
H            2.08450181984441       -1.46495511338909        4.04591464014005
H            5.41764729356184        1.27759360548784        5.91143635025250
H            4.54863040986125        2.18488322658351        7.11516120316361
H           -0.01415321278977       -1.76861736819621        4.48178752048106
H           -1.50152373913439       -0.38356623482458        7.83280675845972
H           -3.06830981929510       -1.00780713259634        5.30318212422518
H           -2.85496083347212        1.64607443742736        5.25060067903686
H           -4.09466594430481        0.84640974677614        6.25009262406180
H           -1.61597275721063        1.70290531867968        7.27082563719893
H           -3.38157648304880       -1.50985879382547        8.19931196780821
77
 energy: -168.319598881008 gnorm: 0.010063508561 xtb: 6.7.1pre (5071a88)
N           -0.24979824184233        0.20447549018179        1.06868378978005
C           -0.16366203282642        1.58665126262501        0.75343302870957
C            0.91009699198405       -0.42423286033183        1.50158890304685
C           -1.36084247047459       -0.48781116718421        0.64198796230187
N            0.97702589185990        2.20861069625337        0.86825864053183
N           -1.23933208016936        2.20448514103876        0.31657490420389
N            2.03688764950906        0.21816036987842        1.60075919539732
N            0.82485380973452       -1.73987847349801        1.76346387645730
N           -2.37107981075045        0.12490600972460        0.10362339295148
N           -1.34758528435622       -1.83150312828392        0.79958546430105
C            2.04229708689135        1.51173047200822        1.27338269064054
C           -0.38000391290760       -2.38686212751338        1.61873874104687
C           -2.30613211966349        1.46450180392125        0.04753232304241
N            3.25927553557077        2.11285745105350        1.30686009572365
N           -0.50145980567075       -3.71755205607017        1.98247660127154
N           -3.44695431228146        2.07757716930139       -0.35146876814324
C            3.59075543737051        3.41078551573761        0.78740729332748
C            4.35410228732111        1.49669120487750        1.83434720753332
C           -3.64763029467602        3.50089106314217       -0.34223230131494
C           -4.50362145408206        1.33105770703475       -0.68740340763474
C            0.81627697678165       -4.33934581980650        1.57450927946659
C           -0.93655652757709       -4.37915083812902        0.69602052641879
N            4.81623356919506        3.70723732356352        0.51167732463301
N            5.52634329706449        1.83167614657669        1.66660410829022
N           -4.89676665667347        3.96115797523798       -0.01627192299239
N           -5.45727290422949        0.77418617516777       -0.98364905064248
N            1.90297472985556       -3.70231490051110        1.77953872222004
N           -1.79136666435449       -3.83270191694155       -0.07601407654594
C            5.86677412656580        2.86176706017897        0.75034524418361
C           -5.94522047018112        3.46779878135336        0.34510784608309
C            0.23566353026173       -5.24982138730318        0.61674924212777
N            7.02743459661348        2.90956819908611        0.28405570066664
N           -6.96554285111793        3.22329580889031        0.92133843907147
N            0.63492446726181       -6.30579781599654        0.05870074993042
C            2.59055901268232        4.35985360627925        0.59038794435183
C           -2.68144559536415        4.34551863364506       -0.64773379705397
C            1.98432835935436       -2.47783386251133        2.18644089611530
C           -2.29038885896526       -2.64241381683244        0.12212668024215
C            1.44884834738619        4.86389715207528        0.18715149151132
C           -1.41824388653136        4.98428796293212       -1.03215711597059
N            2.50531344738514        5.80081257001569        0.15135082314676
N           -2.45376670997275        5.71966135004558       -0.71778029695771
H            7.22136855034440        3.64788039390313       -0.38268248737585
H           -7.85059566910887        2.92175914131866        0.57182654836948
H           -0.02143843749855       -6.74295115180362       -0.57686441804962
H            2.86730443511356        6.02257708375403       -0.77911254273620
H           -2.87501982835237        6.61729192743686       -0.57446476725328
H            0.41262194224267        4.77998176335024       -0.06787645621441
C            3.37724237260959       -0.06517069965149        4.96315570061532
C            2.19603817416204       -0.68927329034621        4.75955415076238
N            1.08693231346269       -0.33902418846425        5.45615008355948
C            1.14809142851654        0.71755600738616        6.42628942269896
O            0.12748493004387        1.04128832328326        6.99988393808198
N            2.33399713583195        1.28816102925939        6.64220063906375
C            3.41421555131400        0.93357108530390        5.98143852277092
N            4.56093591989930        1.55290581883559        6.29216984519773
C           -0.15223376065614       -1.05841439427524        5.26218339813806
C           -0.60059082183622       -1.84724354427831        6.52246967824175
C           -1.83358687637571       -1.10553369236547        7.04890584555149
C           -2.33431198921785       -0.37623319493206        5.78585753905006
O           -1.20237779229443       -0.19885210637527        4.92360397624187
C           -3.00390520371814        0.98317738391808        6.07506954317216
O           -2.56663764035845        1.61299111576544        7.23771992992888
O           -2.77160173442486       -1.99330596867607        7.57926476701078
F           -0.88711043594904       -3.12261338405403        6.16816496979769
F            0.39675365186914       -1.94662389939444        7.43113224038131
H            4.24777489692521       -0.33074825704806        4.38968103872161
H            2.11272888690033       -1.48901076333239        4.02774671721747
H            5.43103382222869        1.28817161886357        5.86767576941863
H            4.55591813403487        2.20021704558776        7.06220919026647
H            0.01335337116671       -1.79092102527663        4.45396531569170
H           -1.47764403112765       -0.38205280694830        7.79171617038289
H           -3.04897061088094       -1.03533432942941        5.27028923196401
H           -2.84674782518733        1.61759459583287        5.18947025189015
H           -4.07926631680591        0.82314619909601        6.20413620539526
H           -1.59756060501076        1.69882406398055        7.20725215794536
H           -3.35049014370810       -1.51066983115845        8.17641349341697
77
 energy: -168.320460916156 gnorm: 0.011781162519 xtb: 6.7.1pre (5071a88)
N           -0.26614367838719        0.21274842455295        1.09295917074772
C           -0.18013171130387        1.59670922002705        0.78227606849574
C            0.89322387985344       -0.41527832840068        1.52841918192418
C           -1.37596295765575       -0.47873972579653        0.66221785609548
N            0.95875571280627        2.21984920835342        0.90677331137357
N           -1.25326446646051        2.21229636667528        0.33711101996416
N            2.01789809445054        0.22777397937244        1.63527433593816
N            0.80888595738805       -1.73487686427685        1.77793701025284
N           -2.38391676942527        0.13377491311730        0.12006426392060
N           -1.36161895805527       -1.82269619727943        0.81712374274347
C            2.02149020274796        1.52472010894413        1.31956026080234
C           -0.39606067203540       -2.37849711652736        1.63634670339494
C           -2.31858411736164        1.47343111618676        0.06181185866107
N            3.23704205493181        2.12748679627373        1.36512072335365
N           -0.52233693484665       -3.70647272352644        2.00340104271248
N           -3.45669574552542        2.08610531778988       -0.34587953295074
C            3.57622822641322        3.41813940016484        0.83148976687834
C            4.32484076160993        1.52011804809938        1.91703789080578
C           -3.65584283508196        3.50824387211868       -0.34032750201986
C           -4.51229226456140        1.34053532069605       -0.68931763025639
C            0.79248868496842       -4.33660869978195        1.60183510910385
C           -0.95646641581117       -4.37697362625506        0.71982954197107
N            4.80532230311556        3.70496803628738        0.56239908797625
N            5.50011514794574        1.84966167258713        1.75883595572577
N           -4.90348709643454        3.96999682097948       -0.00932669397735
N           -5.46549621014836        0.78552508535778       -0.99154086957586
N            1.88232564566928       -3.70055594032063        1.79610490378769
N           -1.80274845688573       -3.82580149896701       -0.05920645786555
C            5.85010317840438        2.85997133595679        0.82526369779674
C           -5.95101557209223        3.47236419360882        0.34972167814366
C            0.21332769339667       -5.25044654160872        0.64913684277497
N            7.01341155054395        2.89507781785934        0.36416131667321
N           -6.96833764753349        3.22740618074879        0.93054443276894
N            0.61456991317013       -6.31150438905425        0.10199336814793
C            2.58091062455044        4.36420301201355        0.60277441934844
C           -2.68916633063480        4.35028666631374       -0.65130814909115
C            1.97221666275644       -2.47233906332917        2.18792143376872
C           -2.30004759268400       -2.63567890276312        0.13554549821159
C            1.44360749555335        4.86440272490707        0.18289731399860
C           -1.42207435265373        4.98149962096697       -1.04089030662459
N            2.50484110638825        5.79600094160156        0.13705893779448
N           -2.45489925326676        5.72345230755714       -0.72828377430260
H            7.21414176212322        3.62394432763953       -0.31168077548194
H           -7.85533659210242        2.92033026485404        0.59444437081641
H           -0.03340264706287       -6.75026239811461       -0.53888624851966
H            2.87410690864650        5.99983000236203       -0.79446638608176
H           -2.87237033453961        6.62305405375299       -0.58540285616937
H            0.40884974319702        4.78136579629828       -0.07889074020239
C            3.40013033904748       -0.07211398911114        4.93752156024084
C            2.22243004281228       -0.70475161413350        4.74237503172595
N            1.10834451395612       -0.34811092098137        5.42737549379778
C            1.16136016764876        0.72155711432928        6.38079827000272
O            0.13856665943309        1.05008359910828        6.94850860825716
N            2.34412933300534        1.30261199448859        6.59292650158081
C            3.42782823130986        0.94262162545746        5.94047799767241
N            4.57155737668056        1.57025749779416        6.24643476641785
C           -0.12578426911781       -1.07544236850934        5.23296996901507
C           -0.57478801683474       -1.85612902339822        6.49718401658870
C           -1.81090246467980       -1.11264610863750        7.01481828139271
C           -2.31239112768688       -0.39801512953417        5.74544679414083
O           -1.18067127939595       -0.22539582959107        4.88275671680166
C           -2.98580471180872        0.96288764447913        6.02016586627626
O           -2.54746103810250        1.60775850522790        7.17461130842562
O           -2.74435410785458       -1.99913511465781        7.55553208286162
F           -0.85689754560086       -3.13606535978321        6.15250696015014
F            0.42146625957450       -1.94707832089539        7.40688707374638
H            4.27352716756466       -0.34103224932551        4.36997410732994
H            2.14627907504813       -1.51647116816930        4.02198275850855
H            5.44307364619698        1.30524104024225        5.82568688160703
H            4.56148171892267        2.22690022467853        7.00894569485961
H            0.04623652676363       -1.81290413517194        4.43077036997308
H           -1.45670318704605       -0.38104918662996        7.75090400200479
H           -3.02609947020694       -1.06243633442118        5.23410887810213
H           -2.83269737410195        1.58778637267720        5.12645531353687
H           -4.06086471677213        0.80164867729804        6.15371259435320
H           -1.57795610542632        1.69309331002454        7.14256831082183
H           -3.32403734123804       -1.51221369090629        8.14830359687105
77
 energy: -168.321467741636 gnorm: 0.011788913125 xtb: 6.7.1pre (5071a88)
N           -0.28285209313238        0.22005295400122        1.11770808215198
C           -0.19859591364566        1.60653103076415        0.81388529202027
C            0.87760854158197       -0.40754438180382        1.55036840478235
C           -1.39273273374937       -0.46965845113229        0.68139568967370
N            0.93814669102762        2.23202715735363        0.94944860648139
N           -1.26865993713237        2.22101343494529        0.36163477373458
N            1.99918585670377        0.23662675271434        1.66696092905190
N            0.79614982360222       -1.73300776846244        1.78294426549005
N           -2.39831388161547        0.14408385073535        0.13707738740257
N           -1.37733385421764       -1.81419577689573        0.83098648813340
C            1.99944519958648        1.53875340199275        1.36558733799458
C           -0.41089490464375       -2.37117752152819        1.64808347807840
C           -2.33291962269543        1.48376727526473        0.07871759383406
N            3.21303522823160        2.14341328818591        1.42549094916828
N           -0.54232963211497       -3.69660521681039        2.01886352095445
N           -3.46801418147411        2.09577584229756       -0.33747337260228
C            3.56008476162915        3.42696749204346        0.87868976390541
C            4.29264740091305        1.54502132900025        2.00474560812165
C           -3.66562804289059        3.51750451855457       -0.33658767632802
C           -4.52183314463926        1.35046199492844       -0.68711786048619
C            0.76709003320180       -4.33729230690043        1.62014549019441
C           -0.98085307595532       -4.37646266882254        0.74064086996884
N            4.79326042686628        3.70439146220739        0.61766579919508
N            5.47071209411307        1.87141119794933        1.85828904347169
N           -4.91134705888563        3.98022602714122        0.00077998834601
N           -5.47111007964485        0.79580207409370       -1.00234948446370
N            1.86251007809895       -3.70305184430958        1.79650600197566
N           -1.82046672975797       -3.81921226355808       -0.04287745009235
C            5.83177744253380        2.86066734692595        0.90731836004918
C           -5.95782972205963        3.47632044413827        0.35562445806936
C            0.18385638741333       -5.25621812038036        0.67625202501591
N            6.99886814405274        2.88368331968386        0.45385874233589
N           -6.97283703490435        3.23248081750128        0.94019356292943
N            0.58281104567290       -6.32375359451186        0.14000608653681
C            2.57069065559214        4.36882447210799        0.61854939437013
C           -2.69748096789941        4.35492134728645       -0.65501040328685
C            1.96419089067885       -2.47158812479546        2.17457023183499
C           -2.31335985966455       -2.62872682996995        0.15003745029205
C            1.43777715249403        4.86499108446366        0.18116751757828
C           -1.42665207928472        4.97673613462605       -1.04847935316509
N            2.50374068701375        5.79022413947008        0.12185347707009
N           -2.45487143698073        5.72636763971854       -0.73976788335406
H            7.20666667107683        3.60281774106282       -0.22942347492868
H           -7.86259086709041        2.91960289591591        0.61734875145105
H           -0.06096878728342       -6.76541295575385       -0.50202786766299
H            2.88134573891974        5.97542840822729       -0.81013104391287
H           -2.86724409979199        6.62829949061159       -0.59794684992604
H            0.40438046278902        4.78281869180789       -0.08663524874171
C            3.42856825724657       -0.07978722802024        4.91903498596260
C            2.25519600415193       -0.72272402574447        4.73204123962652
N            1.13477151378965       -0.35894663057735        5.40241325283687
C            1.17693300898458        0.72895889588931        6.33552569424396
O            0.15050178546690        1.06212342773184        6.89428497233206
N            2.35517672680302        1.32172254874035        6.54221485740015
C            3.44396812070665        0.95571363675870        5.90155487597108
N            4.58258883179192        1.59659147517788        6.20041728045212
C           -0.09382974165844       -1.09438518739261        5.20730006598557
C           -0.54670203199692       -1.86541787825021        6.47502875614382
C           -1.78773824276152       -1.12063042757610        6.97974297038249
C           -2.28647968975198       -0.42123012423200        5.70199426575701
O           -1.15252842354308       -0.25370872312175        4.84216433681820
C           -2.96448430077033        0.94130234584108        5.96001416466594
O           -2.52886984355839        1.60161601540459        7.10637939343657
O           -2.71810446342876       -2.00494347062845        7.52861668618285
F           -0.82320485753325       -3.15001045011051        6.13988312621892
F            0.44486244689734       -1.94630888093965        7.38968286388472
H            4.30649866331431       -0.35353179074592        4.36160849621471
H            2.18590092705796       -1.54634975325607        4.02419094367456
H            5.45473226114806        1.32948884573532        5.78237448800528
H            4.56587330517609        2.26644928213818        6.95127646278456
H            0.08602280540188       -1.83704589274328        4.41229674410937
H           -1.43790611069624       -0.37942280133546        7.70899018743113
H           -2.99764682498294       -1.09123388143503        5.19362438642830
H           -2.81230004803108        1.55522509443748        5.05879229572834
H           -4.03901771649848        0.77955831169892        6.09500284364581
H           -1.55870621612423        1.68600170304104        7.07495391039932
H           -3.30233581902915       -1.51318366860924        8.11372200141560
77
 energy: -168.322595289219 gnorm: 0.010762646477 xtb: 6.7.1pre (5071a88)
N           -0.29976970579357        0.22640527649166        1.14261262035045
C           -0.21846672540414        1.61574715065384        0.84733004127882
C            0.86302986630709       -0.40127996773924        1.56783047091902
C           -1.41011780858405       -0.46107195592168        0.69939824110599
N            0.91564610157687        2.24465830273746        0.99536528648353
N           -1.28520872175492        2.23063259444883        0.38956387004469
N            1.98075836212254        0.24467333962266        1.69642453177794
N            0.78618259338141       -1.73279547701981        1.78201352202268
N           -2.41339042439375        0.15487942063260        0.15389093387589
N           -1.39450265526357       -1.80636853107280        0.84273705350138
C            1.97674351884272        1.55277646020883        1.41062701841562
C           -0.42447432110623       -2.36488323819553        1.65608227247976
C           -2.34823209208338        1.49458886483857        0.09761349542978
N            3.18783913225137        2.15996569241262        1.48820710102023
N           -0.55957960977226       -3.68819367380537        2.03016655899544
N           -3.48003573621718        2.10590203205095       -0.32675408237817
C            3.54280809605821        3.43628433681357        0.92828158429226
C            4.25781471331147        1.57084449480772        2.09585740683965
C           -3.67636559286993        3.52845321824456       -0.33055378077547
C           -4.53129906687708        1.36039895667791       -0.68169119877833
C            0.74263021499760       -4.33984823419357        1.62966098365032
C           -1.00826704161744       -4.37659598195704        0.75928711368575
N            4.78015225772683        3.70581373784993        0.67760305993181
N            5.43837628913433        1.89607501409447        1.96221058041685
N           -4.91997759407135        3.99202659143159        0.01309222433897
N           -5.47469543873318        0.80555995193399       -1.01289787891884
N            1.84457967102439       -3.70784151555389        1.78317126152537
N           -1.84392672605257       -3.81336738410602       -0.02562282488889
C            5.81226279347727        2.86418733370325        0.99561557406027
C           -5.96547211354175        3.48071064010166        0.36176731284234
C            0.14935682362688       -5.26551108902583        0.69777497173676
N            6.98420364206753        2.87594644120059        0.55264400927648
N           -6.97815503834265        3.23743476092156        0.95013956328729
N            0.54104060729103       -6.34014560154251        0.17092007761572
C            2.55931037254348        4.37273874630698        0.63718920424594
C           -2.70619240315558        4.35975521114454       -0.65793560308314
C            1.95843089847229       -2.47500028917489        2.15350661159556
C           -2.33030727743628       -2.62150608315523        0.16602537736880
C            1.43097876409866        4.86413143910638        0.18108831220622
C           -1.43257736616970        4.97078048487293       -1.05539459202381
N            2.50068517107875        5.78280311037741        0.10711144600105
N           -2.45408723751827        5.72869513441995       -0.75063024938148
H            7.19887465384893        3.58382584001945       -0.13865942102829
H           -7.87210008416029        2.92214165022850        0.63911512586395
H           -0.10512299366027       -6.78710309694237       -0.46536006183811
H            2.88756336825752        5.94902801735495       -0.82454722883420
H           -2.86019447532232        6.63331409558272       -0.61034923456604
H            0.39878172422426        4.78219137951036       -0.09145782411655
C            3.46185867622999       -0.08779254744672        4.90569806493898
C            2.29355402560399       -0.74174815786899        4.72442278056193
N            1.16595529148394       -0.37123322761964        5.37895587933602
C            1.19543696402594        0.73693181679498        6.29055348520652
O            0.16383926586770        1.07342529172138        6.83777246075902
N            2.36760046096678        1.34265691078352        6.48990409435250
C            3.46298296582811        0.97119850869474        5.86384216178632
N            4.59428117812228        1.62961902214667        6.15334388598437
C           -0.05721789403685       -1.11503348702666        5.18472347702547
C           -0.51654612230485       -1.87405305578792        6.45671116306387
C           -1.76377755534821       -1.12836969107980        6.94482701466808
C           -2.25694035335333       -0.44525424042391        5.65601039436864
O           -1.11838240950402       -0.28366295228529        4.80142295508848
C           -2.94111923584077        0.91840862754177        5.89486038622671
O           -2.51300906030146        1.59499177750359        7.03346450856228
O           -2.69318537690488       -2.00927586093101        7.49929095713175
F           -0.78699191418239       -3.16302695801987        6.13172607885569
F            0.46737843878069       -1.94260131404556        7.38006906195896
H            4.34604972764515       -0.36762373636189        4.36242875034582
H            2.23018979328013       -1.57618191480716        4.02930644033691
H            5.46685099414775        1.36043438813143        5.73693531417871
H            4.56926673489107        2.31713080300177        6.88767624122363
H            0.13161367812723       -1.86468746528899        4.39927352678607
H           -1.42103516333944       -0.37612179638313        7.66680932968978
H           -2.96334379776306       -1.12242037647662        5.15051848776905
H           -2.78741789667318        1.52023171727452        4.98657522369576
H           -4.01490538322210        0.75500771933787        6.02784436467573
H           -1.54219955617368        1.67936456212869        7.00539047000979
H           -3.28631586161786       -1.51217396465217        8.07226620443244
77
 energy: -168.323793168503 gnorm: 0.010662434615 xtb: 6.7.1pre (5071a88)
N           -0.31659471047619        0.23190227197149        1.16716361947329
C           -0.23859747940872        1.62392221322458        0.88129724394237
C            0.84905261666029       -0.39643525625906        1.58269821714910
C           -1.42684864667006       -0.45348076331892        0.71677544496495
N            0.89238643699452        2.25671300171090        1.04251819035366
N           -1.30227749464187        2.24049041179013        0.41949407988959
N            1.96272890486313        0.25189260153224        1.72460895368527
N            0.77758612401945       -1.73254256464427        1.77973763849969
N           -2.42805948012438        0.16488834192931        0.17019715834647
N           -1.41235636916842       -1.79948108923316        0.85477613511553
C            1.95420074632451        1.56547841187438        1.45453493956004
C           -0.43698247564197       -2.35959388037757        1.66316096498137
C           -2.36332273363007        1.50463075916766        0.11754962303800
N            3.16225440149250        2.17608951321418        1.55261388855388
N           -0.57291368187620       -3.68142574930560        2.03911160275340
N           -3.49172890386575        2.11550630044565       -0.31470559359647
C            3.52504886635423        3.44485653024432        0.97894746068241
C            4.22145983758006        1.59699619558521        2.18824106847894
C           -3.68708369435586        3.53990389541820       -0.32216507866953
C           -4.53993835507720        1.36983633986279       -0.67524482323899
C            0.72120314706507       -4.34248727525019        1.63130253195596
C           -1.03697032268224       -4.37636073445804        0.77679829591560
N            4.76612029349401        3.70891561925602        0.74090615679240
N            5.40416109211969        1.92241727214738        2.06749022775408
N           -4.92847949375832        4.00454810014807        0.02733241434995
N           -5.47801988307445        0.81551971041620       -1.02042414479107
N            1.82882002262372       -3.71282979742728        1.76064645399831
N           -1.87181412623151       -3.80841437520879       -0.00620871403237
C            5.79203467682144        2.87002874292123        1.08737511393896
C           -5.97320640994372        3.48590848606709        0.36911205192630
C            0.11277051565072       -5.27556911371884        0.71377308527016
N            6.96958745150149        2.87173157334103        0.65773413633432
N           -6.98430770794461        3.24315867778787        0.95996588945359
N            0.49271054111034       -6.35724792044918        0.19385350674425
C            2.54645660502756        4.37496755823934        0.65774715317475
C           -2.71490050985605        4.36461009771995       -0.65912500884490
C            1.95262155554473       -2.48092370020962        2.13164250732927
C           -2.35035595781937       -2.61400644725283        0.18437238496584
C            1.42301369285585        4.86040306702537        0.18216662868174
C           -1.43938580972919        4.96408801659956       -1.06177002199044
N            2.49496147789469        5.77334355110966        0.09459295565036
N           -2.45285991578859        5.73059703041644       -0.75934965563759
H            7.19116059946816        3.56676486414208       -0.04279141221257
H           -7.88243238067299        2.92922147130813        0.65669851009311
H           -0.16302425493961       -6.81140869422238       -0.42908757501733
H            2.89140011598024        5.92055801094982       -0.83614762167143
H           -2.85196988096335        6.63828626748863       -0.62112928035536
H            0.39188549209272        4.77751802202785       -0.09402124388303
C            3.49787639147996       -0.09485227299398        4.89443754524260
C            2.33510891493268       -0.75970110978006        4.71578871386267
N            1.20021033819724       -0.38377897093670        5.35501437214479
C            1.21630133231254        0.74339623880226        6.24608287802496
O            0.17864797592232        1.08030324687493        6.78119717285377
N            2.38136429783613        1.36260494287058        6.43699764926240
C            3.48418762249517        0.98728176859763        5.82656481595748
N            4.60672207443607        1.66499796914628        6.10515957172416
C           -0.01787411404358       -1.13635737437975        5.16408732651570
C           -0.48500282214001       -1.88083521587910        6.44177561022233
C           -1.73903471974045       -1.13463719585166        6.91068771577879
C           -2.22498944724715       -0.46941552584747        5.60846898437466
O           -1.08022381766392       -0.31466045660963        4.76026366679061
C           -2.91716773223733        0.89431839985819        5.82579029102878
O           -2.50065926868785        1.58821893736182        6.95702653817306
O           -2.66926089153933       -2.01139583333268        7.46870467356765
F           -0.74909263612243       -3.17396961648242        6.12857458001565
F            0.48997063598559       -1.93446396602800        7.37596605880867
H            4.38954624256600       -0.38138241263783        4.36790351321422
H            2.27696779117431       -1.60397440012674        4.03320041458559
H            5.47998550480376        1.39656426839030        5.68884124998277
H            4.57221331547079        2.37381472997140        6.81849637519919
H            0.18056111866514       -1.89576759514825        4.39106349442151
H           -1.40549247906557       -0.37052455541919        7.62488638852063
H           -2.92443882182961       -1.15599958338153        5.10672641074913
H           -2.76068691967403        1.48361197992745        4.91061009494108
H           -3.99021269977349        0.72705214583742        5.95397954224787
H           -1.52955525179035        1.67477813647926        6.93472647395118
H           -3.27516446962173       -1.50871424508658        8.02490581891453
77
 energy: -168.325055196745 gnorm: 0.011645106013 xtb: 6.7.1pre (5071a88)
N           -0.33319937457884        0.23667495644746        1.19128037363791
C           -0.25814676278554        1.63079255907583        0.91508753957940
C            0.83512340899229       -0.39268973775970        1.59770154951265
C           -1.44232992060312       -0.44705160643115        0.73440209399218
N            0.86930735629789        2.26728867575449        1.08938689927014
N           -1.31943758280526        2.24975859629762        0.45031380301867
N            1.94505199652554        0.25829866623523        1.75274745710590
N            0.76874866159056       -1.73134986134072        1.77988328739923
N           -2.44178271817387        0.17334380877203        0.18620985576414
N           -1.43029562468553       -1.79354876166059        0.86889387516592
C            1.93223997396997        1.57605297972213        1.49806082641444
C           -0.44900440160961       -2.35529910846670        1.67142832687471
C           -2.37757617571088        1.51310574420195        0.13801314693564
N            3.13664723350135        2.19094372154516        1.61792846640425
N           -0.58289210277350       -3.67634177994550        2.04734034010659
N           -3.50266400320491        2.12399515221694       -0.30182748711735
C            3.50710197023957        3.45183082312820        1.03001408093460
C            4.18446086266678        1.62321534716329        2.28102180595275
C           -3.69706547073179        3.55069121457917       -0.31139895637164
C           -4.54775332533868        1.37866314067590       -0.66926597912633
C            0.70320398226291       -4.34402332118395        1.62680317084800
C           -1.06598088340437       -4.37510474651256        0.79407908752914
N            4.75117551667428        3.71301146606874        0.80647115349876
N            5.36897518220312        1.94968068058694        2.17320170648578
N           -4.93616854861704        4.01717278059314        0.04278086682792
N           -5.48233917365550        0.82606228695628       -1.02491018133929
N            1.81455250828741       -3.71664126303642        1.73420432073920
N           -1.90317702548148       -3.80410067181498        0.01603265330004
C            5.77138567538457        2.87760233080197        1.18129734332444
C           -5.98099893079308        3.49339067987761        0.37762182554126
C            0.07622234279190       -5.28396294717308        0.72499913213161
N            6.95482708490590        2.87044217723008        0.76715865027549
N           -6.99101534745619        3.25003676540842        0.97008359215136
N            0.44128943825588       -6.37225841371632        0.20937887407885
C            2.53208952543791        4.37490230669351        0.67979623715309
C           -2.72307175767893        4.36895446736466       -0.65763112810428
C            1.94492901441015       -2.48749050800255        2.11385300694245
C           -2.37321632318967       -2.60618523594204        0.20612986529356
C            1.41386639883428        4.85306872011626        0.18424035729964
C           -1.44607978228604        4.95651269276211       -1.06749520320687
N            2.48665528919705        5.76167362237306        0.08511916372945
N           -2.45102912729788        5.73192627601442       -0.76483789508079
H            7.18386411732279        3.55126499501995        0.05589982742971
H           -7.89214123491590        2.93977297888279        0.66949809508805
H           -0.22980777472266       -6.83327512809930       -0.39460533252494
H            2.89232771511280        5.88988673247426       -0.84443372208814
H           -2.84272718626386        6.64309980698270       -0.62949790287140
H            0.38376483288316        4.76787789443623       -0.09509731261166
C            3.53465685326666       -0.09999333769495        4.88229493697748
C            2.37765162162520       -0.77557396165551        4.70423571453001
N            1.23594241233615       -0.39592245710896        5.32965799270038
C            1.23868206549280        0.74751338925790        6.20230360510097
O            0.19448954102872        1.08232402326656        6.72564333377776
N            2.39609669720608        1.38074440618414        6.38378393481786
C            3.50647278363759        1.00328069273775        5.78839524786776
N            4.61991773618508        1.69913421046400        6.05567312568497
C            0.02266528782572       -1.15747923854170        5.14406241359658
C           -0.45253768179997       -1.88514385442019        6.42893685910354
C           -1.71357522598295       -1.13882863669172        6.87690552210593
C           -2.19164659175215       -0.49359980499405        5.55984353061594
O           -1.03992281472682       -0.34620403984609        4.71846907132200
C           -2.89337601716935        0.86895578346111        5.75329570615850
O           -2.49148058511818        1.58113392994486        6.87757620155403
O           -2.64551524849057       -2.01139294412401        7.43753720418902
F           -0.70964957451150       -3.18256961190766        6.12996340749725
F            0.51359033013263       -1.92136336041109        7.37419420633950
H            4.43419348212644       -0.39300857070496        4.37327714452470
H            2.32454570254614       -1.62883465068898        4.03357917289499
H            5.49410590212556        1.43629572655476        5.63694169002550
H            4.57546944898715        2.43114837350861        6.74464147829907
H            0.23081391382252       -1.92914798954190        4.38601760513823
H           -1.39057736794776       -0.36252019718158        7.58276845676123
H           -2.88241333099598       -1.19176465725296        5.06303679072528
H           -2.73338511758996        1.44587855262959        4.83133606939434
H           -3.96591445839139        0.69589148627688        5.87467305683614
H           -1.52066921843481        1.67265641965187        6.86289732360501
H           -3.26653807407182       -1.50328363661191        7.97339164153773
77
 energy: -168.326403403261 gnorm: 0.012394971609 xtb: 6.7.1pre (5071a88)
N           -0.34935578129511        0.24048592097479        1.21475213502621
C           -0.27642916282486        1.63603731990457        0.94838620766884
C            0.82103177191645       -0.39026395302498        1.61430909010331
C           -1.45636935640348       -0.44194917650122        0.75296443227730
N            0.84719911861473        2.27554713230665        1.13507206465711
N           -1.33628956264681        2.25758926686150        0.48151584973747
N            1.92786089525583        0.26334152541572        1.78090912387757
N            0.75873402412561       -1.72960903025635        1.78375696532732
N           -2.45442193367854        0.17976766684479        0.20246752415200
N           -1.44806362097060       -1.78871060183867        0.88602296671601
C            1.91119056625002        1.58369710153855        1.54164850750139
C           -0.46105456347001       -2.35247996298381        1.68149151163516
C           -2.39061110734582        1.51950966554879        0.15889563329820
N            3.11126716729798        2.20364683760935        1.68307497184215
N           -0.59071864475986       -3.67335245883517        2.05544090753534
N           -3.51251898038909        2.13100131661623       -0.28822853877685
C            3.48920579680105        3.45660297649010        1.08163443847603
C            4.14746380591359        1.64882251643447        2.37177873133220
C           -3.70568399891112        3.55986518007167       -0.29846615169790
C           -4.55476271040798        1.38695045787595       -0.66454338786239
C            0.68803290255836       -4.34439171513885        1.61676053587586
C           -1.09524208865949       -4.37283200394425        0.81114553016454
N            4.73534099199662        3.71753803788627        0.87404175178270
N            5.33335654974354        1.97682537317157        2.27697602871471
N           -4.94246378966858        4.02888994711681        0.05932568887236
N           -5.48843626232979        0.83755380126789       -1.02662931631948
N            1.80094084691147       -3.71904071839834        1.70640342670619
N           -1.93778742255834       -3.80002912884847        0.04104691074598
C            5.75023247992632        2.88648759935740        1.27572303760580
C           -5.98832906741458        3.50303728968872        0.38836062642105
C            0.04056979881191       -5.28937181277740        0.73121231153224
N            6.93924093996174        2.87211564791732        0.87846350222574
N           -6.99839287628888        3.25870853395073        0.98059922383660
N            0.38883183009590       -6.38365506871346        0.21730337190431
C            2.51647420431557        4.37195850427956        0.70399212832092
C           -2.73029103588194        4.37245516593353       -0.65301479308141
C            1.93477526029240       -2.49389347931069        2.10116642720185
C           -2.39913977113589       -2.59805123409333        0.23209713117678
C            1.40379585328801        4.84149871584219        0.18854712900196
C           -1.45181386328693        4.94802584495825       -1.07209103914466
N            2.47635988036822        5.74741085054665        0.08073736149501
N           -2.44841030362145        5.73251411314058       -0.76646371814884
H            7.17693000179895        3.53888583424039        0.15735178207421
H           -7.90025526745821        2.95333204175982        0.67629662675327
H           -0.30116812990552       -6.84843135601394       -0.36499776249837
H            2.89036066896555        5.85699390077218       -0.84739785336715
H           -2.83249146997770        6.64750679100907       -0.63486408115991
H            0.37480747398658        4.75270486074939       -0.09416789415412
C            3.57096473028540       -0.10279889488494        4.86794540003922
C            2.41983817765761       -0.78909519617274        4.68979328603821
N            1.27204801712007       -0.40708382964781        5.30299738467327
C            1.26158970741172        0.75010567333013        6.15887628901368
O            0.21095917780958        1.08057266587483        6.67174266627919
N            2.41115883738486        1.39778573798471        6.33034853999679
C            3.52879557212646        1.01928001649140        5.74882890357750
N            4.63358296880101        1.73054281399818        6.00521767138917
C            0.06347540119110       -1.17776266556658        5.12423232886083
C           -0.41947773399635       -1.88646608594096        6.41762278633326
C           -1.68776496452358       -1.14058989734206        6.84307718398585
C           -2.15757699419320       -0.51774239694513        5.51056328522527
O           -0.99871641343117       -0.37806480498596        4.67614334078092
C           -2.86969690445142        0.84248518718204        5.67775745553206
O           -2.48460345070564        1.57348718063767        6.79549485028357
O           -2.62155677171754       -2.00950137308555        7.40602452206863
F           -0.66842534933579       -3.18872732036059        6.13605422528283
F            0.53860033833668       -1.90268368038937        7.37292292443879
H            4.47814606536542       -0.40157753169191        4.37606234561133
H            2.37207439174271       -1.65086998973781        4.03055000174280
H            5.50879100245194        1.47951199214107        5.58070312399631
H            4.57889914516861        2.48665510648730        6.66691747037425
H            0.28125376574566       -1.96356650585206        4.38334787700346
H           -1.37641777874383       -0.35209547694565        7.54018452745212
H           -2.83853796706125       -1.22911072373998        5.01989097510485
H           -2.70524613293881        1.40747666004700        4.74922749976033
H           -3.94211098565060        0.66260969857416        5.79074822501052
H           -1.51474319069813        1.67244477559831        6.78995144611641
H           -3.25880271866624       -1.49646917253766        7.91866040768510
77
 energy: -168.327856336849 gnorm: 0.012548717467 xtb: 6.7.1pre (5071a88)
N           -0.36545238288383        0.24346892733885        1.23837725760867
C           -0.29352020626303        1.63973549812128        0.98126301931291
C            0.80589528774662       -0.38869742992360        1.63554684170017
C           -1.46965265320853       -0.43795300940410        0.77327710544725
N            0.82625736675348        2.28126216797830        1.17935953396360
N           -1.35271555155674        2.26336791964670        0.51205602723682
N            1.91046753084149        0.26718484950247        1.81154241009118
N            0.74604020241685       -1.72765094764874        1.79397284905885
N           -2.46631442401193        0.18415564624298        0.21910539791408
N           -1.46581753524205       -1.78469816237268        0.90691612963073
C            1.89061005600239        1.58863249466954        1.58711717144993
C           -0.47444198731955       -2.35095392940260        1.69478726639869
C           -2.40263060714182        1.52383795140822        0.17943163663867
N            3.08587291579567        2.21410584269973        1.74845873964516
N           -0.59917680503438       -3.67208934777334        2.06540457539107
N           -3.52147505506475        2.13642015935660       -0.27487710941801
C            3.47106101816735        3.45912548337106        1.13321864741790
C            4.11059963162693        1.67453744131905        2.46471887213598
C           -3.71273771038420        3.56674726905240       -0.28470177548432
C           -4.56160831633228        1.39476275207649       -0.66124903322419
C            0.67406021882620       -4.34306955358246        1.60580559764014
C           -1.12409988833956       -4.36914585131066        0.82905440827588
N            4.71866081537065        3.72116988842770        0.94187008956928
N            5.29771367718388        2.00449317151132        2.38406659240762
N           -4.94724499911291        4.03890161810319        0.07545010322559
N           -5.49683430808727        0.84967203733314       -1.02619796378769
N            1.78653040808114       -3.71936071812042        1.68476735269349
N           -1.97450754145616       -3.79572342937602        0.06903748705545
C            5.72876876231727        2.89540753925256        1.37184188975072
C           -5.99516175725388        3.51550355026236        0.40158240521884
C            0.00744625437448       -5.29008637410265        0.73485268080134
N            6.92326185170079        2.87429241072015        0.99228053083374
N           -7.00583085450538        3.26901481753105        0.99276551184677
N            0.33950089087014       -6.38916536003013        0.22031396096211
C            2.49992736510106        4.36684833001694        0.72948428672917
C           -2.73623789060967        4.37481260910298       -0.64572192299793
C            1.92111218939661       -2.49845206703363        2.09752044348717
C           -2.42792507393074       -2.58981191084044        0.26295152614862
C            1.39298558797014        4.82684668413564        0.19419661835723
C           -1.45601691003257        4.93929987340658       -1.07466543325414
N            2.46498203460604        5.73146107614640        0.07983271625050
N           -2.44530446459944        5.73228651218848       -0.76416005819822
H            7.17132758079580        3.52640097109846        0.25987400759046
H           -7.90612283377173        2.96939588573711        0.67842087305841
H           -0.36910299943218       -6.85235856907164       -0.34206986691568
H            2.88685050437174        5.82244314651158       -0.84690949882437
H           -2.82203289496487        6.65113427160201       -0.63702511108048
H            0.36525194675055        4.73360313082254       -0.09227292744833
C            3.60558344798212       -0.10358632049701        4.84815666776005
C            2.46021916055925       -0.80084854913206        4.67130398744508
N            1.30742240433405       -0.41747194290673        5.27402724527830
C            1.28425495201417        0.75229368710173        6.11390936812582
O            0.22762017834641        1.07825529867275        6.61730492187410
N            2.42621778650021        1.41444489934128        6.27494743113822
C            3.55031014537935        1.03494155838571        5.70563476422924
N            4.64782685400160        1.75774971305766        5.95265539508011
C            0.10368218946804       -1.19722713084765        5.10284438806305
C           -0.38597874389931       -1.88527720730824        6.40569492254333
C           -1.66166145055502       -1.14041338135005        6.80780327501335
C           -2.12355551776254       -0.54243000670873        5.46016723153176
O           -0.95814219616619       -0.41036417041615        4.63243471325528
C           -2.84612322225114        0.81473630764349        5.59911916801677
O           -2.47897371177110        1.56454208355951        6.71077323129367
O           -2.59653885932159       -2.00635990510471        7.37438731714591
F           -0.62542429912960       -3.19320149189705        6.14488818722975
F            0.56529962002560       -1.87934640538146        7.36889050857781
H            4.51938051415951       -0.40675763042468        4.37139113325314
H            2.41851606535511       -1.67095443283201        4.02298550010450
H            5.52332091113498        1.52367650696612        5.51840298455328
H            4.58315105092544        2.53709440860591        6.58565120073033
H            0.33058353926843       -1.99771995660556        4.38024838427718
H           -1.36220055869237       -0.33962466173088        7.49550856444730
H           -2.79449166799092       -1.26788402910188        4.97677306455992
H           -2.67590173920797        1.36844079904635        4.66438054804658
H           -3.91883051267768        0.62833003212593        5.70261957691039
H           -1.51067006633827        1.67314443920303        6.71501533049339
H           -3.24811271978145       -1.48929977825296        7.86410312777905
77
 energy: -168.329374009776 gnorm: 0.013308933862 xtb: 6.7.1pre (5071a88)
N           -0.38049896722884        0.24428639740248        1.26026510450179
C           -0.30834044793576        1.64122660822662        1.01312789767289
C            0.79081975813652       -0.39017040606528        1.65759175887287
C           -1.48214531667435       -0.43570173804839        0.79546071590519
N            0.80765903862158        2.28332679990920        1.22152540964253
N           -1.36799894327572        2.26610595861627        0.54250329232057
N            1.89418447047189        0.26720189756445        1.83928646712216
N            0.73171226387886       -1.72838342007336        1.80513548308746
N           -2.47784139768995        0.18604070932606        0.23770889893033
N           -1.48375994993867       -1.78225357737179        0.93157654137359
C            1.87150679753675        1.58895799970498        1.63214265455177
C           -0.48862559814627       -2.35267402848238        1.70844904576323
C           -2.41314951794824        1.52564826279931        0.20044661346625
N            3.06145618535208        2.22038874387438        1.81094145880991
N           -0.60836549576933       -3.67429884022871        2.07420257126141
N           -3.52886729689771        2.14007408270437       -0.26092866074720
C            3.45363102090076        3.45886301017660        1.18790970350543
C            4.07493576438925        1.69630896729315        2.54627390685489
C           -3.71729142862582        3.57065409890811       -0.27008788605258
C           -4.56787049403792        1.40240868109366       -0.65896084010458
C            0.66030061536984       -4.34241079613420        1.58905750827121
C           -1.15395030649600       -4.36561791455768        0.84496442109067
N            4.70167268550253        3.72424184373157        1.01349599660446
N            5.26263509218112        2.02796749283894        2.47987889066434
N           -4.94972067302333        4.04648639166274        0.09164547141439
N           -5.50786752779059        0.86339304847909       -1.02194796003717
N            1.77142328009712       -3.72004499716829        1.66257996247716
N           -2.01456386740291       -3.79089750491071        0.09855855815277
C            5.70642902487399        2.90498224172166        1.46460912178440
C           -6.00060354109584        3.52938354514633        0.41727050926363
C           -0.02436553954493       -5.28700757347946        0.73074216292783
N            6.90468472660644        2.88064365345675        1.10204884746668
N           -7.01341504831501        3.28089458328083        1.00495128604471
N            0.29219050782799       -6.38965985820928        0.21316823520839
C            2.48341912579277        4.35829074058559        0.76024600620066
C           -2.74047205261413        4.37625227967738       -0.63529242107721
C            1.90658282520764       -2.50333768630618        2.09298447789741
C           -2.46077384424795       -2.58176562220711        0.29893842821906
C            1.38242859762417        4.80754894337806        0.20607321917299
C           -1.45765834972190        4.93086772771410       -1.07328776714549
N            2.45397018378222        5.71240863332005        0.08990957422313
N           -2.44151541689415        5.73140720332049       -0.75758211738624
H            7.16466885531052        3.52339580280115        0.36742270620761
H           -7.90962278300734        2.98764304559369        0.67444307097562
H           -0.43321729429070       -6.84597616229453       -0.33175670441759
H            2.88249072053349        5.78631879660400       -0.83476359170769
H           -2.81152335938042        6.65392779394988       -0.63531978406112
H            0.35648599671957        4.70930359915695       -0.08620339703179
C            3.63828960465077       -0.10186599379696        4.82617505233119
C            2.49876359368415       -0.81072393967749        4.65354445273497
N            1.34149700771626       -0.42585807190697        5.24613139217932
C            1.30552883617596        0.75563900720513        6.06889687839849
O            0.24393189649715        1.07693586516776        6.56471488503611
N            2.43996640292674        1.43336703617243        6.21931022692336
C            3.56987706245309        1.05220025493640        5.66134683373924
N            4.66139961420817        1.78364158331061        5.90089871268533
C            0.14306548069879       -1.21521536606389        5.08282842826666
C           -0.35259764212555       -1.88027951685792        6.39591242778739
C           -1.63687007503092       -1.13762569546234        6.77232294037509
C           -2.09003310912511       -0.56689893652419        5.41042678377049
O           -0.91851408370904       -0.44327512186624        4.58928663761084
C           -2.82158980197776        0.78707610935395        5.51876644815381
O           -2.47282829464781        1.55510264410873        6.62455123737666
O           -2.57184111194797       -2.00188179662963        7.34269990295599
F           -0.57988504957014       -3.19505715074818        6.16011186589600
F            0.59244383316948       -1.84889825521509        7.36505066235919
H            4.55816554947735       -0.40904127445945        4.36347884758292
H            2.46400595067750       -1.68977926348952        4.01672502645623
H            5.53660183771037        1.57237284504667        5.45368597295483
H            4.58492106624091        2.58689682631519        6.50229275316009
H            0.37931436082229       -2.03073297988831        4.37993636946304
H           -1.35084269662601       -0.32500988568366        7.45081180010200
H           -2.75153052491779       -1.30599612495365        4.93511275670000
H           -2.64333805383735        1.32983489656724        4.57817313196742
H           -3.89517565933332        0.59578921820331        5.61167187674374
H           -1.50652937354987        1.67392730794604        6.63925879083917
H           -3.23745769895220       -1.48129567968901        7.80716605842515
77
 energy: -168.330897984510 gnorm: 0.014764567456 xtb: 6.7.1pre (5071a88)
N           -0.39692629015773        0.24582674602757        1.28489747892128
C           -0.32421317373575        1.64316796881468        1.04504419122075
C            0.77340861318962       -0.38981373504734        1.68689833265384
C           -1.49688068469592       -0.43278418104031        0.81947496651269
N            0.78870694989811        2.28548696668053        1.26325961745001
N           -1.38335367705913        2.26799386872816        0.57000653604969
N            1.87568670858443        0.26860160443803        1.87474893622301
N            0.71419693318924       -1.72890043739347        1.82342947650379
N           -2.49053249382586        0.18824162396338        0.25616804523035
N           -1.50252622258319       -1.77889160489337        0.95817983768691
C            1.85067985097177        1.59072483930054        1.68135054637389
C           -0.50571104662543       -2.35308417475809        1.72642096297843
C           -2.42470837555552        1.52779876251571        0.21929882708344
N            3.03598467269624        2.22728095569100        1.87547025418067
N           -0.62311196700458       -3.67513382399913        2.08880211220328
N           -3.53720508788292        2.14361855966998       -0.24953726076580
C            3.43471302379734        3.45869465623853        1.23785869205720
C            4.03884867496360        1.72172778491460        2.64458101311878
C           -3.72204286336467        3.57355476487429       -0.25867833060072
C           -4.57634006473671        1.40976069572014       -0.65512048746071
C            0.64375489444664       -4.33968151222281        1.58466246252162
C           -1.18121826615822       -4.36055524172326        0.86433442730051
N            4.68437063673653        3.72371957207075        1.07774940822298
N            5.22768099390712        2.05570421947281        2.59641347474478
N           -4.95256143931736        4.05259365672808        0.10422942638519
N           -5.51947219437825        0.87485960035675       -1.01851296049211
N            1.75395504535059       -3.71832143274575        1.65930611434421
N           -2.05155883654635       -3.78519357927731        0.12962128947889
C            5.68485024544676        2.91144983982065        1.56329937490499
C           -6.00605836455190        3.54479021744160        0.43448474675131
C           -0.05163200814086       -5.27984393726582        0.73336911694310
N            6.88928409916200        2.87969035187087        1.21910216061911
N           -7.02009263971775        3.29340215961270        1.02018039984889
N            0.25495838231141       -6.38439031024734        0.21221155472315
C            2.46750703138427        4.35212180028128        0.78610241621158
C           -2.74440601312843        4.37714550051071       -0.62640923904943
C            1.88972549025917       -2.50376562922518        2.09950123318023
C           -2.49287064455284       -2.57448399659095        0.33697305540642
C            1.37209584701960        4.79198229118973        0.21343773140805
C           -1.45889323097718        4.92489214520277       -1.06950486214877
N            2.44468157459749        5.69619024143246        0.09255730386502
N           -2.43944862066075        5.73063537981149       -0.75103510671771
H            7.16217255982524        3.50756320046719        0.46993769099136
H           -7.91205194160076        3.00697389506402        0.67301567451628
H           -0.48146198987968       -6.83313235330121       -0.32148880178050
H            2.88138369447787        5.75234159403330       -0.83051966953387
H           -2.80404969709117        6.65599392118142       -0.63285979867817
H            0.34783811024377        4.69005414176092       -0.08381015309555
C            3.66834893342136       -0.09934399623527        4.79438407552653
C            2.53426375723642       -0.82055356416723        4.63050323548875
N            1.37348570372345       -0.43475464937262        5.21418010166427
C            1.32575924937909        0.76089778925164        6.01828109054473
O            0.25978834017116        1.08145549531240        6.50563801864599
N            2.45406593368613        1.45115056287279        6.15951664135468
C            3.58846260057784        1.06777954108327        5.61099013091365
N            4.67607344041816        1.80535922789186        5.84593886600940
C            0.18109587887694       -1.23403142407570        5.05826436774124
C           -0.31903948054526       -1.87678430480866        6.38099726005073
C           -1.61157896016406       -1.13644602515083        6.73352868590969
C           -2.05794050192787       -0.59355329739484        5.35866987777312
O           -0.88189095768292       -0.47728243582650        4.54331105571466
C           -2.79730268262483        0.75824094806681        5.43738328277511
O           -2.46502255798823        1.54355532898539        6.53744534784132
O           -2.54488540536663       -1.99871515784775        7.31182796133035
F           -0.53423559294892       -3.19863321504699        6.17034358200817
F            0.62018462610903       -1.82056805434918        7.35437242256814
H            4.59265990666802       -0.40886991764188        4.34232012837156
H            2.50711226962344       -1.70886442220548        4.00531621391919
H            5.54806839613186        1.61284562757773        5.38384205544884
H            4.58951523113306        2.62650562613582        6.42056356944295
H            0.42573310881469       -2.06210172718105        4.37295092223453
H           -1.33693701151590       -0.31084584830701        7.40157758038227
H           -2.71174723941578       -1.34534333765443        4.89160327417218
H           -2.61028665064927        1.29027262569391        4.49132761450515
H           -3.87175834829737        0.56425557610692        5.52022104389120
H           -1.50054878086447        1.67277028792083        6.56048099665069
H           -3.21859740398325       -1.47500683589654        7.75801237979077
77
 energy: -168.332403468718 gnorm: 0.014268308076 xtb: 6.7.1pre (5071a88)
N           -0.41174697834978        0.24484496134050        1.30734438679654
C           -0.33852155473405        1.64376475794094        1.07575649297287
C            0.75770843798049       -0.39308510079539        1.71049178601313
C           -1.51273495088068       -0.43106491841141        0.84480478061359
N            0.77198083394890        2.28539395168523        1.30334604366881
N           -1.39717002888002        2.26773947624530        0.59764031125550
N            1.85927313496654        0.26509334467821        1.90201850505973
N            0.69837116096322       -1.73473487008027        1.83368743327017
N           -2.50476217625437        0.18977223422812        0.27840558290061
N           -1.52219175128517       -1.77672015632672        0.98598549810283
C            1.83140912735850        1.58905291204882        1.72600224640598
C           -0.52202790047169       -2.35671533598537        1.74062125354869
C           -2.43600429074054        1.52929843177551        0.23963289880220
N            3.01264455682436        2.22970810767869        1.93299844642194
N           -0.63845509539473       -3.67908536661976        2.09970699903207
N           -3.54485145401773        2.14681785051307       -0.23654753279225
C            3.41745324670983        3.45753750700713        1.29248617261252
C            4.00540224441370        1.73738263146219        2.71698171189071
C           -3.72518832726406        3.57513922933442       -0.24770975012235
C           -4.58519967490718        1.41721305379454       -0.64750705503625
C            0.62544045175008       -4.34076660329501        1.57488553077834
C           -1.20956352430211       -4.35799523126782        0.87974077874942
N            4.66817825089025        3.72291521093473        1.14597454879700
N            5.19442766265368        2.07314110396428        2.68559375400440
N           -4.95424335710310        4.05764056160649        0.11582412284667
N           -5.53077091810730        0.88607633914580       -1.01176772110493
N            1.73693775315433       -3.72050419995953        1.64869849012885
N           -2.08987480937785       -3.77883437798422        0.15941774498256
C            5.66245492069484        2.91807406261555        1.65104560872645
C           -6.01020898975167        3.55924631726615        0.45087266184547
C           -0.07927550001311       -5.27320183319086        0.72771093244013
N            6.87059627553632        2.88501730531944        1.32257562527926
N           -7.02674168482271        3.30666362327582        1.03269848745857
N            0.21902723093374       -6.37819056048422        0.20099975116404
C            2.45399542530545        4.34413719459805        0.81921651052492
C           -2.74714078703485        4.37803171212584       -0.61659042990133
C            1.87810901990253       -2.50697197139841        2.09007950343307
C           -2.52697002029401       -2.56849266116208        0.37733195507753
C            1.36383329627814        4.77463398868523        0.22966536972811
C           -1.45811692402231        4.92083041361095       -1.06070229958544
N            2.43851595662625        5.67824015318753        0.10834050277578
N           -2.43755308736222        5.73004693414412       -0.74329469576479
H            7.15504354089701        3.50916675915764        0.57656334939583
H           -7.91425484322712        3.02600110023276        0.67039538818840
H           -0.52521832137183       -6.82051682918737       -0.32361972964128
H            2.88303340816408        5.72007219412914       -0.81169939589539
H           -2.79799422660235        6.65744308689823       -0.62791975991187
H            0.34209834118061        4.67013148003549       -0.07591391343034
C            3.69651087591133       -0.09287524385411        4.76419721751041
C            2.56835912618051       -0.82798627104035        4.61376930002760
N            1.40356271042500       -0.44102876765922        5.18726276698882
C            1.34346686739422        0.76869612748461        5.96971016780213
O            0.27401256570782        1.08996443182808        6.44915533053500
N            2.46600109705652        1.47143660547349        6.10356712144956
C            3.60460321087384        1.08649920647221        5.56444468742507
N            4.68879483102173        1.83000698116457        5.79823458521400
C            0.21834488735971       -1.25170148750444        5.03842116984573
C           -0.28670138962595       -1.87099227234402        6.37004073974024
C           -1.58937545879272       -1.13479653206229        6.69660094557849
C           -2.02718265104259       -0.61948691520494        5.31011610059916
O           -0.84661594641266       -0.51176607935738        4.50110076927329
C           -2.77112094977816        0.73161811959351        5.35881919753535
O           -2.45340464956876        1.53275710731178        6.45257108310297
O           -2.52021271476199       -1.99584976965388        7.28167022818504
F           -0.48750979577435       -3.20010289294498        6.18589550632276
F            0.64496196065462       -1.78767523402251        7.34777967837378
H            4.62569238579091       -0.40575439342813        4.32383042734024
H            2.54923993977667       -1.72651912251268        4.00225941790648
H            5.55600533844201        1.65620520477179        5.32017821080818
H            4.58889494826770        2.66767113913221        6.34654016804418
H            0.47237081890518       -2.09075916538807        4.37042199219066
H           -1.32790794087337       -0.29695129717896        7.35519995883027
H           -2.67544165991046       -1.38103757108731        4.85060096473908
H           -2.57307391022639        1.25213107024498        4.40768643268194
H           -3.84664185923971        0.53799793378535        5.43131064114193
H           -1.49030039064353        1.66923245883294        6.48300510669077
H           -3.20448334710959       -1.46832334548635        7.70603520281998
77
 energy: -168.333806843203 gnorm: 0.012004642200 xtb: 6.7.1pre (5071a88)
N           -0.42736699853168        0.24403789279939        1.33183890644603
C           -0.35452771322686        1.64481113778707        1.10560159489862
C            0.74158063440641       -0.39557284769324        1.73274258093486
C           -1.53183163151280       -0.42886931968339        0.87175155827863
N            0.75460265744802        2.28566065700070        1.34142286349667
N           -1.41087994585516        2.26798308504382        0.62353084243559
N            1.84186533395159        0.26167585413431        1.92996091092416
N            0.68331604234000       -1.74083451788624        1.84324417694529
N           -2.52181244188687        0.19279303917990        0.30324644296156
N           -1.54351103583662       -1.77393481875402        1.01445380286038
C            1.81111044704714        1.58808850026365        1.76636343166661
C           -0.53841029184770       -2.35933348159473        1.75574924819335
C           -2.44940383733573        1.53220059059383        0.26064689058872
N            2.98976971359921        2.23046545333978        1.98454702248607
N           -0.65483694584950       -3.68223416967835        2.11322660585544
N           -3.55403693308519        2.15095075658766       -0.22308672326074
C            3.40008006937246        3.45621798522627        1.34139725942335
C            3.97278561170079        1.74757598429918        2.78169711323565
C           -3.72948556438040        3.57821187349209       -0.23854674483785
C           -4.59614662332399        1.42410336934718       -0.63395865469468
C            0.60566598246556       -4.34262792914036        1.57339465482581
C           -1.23560864270366       -4.35609034082857        0.89684679490148
N            4.65282461333099        3.71984931572134        1.20787195954550
N            5.16176871993219        2.08591453281195        2.76794840413759
N           -4.95754277165913        4.06414764105596        0.12414412944196
N           -5.53928781474846        0.89369523863794       -1.00474679183669
N            1.71996279348770       -3.72330230745479        1.64353404315796
N           -2.12446123825124       -3.77217233656926        0.18953308296774
C            5.64050285510799        2.92260574426999        1.73357312086619
C           -6.01463501839398        3.57348918537312        0.46519015377685
C           -0.10501280586751       -5.26770114271116        0.72627780995759
N            6.85366298557152        2.88969430934630        1.42256852921713
N           -7.03342028803950        3.32161888846646        1.04373387596503
N            0.18878020015760       -6.37044096278232        0.19159249879378
C            2.44318541507637        4.33698195562171        0.85005460080352
C           -2.75011045722704        4.37932379795340       -0.60818235287887
C            1.86906156365557       -2.50938309688042        2.07837057805783
C           -2.55896729651733       -2.56422421635551        0.41790921952677
C            1.35771107406213        4.76042706384835        0.24824266559714
C           -1.45840571212161        4.91907766813538       -1.05001706697409
N            2.43551469148553        5.66153425041930        0.12634369894363
N           -2.43703662484532        5.73001399042755       -0.73640992598985
H            7.14694585962647        3.51156369633523        0.67999170690345
H           -7.91852885457315        3.04454905836895        0.67252840530202
H           -0.55959415462534       -6.81036222074325       -0.32841837378237
H            2.88769142452673        5.69395286184623       -0.78905055067300
H           -2.79417997206075        6.65857983006274       -0.62132851780396
H            0.33845582523502        4.65615591116460       -0.06545397367154
C            3.72278916652386       -0.08126610046365        4.73001102871083
C            2.60114225696390       -0.83077306045709        4.59480267626090
N            1.43195982509033       -0.44541651219817        5.15883677965865
C            1.35954979646555        0.77705578035745        5.91955332033400
O            0.28621175540447        1.10075324687787        6.38874172639601
N            2.47749237816604        1.48743417135672        6.05108291581171
C            3.62036166176853        1.10428955493406        5.52080963171702
N            4.70149733216357        1.85172888118030        5.75960312653743
C            0.25501347666420       -1.26902055527683        5.01779949769900
C           -0.25512885306372       -1.86654236136862        6.35624422187391
C           -1.56756181674165       -1.13586547227228        6.65885798869412
C           -1.99744075532575       -0.64584380997301        5.26196133876564
O           -0.81273993485399       -0.54608570187778        4.45938990564421
C           -2.74442576179203        0.70548261581757        5.28286807089679
O           -2.43910087905975        1.52161171698134        6.36911572468139
O           -2.49555323883716       -1.99484625305326        7.25082068161349
F           -0.44259844934194       -3.20111101015248        6.19584555192379
F            0.66707332267403       -1.75699474238859        7.33909705568706
H            4.65659085073769       -0.39645613449508        4.30134242104291
H            2.59029021216095       -1.73884481202752        3.99779315712459
H            5.56093811308366        1.69328544539345        5.26159360863658
H            4.58771663086210        2.70068279415716        6.28691402229454
H            0.51878869354400       -2.11659742295515        4.36540657427772
H           -1.31800008967074       -0.28624526716167        7.30761202941876
H           -2.64177724012519       -1.41538783870040        4.80955339761373
H           -2.53514191984257        1.21312289489816        4.32715072170655
H           -3.82039134185795        0.51303175426294        5.34542886967907
H           -1.47654087441665        1.66258390206772        6.40465214253743
H           -3.18881521601507       -1.46463511379480        7.65793430610238
77
 energy: -168.335012498780 gnorm: 0.011263023068 xtb: 6.7.1pre (5071a88)
N           -0.44404691722700        0.24331200257997        1.35735773099720
C           -0.37220368448896        1.64595130039324        1.13408819532080
C            0.72488938938038       -0.39764408606222        1.75146678932869
C           -1.55351687477102       -0.42673200801774        0.89972537977616
N            0.73655249175708        2.28621057432176        1.37735827015119
N           -1.42484633349851        2.26914965129821        0.64826291070739
N            1.82346595607765        0.25841354899640        1.95744792363768
N            0.66895485338975       -1.74609584339901        1.85124128875409
N           -2.54176369745047        0.19700127258879        0.33125317494898
N           -1.56634966154249       -1.77111640835875        1.04309265976151
C            1.79036751160346        1.58751344434877        1.80179219153156
C           -0.55442184192388       -2.36123989044149        1.77142286106147
C           -2.46514465179507        1.53607837993898        0.28357855144857
N            2.96813775203301        2.22960791995956        2.03198480120521
N           -0.67048088536929       -3.68508346059928        2.12821142718400
N           -3.56504407532040        2.15600383935360       -0.20766934056483
C            3.38421951283658        3.45631609217800        1.39263898183041
C            3.94206596262711        1.75012684924882        2.83545237252994
C           -3.73534291528226        3.58343874981496       -0.22921714626080
C           -4.60873025100284        1.43047003052245       -0.61630873181154
C            0.58541552996726       -4.34547625349296        1.57761739291986
C           -1.25969810155540       -4.35523263430427        0.91464854756344
N            4.63868819289050        3.71695268903990        1.26826903319635
N            5.13045958320137        2.09214995143989        2.83841801955641
N           -4.96303838342013        4.07358159173039        0.12954120650500
N           -5.54627386942113        0.89885465741856       -0.99772247157992
N            1.70289682328230       -3.72679537114889        1.63903440214403
N           -2.15552416621510       -3.76602245760868        0.21900725978118
C            5.61907959467102        2.92650330826479        1.80966992434701
C           -6.02040795770170        3.58794679520288        0.47542511228239
C           -0.12973688965662       -5.26448951745809        0.72803129271778
N            6.83764346387146        2.89648967068703        1.51701103984380
N           -7.04048958709719        3.33782947217105        1.05224995362776
N            0.16274934931769       -6.36194250343798        0.18211544486635
C            2.43386766276770        4.33157167231908        0.88184875688819
C           -2.75326151670306        4.38090178072980       -0.59927052606770
C            1.86106967379714       -2.51212925831127        2.06462287659510
C           -2.58847006926890       -2.56166866409295        0.45704461158858
C            1.35272295701997        4.74955938072719        0.26329843638426
C           -1.45978110787148        4.91771440569476       -1.03823488348394
N            2.43424896415825        5.64710219892831        0.14045367021410
N           -2.43666899174325        5.73027752995115       -0.72954167994950
H            7.13665238228952        3.51768855110188        0.77791180711495
H           -7.92650566387308        3.06237878170656        0.68075250594642
H           -0.58575713330166       -6.80169654696474       -0.33902239398235
H            2.89937980767058        5.66828662864205       -0.77073225159254
H           -2.79072926021707        6.65967208367656       -0.61287683026717
H            0.33588637075867        4.64706478436572       -0.05755366641919
C            3.74875687825852       -0.06680980223702        4.69812016060556
C            2.63444779736838       -0.83079912916340        4.57589617611845
N            1.45946822286579       -0.44868284889029        5.12986392259421
C            1.37315806430682        0.78526714784638        5.86930310342228
O            0.29383784885542        1.11327454262423        6.32300281438541
N            2.48655874301172        1.50177828234243        6.00382492182099
C            3.63574410478394        1.12228905499398        5.48525984340247
N            4.71400997825972        1.86991267678650        5.73850038830296
C            0.29151188887277       -1.28594844292092        4.99649184389245
C           -0.22425563556919       -1.86314689371130        6.34027783784741
C           -1.54592465343236       -1.13883431557268        6.62011006761966
C           -1.96801714416695       -0.67174374425987        5.21328346641931
O           -0.77889317555874       -0.58032358066081        4.41718702733198
C           -2.71762640778666        0.67978755195988        5.20843984398785
O           -2.42425786673544        1.51159597818418        6.28557305892210
O           -2.47092777606517       -1.99546645542503        7.21797035264247
F           -0.39909404138475       -3.20167533279223        6.20172370294973
F            0.68685066438753       -1.72704870135782        7.32947215908683
H            4.68765003648508       -0.38336200097995        4.28218024282018
H            2.63267638225200       -1.74711397224707        3.99304033758815
H            5.56360512613118        1.72573114315841        5.21742706880421
H            4.58413755514204        2.72991033834419        6.24655680363558
H            0.56668477578851       -2.14120233333376        4.35951800446462
H           -1.30781597150538       -0.27750846379269        7.25837726806130
H           -2.60887216060596       -1.44855700870605        4.76790397642580
H           -2.49787787670807        1.17284463245501        4.24809103536815
H           -3.79337108796213        0.48758460310669        5.26146345249799
H           -1.46153696974413        1.65444584589323        6.32569793181716
H           -3.17180459654547       -1.46495545742186        7.61294030618918
77
 energy: -168.335433465324 gnorm: 0.006646846029 xtb: 6.7.1pre (5071a88)
N           -0.44840371965878        0.24139059703667        1.36119343760157
C           -0.37607945130958        1.64381650569409        1.13726027822301
C            0.72078781882982       -0.40014674502294        1.75214135054324
C           -1.55845299361429       -0.42873245751110        0.90445198512217
N            0.73372327557537        2.28350040871403        1.37908737946778
N           -1.42778791503067        2.26823745811123        0.65122611774445
N            1.81963630557447        0.25512316584144        1.95918227800390
N            0.66519068339534       -1.74734390246001        1.85315466314879
N           -2.54740422564739        0.19606936725286        0.33757286578556
N           -1.57173016255190       -1.77308194612605        1.04800639850364
C            1.78792338773467        1.58375717132449        1.80092522549765
C           -0.55820425704720       -2.36331422714837        1.77535954913743
C           -2.46958297875840        1.53486220856371        0.28881187033714
N            2.96703649167754        2.22334550022325        2.03179263305827
N           -0.67290976871868       -3.68775381520860        2.13167280078990
N           -3.56804399286448        2.15550675703897       -0.20426781699707
C            3.38259725510664        3.45405222939148        1.39698114124866
C            3.94262761767817        1.73541164725909        2.83092443776786
C           -3.73713892333223        3.58411421932820       -0.22748099321116
C           -4.61040280386057        1.42963706024912       -0.61571158138567
C            0.58191662754899       -4.34774441042854        1.58091141557957
C           -1.26338446575507       -4.35699049279326        0.91750912668222
N            4.63691371957752        3.71845225297249        1.27697818309009
N            5.13039014993065        2.07892824186553        2.83690263251741
N           -4.96547605896449        4.07623471090325        0.12667907286913
N           -5.54898382613921        0.89853102714820       -0.99429591541402
N            1.69864585412353       -3.72913258478274        1.63946430426502
N           -2.15985873535958       -3.76795067946643        0.22306141669665
C            5.61862134690354        2.92737693593255        1.81692009130229
C           -6.02330212317915        3.59031037485128        0.47124694184989
C           -0.13372426455275       -5.26644841916930        0.72958947030798
N            6.83821776593931        2.90270406046689        1.52750685266784
N           -7.04215324433296        3.33966519334311        1.04955519863889
N            0.16020008655723       -6.36095657108719        0.17870188825190
C            2.43258285521475        4.32950299048732        0.88770304652435
C           -2.75306008242963        4.37933747273350       -0.59639597548388
C            1.85627815144885       -2.51527629219841        2.06803203064421
C           -2.59293192160199       -2.56366615807301        0.46139314608475
C            1.35293662604094        4.74822795529995        0.26956104225495
C           -1.45984468778543        4.91392721432069       -1.03645686013279
N            2.43398740657303        5.64581883165930        0.14887328035673
N           -2.43478107476411        5.72819614566094       -0.72763399236607
H            7.13661107782957        3.52946461103538        0.79179610232009
H           -7.93126419024789        3.06692958991837        0.68260205239556
H           -0.58674398920232       -6.80046089942985       -0.34637776639009
H            2.89999552857471        5.66838725031256       -0.76093928624020
H           -2.78787297991081        6.65803050509656       -0.61119377457704
H            0.33633446501729        4.64637338781996       -0.05213479242948
C            3.75277794349782       -0.06199989787611        4.69727891141352
C            2.63973917829392       -0.82686648378553        4.57145381026411
N            1.46363516711646       -0.44592326832409        5.12435364104139
C            1.37454602379253        0.78875698292191        5.86025810126022
O            0.29290929602237        1.11782986151853        6.30547874419748
N            2.48824686410690        1.50351452292363        6.00280451615757
C            3.64010831238941        1.12351544080590        5.49178851246844
N            4.71856474054946        1.86822000747036        5.75440857711038
C            0.29721241352616       -1.28533080240288        4.99367591315350
C           -0.22022952084650       -1.85744314794168        6.33868647907690
C           -1.54311439330722       -1.13509685675858        6.61309288858911
C           -1.96296596420212       -0.67265685775425        5.20400124485951
O           -0.77236078203666       -0.58539174009396        4.40897396223665
C           -2.71283276706654        0.67787216087895        5.19263409887142
O           -2.42408057188771        1.51629947808189        6.26440640921911
O           -2.46816703541639       -1.99082324968127        7.21176288119802
F           -0.39218674975488       -3.19601649221127        6.20753702614816
F            0.68775450029666       -1.71282954096843        7.32897502557541
H            4.69282391907090       -0.37819119676899        4.28466978820305
H            2.63989956289499       -1.74375777555704        3.99050447562360
H            5.56440906547441        1.72957238185328        5.22676752251695
H            4.58481796375227        2.72913679680416        6.25790121385955
H            0.57616998335958       -2.14315314698404        4.36280922594125
H           -1.30820191885541       -0.27050211192907        7.24678078895215
H           -2.60221351266725       -1.45178342737789        4.76173247387270
H           -2.49115977112202        1.16522531886596        4.23063239235999
H           -3.78820927933641        0.48422828165806        5.24381045488531
H           -1.46132803629473        1.65866018779136        6.30793697632523
H           -3.17019429093438       -1.46129087224415        7.60573499327018
77
 energy: -168.336341814519 gnorm: 0.009840029585 xtb: 6.7.1pre (5071a88)
N           -0.46307644044805        0.23446225694350        1.37583972010066
C           -0.38761847435487        1.63544647874366        1.14758809864222
C            0.70602854322293       -0.40936092687805        1.75821119202784
C           -1.57580481903913       -0.43554558767413        0.92326989982574
N            0.72578409005101        2.27313348892235        1.38550503232801
N           -1.43587961055685        2.26374764172017        0.66005338612935
N            1.80662712258429        0.24329506537579        1.96794250595718
N            0.65104928327279       -1.75320860790968        1.86145228630938
N           -2.56668132253109        0.19303198587174        0.36160619063459
N           -1.59098602731755       -1.77966987077984        1.06680253080976
C            1.77984150155888        1.57058046165534        1.80231397179937
C           -0.57275166148116       -2.37100751833132        1.79105760818915
C           -2.48328569504915        1.53036287508400        0.30559504576831
N            2.96353966193985        2.20175072721715        2.03379924409174
N           -0.68432572757804       -3.69767053175892        2.14438298227055
N           -3.57859112061979        2.15386216876981       -0.19026970112206
C            3.37764769178195        3.44501591036252        1.41627697462108
C            3.94380511919778        1.68622461836856        2.81885450798007
C           -3.74320703834416        3.58555934946592       -0.22004804809997
C           -4.62376934120908        1.42865820281823       -0.59571156052582
C            0.56733192198785       -4.35514389336524        1.59218835975525
C           -1.27726831919329       -4.36236655646250        0.92626185159826
N            4.63142857885370        3.72101091244939        1.31069561028233
N            5.12954166889505        2.03499109366938        2.83450475982856
N           -4.97219956069722        4.08317224830498        0.12468140957311
N           -5.54798740778608        0.89449627387867       -1.00490648697819
N            1.68294382709469       -3.73705562504813        1.64304402701804
N           -2.17626248119563       -3.77312448052429        0.23649741397590
C            5.61621046381183        2.92640366987916        1.84225504210541
C           -6.02957766033528        3.59401656413330        0.46799680480564
C           -0.14841329143464       -5.27142747437281        0.73335342712569
N            6.83997593700774        2.92342984378469        1.56767100379645
N           -7.05465349448069        3.35666346312455        1.03969630559274
N            0.15154853516084       -6.35519813903758        0.16549074937919
C            2.42840806618644        4.32035769248292        0.90876194128125
C           -2.75278491690367        4.37371466589605       -0.58624951141636
C            1.83938090643123       -2.52612223464986        2.08172090412975
C           -2.60918419220504       -2.56931580957771        0.47750710663139
C            1.35307383188160        4.74122224319222        0.28837188108735
C           -1.45798164138807        4.90233339733453       -1.02309362852552
N            2.43315321707401        5.63965156262127        0.17707862393566
N           -2.43017827379896        5.72146900037283       -0.72126626905239
H            7.13695796395121        3.57233632337968        0.84782314496541
H           -7.94466219642646        3.07300428089500        0.68217921207927
H           -0.58986207007841       -6.79460556662021       -0.37020041570681
H            2.90437253336445        5.66694200511656       -0.72814432846536
H           -2.78129939115970        6.65221920240720       -0.60569940136391
H            0.33757064127812        4.64156934479581       -0.03696389218046
C            3.76676530159511       -0.04301189642893        4.68980656014945
C            2.65844557401071       -0.81357852389422        4.55690120692992
N            1.47861739059020       -0.43683646541882        5.10656440773829
C            1.37952830748297        0.80064091654098        5.83094640154758
O            0.28876351965597        1.13656646246938        6.24599557226898
N            2.49373777817284        1.51151998001102        5.99608459646511
C            3.65277051577650        1.13204441380074        5.50440705446412
N            4.73425284774096        1.86244772613913        5.80176983693970
C            0.31719738854012       -1.28399889051245        4.98301168289107
C           -0.20463857642924       -1.83590363688406        6.33468209193183
C           -1.53318442069590       -1.11931311667074        6.58829497763458
C           -1.94639731069201       -0.67702234713731        5.16977391534633
O           -0.75040363148782       -0.60356578549102        4.37897253575658
C           -2.69773614774147        0.67075001269914        5.13326506170128
O           -2.42301086776043        1.52904207423464        6.18978324727498
O           -2.45717823828858       -1.97325494915724        7.18965470207541
F           -0.36494694515381       -3.17551720623678        6.22929355522904
F            0.69411971501714       -1.66158084874562        7.32839404225379
H            4.71169868713929       -0.35853384107212        4.28920357598272
H            2.66312971514215       -1.72940167483711        3.97652883661840
H            5.56905785567039        1.74090606195458        5.25275920682507
H            4.58986034836459        2.72524042850808        6.29614558401400
H            0.60917935024080       -2.15143022865309        4.37225741197114
H           -1.31002608623259       -0.24350230269400        7.20864821507019
H           -2.58067533541139       -1.46384316312048        4.73668757576817
H           -2.47062524150207        1.14053211368309        4.16474910693736
H           -3.77229848076721        0.47227576349838        5.17889813762203
H           -1.46064787335519        1.67241352103223        6.24275485739529
H           -3.16328206995545       -1.44739879379757        7.58068253151099
77
 energy: -168.336900059714 gnorm: 0.016507933856 xtb: 6.7.1pre (5071a88)
N           -0.47716239700065        0.22633385562157        1.39246958087000
C           -0.39830292491543        1.62583438982133        1.16154107996005
C            0.69087022924138       -0.42018848628209        1.76886494288667
C           -1.59243166337202       -0.44283866988298        0.94304479524753
N            0.71851230081592        2.26126689951797        1.39650629823903
N           -1.44425237620325        2.25798489297644        0.67495903886432
N            1.79386094336610        0.22982154969360        1.98006970951127
N            0.63559332863631       -1.76209480048499        1.87126425871499
N           -2.58323602958413        0.18962765937762        0.38393694258797
N           -1.61032871118720       -1.78661764045401        1.08603632098692
C            1.77163458589249        1.55629090882115        1.81038032233897
C           -0.58898295367530       -2.38009723716570        1.80802476619966
C           -2.49545011973359        1.52550709857919        0.32353749663839
N            2.95974122430325        2.18003235875880        2.04001147873138
N           -0.69952860795117       -3.70905443788639        2.15715471380822
N           -3.58588860189551        2.15132294085167       -0.18062234851016
C            3.37231833697878        3.43356979274760        1.44034096175697
C            3.94367353974465        1.64105627678737        2.81218416457692
C           -3.74816847965651        3.58491014882688       -0.21443125731113
C           -4.61851269135525        1.42420903939353       -0.61498605369226
C            0.54953943340050       -4.36307351864256        1.60242922649347
C           -1.29305954195343       -4.36764122618298        0.93328352223373
N            4.62541893229429        3.72032604631374        1.34853628082990
N            5.12746478056564        1.99530086457152        2.83690503731634
N           -4.97913830299773        4.08839358563590        0.11616082504561
N           -5.57258592145120        0.89835259315458       -0.96109400536462
N            1.66572701907816       -3.74649694363345        1.64915409578721
N           -2.19471053806807       -3.77707261580704        0.24867031900321
C            5.61238539818152        2.92354484463349        1.87111249624979
C           -6.03901035556496        3.59902314375724        0.45326162006145
C           -0.16480888691920       -5.27518116469028        0.73471876832742
N            6.84045607920578        2.94389548014549        1.61395831987007
N           -7.06198072677954        3.36246404267231        1.02759341994627
N            0.14162584245109       -6.34839354659664        0.15109950351114
C            2.42336951999722        4.30870915550409        0.93317907684858
C           -2.75047187126948        4.36740944551902       -0.57288956366858
C            1.82200660167349       -2.53824559896248        2.09638317342046
C           -2.62644144027812       -2.57385853552705        0.49393570566959
C            1.35198148333438        4.73203155656300        0.30787813602042
C           -1.45353766022661        4.89170155798448       -1.00521757369027
N            2.43134121981801        5.63241138936520        0.20938441327740
N           -2.42478556913891        5.71467073837248       -0.71123068617039
H            7.13645712103732        3.61539989860407        0.91246227640091
H           -7.95895962174952        3.08178688698062        0.68558728827463
H           -0.59449145420285       -6.78754381209052       -0.39262419554708
H            2.90988334227217        5.66572703583620       -0.69135377090201
H           -2.77576224835480        6.64580721345946       -0.59868444215476
H            0.33812856216596        4.63425132542880       -0.02305844394826
C            3.78199739101222       -0.02121855806805        4.67787529460817
C            2.67831086026905       -0.79936794753783        4.54209345357459
N            1.49505305349886       -0.42671305607847        5.08839528987996
C            1.38514475371824        0.81536158571158        5.79932615468250
O            0.28574558236457        1.15953651627721        6.18596814788433
N            2.49979298174212        1.52226666488889        5.98607358157140
C            3.66428712370833        1.14367552013629        5.50947401387214
N            4.74964924790711        1.85818832725602        5.83987804049034
C            0.33908261091292       -1.28302307509601        4.97149239614082
C           -0.18734950100695       -1.81137491576554        6.33146525576438
C           -1.52360251600148       -1.10082696364304        6.56154453673648
C           -1.92923756278738       -0.68317894757445        5.13206485155832
O           -0.72757193229457       -0.62299319853248        4.34644006323490
C           -2.68327065640806        0.66208182677678        5.06682580856237
O           -2.42172295663506        1.53992687190584        6.10942511476338
O           -2.44544378653154       -1.95374835051651        7.16647982999775
F           -0.33394984665942       -3.15332045214705        6.25438952243258
F            0.70269478283670       -1.60543862109831        7.32843756235414
H            4.73247517237773       -0.33694562178295        4.29011373219981
H            2.68675034177059       -1.71384908206419        3.96045966140063
H            5.57587250585260        1.75132580808171        5.27325554999634
H            4.59738456988705        2.72139148477201        6.33126578167860
H            0.64389580088905       -2.16093583576214        4.38104468746725
H           -1.31364538930365       -0.21306086121667        7.16950611826287
H           -2.55845062934646       -1.47852392192480        4.70803251276549
H           -2.45037574280398        1.11487485762069        4.09113349740114
H           -3.75750062769750        0.45967374181798        5.10660335556458
H           -1.46017461181795        1.68664532097921        6.17012229577907
H           -3.15583914778603       -1.43100749953515        7.55367985514120
77
 energy: -168.337645546471 gnorm: 0.015775445773 xtb: 6.7.1pre (5071a88)
N           -0.48564468303728        0.21962300950408        1.40486409681134
C           -0.40346557210113        1.61781573207333        1.17137807212001
C            0.68084181109799       -0.42926685065160        1.77990066920892
C           -1.60367318332273       -0.44799654227595        0.95918015450728
N            0.71557374298955        2.25103570843658        1.40443405024026
N           -1.44779188191912        2.25204872480930        0.68444001874936
N            1.78598474933214        0.21855255258730        1.99059278142474
N            0.62416008000951       -1.77121971704813        1.87955023292569
N           -2.59467711823157        0.18713028798126        0.40281385349229
N           -1.62372790157489       -1.79154034621644        1.10086715420684
C            1.76682246093590        1.54479876401320        1.82010477101938
C           -0.60117747874716       -2.38775093761439        1.82069419215203
C           -2.50241430153769        1.52183262623990        0.33683434358246
N            2.95717430572530        2.16537723348993        2.04738045001974
N           -0.71273141551998       -3.71830575055922        2.16587009083190
N           -3.59219857096620        2.14993455575959       -0.16666650792945
C            3.36827267481575        3.42292000965572        1.45867293361534
C            3.94215541155225        1.61768271442580        2.81388929250036
C           -3.75054750945581        3.58374471834940       -0.20591645040937
C           -4.63064529058241        1.42537260370420       -0.59013252629373
C            0.53502009613174       -4.36917992653913        1.60787294940325
C           -1.30562673618900       -4.37112110935069        0.93701866684541
N            4.62071812482959        3.71653081447221        1.37566142720487
N            5.12461997671813        1.97610309778972        2.84459101433482
N           -4.98251509223317        4.09123452750562        0.11491761307748
N           -5.56714013024027        0.89676085573557       -0.97386737812420
N            1.65294665334733       -3.75492002133646        1.65598082174480
N           -2.20931944118946       -3.77828102303961        0.25671282373796
C            5.60862832022508        2.92182324404239        1.89525787128800
C           -6.04505947400585        3.60273064153374        0.44587560473818
C           -0.17754936178943       -5.27662882968880        0.73341245997382
N            6.83926450287222        2.95692116316116        1.65139406746165
N           -7.06688280990318        3.36565300203059        1.02101053934748
N            0.13279644418184       -6.34359302552317        0.14103546598370
C            2.41911302751289        4.29817535593300        0.95175148596751
C           -2.74923394073629        4.36214758613264       -0.56337088467797
C            1.81010624162030       -2.54791556527245        2.10649211581584
C           -2.63967957199310       -2.57584389062350        0.50713944158102
C            1.35054938282137        4.72372387526499        0.32182874890679
C           -1.45143488114360        4.88344237551244       -0.99640577618148
N            2.42931264635912        5.62651005091918        0.23535122955276
N           -2.42161641877503        5.70908016715477       -0.70553660842966
H            7.13492203486998        3.64043643114212        0.96181900687137
H           -7.96726412308081        3.08760128010393        0.68728376022563
H           -0.60050337981464       -6.78149549795257       -0.40642503220096
H            2.91429998247471        5.66544951660523       -0.66231448474264
H           -2.77182011351452        6.64053296714861       -0.59388730014366
H            0.33834508546028        4.62675669498667       -0.01515077561089
C            3.79298784108370       -0.00412849514864        4.66510767180235
C            2.69200071133191       -0.78843064459351        4.53076293650955
N            1.50716861310725       -0.41828029703848        5.07503582231112
C            1.38982596812987        0.82879642775974        5.77466875389933
O            0.28650346914540        1.17851888214169        6.14539135060050
N            2.50466524649639        1.53221229473670        5.97599804990843
C            3.67141370757448        1.15327820678133        5.50713013659734
N            4.75871505942136        1.85807304422422        5.85438521881751
C            0.35558382592755       -1.28208112477589        4.96363331698290
C           -0.17490111650140       -1.79186564216141        6.32953228594147
C           -1.51801832686087       -1.08661682445768        6.54163805284850
C           -1.91688549517772       -0.68890527430393        5.10415408786084
O           -0.71124634949263       -0.63660549700925        4.32330882187334
C           -2.67398162985175        0.65428390425898        5.01635525856038
O           -2.42102693542773        1.54639509141181        6.04940064218678
O           -2.43768019986893       -1.93896555828088        7.15038722551533
F           -0.31080104149363       -3.13639024234906        6.27458844068989
F            0.70910472288017       -1.56279303742722        7.32829948379561
H            4.74728166062774       -0.32123951692708        4.28687925849993
H            2.70307968506815       -1.70376837796189        3.94993998637304
H            5.58249085702257        1.75762893962920        5.28286442958065
H            4.60428243146866        2.71939875181839        6.34966717899644
H            0.66820684467657       -2.16727769858235        4.38729154521183
H           -1.31824010628074       -0.18998583208572        7.14090040295291
H           -2.54212651685981       -1.49122277277423        4.68694541485129
H           -2.43598115187472        1.09527270530646        4.03575763360644
H           -3.74824678161672        0.45035540785048        5.05132735671029
H           -1.46032629047157        1.69706005616995        6.11388738545412
H           -3.15113407582934       -1.41714273085505        7.53325530565219
77
 energy: -168.338710755760 gnorm: 0.009928274992 xtb: 6.7.1pre (5071a88)
N           -0.49254308175075        0.20893768454352        1.42042921816351
C           -0.40603897873517        1.60589565621679        1.18672226354055
C            0.67067467069911       -0.44373867197509        1.79877945215163
C           -1.61446673051011       -0.45494766930060        0.97951137564201
N            0.71510823908043        2.23523890364441        1.41918552066649
N           -1.44911891321448        2.24203378009959        0.69951513643243
N            1.77882742210420        0.20082372815010        2.00756471202068
N            0.61012104837858       -1.78801533103949        1.89120056269234
N           -2.60429464770144        0.18312727800465        0.42479793356974
N           -1.63832219712222       -1.79816483265509        1.11896975976653
C            1.76269346003273        1.52738798098999        1.84115964162068
C           -0.61644822672698       -2.39987781912214        1.83573287846897
C           -2.50641066487356        1.51658010172986        0.35285267072986
N            2.95447635573964        2.14791438403280        2.06428035745917
N           -0.73276532035413       -3.73221246348911        2.17535783690489
N           -3.59640216084456        2.14672581042455       -0.14904143300841
C            3.36199116891030        3.40607934158219        1.48650476902710
C            3.93933109579887        1.60267401504014        2.82841113098506
C           -3.75063710758311        3.57842151902882       -0.19645853032300
C           -4.64277849910786        1.42587607766334       -0.55861954244214
C            0.51426723924134       -4.37831029968363        1.61119781164312
C           -1.32333247311821       -4.37543662826620        0.93918141652666
N            4.61314112517285        3.70731844288476        1.41110728604237
N            5.12009961441197        1.96727487119875        2.86464780812263
N           -4.98124938919005        4.08849948479584        0.12294953379064
N           -5.56579991096329        0.89458491539138       -0.97694317715876
N            1.63660536458202       -3.76949550886883        1.66946351712915
N           -2.22953004063669       -3.77776787491719        0.26498145137212
C            5.60207330992816        2.92075006836072        1.93192654506545
C           -6.04438851960963        3.60085023839810        0.45288288911308
C           -0.19513083076303       -5.27716063256161        0.72800924682203
N            6.83503747129997        2.97172861281812        1.70569039159051
N           -7.07926303766042        3.38441579150355        1.01395236613908
N            0.11814713684671       -6.33923309013841        0.12955499742178
C            2.41174885086073        4.28140789445586        0.97904669687227
C           -2.74719264295495        4.35429560625942       -0.55395627850163
C            1.79655461361011       -2.56263573696795        2.11896314950620
C           -2.65686069091647       -2.57652562914567        0.52434387428253
C            1.34731767711216        4.70974341189372        0.34090301810257
C           -1.44654505816424        4.87446837691378       -0.98259442203814
N            2.42453173338589        5.61769471065715        0.27468661213674
N           -2.41921919822072        5.70132148994765       -0.70100232668976
H            7.13027626240867        3.66404826304666        1.02924441029033
H           -7.97193247988394        3.09150825102439        0.67724633506884
H           -0.61343255877340       -6.77249204817080       -0.42086701044680
H            2.91942335063573        5.66581317283009       -0.61893638589802
H           -2.76978719011846        6.63265599556357       -0.59128569391673
H            0.33846477138384        4.61228137481552       -0.00719858954888
C            3.80507973523620        0.02210066441688        4.63727556485615
C            2.70708925636422       -0.77321135861849        4.51403301168897
N            1.52250223119237       -0.40619490920485        5.05836761836587
C            1.39743321984129        0.84824781405596        5.74422405169314
O            0.29183604429225        1.20630868488604        6.09812400811956
N            2.51107056864135        1.54923286098468        5.95713983082587
C            3.67748870142209        1.16980445636339        5.49057875036876
N            4.76566089918815        1.86511321000488        5.84712512341145
C            0.37691655951069       -1.27965736237242        4.95493290616902
C           -0.15947586700340       -1.76367591341926        6.32736043893776
C           -1.51270023266234       -1.06667490593436        6.51498712300156
C           -1.90164636118530       -0.69766613763207        5.06794466884544
O           -0.69090316060234       -0.65094839236002        4.29632442055674
C           -2.66396937993367        0.64168222967363        4.94798219450192
O           -2.42083985744195        1.55131415927188        5.96973633774494
O           -2.42900951314266       -1.91849510486240        7.12975882456131
F           -0.28140805283856       -3.11189288795345        6.30195985414089
F            0.71682464676419       -1.50615528862792        7.32702347282992
H            4.76384620255774       -0.30010257627949        4.27318245474995
H            2.72105213115919       -1.69228142245353        3.93703122060533
H            5.59495501682911        1.76426941132627        5.28587313616825
H            4.61611132888007        2.71821106990705        6.36120157883402
H            0.69635389812956       -2.17254631150636        4.39475489410617
H           -1.32656821105340       -0.15919131675307        7.10369397115804
H           -2.52085370885923       -1.50984684979177        4.65910858391353
H           -2.41766867747955        1.06847702646566        3.96217933183151
H           -3.73835351498388        0.43702276063855        4.97595323307715
H           -1.46178884612424        1.71007371794765        6.03594877745914
H           -3.14605448819703       -1.39568232591080        7.50483743189198
77
 energy: -168.339833328445 gnorm: 0.012665548953 xtb: 6.7.1pre (5071a88)
N           -0.50103319855395        0.19441205521817        1.43849954896033
C           -0.40994895170717        1.59077811878541        1.20761768513696
C            0.65885562572483       -0.46342071921052        1.81827216281573
C           -1.62748314213813       -0.46454495302379        1.00307237618155
N            0.71372541799721        2.21507267180095        1.44059503604170
N           -1.45186918029515        2.23025641577709        0.72173702932232
N            1.77035178677988        0.17668436627852        2.02611373771878
N            0.59344912628116       -1.80932674628630        1.90416422123521
N           -2.61631055551542        0.17761194173137        0.45112208774829
N           -1.65642596378796       -1.80741338538381        1.14048830352952
C            1.75787452649238        1.50331134768899        1.86537912046864
C           -0.63460278606933       -2.41590256033921        1.85261603082090
C           -2.51211691508697        1.50996787185184        0.37537593599692
N            2.95192623792827        2.12245747499401        2.08696046018312
N           -0.75652535808154       -3.75026002559356        2.18716419776226
N           -3.60097402529597        2.14258093390415       -0.12732018709541
C            3.35391047480675        3.38660313444193        1.52580716712488
C            3.93886770138304        1.57288791065231        2.84333808103148
C           -3.75043289560871        3.57266119272091       -0.18342961614900
C           -4.65028731634865        1.42469386364260       -0.53415005780722
C            0.48927337399551       -4.39139606288852        1.61623448914629
C           -1.34578276929748       -4.38187544702584        0.94321834832244
N            4.60323421729479        3.70005955839916        1.46006299649033
N            5.11764252795981        1.94514278871587        2.88594406682411
N           -4.98185590502808        4.08852049561547        0.12490768372215
N           -5.57195614752570        0.89587639383840       -0.95571583449936
N            1.61628441017255       -3.78957099786567        1.68646174446081
N           -2.25481151880916       -3.77889685604272        0.27636704376331
C            5.59537502146725        2.91982125122728        1.97854917643950
C           -6.05074495664099        3.60674260004754        0.44559673024169
C           -0.21759246561353       -5.27991191490080        0.72280757856896
N            6.83195275849936        2.99414913988803        1.77216079738136
N           -7.08573909122423        3.39301925847682        1.00559604620484
N            0.09808622637101       -6.33664424193775        0.11586771382872
C            2.40229486096354        4.26104352228281        1.01666122299064
C           -2.74328512308655        4.34500317185556       -0.53900010711957
C            1.77927117636770       -2.58285564091764        2.13551520948535
C           -2.67847341629035       -2.57870970537024        0.54528597344174
C            1.34383378318714        4.69169256953883        0.36808182253400
C           -1.44121401037773        4.86283538061551       -0.96786857448672
N            2.41856200417658        5.60562506730801        0.32574812690257
N           -2.41437457483800        5.69165838309221       -0.69241795464340
H            7.12612098708894        3.70507811544402        1.11551087586335
H           -7.97974448362707        3.09926683256563        0.67506236021526
H           -0.63173789101986       -6.76261958460227       -0.44109191480022
H            2.92472548612459        5.66390499299088       -0.56229676764911
H           -2.76501933138628        6.62322885060068       -0.58597136412503
H            0.33942298233403        4.59321761706570        0.00612085104383
C            3.81720109883336        0.05955676863092        4.59472365699511
C            2.72422862758108       -0.75194389069312        4.48819926549796
N            1.54044569914898       -0.39036930447312        5.03541638128553
C            1.40586368550833        0.87219517582118        5.70613813237252
O            0.29579687378756        1.23922692175048        6.03782377586291
N            2.51875797488266        1.57039808426330        5.93413356138246
C            3.68565794681498        1.19283016285762        5.46934451763543
N            4.77543156841060        1.87594714651329        5.84013194838134
C            0.40225297407204       -1.27523618185642        4.94389045338022
C           -0.14043057495621       -1.72790426465814        6.32432514692155
C           -1.50500813198544       -1.04082648543122        6.48172378514299
C           -1.88281186980028       -0.70736513055460        5.02299499046460
O           -0.66581952716794       -0.66650746988474        4.26304100164067
C           -2.65133956721881        0.62626148866121        4.86343130982834
O           -2.42178924400508        1.55845418624732        5.86998623929671
O           -2.41756188395521       -1.89144499644041        7.10394111333154
F           -0.24615895289224       -3.07950956188158        6.33452872646505
F            0.72533207831413       -1.43523484090337        7.32523068539249
H            4.78135988295157       -0.27024308245676        4.24979585180306
H            2.74221573181938       -1.67561002591940        3.91708589395728
H            5.61239302642624        1.77575896773093        5.28999570515806
H            4.63238050446596        2.71714864219031        6.37846611145208
H            0.73047127023266       -2.17808916939356        4.40442323098554
H           -1.33554346436336       -0.11957482353751        7.05597516864933
H           -2.49338691118842       -1.53239907853352        4.62489658856151
H           -2.39507358822694        1.03403296261179        3.87095754719714
H           -3.72535887882983        0.41894516092732        4.88291685596611
H           -1.46474715489183        1.72690042350856        5.93930326407909
H           -3.13945593329079       -1.36791623289260        7.46905143066749
77
 energy: -168.341697535040 gnorm: 0.023943425920 xtb: 6.7.1pre (5071a88)
N           -0.50444051807281        0.17554975194544        1.45323676028181
C           -0.40909270308221        1.57309818227116        1.23257383886071
C            0.65164717422171       -0.48914355244686        1.83625892514573
C           -1.63576764788815       -0.47596663257522        1.02367049795570
N            0.71596176499270        2.19082183204165        1.47121909782536
N           -1.45106129383097        2.21649254563118        0.74991255696761
N            1.76631931859337        0.14537120854604        2.04451713991983
N            0.57888849480397       -1.83741249510702        1.91519839845107
N           -2.62320587831524        0.17062046161614        0.47470792546133
N           -1.67165611274414       -1.81862761201190        1.15946236686965
C            1.75645127277522        1.47243034407697        1.89725319149683
C           -0.65098710337113       -2.43609147086228        1.86498667659481
C           -2.51265589252565        1.50268258938974        0.39985815872620
N            2.95205376712258        2.09223634745450        2.12157692851600
N           -0.78219662320059       -3.77164934892695        2.19697947599105
N           -3.60094421663355        2.13711026730440       -0.10322602510475
C            3.34487978794458        3.36443643791497        1.57739290129565
C            3.94388980060322        1.54160972217159        2.86680307447915
C           -3.74648402150317        3.56420068691021       -0.16846466849099
C           -4.65171613767743        1.42194033058631       -0.51097242383592
C            0.46291555043169       -4.40887024515147        1.61888517279231
C           -1.37082452622673       -4.38990880413658        0.94643446868125
N            4.59113962628275        3.69324713230852        1.51782592044840
N            5.12096738213323        1.92229248575422        2.91118203077550
N           -4.97861099488717        4.08480603669245        0.13124579938181
N           -5.58102024102926        0.89844904561709       -0.91574164907456
N            1.59605128106896       -3.81730774768049        1.70915701696093
N           -2.28223340960355       -3.78063780198296        0.28724062042091
C            5.58897188506884        2.91967571626553        2.03218721012194
C           -6.05427543536507        3.61204114972483        0.44245560564787
C           -0.24255186380775       -5.28440438115377        0.71602852362967
N            6.82774942516420        3.01909190084285        1.84262830764406
N           -7.09124427800410        3.40250633970302        0.99908950133308
N            0.07130425419495       -6.34011484708951        0.10519877755331
C            2.39070771926520        4.23662569945720        1.06479160546557
C           -2.73789521166534        4.33548479641123       -0.52310546943310
C            1.76350700327154       -2.60897415299692        2.15283587520358
C           -2.70084825913640       -2.58094875345359        0.56583883676954
C            1.33929767173552        4.66885039554422        0.40396742274250
C           -1.43489681150635        4.85281481761957       -0.95295718737858
N            2.41030848211350        5.58976670290470        0.38832220750593
N           -2.40994647512311        5.68173890006569       -0.68367307966833
H            7.11825131536555        3.75192842093596        1.20895294038519
H           -7.98422295968589        3.10894643524639        0.66686839557564
H           -0.65980532074314       -6.75367687242424       -0.45863077985735
H            2.92769062289039        5.65848752032408       -0.49363284833554
H           -2.76147100463045        6.61343215399190       -0.58186061035315
H            0.34080607197947        4.56806517011901        0.02529571998249
C            3.82111141315954        0.11576087947111        4.51944001322766
C            2.73545255926022       -0.72263838465092        4.44872388769078
N            1.55647695357144       -0.37052207704847        5.00852585368169
C            1.41414597892468        0.90011666729351        5.66675322116323
O            0.30215639386637        1.27235195428425        5.98317552807215
N            2.52635169594612        1.59608373815488        5.90671702268385
C            3.69053922683600        1.22581546253955        5.43141083460415
N            4.78122361775819        1.89707045855256        5.80908196567491
C            0.42630529997786       -1.26676921911629        4.93385483076210
C           -0.12282151169239       -1.68748211105302        6.32022959693336
C           -1.49827319371569       -1.01194747687997        6.44774804476065
C           -1.86466100711267       -0.71644525877565        4.97894902618249
O           -0.64162203343361       -0.67459410215849        4.23423793623645
C           -2.64075669933165        0.60826319288351        4.77733154873409
O           -2.42449765352759        1.56269190285880        5.76788460380402
O           -2.40696422759872       -1.86075537002278        7.07872732967965
F           -0.21413394533666       -3.04059282301575        6.36453966834965
F            0.73174843786480       -1.36263107098151        7.32011480964177
H            4.79162662684066       -0.23099122570896        4.20475636491861
H            2.75827690614282       -1.65490283433486        3.88967080089547
H            5.63536325009160        1.79094803901076        5.28437290915916
H            4.65387098292113        2.71677978349155        6.38910310194150
H            0.75973060048478       -2.17795964166089        4.41330774309467
H           -1.34506800980291       -0.07772939549778        7.00643472746209
H           -2.46413639770086       -1.55583161386955        4.59173095379485
H           -2.37340508926461        0.99664319512178        3.77948563322486
H           -3.71389594865793        0.39760674552231        4.78784309067983
H           -1.47008232875161        1.74355057621939        5.83751182882489
H           -3.13376462887189       -1.33500880014361        7.43125599313123
77
 energy: -168.345029781842 gnorm: 0.039292576802 xtb: 6.7.1pre (5071a88)
N           -0.50929436534107        0.15777523598410        1.46778167496801
C           -0.40930091404577        1.55614089622727        1.25559829577879
C            0.64322625063915       -0.51333306557473        1.85240095209184
C           -1.64477790577037       -0.48738930311329        1.04296633139893
N            0.71720885076590        2.16788410290375        1.50074444666419
N           -1.45022430633295        2.20390864367754        0.77472884735047
N            1.76071921724728        0.11584100934906        2.06392971752287
N            0.56468209101797       -1.86280440654059        1.92557232276009
N           -2.63127069566056        0.16408034414973        0.49765325481822
N           -1.68703421103905       -1.82993767497552        1.17716516569681
C            1.75391297521164        1.44315259926087        1.92827850457101
C           -0.66679032531063       -2.45509326106977        1.87720885974373
C           -2.51400019142601        1.49559282344256        0.42238780598406
N            2.95166208841702        2.06087433052792        2.15666010321082
N           -0.80524009813737       -3.79186324092100        2.20680993438298
N           -3.60160188176933        2.13244468164212       -0.08060337230356
C            3.33673331885484        3.34126406983539        1.62757211975094
C            3.94936942480691        1.50148619273468        2.88851180985907
C           -3.74341602997237        3.55776934129517       -0.15427535321317
C           -4.65504941304992        1.41975648018445       -0.48597517356779
C            0.43905310021394       -4.42574598244861        1.62359122086607
C           -1.39307587303265       -4.39834911454702        0.94966905391636
N            4.58005087637823        3.68525672728425        1.57608314796935
N            5.12533344394674        1.89016031561115        2.93328259239730
N           -4.97648694935314        4.08310496780178        0.13596834494177
N           -5.58642902589394        0.89861460210880       -0.88985976187089
N            1.57700199486851       -3.84278452593410        1.72867980323353
N           -2.30664351566449       -3.78403078535344        0.29712778380877
C            5.58291754623707        2.91566658403664        2.08312642740698
C           -6.05758416846120        3.61682116938986        0.43866325891882
C           -0.26497998927973       -5.29006981640351        0.71092737721942
N            6.82427116628443        3.04114217377046        1.90940841023510
N           -7.09662937671643        3.41160334932772        0.99204846249813
N            0.04863079724871       -6.34275203236498        0.09344308959671
C            2.38071468292321        4.21118038202424        1.11112805825948
C           -2.73259967225850        4.32681464989723       -0.50811233083237
C            1.74772440688539       -2.63381340473463        2.17033409511982
C           -2.72112954146039       -2.58464581531925        0.58364952694946
C            1.33609026249759        4.64565473356164        0.43909768577550
C           -1.42855218303872        4.84267865155534       -0.93834517222621
N            2.40432359330388        5.57210558084265        0.44742510228727
N           -2.40495799891974        5.67262427399346       -0.67583475005629
H            7.10931733184895        3.79592306525041        1.29742469765941
H           -7.98972215481840        3.11883894262899        0.66045054995932
H           -0.68265928567559       -6.74673476204568       -0.47658687369323
H            2.93246414265156        5.65036780408689       -0.42877830976787
H           -2.75708614579012        6.60450400464682       -0.57831721561842
H            0.34263942407490        4.54438696906991        0.04591427665171
C            3.82126289815589        0.18185799407931        4.43328555381679
C            2.74438622115850       -0.68717850653234        4.40115988772743
N            1.57107768401072       -0.34880672289162        4.97919624341899
C            1.42088869324367        0.92735299384906        5.62807010431622
O            0.30607718227213        1.30360699033160        5.93016799599362
N            2.53340910816249        1.61988164402800        5.88299879812809
C            3.69475180630647        1.26019844778466        5.39641075356090
N            4.78919631017647        1.91323840645849        5.79274323521011
C            0.44885295129357       -1.25791189128055        4.92240728291533
C           -0.10490689049909       -1.64974838704220        6.31604646437473
C           -1.49102860311066       -0.98515435343291        6.41634541671465
C           -1.84797807389558       -0.72370872365334        4.93780911584600
O           -0.61976927347962       -0.68364558847006        4.20450987945101
C           -2.63068692672586        0.59361354599967        4.69933104126344
O           -2.42722512339622        1.56947646357267        5.67447616029939
O           -2.39559437312808       -1.83270808809332        7.05537934304136
F           -0.18125669370385       -3.00488054726460        6.39329849155059
F            0.73947783063088       -1.29186930563339        7.31571918623286
H            4.80043110088042       -0.18677030459885        4.15824845319061
H            2.77308202809279       -1.62846549224356        3.85528847539163
H            5.65241453437147        1.80791914838864        5.28102914209307
H            4.67373505019160        2.71292945576905        6.40808195259929
H            0.78935240900075       -2.17820709979567        4.42096122986300
H           -1.35368624672853       -0.03810999414156        6.96034317802907
H           -2.43774154037614       -1.57619780747509        4.56144563673457
H           -2.35431707627232        0.96364636527551        3.69573837220072
H           -3.70311348280315        0.37962844589015        4.70221056492664
H           -1.47505885264913        1.76045155343853        5.74595116649893
H           -3.12754141868158       -1.30651314919634        7.39731607688306
77
 energy: -168.352863813503 gnorm: 0.068874514004 xtb: 6.7.1pre (5071a88)
N           -0.50893775003531        0.14256646115155        1.47647411110063
C           -0.40519366833284        1.54240054915960        1.27448177251761
C            0.63971619724443       -0.53400479089603        1.86591138807045
C           -1.64734019315628       -0.49649460652717        1.05408429853327
N            0.72130207633095        2.14873111512318        1.53019634555659
N           -1.44575063780896        2.19331913539689        0.79448121865181
N            1.75903038153197        0.09045542210986        2.08393846463871
N            0.55588293946338       -1.88537889258791        1.93237262384114
N           -2.63242517530088        0.15881218352268        0.51120402689076
N           -1.69520913097231       -1.83919368198037        1.18682733162625
C            1.75365079754193        1.41873699043925        1.96323103315881
C           -0.67685067189249       -2.47109729343410        1.88291183141001
C           -2.51009611275030        1.49029096917799        0.43739321836761
N            2.95206440346035        2.03642911057683        2.19855949723370
N           -0.82284578256035       -3.80798430261134        2.21188493386298
N           -3.59859797096187        2.12869205724695       -0.06406455560845
C            3.33017697656804        3.31927233878905        1.67342393729811
C            3.95582170035853        1.47628611929813        2.92267001570642
C           -3.73843217171215        3.55156562881594       -0.14382772688686
C           -4.65493705698554        1.41833115192708       -0.46565801341107
C            0.42185800606585       -4.43988617515740        1.62563621544973
C           -1.40880448554976       -4.40535453266956        0.94995757906117
N            4.57032337910922        3.67385219768461        1.62327890773620
N            5.13325862734070        1.87143861165498        2.95794596734288
N           -4.97219986867688        4.08015784815123        0.13984511872904
N           -5.58745358467475        0.90010603850832       -0.86689923271293
N            1.56443643983324       -3.86481006173049        1.74640213910115
N           -2.32338832124674       -3.78675715028437        0.30171748050377
C            5.57669828644470        2.90787358987158        2.12398447494284
C           -6.05882962098396        3.62149825860881        0.43471893463009
C           -0.28053404209457       -5.29459584323447        0.70589790612573
N            6.81823369373792        3.05026809123784        1.95856211024377
N           -7.09683855005251        3.41592397253307        0.98819699605833
N            0.03163127085559       -6.34717769206347        0.08693248540341
C            2.37283460676993        4.18709063725543        1.15080841397578
C           -2.72725048243209        4.32027087724133       -0.49797490769185
C            1.73823042695817       -2.65419763642457        2.18314885023314
C           -2.73433552085599       -2.58742633891633        0.59410834827864
C            1.33377879208902        4.62423899035681        0.46946856358917
C           -1.42277676297541        4.83616315680122       -0.92988110830828
N            2.40038638007960        5.55413240267840        0.49617517323904
N           -2.40087905967275        5.66590090840956       -0.67140552438756
H            7.09547438263219        3.81778574812371        1.36100040807781
H           -7.99017671602779        3.12600966275538        0.65589179284573
H           -0.70088492997462       -6.74235572929531       -0.48642862006502
H            2.93609768328299        5.63888718975762       -0.37625593997957
H           -2.75390328715683        6.59773602328253       -0.57746753630058
H            0.34457642001096        4.52353790255540        0.06445660134696
C            3.80943163602638        0.26206183377973        4.31995882508685
C            2.74177968067044       -0.64826859987648        4.34497346457239
N            1.57912134419950       -0.32818687467832        4.95314125620239
C            1.42453006167202        0.95065635860603        5.59900829292138
O            0.31111307708802        1.32599696557122        5.90106512930868
N            2.53811213569211        1.63976928863679        5.86385289148217
C            3.69218446750325        1.29640592691738        5.35356435466664
N            4.79137441886662        1.92828751643956        5.76597706219778
C            0.46362150598407       -1.24832882738973        4.91428473659179
C           -0.09265054910520       -1.62132063275161        6.31129828729805
C           -1.48641349422635       -0.96610716987640        6.39539565460024
C           -1.83767042946098       -0.72763041792442        4.91246257825474
O           -0.60658689577146       -0.68428870579650        4.18835915065118
C           -2.62553921733461        0.58300141952330        4.64878066107635
O           -2.42919907576808        1.57067079164280        5.61478307458822
O           -2.38743403919601       -1.81361947826651        7.03976083083327
F           -0.15959308056853       -2.97647813116616        6.40769353981805
F            0.74600375020005       -1.24503820029996        7.30830631570342
H            4.80087002121723       -0.14584134549764        4.10900900286133
H            2.77738111617684       -1.60350441414146        3.81982027637946
H            5.66362315840185        1.82407998997957        5.26703444606758
H            4.69078326715302        2.70433478543139        6.42171433866445
H            0.80647714865407       -2.17240441589419        4.42293784314262
H           -1.35923549614729       -0.01249429792127        6.93090172415692
H           -2.42046668570263       -1.58838919126275        4.54248489535287
H           -2.34301248470751        0.94274141987956        3.64297532686544
H           -3.69731092683387        0.36689608427879        4.64656634227525
H           -1.47934042657894        1.77179061997426        5.68386419197757
H           -3.12254430037168       -1.28684091042863        7.37440215772716
77
 energy: -168.366134406422 gnorm: 0.080644807674 xtb: 6.7.1pre (5071a88)
N           -0.50736995967456        0.13104173279155        1.48197269206072
C           -0.40024957350460        1.53238690967807        1.28859867046899
C            0.63634484342269       -0.55001141380469        1.87787333125639
C           -1.64786440815309       -0.50302528586818        1.05992586426991
N            0.72588246705133        2.13360537262411        1.55732314185065
N           -1.43999097468885        2.18530931439522        0.80724679097494
N            1.75707067891387        0.06932421491772        2.10518112486166
N            0.54904797211467       -1.90306213521458        1.93711318985843
N           -2.63083900003374        0.15527281609668        0.51816155459902
N           -1.69993168842442       -1.84612534376751        1.19139314073054
C            1.75211586684953        1.39894419597368        2.00031949448661
C           -0.68427714782594       -2.48320489328924        1.88575331594213
C           -2.50437499317122        1.48699234087394        0.44494016613933
N            2.94975110403058        2.01377092501486        2.24902449903452
N           -0.83582438816848       -3.81981941260109        2.21478291902595
N           -3.59469812748689        2.12641254523727       -0.05460385524138
C            3.32349745282271        3.29414906906725        1.71793603265653
C            3.95512342715979        1.44790161702326        2.97613408976697
C           -3.73383991768582        3.54672838129662       -0.13833890067364
C           -4.65374775448867        1.41810627942780       -0.45217559492187
C            0.41045016800889       -4.44931593775491        1.62651501507301
C           -1.41807588577368       -4.41037326652262        0.94825311981294
N            4.56023266314027        3.65450066619467        1.66578865386499
N            5.13952150845413        1.84860076046339        2.98890779860507
N           -4.96819877249618        4.07733321965116        0.14106074724212
N           -5.58580872844051        0.90206345749506       -0.85433105154595
N            1.55674040802954       -3.88003858037042        1.76048607701886
N           -2.33325015471183       -3.78878655119639        0.30236542641829
C            5.56650032382771        2.88653220365491        2.16002033869860
C           -6.05939441070678        3.62509455073760        0.42938601018806
C           -0.28908090962076       -5.29698998671715        0.70134698853481
N            6.80939293086721        3.04531913319055        1.99802676943476
N           -7.09514542027977        3.41759117941227        0.98466927867042
N            0.02297748606703       -6.35009942351570        0.08267249452908
C            2.36790152881613        4.16234569700281        1.18272733862832
C           -2.72270071203259        4.31599322843469       -0.49235534755840
C            1.73212489219346       -2.66773255662306        2.19210386515703
C           -2.74211258269155       -2.58970962700208        0.59896440532321
C            1.33450506617919        4.60464899368617        0.49320970463712
C           -1.41771931623897        4.83278018454077       -0.92498507278949
N            2.40166359705545        5.53500681366196        0.53340213851179
N           -2.39777327769216        5.66184722277504       -0.66946742382720
H            7.07689694294889        3.82473390366886        1.41125726184769
H           -7.98910192508395        3.13010907411991        0.65317342089411
H           -0.70994004236509       -6.73912024210633       -0.49261402089599
H            2.94148760979552        5.62470811609546       -0.33776593612684
H           -2.75181385024026        6.59338740918271       -0.57768235887397
H            0.34822394923347        4.50760655075645        0.07863839804029
C            3.78935308374789        0.36807387997036        4.17045830162883
C            2.73278017028207       -0.59937425221565        4.27426714588054
N            1.58552938375163       -0.30817568179438        4.92799777483898
C            1.42655540268992        0.96958829173290        5.57726314402644
O            0.31464523599115        1.34221635937967        5.88576091828755
N            2.54262145891577        1.65450351569495        5.85163484603134
C            3.68615174047860        1.33549596402495        5.30801941652053
N            4.79286998192689        1.93767388807028        5.74428343684304
C            0.47547113496266       -1.24054095892061        4.90822787081814
C           -0.08229574814888       -1.60190328711428        6.30790386213649
C           -1.48271519045456       -0.95357869524887        6.38195708699648
C           -1.83066661746956       -0.72970610393255        4.89701080989120
O           -0.59816165227154       -0.68363070066203        4.17825706370642
C           -2.62205391554306        0.57719447335656        4.61891083179915
O           -2.43017991892276        1.57094915200132        5.58122302438461
O           -2.38076138152975       -1.80233018873463        7.02939846913928
F           -0.14285405259051       -2.95759858475038        6.41657620292871
F            0.75241479542902       -1.21414942526369        7.30349858031898
H            4.79585110523080       -0.09957331149981        4.05613254254482
H            2.78012816298694       -1.57726748266810        3.78408299191789
H            5.66962524938449        1.83991110235785        5.24999919094760
H            4.70539158500926        2.68988317097791        6.43715757712718
H            0.81902933031299       -2.16705804224868        4.42259102369293
H           -1.36326222089659        0.00360802023263        6.91405192753481
H           -2.40990718058775       -1.59514764927286        4.53076815722277
H           -2.33587317806025        0.93224291568222        3.61219212589792
H           -3.69364862327661        0.36056942007063        4.61338376833508
H           -1.48245813981201        1.78081890132491        5.64741284686736
H           -3.11790696624328       -1.27543011345987        7.35993735643072
77
 energy: -168.351358261731 gnorm: 0.197494021459 xtb: 6.7.1pre (5071a88)
N           -0.50098250214896        0.12770909994268        1.48013884718133
C           -0.39590618232884        1.53283780832510        1.29281658204107
C            0.63823614889186       -0.55281919145026        1.86959273611209
C           -1.64304962181003       -0.50575685758383        1.05255154475268
N            0.72918975280673        2.13339480383837        1.57934769461778
N           -1.43123379689910        2.18761826284279        0.80521634492325
N            1.76166437276340        0.06418932213188        2.11970233663947
N            0.55320324131633       -1.90097672603166        1.93534050889136
N           -2.62578794792166        0.15487374218183        0.51630636480641
N           -1.69723648650049       -1.85037026780911        1.18419453129685
C            1.75426776397580        1.39938439463471        2.01821134668333
C           -0.68075394899075       -2.48468046018129        1.87998815125870
C           -2.49759273835774        1.48787745066797        0.44310860648868
N            2.94715217430049        2.00716740993215        2.28851026263727
N           -0.82875585343689       -3.81905352770426        2.21437817446351
N           -3.58930282161952        2.12777443232615       -0.05735864037980
C            3.32122825004795        3.27950117017809        1.72445008383514
C            3.96426759361104        1.39868204826053        3.02709802716093
C           -3.73251583810015        3.55108317922712       -0.14147782792812
C           -4.64538062825303        1.41661826296924       -0.45687657654400
C            0.41778681688500       -4.45412135902328        1.63553012490198
C           -1.41249955345266       -4.41305641213904        0.95005538359489
N            4.55035724869117        3.65468342784023        1.66896328357727
N            5.17621170481758        1.81582039280428        2.98073324908287
N           -4.96713583694564        4.07814877659175        0.14164508808581
N           -5.58243598180059        0.89866459727877       -0.85791910806925
N            1.55930802406261       -3.88324386101890        1.75683570589246
N           -2.32642484652736       -3.79634758835773        0.30102086437303
C            5.55814707892562        2.86406068426184        2.14716638817844
C           -6.04895235183370        3.61621719545367        0.44059163710766
C           -0.28423997673059       -5.30310933701732        0.70806901712128
N            6.80405937570047        3.04412790264893        1.97825289302283
N           -7.09888981428504        3.42780778813641        0.98423672007009
N            0.02753403866487       -6.35193651401264        0.07982518793282
C            2.36694283143947        4.14721864588952        1.18032651321483
C           -2.72070372994119        4.31926200853816       -0.49496625079666
C            1.73219017261432       -2.67267075866547        2.19688620851784
C           -2.73660719500412       -2.59575158085692        0.59109345797031
C            1.33656792813335        4.59834826757634        0.50426941554273
C           -1.41475977568356        4.83483775920654       -0.92076281573619
N            2.40384654734529        5.52394904412179        0.53620194447686
N           -2.39546173724904        5.66490549002741       -0.67106141456612
H            7.04559886003731        3.83534034840277        1.39200716705989
H           -7.98902048516812        3.13298367217906        0.64630326785905
H           -0.70404167274973       -6.74248938638494       -0.49798888460181
H            2.94055436556333        5.61034238153875       -0.33502531073818
H           -2.74972461547179        6.59624992272733       -0.57940632056356
H            0.35213791201409        4.50620785220146        0.08944077257470
C            3.76128888417643        0.49134176850000        4.01234457819891
C            2.69558638597355       -0.54349264778169        4.18444898880180
N            1.58244500882417       -0.29337862475887        4.91392611852176
C            1.41875957307915        0.97255250644670        5.57736775580548
O            0.30196444749184        1.34932131832810        5.88666109962156
N            2.55174317220621        1.63715727703693        5.87426463391282
C            3.68618687031867        1.34524084891417        5.33028431757477
N            4.80316642882367        1.90555179599497        5.79050353982235
C            0.47427558886736       -1.23289323633020        4.90672404136311
C           -0.08106001345849       -1.60329263916942        6.30591029162759
C           -1.48022944610901       -0.95570325645394        6.38780594440640
C           -1.83196813511186       -0.72261968643563        4.90468856269737
O           -0.59868306410367       -0.67750526119088        4.18020838693471
C           -2.62388936066330        0.58252708979153        4.63742617633094
O           -2.43478569852384        1.57350761367307        5.60034348630125
O           -2.37696321744648       -1.80564008390569        7.03299089195597
F           -0.14317203538270       -2.95513050288926        6.40242547526257
F            0.75439261767122       -1.21859448756650        7.30201651703609
H            4.77523861612402       -0.10037689801951        4.09588307032902
H            2.77265981007208       -1.55040233183975        3.75297815417746
H            5.64253816283354        1.84182816864863        5.22956178752337
H            4.69801008750294        2.66283297333158        6.42900280039000
H            0.82575438010473       -2.15973617941723        4.42142253936242
H           -1.36026143913700       -0.00050257386192        6.92089233133485
H           -2.41043675124835       -1.58582530792499        4.53784641078893
H           -2.34351617057831        0.94023337888032        3.63153803094024
H           -3.69470792664532        0.36123484316203        4.63413656109346
H           -1.48869274251990        1.78587399322043        5.66465914243154
H           -3.11669829594407       -1.28561557515076        7.36686908278478
77
 energy: -168.374304075117 gnorm: 0.041510049073 xtb: 6.7.1pre (5071a88)
N           -0.50074803827910        0.12734274647576        1.48190155073078
C           -0.39770575693620        1.53250831437840        1.29487577148444
C            0.64065025221884       -0.55170812118341        1.86763935631540
C           -1.64221056774764       -0.50658927621521        1.05232295981436
N            0.72647307582009        2.13516565741634        1.58026701764254
N           -1.43149077331687        2.18848592841106        0.80685909800139
N            1.76338435930041        0.06817462520120        2.11910880063581
N            0.55540837745308       -1.89849621316451        1.93660739758798
N           -2.62581547485588        0.15438219791993        0.51687299468052
N           -1.69698333663798       -1.85110607110144        1.18422755500928
C            1.75583656290194        1.40385520521328        2.01005141431524
C           -0.67918694493324       -2.48447614396454        1.87952959491747
C           -2.49850558174747        1.48728611189765        0.44583908348028
N            2.94897901483187        2.02024021334270        2.26326650466419
N           -0.82660053832395       -3.81890604205774        2.21390449388194
N           -3.58853847415223        2.12749386966215       -0.05576350347478
C            3.32386873857080        3.29317350967512        1.70851890299579
C            3.97689439386332        1.42778732620299        2.98169283774803
C           -3.73202057280926        3.55266898181003       -0.13985508427870
C           -4.64330308235005        1.41541335805663       -0.45778074358711
C            0.41891834664681       -4.45642686737580        1.63795699971450
C           -1.41342536083503       -4.41404333576945        0.95165722871088
N            4.55477258247517        3.66843646900128        1.65510869941217
N            5.18095347232749        1.83065894047712        2.96042500329792
N           -4.96689332339635        4.07922697704952        0.14285132341575
N           -5.58336142963369        0.89728958274594       -0.85435772412389
N            1.55869390896609       -3.88493735713979        1.75548405728677
N           -2.32658804738787       -3.79819174392156        0.30226394277526
C            5.56787427987779        2.88217814634355        2.13508147171602
C           -6.04681757455439        3.61468061451281        0.44543738836261
C           -0.28555858892619       -5.30599328721840        0.71037179499931
N            6.81005708156549        3.05229121010117        1.96627918081998
N           -7.09985315388633        3.43000369822872        0.98625944629338
N            0.02516807734443       -6.35342561669985        0.07971404094272
C            2.36543227876494        4.15471252891425        1.17715109060858
C           -2.72047402787034        4.31993229705741       -0.49438242681661
C            1.73147846078526       -2.67563603039400        2.19988549457092
C           -2.73674780308281       -2.59684077600357        0.59067840185892
C            1.33430971196115        4.60043964360774        0.50278752898338
C           -1.41524167006628        4.83455455531380       -0.91990948583034
N            2.40027055250271        5.52702466073636        0.53312948089888
N           -2.39504951432096        5.66496033395565       -0.67069530713636
H            7.05266672247103        3.84248760799568        1.37956324974244
H           -7.98918024867065        3.13437701913734        0.64513215153979
H           -0.70692279665049       -6.74444478044847       -0.49971883909446
H            2.93929153710100        5.60996729326945       -0.33498375977445
H           -2.74918177922635        6.59661999538952       -0.57979789370321
H            0.35009684863063        4.50487968101298        0.09005406549992
C            3.77314883022405        0.40673200659885        4.13111834034034
C            2.69009875285159       -0.56125159887522        4.20413753615857
N            1.57416316034267       -0.29283593656087        4.91409348877730
C            1.41578477263070        0.97111015150013        5.57893924151497
O            0.30162291381469        1.34754901740709        5.88667135927420
N            2.54744577812048        1.63619159924045        5.87050064282666
C            3.68679616454355        1.32863395059690        5.34625358447178
N            4.80132326873660        1.90539124771795        5.78783827021999
C            0.46901209295832       -1.23038672658867        4.90478183780139
C           -0.08138030374042       -1.60243989450644        6.30466731142550
C           -1.47851367691711       -0.95655171832541        6.38893824408257
C           -1.83316453580407       -0.72207573945399        4.90587501569095
O           -0.60150916789581       -0.67681190263284        4.17927809649126
C           -2.62466058096685        0.58157874983675        4.63914991115268
O           -2.43682460235622        1.57421394242823        5.59864734851939
O           -2.37460865045709       -1.80588820549646        7.03500863653319
F           -0.14202244903477       -2.95318240703813        6.40132476971291
F            0.75487547379292       -1.21548328911421        7.29933142008190
H            4.76164515915887       -0.10853421562257        4.10016743028546
H            2.76371046024975       -1.54729443746133        3.74408640587866
H            5.63967644806393        1.83854512291414        5.22602729935459
H            4.69822260265294        2.66612388248988        6.43043568201957
H            0.82468418870377       -2.15681135019262        4.42169825347358
H           -1.35827641844365       -0.00020546857945        6.91853700033560
H           -2.40921646432862       -1.58679980324326        4.54026560553683
H           -2.34460219720641        0.93719877365767        3.63323195879335
H           -3.69477674874422        0.35815375552488        4.63592968143584
H           -1.48993625681396        1.78494690162257        5.66454479755961
H           -3.11579018932332       -1.28729604582059        7.36770222407136
77
 energy: -168.376839861429 gnorm: 0.037346887532 xtb: 6.7.1pre (5071a88)
N           -0.48573299668598        0.12092837469646        1.48308932303408
C           -0.38856081114279        1.52967116510560        1.30814741483531
C            0.65392324898319       -0.55786161267642        1.86872678019792
C           -1.62828406107722       -0.50985000107703        1.04773019147764
N            0.73401401194337        2.13185000986058        1.60295960582785
N           -1.42071613622687        2.18685323192177        0.82024036080379
N            1.77720269056141        0.06314891783929        2.13163011877945
N            0.56626330565737       -1.90563132351946        1.93648768423764
N           -2.61127809777956        0.15284747899856        0.51548008626383
N           -1.68560048993350       -1.85551700256526        1.17691098503338
C            1.76581519024271        1.40191164106061        2.02400205347963
C           -0.66980110360680       -2.49037622864445        1.87136905298554
C           -2.48635372856650        1.48703173942513        0.45323090693626
N            2.95468154850724        2.02736447463242        2.27574627451955
N           -0.82237949036289       -3.82286037949795        2.21003873675842
N           -3.57728772377162        2.12735038502747       -0.04737161070916
C            3.32339573801933        3.29595279816481        1.70864923078144
C            3.98552498985495        1.44889342029504        2.99956300298010
C           -3.72237983464311        3.55260423248104       -0.13039345906675
C           -4.63093066372966        1.41414414341431       -0.44988454841298
C            0.42197285481205       -4.46768963015114        1.63722644107680
C           -1.41337698463767       -4.41884028072210        0.95175770854267
N            4.55107925233685        3.67549997154647        1.64532856175042
N            5.19136028882088        1.84602040622664        2.95812968060895
N           -4.95794065010440        4.07924326103170        0.15045585467531
N           -5.57515048742944        0.89755178100179       -0.83479620428319
N            1.56236625439907       -3.89874816258291        1.75842743252426
N           -2.32478650141587       -3.80295202026784        0.30115730061453
C            5.56776526614103        2.89029324650530        2.12814338852951
C           -6.04109096157237        3.61917605198222        0.45166890057095
C           -0.28770775642685       -5.31497518121052        0.71184387150196
N            6.80622187939001        3.06199904336841        1.94795893232791
N           -7.09066125398622        3.42988460130307        0.99388327474226
N            0.01463542590861       -6.36599833292243        0.08445954874975
C            2.35835324761759        4.15146146241070        1.17997473742809
C           -2.71388894509282        4.32138051700236       -0.48938898292434
C            1.73805124572606       -2.68919123016800        2.20294067336641
C           -2.73053183443342       -2.59850426433993        0.58598074979177
C            1.32788535386566        4.59520434269061        0.50484248166206
C           -1.41142792518350        4.83618886980872       -0.92173295691340
N            2.39121315987705        5.52519346843578        0.54134446417569
N           -2.39012367741846        5.66601066438616       -0.66943875921166
H            7.03556698378213        3.85214046569713        1.35776080734106
H           -7.97921740437841        3.13988997533265        0.64450725402289
H           -0.72160445042714       -6.75039972677908       -0.49597981097799
H            2.93277480188491        5.60999694003697       -0.32404946586426
H           -2.74452056066281        6.59812953536714       -0.58222513215461
H            0.34420468211623        4.49826230111594        0.09256648624169
C            3.76484828875697        0.40598844939771        4.11700537305955
C            2.65842672157221       -0.54080370046260        4.15969899931763
N            1.55985615288732       -0.28040974508087        4.90003308600074
C            1.40899251000720        0.97564311940331        5.57687899886372
O            0.30527394600149        1.34494716305234        5.90561247664939
N            2.54243761213656        1.63703409324217        5.85642104894669
C            3.67463752176167        1.34104088138762        5.30816474135774
N            4.79654740555043        1.90393150484067        5.74787138809975
C            0.45767843787532       -1.21939278348513        4.89981259661233
C           -0.08265638709305       -1.59457752513455        6.29980212173865
C           -1.47849194257573       -0.95506440303276        6.39403147132634
C           -1.84284590554401       -0.72187973518340        4.91506494877439
O           -0.61599022691813       -0.66767203025059        4.18426653369231
C           -2.63713633827992        0.57692450427309        4.65061078857255
O           -2.44730533792383        1.57152656613112        5.60540570012361
O           -2.36787757984657       -1.80663598989413        7.04651667210502
F           -0.14039669359813       -2.94335591281897        6.39480704674037
F            0.75799756996564       -1.20675174185617        7.28674255121300
H            4.73540221818405       -0.12189197015109        4.09399726028355
H            2.73708543399849       -1.52849695471343        3.70773687603943
H            5.63799430660044        1.83751106292289        5.19004790268601
H            4.72003047513723        2.63532401545695        6.45813090264966
H            0.81216220455518       -2.14203857421916        4.41529273382606
H           -1.35668155578945        0.00208797234857        6.91850298585250
H           -2.41461653353643       -1.59046906149120        4.55325296586957
H           -2.35864255635904        0.93007968831984        3.64493270556757
H           -3.70587771052945        0.35029170421939        4.65076931760594
H           -1.50038335499582        1.78335691481208        5.66777878808750
H           -3.11340357115708       -1.29093305320278        7.37440559103797
77
 energy: -168.381413094249 gnorm: 0.040439245206 xtb: 6.7.1pre (5071a88)
N           -0.46682516169170        0.10795033000924        1.49192268193223
C           -0.38279353967582        1.52280264868169        1.33215051833908
C            0.66709393830312       -0.56922431452242        1.86894997205513
C           -1.61366186640671       -0.51889189170591        1.04622449254671
N            0.74089898933368        2.12404162447177        1.63913660929753
N           -1.40745749041389        2.18394512811896        0.84269155903410
N            1.79582222706367        0.05270066462097        2.15589482275851
N            0.57916387507261       -1.91494226416171        1.94019438931388
N           -2.59573036101627        0.14855127258830        0.52300751102762
N           -1.67477428077499       -1.86750790643450        1.16967694261850
C            1.77880435638908        1.39723845714327        2.02935453981353
C           -0.65946161551649       -2.50206515563495        1.86342708591912
C           -2.47413863089819        1.48445915990160        0.47033374881846
N            2.96331858955054        2.02812145532208        2.27319156444466
N           -0.81516651444243       -3.83148569229424        2.20891270867397
N           -3.56432862315779        2.12662617651752       -0.03260731901688
C            3.32464508920198        3.30017915884558        1.70108250461533
C            4.00240316592086        1.42534341956612        2.98426368486576
C           -3.71152323966563        3.55529422645312       -0.11438766674831
C           -4.61264568237818        1.40948807686832       -0.44049886556143
C            0.42573946832573       -4.48996468171362        1.64406393566843
C           -1.41516326534763       -4.43010585254251        0.95616653727770
N            4.54625623356945        3.69509583487935        1.63565870180397
N            5.21210677185094        1.81685529248901        2.91897580065482
N           -4.94780713104582        4.08257764747059        0.16238950685467
N           -5.56460557098922        0.89361574804719       -0.80912335737938
N            1.56358943344588       -3.92179258627143        1.75772855506105
N           -2.32513040084327       -3.81766010242754        0.30419327809867
C            5.56923618840243        2.90117489144895        2.11569933986081
C           -6.03081545552472        3.62198488808662        0.46734470884081
C           -0.29389442772395       -5.33491794015687        0.71872055513752
N            6.80659333044209        3.09805258147619        1.92498465106478
N           -7.08602523865474        3.44196679617982        1.00101955869853
N           -0.00175912263216       -6.38323960420052        0.08287050332287
C            2.34701371140816        4.14532033489831        1.18012625938177
C           -2.70400780237186        4.32245643040889       -0.47844859536858
C            1.74143650865799       -2.71569065970726        2.21416593463284
C           -2.72385071565103       -2.60689385607846        0.58046452599194
C            1.31838972148441        4.58965545101854        0.50742047971953
C           -1.40403342407650        4.83388413256832       -0.91492193139156
N            2.37746990707205        5.52472352294945        0.55730776662998
N           -2.38012227077166        5.66616022137577       -0.66467347832549
H            7.00618350807321        3.90596973887871        1.33891325790274
H           -7.96911194086340        3.14810167587405        0.63706254074427
H           -0.74159527115717       -6.76146372387668       -0.50065755027784
H            2.92492762649883        5.61560546444635       -0.30138988704995
H           -2.73409942980417        6.59936564859939       -0.58450353688851
H            0.33493269802634        4.49290262963680        0.09699260220973
C            3.76753652251250        0.41733234373255        4.11374531499329
C            2.60049050016839       -0.48233316781040        4.05764622627109
N            1.54141499023878       -0.25247051630549        4.87178991170402
C            1.39588163910828        0.98658596546719        5.57172782888489
O            0.29820657538592        1.35435463823594        5.90757960092001
N            2.53882010688276        1.63045664649271        5.85866378733875
C            3.66904016393366        1.34849154080973        5.30755603165826
N            4.80471034687541        1.88008539479806        5.75286779009000
C            0.44587397154233       -1.19900107039849        4.88604102151120
C           -0.07814274526991       -1.57198571536275        6.29289565349160
C           -1.47483589020395       -0.94504792058779        6.39637688846642
C           -1.85520138245249       -0.72047357393353        4.91826018955524
O           -0.63334642943514       -0.66451146149510        4.17637066355665
C           -2.65425720890260        0.57095240623926        4.65160249551227
O           -2.46870341107149        1.57839962509130        5.59085669831008
O           -2.35078572668859       -1.79961703900392        7.06162994345417
F           -0.12217467518053       -2.91851239344388        6.39735170430466
F            0.76571264796512       -1.16468828218267        7.27010158188462
H            4.70460099984126       -0.15827382297738        4.14897418268687
H            2.70505337018598       -1.48241665691280        3.63801868466233
H            5.62459706579252        1.83406302400302        5.15598472439434
H            4.74682009043772        2.58855963316325        6.49618773365148
H            0.80993586327131       -2.12338812585888        4.41285980760667
H           -1.35694443566411        0.01943510538705        6.90615492984840
H           -2.41887992540134       -1.59741620758196        4.56807336852962
H           -2.37886201066283        0.91153139439429        3.64179560885264
H           -3.72084436869130        0.33732373675574        4.65719818557399
H           -1.52199905256512        1.79084434067215        5.65481390590750
H           -3.10921245595721       -1.29464633961924        7.37809739011873
77
 energy: -168.388966266988 gnorm: 0.057198181784 xtb: 6.7.1pre (5071a88)
N           -0.43069828674565        0.09459481076703        1.50524956737569
C           -0.36592145996774        1.51688607599645        1.36143957510639
C            0.68918890068835       -0.57800218247079        1.88794471341663
C           -1.58390175841442       -0.52638392398313        1.04189947638209
N            0.76176694042838        2.11641978508236        1.68905246633544
N           -1.38144786199811        2.18022933978881        0.86795847777349
N            1.82633350109266        0.04788868494709        2.22961025634111
N            0.60133666042438       -1.92461512452507        1.95209799227557
N           -2.56272683949641        0.14428125233055        0.52731660208967
N           -1.65055200248785       -1.87984517783443        1.15730770663987
C            1.80161958838445        1.40163757213029        2.06227133682710
C           -0.63929126163184       -2.51406652308329        1.85140140773758
C           -2.44941889591230        1.48275808538792        0.48625875557519
N            2.98381214189170        2.04326496121149        2.28329015607898
N           -0.80077753425665       -3.83811453102807        2.20533562366344
N           -3.54325250915707        2.12461085998055       -0.01720309085075
C            3.33334898098470        3.30633256889675        1.68162424025476
C            4.03736992346693        1.44458620760117        2.99052418213302
C           -3.69660281308879        3.55476061689751       -0.09726186309765
C           -4.58677858704273        1.40247687294190       -0.42682590153601
C            0.43759779840963       -4.51358603098689        1.64878426583455
C           -1.41146748954566       -4.44096690872216        0.96107503454903
N            4.54874899780172        3.70803915434315        1.59679320484687
N            5.24788815912974        1.83419690699447        2.88840506636270
N           -4.93369768914465        4.07997467692707        0.17768052846632
N           -5.54801741069914        0.88745907906781       -0.77607032589245
N            1.57266399050134       -3.94551323356404        1.75773374386259
N           -2.31947130510201       -3.83281411416278        0.30661136839157
C            5.57892319378512        2.91169532559002        2.08364854566751
C           -6.01589730214926        3.62185982278593        0.48866139919357
C           -0.29473910201148       -5.35602323849853        0.72739805610388
N            6.81136725441343        3.12890846433135        1.87970635660637
N           -7.07647488256971        3.44799205171511        1.01576243795169
N           -0.01831512715012       -6.40623886088644        0.08766961760083
C            2.33793079574507        4.13784503748089        1.16998974343430
C           -2.69395544769502        4.32313516700132       -0.47114541224815
C            1.75399769753488       -2.74417967161967        2.22712263413191
C           -2.70659124424480       -2.61262807836804        0.57146659233581
C            1.30764874854169        4.58379448228304        0.50528141301508
C           -1.39774409734802        4.83248040008639       -0.91509861618929
N            2.36096877897164        5.52363058144192        0.56519130753195
N           -2.37192383725077        5.66619953696949       -0.66471163869298
H            6.97507427476637        3.94047161784016        1.28901288004758
H           -7.95281661583330        3.15785919897430        0.62712740093561
H           -0.76624962945375       -6.77781222137059       -0.49140744524358
H            2.90858381364807        5.62302569024273       -0.28899777921338
H           -2.72582773093934        6.60028198613659       -0.59368335497447
H            0.32311834302953        4.48614770393949        0.09861544124839
C            3.74909700848443        0.43465004746437        4.07601901061102
C            2.50119303803970       -0.40902518120344        3.90348364988472
N            1.50927859573268       -0.22909078884792        4.84066835334695
C            1.37477089339760        0.99425711085729        5.56971254144556
O            0.28471097137234        1.36259095720934        5.92047871530876
N            2.53056971327422        1.61526222819551        5.86396888038958
C            3.65448632502598        1.34411567473554        5.30635990746774
N            4.80354221049301        1.84637739421537        5.73703578429349
C            0.42133956464375       -1.18130511448775        4.87440063374347
C           -0.07902243871724       -1.55093949436452        6.29061560599372
C           -1.47511056928770       -0.93580958571260        6.40953885808038
C           -1.87787614360676       -0.71811182746832        4.93525874560176
O           -0.66519116368927       -0.66200986200869        4.17626545947623
C           -2.67925466226143        0.56674378302833        4.66940068513178
O           -2.49299085189893        1.58304405086526        5.59368212801901
O           -2.33535418286318       -1.79161388817445        7.09161849472277
F           -0.10983008804021       -2.89326056823757        6.40115968274060
F            0.77170034610157       -1.12963433598059        7.25269827412142
H            4.63363769753436       -0.19872706484897        4.17456140182953
H            2.65239485841733       -1.45075579423856        3.56632408703770
H            5.60316125962880        1.81417346832738        5.10886536801047
H            4.76088644832120        2.54223305903272        6.46560779818416
H            0.79272861692343       -2.10678954641984        4.41171724114910
H           -1.35762570540394        0.03236414147365        6.90646625279963
H           -2.43626756384082       -1.59984022662144        4.59755915117965
H           -2.40968744472976        0.89655136051694        3.65647894890873
H           -3.74419499981871        0.32990125678030        4.68430771485453
H           -1.54719771396946        1.79740695403354        5.65622823024369
H           -3.10862178097418       -1.29769496524642        7.39029825060734
77
 energy: -168.388502472960 gnorm: 0.138575646618 xtb: 6.7.1pre (5071a88)
N           -0.38752802689381        0.07842259838365        1.52540813823022
C           -0.35268636725355        1.50930480397728        1.39151028609505
C            0.70161878963665       -0.58575946255284        1.92839009603952
C           -1.55581589127402       -0.53377729262137        1.03991005650181
N            0.78924777874141        2.10398236235668        1.74544504002227
N           -1.35282651592467        2.17417086834490        0.89111858512525
N            1.85657822020734        0.04703650585701        2.38164476995315
N            0.61749072842257       -1.93449434072490        1.97535629375647
N           -2.52834864666368        0.13971266669204        0.53755578433953
N           -1.63047342072113       -1.89608148786473        1.14525842747478
C            1.82317132889284        1.41573969909128        2.11563836601098
C           -0.62428751969436       -2.52867231396027        1.83845539875574
C           -2.42741904856090        1.48126951828086        0.50262722486266
N            3.00788248079586        2.06534663972850        2.29769637633839
N           -0.78956959064532       -3.84450364920208        2.20160105596063
N           -3.52775868778871        2.12254936978300       -0.00303251406401
C            3.34784881974725        3.31327746980232        1.66056860838649
C            4.07802586668272        1.47381241684965        3.00239605655697
C           -3.68783172904661        3.55359295222491       -0.08198361647609
C           -4.56569355178317        1.39465455483167       -0.41354516456131
C            0.44791665181073       -4.53920092461868        1.65497265341169
C           -1.41315748107243       -4.45251252289038        0.96730872472880
N            4.55829506066992        3.71266203032834        1.55422532496476
N            5.28344175102146        1.86112904829877        2.86628318973067
N           -4.92517370105651        4.07635696562322        0.18990155057327
N           -5.53718318539644        0.88120291797050       -0.74593878342768
N            1.57767261476823       -3.96853511283626        1.75720299683339
N           -2.32165527417833       -3.85223203275460        0.31198582596914
C            5.59136707338812        2.91099691394058        2.05993867148506
C           -6.00506856450570        3.62267517495328        0.50992050433943
C           -0.29861076503154       -5.37721620435994        0.73669319381026
N            6.81689044815668        3.15504180389098        1.85398934011980
N           -7.07155428839285        3.45364594238354        1.03310911021688
N           -0.03755079956525       -6.42603150006731        0.08657859618328
C            2.33085868689742        4.12653068849760        1.15710605511244
C           -2.68904417720305        4.32235146853180       -0.46547098936138
C            1.76061104506839       -2.77552361268229        2.24555738876733
C           -2.69340374981514       -2.61891618754675        0.56406292474640
C            1.29912190895443        4.57916553974206        0.50341417909028
C           -1.39454722984976        4.82720983669125       -0.91162937129700
N            2.34752683649185        5.51968163815904        0.57566152177435
N           -2.36611439128077        5.66465219743675       -0.66346193415524
H            6.93887694754544        3.96833899668228        1.26282702155518
H           -7.93878300840600        3.16756040639422        0.61191963017496
H           -0.79353632900983       -6.79251053648806       -0.48516650567835
H            2.89353979966414        5.62980727819302       -0.27261567274810
H           -2.71806121898762        6.59987753840650       -0.60292417103674
H            0.31246881455787        4.48147419845326        0.09878448007271
C            3.73671334580729        0.46824116976131        4.01863968242249
C            2.36626686314343       -0.30131841041780        3.66755582106865
N            1.48564149489299       -0.21220075122014        4.80643607223543
C            1.35553783117525        1.00228206995593        5.55920198686672
O            0.26870414712447        1.37574003468963        5.91438346098597
N            2.52486019990066        1.59577739509589        5.87319906136194
C            3.64406962405856        1.33810426458875        5.32091456230008
N            4.80459812152357        1.80752752619617        5.73235288049238
C            0.40672534847088       -1.16857644672082        4.86231631550937
C           -0.07359308173629       -1.52544666876839        6.29027669036491
C           -1.47078779873066       -0.92379320018886        6.41857277679075
C           -1.89340650880245       -0.71740311102869        4.94575243155918
O           -0.68674756655618       -0.67341642546012        4.16943847377820
C           -2.69501066196869        0.56056542573330        4.67299989363923
O           -2.51328373073405        1.58777080450766        5.57699974665050
O           -2.31519895787677       -1.77663477169489        7.11902862433734
F           -0.08674285742590       -2.85983677593757        6.41288077601877
F            0.77742913637248       -1.08555634717697        7.23702941588990
H            4.53286842639051       -0.23456453287628        4.19670233312412
H            2.61689239315833       -1.43732472437573        3.51062118964347
H            5.58036658085377        1.79827553177983        5.07310072597289
H            4.76864306486668        2.49120828851937        6.39698529377169
H            0.79079707032964       -2.09934279348478        4.42166017735058
H           -1.35834459440364        0.04702321813077        6.90073072366075
H           -2.44612282394497       -1.60095330800655        4.62224109482444
H           -2.42987885530138        0.87535592457483        3.65710154349152
H           -3.75913907058740        0.32347525846239        4.69565030177518
H           -1.56970266421426        1.80569632825908        5.64491079087841
H           -3.10892096731553       -1.29794280262455        7.38875642934551
77
 energy: -168.395991138805 gnorm: 0.074161856066 xtb: 6.7.1pre (5071a88)
N           -0.40147158953945        0.08611585699571        1.51750941443345
C           -0.35402495985695        1.51435842055185        1.38767531818786
C            0.70108105169355       -0.58284913641639        1.91055217987895
C           -1.55917758979965       -0.53159895079835        1.04111231172345
N            0.77743444808365        2.11670869434092        1.72890868296712
N           -1.36303191589383        2.17642260245945        0.89222187987958
N            1.84254425358681        0.05606698714551        2.29819349133256
N            0.61761790778166       -1.93474518471025        1.96493130657158
N           -2.53476758153309        0.14138597599310        0.53451905219143
N           -1.62850987478358       -1.89038722072157        1.14745097655111
C            1.81530627531294        1.41816111785583        2.09653937716014
C           -0.62322236509642       -2.52510186519761        1.84331475441381
C           -2.43042110712810        1.48141711994370        0.50098542374597
N            3.00410321872205        2.05861386767622        2.28945239579887
N           -0.79054772588028       -3.84400323995731        2.20239264474354
N           -3.52826548452110        2.12215854531993       -0.00220286931815
C            3.34315886445410        3.31190620041176        1.66685277317283
C            4.07338473177052        1.46517441619102        2.98509222031243
C           -3.68590070827859        3.55138266791291       -0.08238691288440
C           -4.56968049850122        1.39654807064809       -0.40888626468626
C            0.44535170163076       -4.53418822697745        1.65165738879011
C           -1.41008563091592       -4.45178867915959        0.96647691720143
N            4.55572031693255        3.71239675203496        1.56281733772801
N            5.27940841513616        1.85786724402440        2.86543942449491
N           -4.92270813540049        4.07509359841792        0.19222924115261
N           -5.53445550649340        0.88129446371306       -0.74957246948893
N            1.57972580327737       -3.96560784372548        1.76030907599975
N           -2.31666292303530       -3.84531748859152        0.31018321406510
C            5.59289294499046        2.92242176943623        2.05733267728740
C           -6.00385236794465        3.62079636914881        0.50745133418151
C           -0.29704908900163       -5.37382970335829        0.73431398837883
N            6.81998077577086        3.15982858321324        1.84784786437167
N           -7.07116109471768        3.45298928828351        1.02817106759830
N           -0.03400739866572       -6.42613824076193        0.09099437849147
C            2.33278134472974        4.13188888434631        1.16276325562191
C           -2.68711808319987        4.32108659128234       -0.46447259832067
C            1.76377659565154       -2.76643911258414        2.23402470399078
C           -2.69089987616440       -2.61669269337724        0.56652071947927
C            1.29908831447117        4.57930406766000        0.50504248839698
C           -1.39247057444329        4.82829733990620       -0.91356700541529
N            2.34610515522811        5.52469150989450        0.57491315555382
N           -2.36576415658446        5.66395680806266       -0.66434828635086
H            6.95423023635955        3.97396402521303        1.25642170250962
H           -7.94011105702189        3.16748970584168        0.61672894374239
H           -0.79003388085049       -6.79191291975845       -0.48070025364143
H            2.89319959086472        5.63567668244099       -0.27703521230680
H           -2.71897868577351        6.59882830444646       -0.60186446130151
H            0.31357731214391        4.47919797802878        0.09889671717512
C            3.72346356568219        0.45024334839083        4.02949848436068
C            2.43074467817405       -0.37736501532702        3.81235856253728
N            1.49001714042152       -0.22295683200706        4.82811342469071
C            1.35768635676794        1.00049506471872        5.56020831108581
O            0.26787749518074        1.37905919235535        5.91027168816767
N            2.52386167633222        1.60260447531454        5.87096564625528
C            3.63988796840471        1.33208368213029        5.30752895496672
N            4.79984300612792        1.81445741781019        5.71680470879702
C            0.40603005137117       -1.17119704747272        4.86672836963942
C           -0.07584053478796       -1.52652282991890        6.29327593596392
C           -1.47507090511180       -0.92224437946257        6.41758034701078
C           -1.89436519335596       -0.71982630297717        4.94424722745331
O           -0.69063891744109       -0.67086455085466        4.16886449336173
C           -2.69899185893498        0.56061523568574        4.67135871115191
O           -2.51282014593097        1.58922972599424        5.58129239585038
O           -2.32022062171662       -1.77909659499723        7.11705266969834
F           -0.09021972613875       -2.86783365650528        6.41899295895337
F            0.77870421652913       -1.08562869435273        7.24292648730132
H            4.56421945213368       -0.23380939242184        4.17969989536537
H            2.61249250852038       -1.43174839440306        3.51978582861325
H            5.58520834283457        1.78951373957255        5.07229021803077
H            4.77475599477229        2.50175992578219        6.42912062378131
H            0.78532031002441       -2.10227680959488        4.41939095372156
H           -1.36094253754438        0.05099111340786        6.90386970789768
H           -2.45251644350887       -1.60563052962860        4.62130800194657
H           -2.43461729168957        0.87803338672949        3.65321969545522
H           -3.76338283136170        0.32315852947758        4.69474070466851
H           -1.56828201674037        1.80639231197552        5.64414880428149
H           -3.10829113599050       -1.29452812228382        7.39384672480527
77
 energy: -168.393480678125 gnorm: 0.107267938217 xtb: 6.7.1pre (5071a88)
N           -0.41302883238752        0.09393028507634        1.50441437948195
C           -0.37123784826237        1.51980766074674        1.36222641394896
C            0.67524961810831       -0.57353305354083        1.90998916086009
C           -1.57805103567223       -0.52472556265935        1.03599574220587
N            0.77081156897347        2.12139498625555        1.69499580105519
N           -1.37975859621210        2.17851650062731        0.87218685599310
N            1.82059840437281        0.06932332592792        2.33992906603480
N            0.60176737631344       -1.92639169928387        1.95758488933863
N           -2.55293989311759        0.14532296607441        0.53167139316909
N           -1.64223893331488       -1.88618870667763        1.14399700783806
C            1.79647113376174        1.43402436725556        2.08973118238064
C           -0.63632632421666       -2.51753968713899        1.83889328895318
C           -2.45090755988192        1.48450023574428        0.48752422401973
N            2.99384150347109        2.05813860860377        2.27991691596573
N           -0.79556888014391       -3.83397998214885        2.19711332644175
N           -3.54922178202757        2.12582159994056       -0.01578495323377
C            3.34332125741410        3.31247181299978        1.67672965349842
C            4.05292819234324        1.46032143760883        2.97886389053594
C           -3.69981731214361        3.55283742484212       -0.09529546044382
C           -4.59355109482981        1.40286811404777       -0.41759422627797
C            0.44448230864803       -4.51930566099844        1.64527623602884
C           -1.41091483398174       -4.44578556944615        0.96130135677728
N            4.56234050959904        3.69183439554314        1.58167571060952
N            5.25038132525144        1.85315642117150        2.88903307705370
N           -4.93373996224876        4.07811329718601        0.18169894582794
N           -5.55119677698800        0.88654310513719       -0.77877906879566
N            1.57718447405676       -3.94563861529400        1.75014517010437
N           -2.31981182679981       -3.84168574395904        0.30471061129585
C            5.58771935256859        2.89546363027091        2.07987765434080
C           -6.01441687280713        3.62643365492371        0.49490664403527
C           -0.29288377383939       -5.36297435314328        0.73142134337939
N            6.81321526324238        3.13011727217161        1.88765356004810
N           -7.07464156377106        3.44462646276144        1.02745570213605
N           -0.02121493436495       -6.41359048760463        0.08849601819368
C            2.34084987774905        4.13698597585217        1.16475926964963
C           -2.69622859221982        4.32016708297120       -0.47199330776180
C            1.75670614893082       -2.74519762347705        2.21333128865450
C           -2.69886429957919       -2.61490338834960        0.56505170087432
C            1.30672191475268        4.58999473341497        0.50792076500424
C           -1.39684195263060        4.82453150431781       -0.91307500709328
N            2.35697377409083        5.52809848091948        0.57289758146902
N           -2.36880052418163        5.66302316308259       -0.66274748892832
H            6.96069266325292        3.94055222732102        1.30546163726173
H           -7.94615806604865        3.16368648783250        0.62078481189733
H           -0.77407821469219       -6.78878286810058       -0.47569648052992
H            2.89766005107801        5.64053418103539       -0.28245508085212
H           -2.71865501018582        6.59790472249324       -0.59661829140897
H            0.32074748817272        4.48904953321821        0.09614114309359
C            3.74954472627526        0.45826041448479        4.02718865019073
C            2.45575863330063       -0.38718413854679        3.81406633559968
N            1.52682360460827       -0.25553867946288        4.85636432226612
C            1.37668110374159        0.99108700583820        5.55516211015467
O            0.27434517140352        1.37869761079461        5.87878430719452
N            2.53349164695077        1.60638779468456        5.87053309406668
C            3.65553229994772        1.33197799334562        5.32415376880312
N            4.80526652040296        1.82730165978282        5.73670662209290
C            0.43141976567623       -1.18933174990627        4.88108789044479
C           -0.07405069469767       -1.53740314384919        6.30244249773621
C           -1.47477394730472       -0.92591760400184        6.41484101127544
C           -1.87818290269387       -0.72129300982387        4.93829193353759
O           -0.66328761558876       -0.68693800747686        4.17350256442523
C           -2.68382262082026        0.56131708447950        4.66172644556451
O           -2.49810418906667        1.58208884052273        5.57628398794378
O           -2.32982224400612       -1.77624863815941        7.10538876409194
F           -0.09561392148979       -2.87535195037342        6.42733966115747
F            0.76926023987079       -1.10794676676288        7.26015715620291
H            4.57072397445554       -0.19295243181650        4.14433067289813
H            2.68034005572356       -1.49407168743308        3.61193112413493
H            5.59887702222010        1.80175754126789        5.11527251035436
H            4.76555576563013        2.51858828002649        6.39561563447303
H            0.80310624964800       -2.12296405415202        4.43509819619774
H           -1.36466299788001        0.04054010235524        6.91066303202599
H           -2.44239029047965       -1.59774471315266        4.60894897656015
H           -2.42352117073151        0.88498822200333        3.64597063800806
H           -3.75037315883774        0.32840792089339        4.68429928198500
H           -1.55430713591469        1.80065864033408        5.64316337405582
H           -3.11338079935393       -1.29104719156648        7.38165538379773
77
 energy: -168.399184133361 gnorm: 0.095305773753 xtb: 6.7.1pre (5071a88)
N           -0.38537505465187        0.08103439306587        1.50886638474317
C           -0.36087571825604        1.51263918667590        1.39128415150104
C            0.69012579597848       -0.58971295630763        1.92110448989333
C           -1.55467412418182       -0.53223105641242        1.02995680652101
N            0.78388190982415        2.11260102921281        1.72984182719924
N           -1.36400494294919        2.17497088210392        0.90695362275103
N            1.83152481483444        0.05416230030410        2.39220910184176
N            0.62433277916919       -1.94171311698409        1.96052702062042
N           -2.52925052282953        0.14281219872377        0.53635206162556
N           -1.61628251411244       -1.89631710978515        1.12923732813213
C            1.80948901910801        1.42683671705151        2.11269255659499
C           -0.61707975385663       -2.52898995187796        1.82645938019781
C           -2.43340216427732        1.48267923897181        0.50757205178275
N            3.00795223596450        2.05254988111128        2.27620369935222
N           -0.78193029200677       -3.83963913342728        2.19020815609679
N           -3.53054282247564        2.12594258093395        0.00500521617996
C            3.34316239009936        3.31038973721507        1.66636585780154
C            4.07336441225913        1.45201969528167        2.96681219170711
C           -3.67940241017519        3.55333116641424       -0.07244932628910
C           -4.57273890308835        1.39985982725057       -0.39435713929797
C            0.45553600055883       -4.54239655225961        1.64620265810072
C           -1.40471443575554       -4.45763966210640        0.96313289820218
N            4.55752607177185        3.70227525199911        1.56244123858513
N            5.27444228767884        1.84138214433919        2.85012798548204
N           -4.91320158750407        4.07986918132525        0.20180392999844
N           -5.53342842429902        0.88134529925044       -0.74754406963033
N            1.58788970097726       -3.96979112894701        1.74562950810385
N           -2.30609559417338       -3.85116579409621        0.29943978855327
C            5.59391773346716        2.90788408502225        2.05007960672632
C           -5.99852449030034        3.63383058343254        0.51231478634422
C           -0.29343335062801       -5.38661417250050        0.74120068478039
N            6.81448262824904        3.17656586519537        1.84297969749467
N           -7.05729140538827        3.44787403255914        1.04176589198003
N           -0.03621864981088       -6.43998813762280        0.09794577861327
C            2.33058797459172        4.13002824492509        1.16417637082730
C           -2.67882177595642        4.32007500808696       -0.45850691549667
C            1.77419999374772       -2.76896224523978        2.20629034465915
C           -2.67960187156481       -2.62071026657084        0.55587641533023
C            1.29498120227221        4.58554277136954        0.51450813888857
C           -1.38413671764103        4.82182488243781       -0.91297966471045
N            2.33696169952325        5.53199516691717        0.59310570399835
N           -2.35282681617150        5.66192077555118       -0.65813840286298
H            6.92811795359350        4.00079928928467        1.26453539861131
H           -7.92552250721875        3.17928943377165        0.61613266364877
H           -0.79806459534163       -6.80935608441998       -0.45939195819670
H            2.87523769821059        5.66236815716447       -0.26064273911541
H           -2.70307197288332        6.59769151693478       -0.60244687160454
H            0.31019445557940        4.48064010417911        0.10266251636338
C            3.75555317187456        0.46078606584226        4.01491540564067
C            2.39632107610317       -0.31964693114326        3.68672374446959
N            1.50785009385928       -0.23356424685994        4.83494095954039
C            1.36261676084240        0.99812546087757        5.54688586292700
O            0.26740890861111        1.39021953979802        5.87345811999178
N            2.52263376377427        1.60812812376044        5.85003590673742
C            3.64092174853450        1.34253528190699        5.29031167059424
N            4.80832905583567        1.80115409059588        5.70884048694448
C            0.41153757190704       -1.16987702937089        4.87642510458596
C           -0.07832175137926       -1.51103274571914        6.30441036072114
C           -1.48098036354861       -0.91255004594393        6.42749469163294
C           -1.90434240824201       -0.72260442449931        4.95527055533416
O           -0.69526939616838       -0.68481060663111        4.18041797998558
C           -2.71899058258468        0.55070575853827        4.67212254840490
O           -2.52810901560038        1.58275258115277        5.56956945304095
O           -2.31992067452812       -1.76452519064303        7.13628990814943
F           -0.08782976726499       -2.84608095244314        6.44797907275501
F            0.77117738313568       -1.06185437743146        7.24541221991627
H            4.54591568826496       -0.23312383494543        4.18402740643871
H            2.63517185340787       -1.43090749477868        3.50744526092353
H            5.58815323648933        1.78219777327419        5.06325345158590
H            4.81334167535025        2.45613515477752        6.43565754526003
H            0.77460934206151       -2.10202346305197        4.43228261178704
H           -1.37441602038016        0.06076427708683        6.90934736553900
H           -2.46603113399025       -1.60677830453285        4.64111613379090
H           -2.47147796315476        0.86232848042034        3.65023819626440
H           -3.78367780941881        0.31024558770191        4.70824154719226
H           -1.58422488286619        1.80432289138107        5.62892414341874
H           -3.11534290029549       -1.29082667874130        7.39710946517512
77
 energy: -168.400331127118 gnorm: 0.072871309371 xtb: 6.7.1pre (5071a88)
N           -0.39872540513055        0.08937627508510        1.51985976026844
C           -0.36000723955277        1.51570866537023        1.38676833257981
C            0.68883266002808       -0.57985365578588        1.94494552231229
C           -1.56043068268173       -0.52798230188612        1.03768096537134
N            0.78019537589998        2.11575125071057        1.71829370351561
N           -1.36746082428451        2.17639821150362        0.89031809583582
N            1.82338931371166        0.06104059563617        2.38075870385805
N            0.61822859521948       -1.93245111810304        1.97829641547346
N           -2.53752686673149        0.14409821830570        0.53432444630520
N           -1.62293713362294       -1.88836150642227        1.14041374729485
C            1.80826962303082        1.42628392202788        2.12099208912961
C           -0.62373675614676       -2.52167339606661        1.84059421190773
C           -2.43819829958368        1.48275108797880        0.49733856158235
N            3.00679449036533        2.05807189881826        2.28158768714276
N           -0.78895416881290       -3.83732730438902        2.19568206000831
N           -3.53705504463563        2.12390939349936       -0.00596546343540
C            3.34649144969227        3.30922121723644        1.65360469575305
C            4.07589830554745        1.47516261581818        2.98155358142011
C           -3.69095005191347        3.55207569471760       -0.08588927752989
C           -4.57984696022147        1.39900036654373       -0.41002979116632
C            0.44961589687098       -4.53155368419833        1.64780485354882
C           -1.40844870966338       -4.45252938255334        0.96517278895307
N            4.56191881224156        3.70785311622374        1.55212360757772
N            5.28582593086180        1.86249052747931        2.85779152887150
N           -4.92581322740487        4.07765408519149        0.19331670017967
N           -5.54327126037554        0.88273569745067       -0.75608644101523
N            1.58204168938366       -3.95810461568477        1.74884016039329
N           -2.30994959724772       -3.84342905205014        0.30300185922480
C            5.60117986297252        2.92271671034850        2.04591201133580
C           -6.00782920079138        3.62603398008837        0.51054510897960
C           -0.29448755101243       -5.37557363907134        0.73815901215828
N            6.82570046356894        3.16835647767607        1.84330184044870
N           -7.07309270080158        3.45348886321872        1.03484680652107
N           -0.02978784962977       -6.42665090417403        0.09298063227911
C            2.33903830810174        4.13469101838876        1.15328981202150
C           -2.69034146731985        4.31969738519557       -0.46727099367315
C            1.76925524942359       -2.75722265751623        2.21826538355407
C           -2.68677091121087       -2.61673950023554        0.56425494728032
C            1.30224145371722        4.58924560357336        0.50599502923822
C           -1.39366466741640        4.82344655656015       -0.91377961211676
N            2.34748720632777        5.53278281523602        0.57388291684867
N           -2.36422466241900        5.66189341367411       -0.66195609643718
H            6.95570327071897        3.98305336864490        1.25869884884085
H           -7.93966635123047        3.16915345793645        0.61745618920278
H           -0.78803749092006       -6.79828185361611       -0.47097343974156
H            2.88636307472720        5.65308303452519       -0.28141314381351
H           -2.71467070473784        6.59756870350499       -0.60030628275075
H            0.31692775916178        4.48789537903714        0.10046904500783
C            3.72561912020193        0.44851423292700        4.01824388675494
C            2.41216976375371       -0.36206745385730        3.76227761742160
N            1.49531124787562       -0.23545756378948        4.83603537685075
C            1.35402536887288        0.99758720922774        5.53914748365590
O            0.26651005365739        1.38155228360447        5.87992666266164
N            2.51720056135887        1.60749847564455        5.84746736851986
C            3.63301662137461        1.33436857600197        5.28868315576778
N            4.79736561110210        1.80471472489752        5.70954382694573
C            0.40908973285338       -1.18169821855544        4.87707776173901
C           -0.07415067498840       -1.52682301324305        6.30612382556186
C           -1.47455666103579       -0.92154631837716        6.42063056509447
C           -1.89061770595091       -0.72598104662164        4.94714470322462
O           -0.68703812639084       -0.68731060479708        4.17055018633916
C           -2.69389137552114        0.55436733760010        4.67014743030239
O           -2.50852288560707        1.58755089351819        5.57447467631448
O           -2.31887114850891       -1.77471381218749        7.12495802627921
F           -0.08716877534358       -2.86673309196416        6.45053331574802
F            0.77452752616961       -1.07290265302259        7.25483605732949
H            4.57461145773723       -0.28811593488244        4.24591633919548
H            2.60965913012589       -1.41394197006788        3.49439610439588
H            5.58357845386090        1.78584546260087        5.06205194614083
H            4.79259715280253        2.47329898423831        6.45024982632667
H            0.78435917160321       -2.11728008253450        4.43464248428728
H           -1.36380891001628        0.05383566159577        6.90430357166350
H           -2.45239570524789       -1.61041049319646        4.62724380669435
H           -2.43677133543529        0.86691636794936        3.64799945601938
H           -3.75834419006763        0.31453236894845        4.69887596818472
H           -1.56407603747000        1.80370171792174        5.63832094384898
H           -3.11493844724820       -1.29425907514922        7.38544050756115
77
 energy: -168.402600172480 gnorm: 0.072990566001 xtb: 6.7.1pre (5071a88)
N           -0.38864005786561        0.08611092719910        1.52266394696265
C           -0.35457521569581        1.51518211408403        1.40231227783343
C            0.69610915075831       -0.58328103399576        1.94350900773889
C           -1.54775932875260       -0.53187305018885        1.03682784037677
N            0.78425643078316        2.12018435348553        1.73020324664206
N           -1.36394003958095        2.17470341280416        0.91155327457002
N            1.82634699427726        0.06860099580130        2.37714765804181
N            0.63032725548192       -1.94017072788206        1.97245683069313
N           -2.52557070212492        0.14197138020380        0.53909819135605
N           -1.60723347457772       -1.89352214034515        1.13243557783806
C            1.81281283362421        1.43340085204511        2.12275072796417
C           -0.61262344591939       -2.52795394607182        1.83517810026274
C           -2.43004318403938        1.48098879870613        0.51159767090784
N            3.01640763661992        2.05172755984091        2.27738758855450
N           -0.78090242007396       -3.84184998870075        2.19217999639594
N           -3.52831882237053        2.12319242900457        0.00955525078561
C            3.34613497558640        3.31112483277970        1.66534225568081
C            4.09476408433868        1.44435882586528        2.95174436791814
C           -3.67856562846842        3.55080455613952       -0.07200026094008
C           -4.57193117190598        1.39868502964912       -0.39160410736871
C            0.45601311885814       -4.54283757701902        1.64621695029231
C           -1.40226134413218       -4.46109076236688        0.96530325685308
N            4.55909262255998        3.71215421823236        1.55771176406187
N            5.30045247819500        1.83817130159210        2.83025783040026
N           -4.91225776131563        4.07893187645048        0.20650116906654
N           -5.53191462712342        0.88115934497212       -0.74053229558398
N            1.59054311197267       -3.97045457029617        1.74376816568920
N           -2.29920459005226       -3.84926269017020        0.29854768224341
C            5.60503062373521        2.92804115448693        2.03533479498932
C           -5.99510486465033        3.62857554151966        0.52055142495982
C           -0.29251201881521       -5.38938278596819        0.74290116113603
N            6.82641126783813        3.19098517139280        1.82226888286304
N           -7.06363904054171        3.45783560707781        1.03993422086137
N           -0.03455402124088       -6.44467966302396        0.10277989317732
C            2.33267283716734        4.13277076495120        1.16871188326707
C           -2.67782844977036        4.31674838825196       -0.45763470790901
C            1.78102147031769       -2.76531349370544        2.20264719073981
C           -2.67334092190185       -2.62182235699774        0.55894788258226
C            1.29352495538647        4.58330984778838        0.51867541583594
C           -1.38229746344632        4.81839064006399       -0.91196095099740
N            2.33189014018765        5.53670540190965        0.59850120810172
N           -2.35145702072248        5.65871773723131       -0.65910608931518
H            6.94217538508905        4.02602362111952        1.24899093891589
H           -7.92856844394571        3.17800018814006        0.61778944598630
H           -0.79783597981697       -6.81658560185119       -0.45331644588177
H            2.87247232537164        5.67101697811659       -0.25670141169477
H           -2.70178122973394        6.59496109686186       -0.60245943962410
H            0.30974793011491        4.47655375565517        0.10782473426163
C            3.71163274582400        0.44889435598387        3.99909085307245
C            2.40930882608459       -0.37718965500995        3.77121020563053
N            1.49161191762951       -0.23992155450028        4.83617700127094
C            1.34917064983063        1.00026302032834        5.52624348000495
O            0.25962169907827        1.39575437257665        5.85984937242288
N            2.51775214025978        1.60318928913784        5.84773641104831
C            3.62835612043009        1.32481195142374        5.28185501498970
N            4.79859347264267        1.78778386881456        5.69257517566783
C            0.39946294910427       -1.17561379169625        4.87582049390907
C           -0.07670827711913       -1.50494080293733        6.31273657731971
C           -1.48081071814662       -0.90510339410185        6.42808389906051
C           -1.90513552065465       -0.72624270312275        4.95273509822072
O           -0.70543241948334       -0.68835509669031        4.16968037973557
C           -2.71891150144901        0.54940459060433        4.66971797985905
O           -2.52570836140722        1.59357409370942        5.56449799104750
O           -2.31650693628749       -1.76022440115138        7.14350330455474
F           -0.08254995486913       -2.84712795804241        6.47204153737991
F            0.77647427656896       -1.03644158339788        7.25475111097749
H            4.51893908554081       -0.21119151080525        4.11426447014600
H            2.61035906125633       -1.43268299050819        3.50846674291688
H            5.57943830191382        1.76629969737913        5.03948356597908
H            4.80989867345746        2.44254148301704        6.44402264006851
H            0.77084602247787       -2.11627816784178        4.43825254097213
H           -1.37284742507268        0.07679616857357        6.90502331752022
H           -2.46780391445328       -1.61722689817355        4.64391967455963
H           -2.47263640995953        0.85418276301935        3.64068335537062
H           -3.78258411649381        0.30635559443446        4.71039602698489
H           -1.58070106713696        1.81111166691179        5.61882033761416
H           -3.11667367865538       -1.28243272289029        7.39826144558282
77
 energy: -168.406029056304 gnorm: 0.063772356900 xtb: 6.7.1pre (5071a88)
N           -0.38381488331207        0.08955951423365        1.51713537781265
C           -0.36049151491169        1.52007474920575        1.39839981085944
C            0.68652411647203       -0.57890083587704        1.94670802177059
C           -1.54572967957860       -0.52856794638900        1.03051260823284
N            0.78431602251675        2.12799326324581        1.71666326659090
N           -1.36864174435878        2.17681538123758        0.91366674876294
N            1.81420778919669        0.08363125375209        2.42052931730487
N            0.63293938095617       -1.93797132437694        1.97062699626573
N           -2.52260758852416        0.14379563903513        0.53701092626312
N           -1.59891020757940       -1.89306171849781        1.12276849815755
C            1.80465905349218        1.45327130753468        2.12182495313550
C           -0.60980247047070       -2.52524778129266        1.82843359418440
C           -2.43308707472242        1.48301506025977        0.51119823343311
N            3.01196618751426        2.06117014710205        2.26355108447638
N           -0.77409072225410       -3.83515948469311        2.18622134663995
N           -3.53154702906168        2.12559041964646        0.00970071765314
C            3.34612767649402        3.31840656758969        1.65838880934879
C            4.07920181446987        1.45265029160602        2.94426120750178
C           -3.67754261918743        3.55173032650400       -0.07005900861779
C           -4.57566202349742        1.40123503631704       -0.38715957586008
C            0.46526212878062       -4.54122818586264        1.64355785057479
C           -1.39546512146903       -4.46170977029798        0.96462588801459
N            4.56190050433432        3.70464589699086        1.55258604359949
N            5.28132869245239        1.84085989206147        2.83285861739791
N           -4.90942733041308        4.08127339961178        0.20984523959911
N           -5.53258668308111        0.88142998508662       -0.74271423943410
N            1.59821002126267       -3.96510534844709        1.73624417800981
N           -2.28869636773324       -3.84944395815659        0.29245575845918
C            5.59952795800713        2.91607453150080        2.03256479876057
C           -5.99360889960439        3.63522868600131        0.52126693537579
C           -0.28521340637891       -5.39129263576541        0.74674449317033
N            6.81770873736861        3.18238203935279        1.82321810646760
N           -7.05661854295637        3.45333934608735        1.04691515268683
N           -0.02909755908747       -6.44787893036769        0.10751872768122
C            2.33600982736084        4.14091210457862        1.15962017806659
C           -2.67614866181889        4.31700054888469       -0.45729759810461
C            1.78731342250169       -2.75683563622148        2.18358881371803
C           -2.66519282250728       -2.62293373079256        0.55453910340052
C            1.29319323678161        4.59425890139156        0.51641958968832
C           -1.38043942167978        4.81698528144405       -0.91443527837550
N            2.33041991171255        5.54539719592811        0.59228372552435
N           -2.34772078164135        5.65887709169341       -0.65720646441596
H            6.93286736190368        4.01185502879328        1.25145638437146
H           -7.92205648867643        3.18232638969619        0.62037504107930
H           -0.79518779669982       -6.82359470860911       -0.43992650763749
H            2.86368345616892        5.68538387487192       -0.26565605948426
H           -2.69669617130540        6.59521150662611       -0.60234258914773
H            0.30839255701743        4.48430837492377        0.10572047869271
C            3.73011473000406        0.44814043868573        3.98896904300562
C            2.40370015491713       -0.35937545587334        3.72413135352417
N            1.50439148725612       -0.24966871743522        4.83712821808635
C            1.35314575130173        0.99784578181545        5.51143783782607
O            0.25907212422551        1.40286560833933        5.83404213705378
N            2.51696939254674        1.61034910615817        5.82217624186815
C            3.63110373094304        1.32641117715687        5.26627775620253
N            4.80040849866450        1.78170920441484        5.68705696349034
C            0.40391347834013       -1.17671890555780        4.88045168463300
C           -0.07892904097574       -1.50211806730249        6.31503160698887
C           -1.48443108347924       -0.90532813091158        6.43567692179163
C           -1.91107845196539       -0.72808230051429        4.96326418180108
O           -0.70974790701039       -0.69445472314666        4.18019693074413
C           -2.73003325169872        0.54490590352028        4.67920051774784
O           -2.53073785263628        1.58556270984795        5.57169206781368
O           -2.31976398767074       -1.75803922315894        7.15151732039693
F           -0.08610012768315       -2.83955794089795        6.47374031574665
F            0.77334380397313       -1.04057604365330        7.25224650213566
H            4.53315688904955       -0.25309363358203        4.16293613430371
H            2.64363398119225       -1.47115761553173        3.55734471145066
H            5.58520675211625        1.75625301146931        5.05112298250660
H            4.81679696328653        2.42281882489565        6.42602258083384
H            0.76253196167169       -2.11752304325393        4.44158089287321
H           -1.37721385912531        0.07203033616329        6.91556754095205
H           -2.47773863727831       -1.61522472726527        4.65614247359729
H           -2.49202628074674        0.85105422193842        3.65067290786376
H           -3.79426173878728        0.30323875226827        4.72698084100806
H           -1.58575379540075        1.80508757098858        5.62144606884613
H           -3.11934792869238       -1.28511315684178        7.40342996463171
77
 energy: -168.407916006565 gnorm: 0.045218054719 xtb: 6.7.1pre (5071a88)
N           -0.39305635711951        0.08573121995589        1.52352792824279
C           -0.36516585676876        1.51325201489319        1.40067829216593
C            0.67530805032569       -0.58619466982573        1.96249861528533
C           -1.55351678963851       -0.53120553461198        1.03519765029489
N            0.78200956863517        2.11837767730732        1.70973483783784
N           -1.37388130194623        2.17176273826014        0.91510359705200
N            1.79862477782246        0.07299604264746        2.43482657344014
N            0.62535319430752       -1.94445889404018        1.98032330184695
N           -2.53104434667397        0.14183162220257        0.53984167889237
N           -1.60322969569681       -1.89486555967940        1.12546438598352
C            1.79871769557467        1.44265236354663        2.13059320949795
C           -0.61899695622444       -2.52862053867659        1.83486479804303
C           -2.43965799189619        1.48006443117434        0.51264296007786
N            3.00685971659418        2.05105014736500        2.25923257062124
N           -0.78147006174779       -3.83927276374196        2.18679939593130
N           -3.53719503069103        2.12478790053187        0.01117470978447
C            3.34423101842326        3.30940391038876        1.65981718200853
C            4.06526579181814        1.45236662271239        2.94777247153056
C           -3.67980340358402        3.55051158313581       -0.07045154574885
C           -4.58357041667247        1.40346652475888       -0.38581623861511
C            0.46077989940231       -4.54194124635968        1.64358291881856
C           -1.39873914188161       -4.46555976509714        0.96379406464932
N            4.56322510022064        3.69459084216577        1.56452519267380
N            5.26793090129246        1.83701133404449        2.84824405527129
N           -4.91098989811906        4.08350190081342        0.20967788458464
N           -5.54017955469137        0.88440471981359       -0.74331858273903
N            1.59398244589177       -3.96538888027199        1.73764507621621
N           -2.28859292125529       -3.84918637339782        0.28896825209092
C            5.59643542559617        2.90881402951444        2.04848733414377
C           -5.99751241101519        3.63912912803724        0.51821036269072
C           -0.28645628765770       -5.39181703466598        0.74529197847254
N            6.81680653375390        3.17066904476715        1.85303969042826
N           -7.05947311825651        3.45705239459967        1.04448870605917
N           -0.02539404040541       -6.44619620631647        0.10415730436759
C            2.34060212472189        4.13948821629050        1.16319257676131
C           -2.67640367199484        4.31400167556028       -0.45534196695612
C            1.78281921261975       -2.75476534063945        2.18087056902256
C           -2.67053539879237       -2.62717267947429        0.55811659809122
C            1.29716455450516        4.59695269918221        0.52325743098818
C           -1.37951167679562        4.81289625580555       -0.91093298403698
N            2.33556265262609        5.54629358332009        0.60022342303438
N           -2.34611428993265        5.65565514034965       -0.65378890967689
H            6.94305175372752        3.99500097887835        1.28425868947637
H           -7.92558613469368        3.18302454575703        0.62335767062915
H           -0.79071529332559       -6.82555043241748       -0.44190632442125
H            2.86675839417269        5.68960220447588       -0.25866146623768
H           -2.69422475764506        6.59213668449142       -0.59766024852061
H            0.31288501782237        4.48807319296735        0.11112473506949
C            3.73761260984790        0.44878763255445        3.99825858764332
C            2.41678336488861       -0.34185991489824        3.71893559030166
N            1.51047058222675       -0.24231483213457        4.83605802457789
C            1.35687932599815        1.00183928956643        5.50566662968903
O            0.26369157393928        1.40882901128121        5.81971591581845
N            2.51763002543152        1.62102165502523        5.81513394920953
C            3.63462916561031        1.33083069449979        5.26362329866235
N            4.80036150276051        1.78927473534610        5.68757644651136
C            0.41334526934962       -1.17590545783785        4.88150047330652
C           -0.07264261536115       -1.49577539045690        6.31567373971941
C           -1.48136989083620       -0.90119211783630        6.42706108164043
C           -1.90229783936787       -0.73169602334713        4.95315449561129
O           -0.70005439088625       -0.69726497295939        4.17498277387911
C           -2.72364385355210        0.53935948275414        4.66061748550197
O           -2.52574814867999        1.58483994128320        5.54978177853150
O           -2.31783782836778       -1.75296057197155        7.14269265888381
F           -0.07668313114828       -2.83363057934763        6.48445091331173
F            0.77513429817829       -1.02562507854021        7.25428965817282
H            4.55503814933215       -0.24929196807137        4.16575951769507
H            2.63027531968226       -1.40484288049246        3.48669323986962
H            5.59130558696152        1.76285811570035        5.05732111868595
H            4.82177174263952        2.41935719518603        6.45272979665232
H            0.77164803528341       -2.11949930820334        4.44597853821856
H           -1.37907452443704        0.07874410587443        6.90524875919993
H           -2.46700544625193       -1.62121152854315        4.64679880368070
H           -2.48615419651421        0.84103364749417        3.63005331716068
H           -3.78745656043427        0.29658961064982        4.70916899917817
H           -1.58050021849011        1.80497453595398        5.59725633763957
H           -3.11946293194462       -1.27962847914419        7.38978166730255
77
 energy: -168.409701711728 gnorm: 0.035390724445 xtb: 6.7.1pre (5071a88)
N           -0.38431866482934        0.08782409279614        1.52475957454705
C           -0.35980351759869        1.51592528739612        1.40914443776231
C            0.68692108968038       -0.58288324570868        1.96578234394907
C           -1.53876621503683       -0.53151487804374        1.02892092499315
N            0.78448477953855        2.12695091630752        1.70736896773746
N           -1.37394307971908        2.17232297190807        0.92754035894901
N            1.80145629926598        0.08568806770928        2.42327644787766
N            0.64461013586471       -1.94348549838577        1.97799252399245
N           -2.52128772202192        0.14037748226857        0.53734042643387
N           -1.58005584276469       -1.89507906898783        1.11184383215928
C            1.80529652824022        1.45409086807619        2.12762145882836
C           -0.60271592401379       -2.52705658987719        1.82777175111107
C           -2.43522206620236        1.47888628586924        0.52042089371779
N            3.01526911799331        2.05675841925060        2.24124140270217
N           -0.76471870103920       -3.83601003662592        2.18085365542857
N           -3.53352591773048        2.12465459947429        0.02208013759258
C            3.34786865868742        3.31996611489832        1.64723496269972
C            4.07829913153157        1.44749266683552        2.91766479357796
C           -3.67119037375599        3.55068363640198       -0.06087305688682
C           -4.58195242223027        1.40537387246383       -0.37312166800622
C            0.47789329701387       -4.54529861376824        1.64058773423942
C           -1.38387125285283       -4.47310624698853        0.96648980856849
N            4.56722181884502        3.70996979528050        1.55088827286636
N            5.28795038303544        1.82810487082256        2.81189841350646
N           -4.89970895367436        4.08821839488815        0.22482057412654
N           -5.53856741370965        0.88519223852835       -0.72823647585988
N            1.61075891252475       -3.96631970993362        1.72379459418898
N           -2.26606037370604       -3.85407435650949        0.28231681981172
C            5.60533117474830        2.92115152126835        2.01812601255965
C           -5.98717219282049        3.64414116267129        0.53239501792355
C           -0.27421721121295       -5.40351893110287        0.75460473455788
N            6.82621545504225        3.18590725986046        1.81522432468987
N           -7.05038488860991        3.46328941767684        1.05560948201333
N           -0.01832964104257       -6.46423988983877        0.12253051701392
C            2.34119694315760        4.15232125988712        1.16069895514037
C           -2.66706780909653        4.31117411922367       -0.44948704066418
C            1.80307467303913       -2.74892473347138        2.15489592485252
C           -2.65127348733248       -2.63435887360586        0.55077545284535
C            1.29057505551491        4.60515013486347        0.52951191057424
C           -1.37065999895329        4.80642849959646       -0.91163088925097
N            2.32139841235207        5.56380794454906        0.60672291456249
N           -2.33419685139492        5.65189713550063       -0.65194811250605
H            6.94805261332321        4.02555962798206        1.25554470294142
H           -7.91667823331404        3.19181086993489        0.63410156352595
H           -0.79005710656418       -6.85084480644258       -0.41041492980556
H            2.84783944580431        5.71775273616588       -0.25487054093312
H           -2.68038102570144        6.58953805703776       -0.59821743578793
H            0.30758837492820        4.48887520546633        0.11799688868795
C            3.70288746603098        0.43962305467201        3.96525084734421
C            2.40065242829931       -0.35793897767821        3.72749215948862
N            1.48923304957173       -0.24477274792634        4.83355055274907
C            1.34239555433078        1.00476683972813        5.48395334951927
O            0.25736242580546        1.41983046889267        5.80428072706017
N            2.50970910207533        1.62017735590789        5.79061258529032
C            3.61899508267583        1.31790372348065        5.22961030231418
N            4.79470619253312        1.76181033781316        5.65854916251400
C            0.39209735915015       -1.17596404124647        4.88780656797899
C           -0.07838977440065       -1.48452120934921        6.33019275356059
C           -1.48757652229560       -0.89100186840817        6.44378318654051
C           -1.91898728981735       -0.73414108060664        4.97070321330873
O           -0.72529342189728       -0.69786663365779        4.18241189309690
C           -2.74954191626693        0.53218617318449        4.68072128078905
O           -2.53997210275045        1.58748628359303        5.56129583269604
O           -2.31524665731804       -1.74364887888844        7.17290903079586
F           -0.07756754766816       -2.82518009761971        6.51313518857636
F            0.77703729213083       -0.99866474122036        7.26069750018419
H            4.53152162464884       -0.26854635156524        4.13581506268768
H            2.60746555642688       -1.42118023886199        3.50269406755335
H            5.58577434272408        1.73292516944492        5.02063330445866
H            4.83854850130424        2.36687865732031        6.47850969443508
H            0.74750852445350       -2.12398014537234        4.45411152558024
H           -1.38482891276369        0.09579364336878        6.91495347449086
H           -2.48429429022819       -1.63001935303958        4.67499483400385
H           -2.53017471409411        0.82735849894310        3.64233375050461
H           -3.81151505660702        0.28372909933549        4.74799224313633
H           -1.59362035110952        1.80733033314185        5.59184370832437
H           -3.12205935755611       -1.27094532707129        7.41226283884535
77
 energy: -168.411529151282 gnorm: 0.018680771865 xtb: 6.7.1pre (5071a88)
N           -0.39063978876532        0.09082920931289        1.52933329449274
C           -0.36536976395837        1.51872275915514        1.40883038574197
C            0.67729197177728       -0.57945140878688        1.97266867741792
C           -1.54281705167024       -0.52968170754780        1.03206338867106
N            0.78026813330129        2.13278397582861        1.70107604457676
N           -1.37996691221807        2.17259484533718        0.92646276179764
N            1.79558569769254        0.09390997213150        2.43548509973450
N            0.64055462659346       -1.94132312913339        1.98143486764134
N           -2.52516867339468        0.14035384938346        0.53959560172803
N           -1.58049872058763       -1.89450689851972        1.11272875391929
C            1.79810066177834        1.46516278384444        2.12931570006606
C           -0.60529053538668       -2.52570395210663        1.83090702964444
C           -2.44007179400807        1.47872146509413        0.52094848555590
N            3.01008503107049        2.06096152534774        2.23836722861722
N           -0.76248582115878       -3.83473916847844        2.18111250039267
N           -3.53966081861661        2.12476496144094        0.02533653402956
C            3.34897325572577        3.32462992203762        1.65213406510559
C            4.06714566269933        1.44086037725764        2.91075816935204
C           -3.67341186836095        3.54995550239476       -0.05981925503941
C           -4.59344063626465        1.40781973730064       -0.35807479431647
C            0.48320751766363       -4.54087138494147        1.64164336315338
C           -1.37827307344997       -4.47428899585799        0.96705035257763
N            4.57164737335560        3.70507391402754        1.55905787632346
N            5.27533829202265        1.81884950143733        2.81891422255175
N           -4.90002161592247        4.09071107451622        0.22694860373342
N           -5.53911004451121        0.88994387147312       -0.74373336956215
N            1.61496784927744       -3.95835761758545        1.72350768559709
N           -2.25958182612092       -3.85569460696769        0.28083544479683
C            5.60378362834742        2.91304341005607        2.02814894801824
C           -5.98818255378154        3.64846017664575        0.53215184112234
C           -0.26643834173189       -5.40252574421638        0.75729396217016
N            6.82759259809057        3.16804875844298        1.82833312582700
N           -7.04964826257065        3.46583614153279        1.05912890671331
N           -0.00746384891625       -6.46466699997222        0.12862904367944
C            2.34731925297258        4.15994889202094        1.16117475491041
C           -2.66745153276010        4.30811140887177       -0.44902754757904
C            1.80217469236543       -2.73957301719177        2.15137390220903
C           -2.64749652671159       -2.63695774027180        0.54920992448550
C            1.29388910686671        4.61152412298729        0.53120592946815
C           -1.37031672886669        4.80133989307654       -0.91264472917745
N            2.32553795157691        5.57005929805738        0.60426799607645
N           -2.33226479397758        5.64859181240140       -0.65101476466722
H            6.96145507077409        4.00448539228234        1.26731656567216
H           -7.91743944274987        3.19118531005410        0.64430282393529
H           -0.77808621464618       -6.85663626771990       -0.40114132310008
H            2.84770980281129        5.72540228003356       -0.26053989627336
H           -2.67662747205779        6.58654715037789       -0.59506867100309
H            0.30967812520058        4.49446686663776        0.12058369018531
C            3.70448105840981        0.43498897653164        3.96100094320399
C            2.41076569113104       -0.35872064381793        3.72397705361675
N            1.49427413966321       -0.24698377778415        4.82376634917220
C            1.34500011122954        1.00573628220601        5.46860212908809
O            0.25819484961270        1.42752547330257        5.78147721308095
N            2.51158490186932        1.62122539720337        5.77742222377335
C            3.62258830396790        1.30636886962627        5.22570294822125
N            4.79330898169258        1.75734112948800        5.65994303086100
C            0.39584836081015       -1.17685258714786        4.88356864120281
C           -0.07627041286764       -1.47867534471922        6.32695692902905
C           -1.48771205281635       -0.88763344380010        6.44332640845830
C           -1.92101623528900       -0.73845340253558        4.97072272252635
O           -0.72810460285473       -0.70476697221266        4.18053550199055
C           -2.75558547062044        0.52636366784828        4.67895828481626
O           -2.54131787727821        1.58300834408208        5.55714525082107
O           -2.31435917468175       -1.73819967395246        7.17508857856526
F           -0.07367182617752       -2.81821176401726        6.51476392025577
F            0.77982311909583       -0.99175846201310        7.25494207643998
H            4.53984450978445       -0.25945099771247        4.10317497585695
H            2.62546244551620       -1.42800790765543        3.52166370896662
H            5.59130788744566        1.71760410544498        5.03563866425168
H            4.82145443203531        2.37450411596296        6.45987577640338
H            0.74825649959347       -2.12744542967174        4.45427286423888
H           -1.38616308869611        0.09905389261524        6.91455012303676
H           -2.48780758287671       -1.63473382315297        4.67952906981633
H           -2.54272703921959        0.81948733474967        3.63882564055285
H           -3.81771853704915        0.27987710144635        4.75266367108231
H           -1.59512341765919        1.80393460749762        5.58068941055149
H           -3.11969761197822       -1.26584858943051        7.41533669052990
77
 energy: -168.412054630494 gnorm: 0.014851195624 xtb: 6.7.1pre (5071a88)
N           -0.39861872254103        0.09508715542045        1.53385275574767
C           -0.37492224437633        1.52221033167798        1.40902072077310
C            0.66498070270954       -0.57414324665181        1.97961124390561
C           -1.54758886617249       -0.52734118503340        1.03304006060771
N            0.77394497425976        2.13929185235049        1.69006193714771
N           -1.39195317611843        2.17280268569369        0.92927522738275
N            1.78615704572417        0.10557855329583        2.45080986433901
N            0.63749560087648       -1.93770859192758        1.98378802900718
N           -2.52996762617751        0.13947578917772        0.53750896369906
N           -1.57910968870593       -1.89402127084311        1.11075938834704
C            1.78847879042369        1.48039265967468        2.13011067019340
C           -0.60694270490032       -2.52328946167153        1.83306327095382
C           -2.44916086565390        1.47799249981714        0.52111869993195
N            3.00369701636434        2.06849881253002        2.23194921874894
N           -0.75724420262977       -3.83223160195616        2.17997021913286
N           -3.54708941425495        2.12464819489862        0.02084731824382
C            3.35381993718768        3.33224600635248        1.65510951713638
C            4.05170828077225        1.43834564954013        2.90396328122301
C           -3.67613286502672        3.54904781243461       -0.06188942018835
C           -4.59000493754261        1.41134557399228       -0.39618048742032
C            0.49238311869531       -4.53570146024786        1.64255655033535
C           -1.36893507402989       -4.47768788989133        0.96804257250449
N            4.58177251868849        3.69985701043029        1.56929281382520
N            5.26070415601575        1.81002160581451        2.83005037444625
N           -4.90047336486173        4.09395024800166        0.22733966511566
N           -5.56899930827562        0.88955602214108       -0.68354019873862
N            1.62238500998193       -3.94796718097874        1.71942145061239
N           -2.24767995984142       -3.85936487860602        0.27731227215743
C            5.60530571693245        2.90225316503299        2.03943012253092
C           -5.98916324142335        3.65280312659047        0.53095109098136
C           -0.25404940471410       -5.40335561180061        0.76238877636911
N            6.83335703914191        3.14169008503963        1.84670553900937
N           -7.04784992314926        3.46879202308464        1.06340523923954
N            0.01008537652942       -6.46809610342997        0.14011315856915
C            2.35957843925538        4.17304601455448        1.16030654629926
C           -2.66609314232498        4.30474489702817       -0.44568460482194
C            1.80306783363069       -2.72579876586384        2.13976947661417
C           -2.64001301055418       -2.64223592739654        0.54488078566221
C            1.30070358836452        4.62224305600940        0.53555807400244
C           -1.36632380293087        4.79602056817363       -0.90498853096156
N            2.33274347408300        5.58124180327104        0.60116270004994
N           -2.32778758797835        5.64507064090933       -0.64564326611234
H            6.98695981535131        3.97464486652722        1.28640179206266
H           -7.92074021301133        3.19757160211487        0.65866954265955
H           -0.75819286227175       -6.86857290958295       -0.38580761978164
H            2.84817939548991        5.73874848996951       -0.26819887744260
H           -2.67087224686665        6.58318158807024       -0.58896709495873
H            0.31551275050057        4.50288515252323        0.12613313244162
C            3.70296089729245        0.42762416003688        3.95291153138063
C            2.41523893355874       -0.35775959625623        3.71765275385852
N            1.49488088586936       -0.24983282375036        4.81451837224773
C            1.34456007090539        1.00883318979120        5.44694726606511
O            0.25667922696034        1.44129357922324        5.74805918131084
N            2.51099129354993        1.62535339269617        5.75544110764551
C            3.62453355461975        1.29195294184937        5.21546885580291
N            4.78945565740406        1.74633555860184        5.66251688688094
C            0.39686409809972       -1.17811350216107        4.88121917763016
C           -0.07248801326795       -1.47056276783330        6.32721299913831
C           -1.48669377548050       -0.88268132587252        6.44354886977888
C           -1.92456884391916       -0.74548395548746        4.97210976792873
O           -0.73440760974123       -0.71492118796431        4.17807118318069
C           -2.76476833530491        0.51626143849100        4.67606187954654
O           -2.54395833966081        1.57826952790406        5.54677499918558
O           -2.31008300473009       -1.72997329377721        7.18197120020932
F           -0.06654943465404       -2.80862914238032        6.52351978160195
F            0.78434177414414       -0.97859534507776        7.25024798109683
H            4.54993506109666       -0.24983414225584        4.05721460139274
H            2.63344759921938       -1.43196503397912        3.53339036114258
H            5.60069415256678        1.68908292550846        5.06010286740505
H            4.79451796523219        2.37879455247033        6.44159399696872
H            0.74698250880764       -2.13123732146388        4.45683537864417
H           -1.38709882820780        0.10566832236244        6.91119599781353
H           -2.49189240042242       -1.64388496361372        4.68896519576544
H           -2.56291900193428        0.80305992931984        3.63214566359771
H           -3.82616361475664        0.26955972113972        4.76185291435348
H           -1.59794718358743        1.80117316166873        5.55876898650802
H           -3.11365541771275       -1.25755945556790        7.42352228171989
77
 energy: -168.412683581824 gnorm: 0.012697915343 xtb: 6.7.1pre (5071a88)
N           -0.40147602504794        0.09725881214583        1.53411001864086
C           -0.37834435411394        1.52325867325690        1.40402283007475
C            0.66076445348147       -0.57090328439245        1.97977164674890
C           -1.55069499929776       -0.52661418634673        1.03500820834147
N            0.77300343080784        2.14069466716995        1.67771947359725
N           -1.39628325142079        2.17202698873478        0.92460791971084
N            1.78151118567193        0.11133203994525        2.45459094316381
N            0.63873661704297       -1.93516008509260        1.98293199398617
N           -2.53609823728491        0.13831349611334        0.54287277311261
N           -1.57749858825528       -1.89429774362037        1.11010313112508
C            1.78573386077464        1.48700020722496        2.12637158344202
C           -0.60555139734143       -2.52185767965151        1.83325930919096
C           -2.45561479159847        1.47671114860099        0.52312128746135
N            3.00262618119787        2.07285023531776        2.22560215750668
N           -0.75170877391906       -3.83065383940830        2.17901961340912
N           -3.55681746481327        2.12401274866178        0.03022996122903
C            3.35998015402211        3.33671122142507        1.65281244945901
C            4.04536404628903        1.44158079336317        2.90198657444620
C           -3.67980317594879        3.54828449756734       -0.05789268829432
C           -4.61483313966892        1.41373318164652       -0.35128956811575
C            0.49942999707937       -4.53388488979291        1.64293942495904
C           -1.36245011186222       -4.48108038171437        0.96989619213112
N            4.59061964735313        3.69891280220835        1.57322488064516
N            5.25673036508160        1.80821525727064        2.83581847024732
N           -4.90152277773084        4.09687831313926        0.23574279088594
N           -5.55973710955529        0.89797496417857       -0.73589261888089
N            1.62818232047303       -3.94297704558766        1.71409241697232
N           -2.23911745262903       -3.86254626634038        0.27602991165963
C            5.60961740189994        2.89796484978920        2.04409862392195
C           -5.98938501329702        3.65502282998861        0.54236376714094
C           -0.24594115347514       -5.40582354826518        0.76683822156670
N            6.83995697726734        3.12740439898131        1.85636986361496
N           -7.05127656568553        3.47931553435158        1.07020143809165
N            0.02148233324418       -6.47229292388468        0.14903140087981
C            2.36950883930931        4.18126248658100        1.15798020514702
C           -2.66814149099154        4.30013172845761       -0.44546111605753
C            1.80609246500563       -2.71791600588493        2.12815921167056
C           -2.63502146250723       -2.64685865262037        0.54374468387030
C            1.30669050455410        4.62893527620322        0.53852717672609
C           -1.36632275098778        4.78807649259963       -0.90283430902659
N            2.33827676742457        5.58875262406023        0.59977812161837
N           -2.32619271842860        5.63970351129014       -0.64597940969653
H            7.00579177114000        3.95837947547592        1.29704662998860
H           -7.92336385942800        3.20254779771176        0.66807409798828
H           -0.74520048331949       -6.87855245603256       -0.37459756642780
H            2.84962427231418        5.74803474041622       -0.27181340403261
H           -2.66607582112498        6.57881979053232       -0.58625869706632
H            0.32090550916467        4.50822124274910        0.13056629784898
C            3.69937513822738        0.42337986435960        3.94706590973642
C            2.40998067518038       -0.35639136542567        3.71220284886581
N            1.49067817454073       -0.25058277703196        4.81277328986824
C            1.34093968395215        1.01305771399209        5.43384452878207
O            0.25348895672844        1.45152606549677        5.72809091770011
N            2.50800047432314        1.62975869103917        5.74088739612733
C            3.62304182267012        1.28545464881335        5.20745252929957
N            4.78580631206833        1.73595562486058        5.66559860176062
C            0.39473903471645       -1.17870537053615        4.88285978257074
C           -0.07044285813744       -1.46518207306619        6.33099942203717
C           -1.48566657712328       -0.87888343616210        6.44513315627686
C           -1.92690827435687       -0.75019940801056        4.97433633217600
O           -0.73910739151507       -0.72104687715355        4.17755137198845
C           -2.77087165793772        0.50847217652808        4.67439200970460
O           -2.54640162793284        1.57675230742968        5.53685505314996
O           -2.30584377433904       -1.72378388010584        7.19004905017978
F           -0.06177665620924       -2.80241052168092        6.53413231808296
F            0.78666321634335       -0.96686154778365        7.24987852043758
H            4.55193423154057       -0.24914073913018        4.03563032840814
H            2.62472687494672       -1.43057939302314        3.52717854354292
H            5.60632574227536        1.66810323238144        5.07670969520439
H            4.77762289981461        2.37761193836222        6.43792887855506
H            0.74511360059308       -2.13273519797378        4.46080196318781
H           -1.38719402997768        0.11227690607774        6.90707691645222
H           -2.49318151857393       -1.65118067040045        4.69721948775901
H           -2.57667039930704        0.78851415356907        3.62722140279679
H           -3.83112952872234        0.25961956075198        4.76912196724971
H           -1.60050290512248        1.80113753419388        5.54105066000575
H           -3.10889376893934       -1.25084299901172        7.43200479485534
77
 energy: -168.412971341025 gnorm: 0.005612129661 xtb: 6.7.1pre (5071a88)
N           -0.40122786185031        0.09799472586529        1.53054597818918
C           -0.37858820355657        1.52359281718300        1.40051895663375
C            0.66260531317210       -0.56907859521008        1.97444163145396
C           -1.55117277877910       -0.52680973180701        1.03285240169280
N            0.77385806565679        2.14023550848775        1.67220531005541
N           -1.39793576490596        2.17219323565939        0.92391945119390
N            1.78116359562865        0.11248271848396        2.44866028584994
N            0.64191756190485       -1.93321181379403        1.97873412253614
N           -2.53847708573305        0.13784815968159        0.54337573590916
N           -1.57585674561564       -1.89464106773976        1.10718853868632
C            1.78736816371695        1.48682895572039        2.12113635339339
C           -0.60282581980929       -2.52070254667044        1.83003271122079
C           -2.45866880034486        1.47630438834126        0.52479167044804
N            3.00475864685021        2.07333298659944        2.22191528347911
N           -0.74782143633851       -3.82908281029164        2.17717714360662
N           -3.56018998983032        2.12416498319644        0.03331362285778
C            3.36421067443263        3.33801232263664        1.64974797164637
C            4.04686294202757        1.44411822065151        2.90145395751011
C           -3.68125508895870        3.54906296206997       -0.05475906831803
C           -4.61817073312770        1.41489008346772       -0.35060660974797
C            0.50319250984712       -4.53389690951873        1.64284153103239
C           -1.35948330821733       -4.48317568334674        0.97070165906013
N            4.59445508005063        3.70096898745494        1.57254745547675
N            5.25950632198918        1.80902897016818        2.83456844281720
N           -4.90299665938380        4.10022744155514        0.23523387730675
N           -5.56667191961054        0.89837589575787       -0.73004561483557
N            1.63126343011380       -3.94176192166130        1.70988608122597
N           -2.23479580616784       -3.86496536282071        0.27477555827988
C            5.61288597324059        2.89936568909819        2.04480552643141
C           -5.99239818596520        3.66003036594961        0.53981517321356
C           -0.24262784442350       -5.40849075524332        0.76962564237560
N            6.84360460112710        3.12545541630118        1.85765396535681
N           -7.04961489481740        3.47891759353069        1.07485717792811
N            0.02590408371841       -6.47594551300474        0.15431898075905
C            2.37413169225603        4.18371175748688        1.15644039694592
C           -2.66822941834592        4.29894536137221       -0.44202051820757
C            1.80914516068942       -2.71513422425386        2.12049221268057
C           -2.63254230680607       -2.64972295606197        0.54149469517204
C            1.31027789014000        4.63078848913108        0.53904062115792
C           -1.36611518853351        4.78472096315818       -0.90025413572697
N            2.34102962998610        5.59153392299976        0.60054301905064
N           -2.32416317410946        5.63793959015375       -0.64282297604550
H            7.01253772626712        3.95502514252660        1.29755158736539
H           -7.92659268176482        3.20928940376517        0.67801506147080
H           -0.74011072449822       -6.88496845894498       -0.36831698007264
H            2.85158583381840        5.75217589944878       -0.27090173877680
H           -2.66249620997823        6.57766070521158       -0.58264188756564
H            0.32396404112651        4.51020415985255        0.13307185810050
C            3.69628441111873        0.42306235238325        3.94508265282623
C            2.40324745562044       -0.35615466540868        3.70781346450165
N            1.48730735694245       -0.24947206758248        4.81392262343997
C            1.33698566783273        1.01728913481109        5.42803338079853
O            0.24988035758614        1.45644992824117        5.72032106517852
N            2.50455508761274        1.63234673886153        5.73594773190899
C            3.62004235396788        1.28483695149514        5.20573261848432
N            4.78316382939500        1.72839862417880        5.66985848548062
C            0.39342822334660       -1.17893795684347        4.88527687854658
C           -0.07073292928684       -1.46172865783320        6.33428435042451
C           -1.48568987391959       -0.87604224070464        6.44789029640681
C           -1.92769048952230       -0.75312372346192        4.97670893338580
O           -0.74060243036992       -0.72401781682360        4.17908416836309
C           -2.77436452427978        0.50246780325834        4.67380787625950
O           -2.54898676723698        1.57626483180347        5.52901639846608
O           -2.30395144776531       -1.71912718675933        7.19756431183043
F           -0.06036592665513       -2.79842636460305        6.54237057306740
F            0.78631179146774       -0.95794865369657        7.25053038193397
H            4.54538974854922       -0.25510798785511        4.03865582927970
H            2.61438895526699       -1.42892408782696        3.51528633369635
H            5.60586891064392        1.65984339535533        5.08433281877029
H            4.77272581032448        2.37176268204143        6.44419225983128
H            0.74483391623061       -2.13346300705012        4.46465421400657
H           -1.38726964581466        0.11791413681571        6.90426570721742
H           -2.49232441906946       -1.65626203566903        4.70291161553053
H           -2.58347287523922        0.77680477538748        3.62454483116664
H           -3.83377596255728        0.25194673854268        4.77287047752985
H           -1.60314040837121        1.80108537981251        5.53054693230126
H           -3.10724448151392       -1.24557849358417        7.43926467047787
77
 energy: -168.413301810658 gnorm: 0.005454191086 xtb: 6.7.1pre (5071a88)
N           -0.40344471216751        0.10092297740420        1.52380927040303
C           -0.38105501920804        1.52561325795450        1.39109878440751
C            0.66283278891327       -0.56308735420861        1.96523223402519
C           -1.55355494762316       -0.52667942645608        1.02786408173261
N            0.77456824147335        2.14183136044744        1.65555858604832
N           -1.40359219483759        2.17260327401366        0.92005785123786
N            1.77734549245701        0.11938352743812        2.44072524753283
N            0.64794537789775       -1.92765065567072        1.97048917883476
N           -2.54487590067821        0.13667182642855        0.54359037885358
N           -1.57144010752260       -1.89540111937041        1.09941110405210
C            1.78829625349908        1.49118440475183        2.10949457009350
C           -0.59724831645220       -2.51721887911671        1.82320017879168
C           -2.46692320327207        1.47502913596801        0.52647663312659
N            3.00773149407699        2.07591615159135        2.21231960696744
N           -0.73733122350343       -3.82440689362490        2.17237443400507
N           -3.56990459739119        2.12406707727928        0.03924740156238
C            3.37483135662093        3.34258989344238        1.64436472273797
C            4.04630581908226        1.44711653021350        2.89782102755334
C           -3.68594761679264        3.54985649825765       -0.04903408485241
C           -4.62813889946223        1.41812194653972       -0.34950992287446
C            0.51477969506901       -4.53243287771532        1.64356723947141
C           -1.34969097072836       -4.48918843049846        0.97280762411728
N            4.60569020562016        3.70304021927366        1.57334558965145
N            5.26106468102685        1.80737727157606        2.83461871786973
N           -4.90517351279573        4.10635586020827        0.24373483882087
N           -5.58631758463331        0.90080684361631       -0.70509914350167
N            1.64063928014032       -3.93561652697346        1.69987735634975
N           -2.22066510041173       -3.87202224876672        0.27012774278994
C            5.62035075221141        2.89702895543243        2.04715004963699
C           -5.99360894819365        3.66675333777279        0.55386013260572
C           -0.23113451272162       -5.41524372949319        0.77826529888794
N            6.85320921932203        3.11347603495582        1.86523077386000
N           -7.05395772947078        3.49727219001003        1.08589707724231
N            0.04132512077268       -6.48607914651861        0.17112955873410
C            2.38744063086150        4.19230639084174        1.15313175277471
C           -2.66966037768534        4.29526595036805       -0.43592468020784
C            1.81599092886909       -2.70455799212924        2.10073658471137
C           -2.62402399481403       -2.65817218599801        0.53359118086666
C            1.32004865566680        4.63707222948960        0.54078197275914
C           -1.36427532267079        4.77653754843365       -0.88893607999480
N            2.34894243293830        5.60041934226578        0.60176141111076
N           -2.32019183293886        5.63311901770513       -0.63591333063113
H            7.03441464365729        3.94083228828405        1.30605453412927
H           -7.93154872040857        3.22265467660496        0.69421712408647
H           -0.72243997590343       -6.90438523892762       -0.34766525224134
H            2.85660574351715        5.76483083777701       -0.27032725868871
H           -2.65467957016739        6.57412150708797       -0.57348780352736
H            0.33270784121540        4.51580425451506        0.13867147589628
C            3.69002459217919        0.42096322110943        3.93884632451075
C            2.39171321479457       -0.35401392007080        3.69675797613660
N            1.48037797781216       -0.24716307418848        4.81176127242517
C            1.32704437742155        1.02801918411806        5.40808067136329
O            0.23943466931622        1.47322550664695        5.68832073889526
N            2.49518708369132        1.64050411829794        5.71776087158911
C            3.61273653197807        1.28066052871975        5.19894980785640
N            4.77534888440642        1.70776756208617        5.68055068379628
C            0.39049452256402       -1.17903219738841        4.88849948628182
C           -0.06922314204679       -1.45039823278089        6.34112088141018
C           -1.48461406168131       -0.86729693868116        6.45309018679293
C           -1.93126838052506       -0.76232925867933        4.98160778206407
O           -0.74668032223846       -0.73349025231674        4.18067707818094
C           -2.78689637500102        0.48426099113784        4.66964853317202
O           -2.55745769385192        1.57268080385116        5.50536963264941
O           -2.29753816956011       -1.70407620462435        7.21643348978112
F           -0.05407529970277       -2.78519222391741        6.56352236350741
F            0.78822829700857       -0.93268840661657        7.24981432641819
H            4.53447043655308       -0.26491438882516        4.03494649531180
H            2.59710496524829       -1.42602000857981        3.49502656910636
H            5.60638802298729        1.63382868855017        5.10822648244988
H            4.75654627343983        2.35211249525374        6.45683498015345
H            0.74357621838424       -2.13565161203884        4.47343609024560
H           -1.38698192328284        0.13345039533348        6.89551587660364
H           -2.49136787681283       -1.67173943124036        4.71845701788618
H           -2.60880855392047        0.74301185044828        3.61388074957243
H           -3.84380693481172        0.22929489559653        4.78417797111158
H           -1.61184841412385        1.79916737525610        5.49735117863968
H           -3.10034868208683       -1.22878337905520        7.45823271165546
77
 energy: -168.413479112927 gnorm: 0.006918340546 xtb: 6.7.1pre (5071a88)
N           -0.40618839247194        0.10343725313341        1.51908880797519
C           -0.38280711648329        1.52757525420069        1.38303266177521
C            0.66158440685325       -0.55805839694675        1.95915517292405
C           -1.55569233970809       -0.52629154863413        1.02390029011985
N            0.77536875316406        2.14416271675942        1.64094985099731
N           -1.40773380714262        2.17311672473658        0.91655185401223
N            1.77353856046264        0.12642538962879        2.43690475832044
N            0.65196748588579       -1.92325413957598        1.96443436988766
N           -2.55026062707074        0.13645220920012        0.54465507162081
N           -1.56751872662278       -1.89597772761182        1.09227226965195
C            1.78835568256222        1.49614023573818        2.10047700330143
C           -0.59318490831097       -2.51422847473492        1.81758185442507
C           -2.47356783092044        1.47450236972085        0.52895511713207
N            3.00948047851730        2.07790216587084        2.20493652205152
N           -0.72863061790873       -3.82013906981188        2.16799319677885
N           -3.57877788301331        2.12511175094297        0.04806591465589
C            3.38314963754607        3.34592394215185        1.64102865347281
C            4.04490456022963        1.44711081405603        2.89403736356685
C           -3.68981599937648        3.55153924392647       -0.04067185711772
C           -4.63965548249204        1.42241652599460       -0.33863901358319
C            0.52497972929380       -4.53098840127405        1.64507517300217
C           -1.34069732148861       -4.49449302107085        0.97426165374226
N            4.61507774709794        3.70281434237639        1.57440961343976
N            5.26049085141261        1.80421590595500        2.83545405617709
N           -4.90789602406395        4.11366173518022        0.24740713434469
N           -5.60017713661206        0.90573080740178       -0.68963766071165
N            1.64884593597886       -3.92987948019840        1.69278124080698
N           -2.20737858745980       -3.87838841185026        0.26489187537947
C            5.62605715317943        2.89273897490321        2.04914261770128
C           -5.99830402195220        3.67726034571823        0.55588499384293
C           -0.22061200371881       -5.42123012360514        0.78663562862725
N            6.86071916787935        3.10195462612664        1.87215765104828
N           -7.05195949559979        3.50293107349153        1.09921356968607
N            0.05522567321289       -6.49565312856301        0.18772339923951
C            2.39823097810424        4.19920506422225        1.15110221679229
C           -2.67037273197950        4.29240551448965       -0.42785292452025
C            1.82098642267576       -2.69518127281201        2.08535591063076
C           -2.61557277002932       -2.66549672665170        0.52454991883021
C            1.32828486500777        4.64209084687142        0.54179646729487
C           -1.36360077166700        4.76880701323095       -0.88173120548188
N            2.35587044967870        5.60756097444186        0.60327995078783
N           -2.31588117574661        5.62907960614113       -0.62780841454225
H            7.05219878224215        3.92810180213504        1.31478668443807
H           -7.93795371682104        3.23896993436527        0.71871762128572
H           -0.70640403513456       -6.92242792825550       -0.32726035287890
H            2.86165100810412        5.77524797069489       -0.26928958966475
H           -2.64648998079694        6.57129446453175       -0.56282511457396
H            0.34058440253737        4.51997035483869        0.14097683292196
C            3.68601342085220        0.41931539447765        3.93374857039828
C            2.38586900410188       -0.35148819192895        3.68833455986238
N            1.47544272036742       -0.24506906259543        4.80630840117862
C            1.31839207115866        1.03736474630784        5.38788701103044
O            0.22963518654854        1.48892592547858        5.65412445855914
N            2.48652894925003        1.64739606616868        5.70107523943666
C            3.60626984778443        1.27655240877782        5.19355159972738
N            4.76764228710332        1.69076647053528        5.68965948188648
C            0.38815432102991       -1.17852920412376        4.88911020416539
C           -0.06679529098246       -1.43872295954170        6.34561111750147
C           -1.48306660417858       -0.85822876177132        6.45596056370030
C           -1.93492932442793       -0.77133325383865        4.98458463499580
O           -0.75267278734101       -0.74207932954976        4.18034996322526
C           -2.80027281722497        0.46592600585865        4.66370002005594
O           -2.56707444891385        1.56779144089693        5.48111469345978
O           -2.29111579058361       -1.68802475471153        7.23231880480421
F           -0.04707729108917       -2.77138279650433        6.58110587072852
F            0.79152911136689       -0.90909879582195        7.24716051800591
H            4.52845577931173       -0.26935168030890        4.02946159005837
H            2.58853927851555       -1.42417688341235        3.48405321456363
H            5.60555715092262        1.61176679548618        5.12884133888991
H            4.74340200530516        2.33180862319510        6.46823796726177
H            0.74242919703004       -2.13732877576261        4.48003089607983
H           -1.38645733870820        0.14826690748276        6.88592943201853
H           -2.48996072652303       -1.68711375491355        4.73219919344154
H           -2.63576297419344        0.71003959614198        3.60186076228843
H           -3.85456821320817        0.20679115439155        4.79409508082885
H           -1.62178574363876        1.79591605719053        5.46380062771077
H           -3.09273820607583       -1.21087148930289        7.47456937590847
77
 energy: -168.413670098782 gnorm: 0.006027847697 xtb: 6.7.1pre (5071a88)
N           -0.40834285828385        0.10543937790380        1.51321574769822
C           -0.38264581518052        1.52924775662319        1.37343577121971
C            0.66113526391115       -0.55364327952106        1.95230164576661
C           -1.55673334705803       -0.52602308245209        1.01827901727100
N            0.77760892402846        2.14632782306744        1.62581626612122
N           -1.40931507431334        2.17372207275405        0.91103522297688
N            1.77069529215107        0.13322730111902        2.43227969416056
N            0.65591970019885       -1.91942976295197        1.95799937714906
N           -2.55429234947759        0.13696179542958        0.54465815357861
N           -1.56281865957993       -1.89663994291710        1.08310000888450
C            1.78947952165243        1.50011935795135        2.09093724813762
C           -0.58896844736788       -2.51123713843191        1.81069709058003
C           -2.47813202595679        1.47439759793429        0.53021145825082
N            3.01169846510965        2.07885404746123        2.19880822561080
N           -0.72035033422726       -3.81534525500823        2.16279634794429
N           -3.58658400268154        2.12673753597227        0.05826544124193
C            3.39076706897967        3.34781596318464        1.63829201684632
C            4.04490355391684        1.44541545102679        2.89082112107279
C           -3.69361385740707        3.55348265952120       -0.03122523667109
C           -4.65160207544077        1.42696708991967       -0.32165234818977
C            0.53491023001303       -4.53033096815113        1.64814408879669
C           -1.33145703787961       -4.50012716676413        0.97513551527093
N            4.62348629239626        3.70157536113190        1.57455836231302
N            5.26044025529005        1.80069494070066        2.83563662328146
N           -4.90926155179419        4.11996732343056        0.25888271243379
N           -5.61393986632042        0.91122001489294       -0.66822251408371
N            1.65682764040690       -3.92522631175368        1.68789021904592
N           -2.19266435402508       -3.88537794470425        0.25746785132587
C            5.63141362085953        2.88816664217571        2.05049847467579
C           -5.99887541126674        3.68550357434281        0.57329105765213
C           -0.21024602893417       -5.42837009867478        0.79683538531673
N            6.86718593101461        3.09268478315112        1.87747409749708
N           -7.05548594364571        3.52349350610997        1.11437073462223
N            0.06848688654166       -6.50742898410060        0.20799917449459
C            2.40766062535896        4.20420592208251        1.14980737399977
C           -2.67192717515539        4.29057713292612       -0.41988748612723
C            1.82551921199897       -2.68707052888284        2.07201893326195
C           -2.60536756134738       -2.67286397148429        0.51117291408171
C            1.33659557680285        4.64545354403161        0.54130285281471
C           -1.36269771393723        4.76290536909349       -0.87078618413616
N            2.36285282399957        5.61315977445938        0.60595899817775
N           -2.31279909150935        5.62623494052507       -0.61904140051015
H            7.06603543233402        3.91796607236634        1.32192068136342
H           -7.94118360103245        3.25382628190035        0.73869743679215
H           -0.69077102006655       -6.94258672604404       -0.30308793624879
H            2.86851214937946        5.78413567991173       -0.26613276379424
H           -2.63959757179065        6.56950210628579       -0.55076702777167
H            0.34923611573481        4.52250417862291        0.13992319684082
C            3.68277816912071        0.41885134375596        3.92981444119645
C            2.38237855580314       -0.34866035616738        3.68080224547910
N            1.47075917784584       -0.24226182404571        4.79793748851496
C            1.30869460555776        1.04743522150087        5.36510340128277
O            0.21824586594091        1.50537518996844        5.61338308598737
N            2.47634482710964        1.65376901400138        5.68530089314561
C            3.59850966774041        1.27340257955785        5.19047210357991
N            4.75818336471249        1.67456071971024        5.69998615655663
C            0.38570348509350       -1.17732843860468        4.88780010580833
C           -0.06399081261077       -1.42454300743043        6.34869492307152
C           -1.48118409976640       -0.84667344743463        6.45729470568102
C           -1.93884132195585       -0.78195436154225        4.98625113308410
O           -0.75880165297699       -0.75052384043632        4.17870466245369
C           -2.81711719019848        0.44277783518952        4.65458055655212
O           -2.58055639402330        1.56054964932706        5.44962873574127
O           -2.28392439603642       -1.66696042895844        7.24907007901184
F           -0.03907146324509       -2.75433138493278        6.59872168894127
F            0.79574259899005       -0.88213096576494        7.24194967436640
H            4.52321108022365       -0.27167885004612        4.02833511786991
H            2.58379293596980       -1.42233504076233        3.47565847946582
H            5.60118465443784        1.59150355563190        5.14874743712941
H            4.73302870607463        2.30733304240054        6.48427419629736
H            0.74142205415345       -2.13857266870028        4.48585784470323
H           -1.38558872728013        0.16628112061787        6.87232556671110
H           -2.48622200990046       -1.70591196620723        4.74672537411957
H           -2.66917668791141        0.66920393039321        3.58613897820827
H           -3.86781093053107        0.17861709234153        4.80400032457312
H           -1.63582256321752        1.79041724253149        5.42206718859482
H           -3.08356730492488       -1.18700477218003        7.49193377222379
77
 energy: -168.413867313097 gnorm: 0.004636339203 xtb: 6.7.1pre (5071a88)
N           -0.40872866456844        0.10614181220055        1.50678776655013
C           -0.37988113281562        1.52982846878270        1.36402445661956
C            0.66222278020729       -0.55138711150531        1.94527878421059
C           -1.55571871817133       -0.52591264798516        1.01138850386484
N            0.78166812342050        2.14730073022078        1.61252533027842
N           -1.40750189284057        2.17428843998889        0.90560669207366
N            1.77039275784386        0.13789764024112        2.42697222572918
N            0.65923817803042       -1.91754953102651        1.95236729236437
N           -2.55586709583218        0.13852123167516        0.54401016627610
N           -1.55743190315148       -1.89737674710666        1.07209916171555
C            1.79216498066490        1.50178901752396        2.08224038151374
C           -0.58517305828725       -2.50904275936531        1.80311437334033
C           -2.47967293337476        1.47513225645020        0.53181982312291
N            3.01419132188369        2.07870059754992        2.19540955601887
N           -0.71465729354237       -3.81089601637956        2.15724425874690
N           -3.59197888500852        2.12981159537286        0.07131077184614
C            3.39622256472032        3.34767268718617        1.63694737522089
C            4.04631202016200        1.44261220914481        2.88960413782975
C           -3.69592221579752        3.55664303657466       -0.01858863271503
C           -4.66225659645086        1.43246260386936       -0.29772407763828
C            0.54229373617109       -4.53150640035647        1.65356042258830
C           -1.32330826463399       -4.50544132547713        0.97452036312946
N            4.62952061404177        3.69904861504192        1.57376017016623
N            5.26107057143697        1.79754921225474        2.83583689478822
N           -4.90978109598375        4.12688339683674        0.27078711653774
N           -5.62662245279329        0.91817036772122       -0.63801562496079
N            1.66292802508592       -3.92383768270996        1.68812122235933
N           -2.17758308071156       -3.89189156844326        0.24705664812511
C            5.63562217409468        2.88357483511375        2.05075856280929
C           -5.99986292946145        3.69667121440030        0.58934224701201
C           -0.20194304621449       -5.43642576843589        0.80833405941443
N            6.87161441914131        3.08730981117788        1.87979036063390
N           -7.05544287455269        3.54172185662231        1.13449701188599
N            0.07861385375204       -6.52118057995164        0.23111774689516
C            2.41406963334598        4.20631150817736        1.14975112835996
C           -2.67276794378022        4.29079659691240       -0.40934694682735
C            1.82878086864232       -2.68280877083069        2.06425389125585
C           -2.59354225481850       -2.67891095421726        0.49273856107717
C            1.34411233020345        4.64699919292456        0.53883692325559
C           -1.36245242203043        4.75953024102404       -0.86050508261130
N            2.36951660486082        5.61629178429677        0.60993875750291
N           -2.30982632130806        5.62561526553782       -0.60760196008115
H            7.07276356438283        3.91240463708431        1.32545146315994
H           -7.94393418341377        3.27280545361339        0.76535158974024
H           -0.67824446430311       -6.96306407155572       -0.27697904329004
H            2.87749681132212        5.79003426343839       -0.26043000930757
H           -2.63300891803786        6.56977210975015       -0.53546092275197
H            0.35772884971210        4.52382075859108        0.13447962764702
C            3.68084175405188        0.41980044775545        3.92815039544043
C            2.38217211541576       -0.34620545691895        3.67564794646962
N            1.46650529165451       -0.23889877809712        4.78680439820888
C            1.29857457203014        1.05706988704332        5.34175423745071
O            0.20592470976596        1.52092809837241        5.56805578008657
N            2.46493504034289        1.65933392838140        5.67231117753523
C            3.58988616814156        1.27272278643586        5.19046543063512
N            4.74731143948931        1.66327873864438        5.71043434434096
C            0.38327571286785       -1.17546090275487        4.88411745938343
C           -0.06094081493692       -1.40863480093121        6.34950040949052
C           -1.47898231990369       -0.83283098504991        6.45576990353678
C           -1.94249275114429       -0.79429419622879        4.98547545216173
O           -0.76433571995255       -0.75794561672878        4.17511245087037
C           -2.83699602093334        0.41432459138791        4.64089770463774
O           -2.59817072040946        1.55037495819168        5.40935942741431
O           -2.27649320763591       -1.64062314638380        7.26497937058218
F           -0.03086186223590       -2.73480347305822        6.61474202154589
F            0.80055789257784       -0.85351626719330        7.23373549599911
H            4.52060455149674       -0.27031341602115        4.03166598465118
H            2.58434110869558       -1.42081495722540        3.47181816812865
H            5.59378383926081        1.57522374699596        5.16606257879673
H            4.72594564718478        2.28499709865617        6.50269599787298
H            0.74077443518417       -2.13921510727873        4.49007652824624
H           -1.38403345586617        0.18715667939238        6.85323830540460
H           -2.47890891747705       -1.72832974333110        4.76055404282208
H           -2.70825824172982        0.61979603574822        3.56574444246575
H           -3.88282464861769        0.14401451674690        4.81230968399392
H           -1.65439849989761        1.78242658444864        5.37049505318717
H           -3.07316923806660       -1.15644476307193        7.50833628454785
77
 energy: -168.414037881634 gnorm: 0.005428303575 xtb: 6.7.1pre (5071a88)
N           -0.40631119071756        0.10541702046529        1.50024010973356
C           -0.37507873747353        1.52889920061397        1.35607290235741
C            0.66544861766703       -0.55187951941011        1.93831956228307
C           -1.55239662291475       -0.52602365993994        1.00422171061267
N            0.78709637945121        2.14629712993882        1.60255243429903
N           -1.40302112662260        2.17443838098882        0.90125284288534
N            1.77370595555111        0.13880523851795        2.42026070727869
N            0.66196579066554       -1.91808914240073        1.94859909038103
N           -2.55469151569180        0.14025491296020        0.54267717796115
N           -1.55175329563500       -1.89817748761053        1.06078196186348
C            1.79643642048347        1.50061817905849        2.07512317174875
C           -0.58207567015829       -2.50819775114759        1.79620762392480
C           -2.47828746071044        1.47616852729924        0.53329879746480
N            3.01697546562931        2.07831006425107        2.19438749330583
N           -0.71297184423054       -3.80782255602715        2.15261036327203
N           -3.59408883220883        2.13321266130825        0.08416226804150
C            3.39939554950329        3.34658151260094        1.63677907291237
C            4.04855458723540        1.44108735321241        2.89078765376170
C           -3.69624893189279        3.55988064354301       -0.00583547764096
C           -4.67020815667238        1.43736395770196       -0.27096435443960
C            0.54534072598909       -4.53488526809792        1.66110678840972
C           -1.31760862876265       -4.50970562767407        0.97238884057804
N            4.63304036724788        3.69696271303328        1.57298379612772
N            5.26279369334081        1.79622664817024        2.83693912770728
N           -4.90824423564786        4.13230783584207        0.28568220576803
N           -5.63878678075116        0.92416781832618       -0.60119517993493
N            1.66588996898210       -3.92680434337439        1.69437068110411
N           -2.16401242431761       -3.89661118029075        0.23484202193810
C            5.63858656924855        2.88103450516048        2.05125070599069
C           -5.99833152115091        3.70686862531590        0.61030608874312
C           -0.19733687294178       -5.44455772201993        0.81962288257621
N            6.87428216850685        3.08610915674948        1.87959016426867
N           -7.05499518363822        3.56275274925534        1.15651368511909
N            0.08384161196391       -6.53519305657602        0.25377822242180
C            2.41761873575808        4.20650522105528        1.15038162252123
C           -2.67292958436533        4.29278162684850       -0.39905642339905
C            1.83072702133533       -2.68354781765954        2.06329158985303
C           -2.58148693020151       -2.68258263385629        0.47229305024747
C            1.35026158356810        4.64791756507286        0.53537274084837
C           -1.36228789504377        4.75968659260021       -0.85069346407929
N            2.37549527714362        5.61763388304841        0.61382606549741
N           -2.30794023046669        5.62728120817232       -0.59608605048660
H            7.07332738094380        3.91111577056565        1.32446979827648
H           -7.94369391337356        3.29102715024479        0.79054042238413
H           -0.67102553670989       -6.98089916125870       -0.25332116232420
H            2.88725290372230        5.79296572870417       -0.25415708956763
H           -2.62857460898992        6.57195490969269       -0.52014968231506
H            0.36505465799416        4.52522815393360        0.12713734435216
C            3.67973930134224        0.42158876582677        3.92862782388702
C            2.38330590024252       -0.34500082825261        3.67251637724466
N            1.46243565626438       -0.23536734429954        4.77574932194128
C            1.28917233814778        1.06565024031531        5.32071677346676
O            0.19464046671556        1.53366304541910        5.52632089566892
N            2.45373155914436        1.66421937633438        5.66296011420007
C            3.58177070956700        1.27468558469008        5.19230854312396
N            4.73705423951077        1.65859639732753        5.71974900389757
C            0.38125840678351       -1.17362786271932        4.87964199802779
C           -0.05864123681748       -1.39378511364315        6.34862898243388
C           -1.47721759384058       -0.81892719683845        6.45171156038516
C           -1.94515428933729       -0.80727690694727        4.98234821193863
O           -0.76832705456646       -0.76406224672244        4.17025045711534
C           -2.85660577463863        0.38384071133069        4.62426733529417
O           -2.61656268974263        1.53874855662399        5.36456719290017
O           -2.27042188728154       -1.61282525968761        7.27828335432741
F           -0.02456427257994       -2.71631788468219        6.62804286631671
F            0.80423298162912       -0.82730846976881        7.22455824367460
H            4.51994430782489       -0.26688138502657        4.03741442491833
H            2.58696478952993       -1.41993233003952        3.47056192663543
H            5.58610937851027        1.56430090369639        5.18012051687559
H            4.72024366286699        2.27221846772182        6.51838827971162
H            0.74082528433193       -2.13960493317939        4.49298999983759
H           -1.38211561210191        0.20823304379627        6.83038272218265
H           -2.46885429371513       -1.75182289517773        4.77171281624446
H           -2.74687277118161        0.56692450510790        3.54298610413710
H           -3.89696141490095        0.10718229153791        4.81789727583851
H           -1.67405125158766        1.77331990679920        5.31414400588562
H           -3.06378054016524       -1.12331885657029        7.52128296864699
77
 energy: -168.414220631500 gnorm: 0.006608651487 xtb: 6.7.1pre (5071a88)
N           -0.40084574831397        0.10340223245729        1.49356465796073
C           -0.36850929055982        1.52647037963325        1.34976896233892
C            0.67093339696157       -0.55501667240491        1.93120701939585
C           -1.54679827766324       -0.52630519988515        0.99700418773490
N            0.79389310875887        2.14342744805832        1.59567204530490
N           -1.39660535811558        2.17406165828734        0.89897621187699
N            1.78115822937909        0.13578574358325        2.41173004309694
N            0.66422699757062       -1.92105045632888        1.94695000972668
N           -2.55105974820179        0.14183190651169        0.54125202788904
N           -1.54545548396364       -1.89908568599163        1.04894734893077
C            1.80230665540661        1.49697373121066        2.06940330572198
C           -0.57959171885263       -2.50869863395101        1.79020517520850
C           -2.47470420886803        1.47733012576095        0.53574328484474
N            3.02030050196920        2.07808219784256        2.19504946181185
N           -0.71546635537204       -3.80617003123175        2.14915046753686
N           -3.59357996138999        2.13682133815484        0.09786952652964
C            3.40099504368843        3.34536873891948        1.63781561797890
C            4.05135881402579        1.44129758148564        2.89377403912519
C           -3.69456206166187        3.56323938545124        0.00828828669012
C           -4.67579889627084        1.44187153758451       -0.24081280965860
C            0.54382185259155       -4.54062653328783        1.67143593573652
C           -1.31421914818745       -4.51304316727927        0.96876850126051
N            4.63481666593582        3.69592628703001        1.57308714788297
N            5.26546884939515        1.79688596278048        2.83962105948211
N           -4.90488647993410        4.13711131507692        0.30237677742338
N           -5.64995901198271        0.92995837872500       -0.55641468896093
N            1.66552999886438       -3.93430033541631        1.70739633474978
N           -2.15127744100111       -3.89954773640117        0.22049606913292
C            5.64060666129106        2.88048208608881        2.05229022861225
C           -5.99562196254324        3.71806787698242        0.63243830666746
C           -0.19642864412756       -5.45308334846312        0.83120152521346
N            6.87571971132677        3.08796666207394        1.87780182277850
N           -7.05143277687501        3.58236498479622        1.18252553337198
N            0.08428937382080       -6.54976933633426        0.27666255268888
C            2.41942541613328        4.20580817817908        1.15140372200628
C           -2.67199861260172        4.29608487554162       -0.38758992103995
C            1.83130506836497       -2.68933242616291        2.06931063144849
C           -2.56861779767928       -2.68399414408920        0.44982805392244
C            1.35565764399523        4.64915872255483        0.53146159452294
C           -1.36235265943753        4.76256405810521       -0.84195893448148
N            2.38141649097932        5.61801924358210        0.61698586636635
N           -2.30662464459710        5.63070910930217       -0.58360547593152
H            7.06939390130989        3.91305042806289        1.32038615715158
H           -7.94141699075945        3.31084943463740        0.81929149680198
H           -0.66887022525841       -6.99630833520450       -0.23192117018048
H            2.89770078594400        5.79379787979416       -0.24832753084072
H           -2.62569910797370        6.57558625970395       -0.50415123569017
H            0.37153618043526        4.52772676688200        0.11928692250794
C            3.67954496520154        0.42379272693808        3.93076588795368
C            2.38559714201380       -0.34509080251529        3.67056247074567
N            1.45845884541885       -0.23157652870507        4.76490502574789
C            1.28051567837146        1.07363138467631        5.30109923841191
O            0.18440234570862        1.54514443404917        5.48647754704649
N            2.44268219368483        1.66949596384533        5.65521231832536
C            3.57415642975565        1.27877014545003        5.19463595198699
N            4.72710505211915        1.66020042094331        5.72766724110500
C            0.37991559040124       -1.17190208323624        4.87481365598585
C           -0.05732471662253       -1.37959116240051        6.34647618273077
C           -1.47621838425513       -0.80470225314100        6.44479531562728
C           -1.94696250141941       -0.82170157203138        4.97657518453678
O           -0.77091802904257       -0.76979290382754        4.16398534032472
C           -2.87624342973757        0.34986733291930        4.60363750465948
O           -2.63589390027178        1.52466315447280        5.31283278919117
O           -2.26618541875560       -1.58259340341881        7.28902608420610
F           -0.02064686185392       -2.69854414421115        6.63930123977404
F            0.80616703853842       -0.80289156154610        7.21501291095921
H            4.52105376204456       -0.26204130395299        4.04423915836476
H            2.59116999447766       -1.42000251576991        3.47172511132689
H            5.57812439130298        1.55890788600271        5.19189384402971
H            4.71304836969309        2.27079153740607        6.52885199035976
H            0.74193439648941       -2.13992489937491        4.49542320275787
H           -1.38023664935145        0.22992838044378        6.80256376684589
H           -2.45595396987206       -1.77724918736617        4.78028739945738
H           -2.78569026157370        0.50802592301283        3.51685557992095
H           -3.91033658083988        0.06729657105431        4.82044680439252
H           -1.69494361075894        1.76166660068354        5.25059181615610
H           -3.05579861622618       -1.08633061292866        7.53038728581401
77
 energy: -168.414439282522 gnorm: 0.006771402640 xtb: 6.7.1pre (5071a88)
N           -0.39203667463324        0.10020955817369        1.48653593056149
C           -0.36012338185981        1.52255382049024        1.34490470850314
C            0.67899018863577       -0.56062274289248        1.92340806149068
C           -1.53889199342704       -0.52676791861648        0.98978228437524
N            0.80239662817515        2.13882474707600        1.59129281557817
N           -1.38853154591955        2.17300112086335        0.89915920852768
N            1.79342898676562        0.12867562896840        2.40047670678789
N            0.66628912038473       -1.92635180271931        1.94747918671796
N           -2.54518394425141        0.14294487528188        0.54031465913196
N           -1.53795697565913       -1.90020698916946        1.03601697619539
C            1.81006939480902        1.49109867964281        2.06444258780322
C           -0.57743664984442       -2.51045017548096        1.78511596258548
C           -2.46929020778279        1.47841664128530        0.53983743847506
N            3.02481159881690        2.07797536657548        2.19633334161523
N           -0.72202115291800       -3.80579684927261        2.14695675169078
N           -3.59102931327140        2.14038062607577        0.11360249495631
C            3.40222706640504        3.34461587268022        1.63983384647653
C            4.05491585444665        1.44328249893782        2.89762245219439
C           -3.69090877703642        3.56653401327330        0.02494707508101
C           -4.67998804691161        1.44603498521099       -0.20511303291632
C            0.53769767477601       -4.54896521905103        1.68547266945192
C           -1.31270494086860       -4.51573735819415        0.96367904612426
N            4.63603345991645        3.69656874337567        1.57503381317748
N            5.26931340329928        1.79952007287221        2.84439238048570
N           -4.89920926263354        4.14148529208421        0.32370565581650
N           -5.66139536338477        0.93553974280760       -0.50130070121134
N            1.66177643045505       -3.94644350365620        1.72797891030070
N           -2.13812761067464       -3.90097219062811        0.20333532466106
C            5.64245068592104        2.88209400066764        2.05466952691031
C           -5.99066648615003        3.73025646380913        0.66028725914481
C           -0.19899714412911       -5.46265298964915        0.84396025002092
N            6.87690707157768        3.09172340715746        1.87558386756639
N           -7.04523402018281        3.60358425385878        1.21521995013280
N            0.08030845963432       -6.56568493345136        0.30106066827769
C            2.42095836671560        4.20498489951158        1.15252508437119
C           -2.66990014251496        4.30012670824473       -0.37411599331763
C            1.83047221441100       -2.70011915944386        2.08233591411536
C           -2.55388400394627       -2.68342749717507        0.42471291985116
C            1.36114499531948        4.65136743080684        0.52788661640530
C           -1.36240860397791        4.76756475533533       -0.83312163647583
N            2.38805924669803        5.61810770924947        0.61898155232924
N           -2.30580212924206        5.63528712432588       -0.56965266876885
H            7.06333927199455        3.91684692398245        1.31474035236088
H           -7.93682337077897        3.33458382658079        0.85355519681244
H           -0.67114856076456       -7.01012030418191       -0.21205919562134
H            2.90882618490016        5.79338305944892       -0.24376901707913
H           -2.62429353100495        6.58007388696547       -0.48701169754179
H            0.37774025771757        4.53195723105108        0.11266453290843
C            3.68028138786007        0.42608664585822        3.93389957498110
C            2.38886469951799       -0.34639960831130        3.66855949151813
N            1.45423292791644       -0.22704844216945        4.75373779229599
C            1.27182455061436        1.08247579479783        5.27992901238252
O            0.17440066794341        1.55732370613626        5.44499550208239
N            2.43092418380432        1.67681446160052        5.64588375521569
C            3.56639642585990        1.28494626126537        5.19561524370384
N            4.71632664844134        1.66784675507075        5.73444086948011
C            0.37949374701902       -1.17021052121617        4.86994938485717
C           -0.05718330912588       -1.36481719684807        6.34355275089073
C           -1.47631267681731       -0.78923277375134        6.43453330463681
C           -1.94811064627280       -0.83909157791093        4.96764219480520
O           -0.77240803799854       -0.77671170840341        4.15578060180336
C           -2.89685892367775        0.30951145042111        4.57701878999387
O           -2.65665219637570        1.50685602353450        5.24902631783649
O           -2.26406822523706       -1.54766976930987        7.29790525555315
F           -0.01940993884952       -2.68024136889496        6.65004932745291
F            0.80574656950389       -0.77816310862420        7.20560118500075
H            4.52352986422042       -0.25658704854177        4.05160406163821
H            2.59627525893499       -1.42130067547047        3.47489922701154
H            5.56989469254062        1.55909328469053        5.20367830360050
H            4.70022871680045        2.28252784679172        6.53270813776979
H            0.74470034634568       -2.14035776953213        4.49868876962541
H           -1.37891660160712        0.25369727347530        6.76746263537315
H           -2.43965220317915       -1.80676564332303        4.78708086807773
H           -2.82724409386309        0.43753648734022        3.48480380824374
H           -3.92351953271815        0.02163557021319        4.82018605683883
H           -1.71748981897208        1.74580489706909        5.17415395622522
H           -3.04945521003881       -1.04284557916623        7.53560778546065
77
 energy: -168.414658816345 gnorm: 0.005903109764 xtb: 6.7.1pre (5071a88)
N           -0.38127452754385        0.09639103934899        1.48023611361172
C           -0.35111856898177        1.51785545364170        1.34217344645768
C            0.68858616260935       -0.56753793639609        1.91571733383112
C           -1.53011054970895       -0.52743041533348        0.98394917878305
N            0.81166410000465        2.13348180437657        1.58953362760668
N           -1.38033153211526        2.17132638192941        0.90247226030586
N            1.80896344425825        0.11870344906158        2.38753051718093
N            0.66802941072719       -1.93293477971809        1.95009247503584
N           -2.53843421725838        0.14329397435334        0.54117748169560
N           -1.52991862962618       -1.90151168613191        1.02359799998572
C            1.81893497297068        1.48410641981016        2.05999313458869
C           -0.57563382986069       -2.51296852131152        1.78178025795025
C           -2.46341640443457        1.47919700000774        0.54637130220851
N            3.03073551668841        2.07728829757554        2.19657605468883
N           -0.73112631777490       -3.80639767290549        2.14649295851556
N           -3.58784315360617        2.14329060134167        0.13134598034434
C            3.40441121728300        3.34451477513851        1.64199679583246
C            4.05936288825464        1.44603452781984        2.90042955285501
C           -3.68614076159349        3.56934889208844        0.04388871206936
C           -4.68305364243444        1.44959449631505       -0.16696178719207
C            0.52809916814946       -4.55867457629974        1.70209016427298
C           -1.31275552336068       -4.51768551689027        0.95831680004560
N            4.63790891432142        3.69900074634782        1.57914264318773
N            5.27419148053841        1.80335287065036        2.85046852242922
N           -4.89193931291367        4.14596384166809        0.34841133470514
N           -5.67118841459611        0.94066643017055       -0.44311615159994
N            1.65519693971750       -3.96114561237174        1.75346798147630
N           -2.12536874718202       -3.90120943221881        0.18578249192793
C            5.64495624813341        2.88531644681153        2.05824609566249
C           -5.98427223480845        3.74342715309026        0.69165895524003
C           -0.20429653742865       -5.47239637150803        0.85711701364668
N            6.87890465500112        3.09562395495132        1.87433951265728
N           -7.03633601178949        3.62438560547555        1.25330452858513
N            0.07292225180885       -6.58116800830257        0.32471924103096
C            2.42347035776102        4.20428705782315        1.15328835021636
C           -2.66677998333317        4.30346645314141       -0.35880909719202
C            1.82813946191448       -2.71395051386856        2.10030433204650
C           -2.53858451652159       -2.68141880291508        0.40039768260346
C            1.36665320618811        4.65411172674747        0.52603100170168
C           -1.36236910727933        4.77256591617830       -0.82457973956692
N            2.39494652639874        5.61808887798222        0.61953433235098
N           -2.30510091306702        5.63929654049375       -0.55519932924847
H            7.05903003250490        3.92075820924237        1.31050773417520
H           -7.93055825470593        3.36082014701802        0.89326016372270
H           -0.67672748285347       -7.02117945884430       -0.19554117771539
H            2.91865594324946        5.79256008755896       -0.24150506915711
H           -2.62384663567621        6.58382415728107       -0.47040058155025
H            0.38321988735377        4.53709577908431        0.10996159461052
C            3.68193002430301        0.42806628492568        3.93678144212755
C            2.39274642693236       -0.34833611380981        3.66566219993599
N            1.45025318653984       -0.22187033216365        4.74304550508829
C            1.26337200801435        1.09229279777668        5.25711556692194
O            0.16478617496839        1.57014314750317        5.40350963442763
N            2.41899535667944        1.68722053523162        5.63254538115913
C            3.55855039786514        1.29288481889101        5.19302043957343
N            4.70441058454280        1.68059928024902        5.73900151023166
C            0.38042480491575       -1.16855931684757        4.86577686419273
C           -0.05842038932971       -1.34994419710087        6.34050207082622
C           -1.47786384397076       -0.77368715336864        6.42157009438392
C           -1.94855871590502       -0.85831941711839        4.95602516764600
O           -0.77269657035781       -0.78543012327139        4.14610573830066
C           -2.91639615778770        0.26566781094797        4.54593960607234
O           -2.67677327457263        1.48594109504749        5.17717455088850
O           -2.26464817149592       -1.51085451220140        7.30366735485784
F           -0.02114524084551       -2.66236557227673        6.65985783469231
F            0.80245799214076       -0.75421019952161        7.19793351552656
H            4.52659848098726       -0.25181347414177        4.05901514112453
H            2.60130136143410       -1.42363761504570        3.47939036312953
H            5.56179433083033        1.56627318313566        5.21563017421899
H            4.67955103540648        2.30629939812433        6.52893457741747
H            0.74958128006190       -2.14082848162415        4.50358273539093
H           -1.37930862285178        0.27746317325119        6.72774312898122
H           -2.42171212301970       -1.83798658451540        4.79164860401802
H           -2.86736875977338        0.36054740666534        3.44926729736335
H           -3.93514824148852       -0.02551441463249        4.81618868737086
H           -1.73917119543356        1.72536663634778        5.09096973219318
H           -3.04599711357470       -0.99683987008769        7.53549635671680
77
 energy: -168.414832012300 gnorm: 0.005355971895 xtb: 6.7.1pre (5071a88)
N           -0.37168591421553        0.09305217284056        1.47575345303015
C           -0.34342559313770        1.51383594798634        1.34129293560692
C            0.69740692691076       -0.57340162570127        1.90918643831988
C           -1.52289677450060       -0.52818927316529        0.98058262317537
N            0.81993704515843        2.12916021175618        1.58894737956022
N           -1.37393276178553        2.16955814246766        0.90770019393970
N            1.82340617607648        0.10946685176353        2.37558649253553
N            0.66959109537009       -1.93852597952537        1.95318446990954
N           -2.53312887689116        0.14308732242365        0.54453884231133
N           -1.52259827147154       -1.90282119966244        1.01367769381039
C            1.82726242607851        1.47818102801823        2.05537865161702
C           -0.57391415668626       -2.51509433264889        1.78021620653758
C           -2.45896041862169        1.47962653254812        0.55470993423076
N            3.03763514849348        2.07525675986209        2.19403647117278
N           -0.73900706813614       -3.80689296019144        2.14728453133772
N           -3.58597273225745        2.14518754739015        0.14957527283621
C            3.40881379867101        3.34465520071693        1.64292343943066
C            4.06446959334938        1.44761551326182        2.90049159386041
C           -3.68194030220512        3.57138952008265        0.06309596352573
C           -4.68598832361182        1.45261749893920       -0.13222657080556
C            0.51882454945336       -4.56720128088554        1.71812193353200
C           -1.31293871673897       -4.51918239668091        0.95459646376351
N            4.64177581506799        3.70199123062922        1.58425558980604
N            5.27944219061089        1.80643992027406        2.85581087925871
N           -4.88473232050226        4.15074591484931        0.37365714056790
N           -5.67944285642777        0.94491330604516       -0.39115193643568
N            1.64847481175610       -3.97397403320123        1.77692486147102
N           -2.11389282296899       -3.90143371003145        0.17148957062896
C            5.64905710446502        2.88830206729771        2.06208227034612
C           -5.97745130988334        3.75578408989263        0.72377722420008
C           -0.20957258163594       -5.48096985070025        0.86947257725662
N            6.88286904889503        3.09730712023418        1.87538202631075
N           -7.02703479224637        3.64366438408905        1.29182164854444
N            0.06567557623730       -6.59405381527957        0.34510658234719
C            2.42796771209600        4.20361658381935        1.15325606819017
C           -2.66348510150622        4.30472147297439       -0.34344477774351
C            1.82533135927794       -2.72616190935192        2.11684602149381
C           -2.52487849245815       -2.67956716508919        0.38107859134229
C            1.37192912025681        4.65606233447991        0.52662283741167
C           -1.36209597458896        4.77501187429545       -0.81652460295108
N            2.40104461942263        5.61803195736072        0.61941658345412
N           -2.30403288942806        5.64094971749822       -0.54197131449210
H            7.06094131088133        3.92242635878678        1.31062385372783
H           -7.92412342828354        3.38610740265816        0.93395285113880
H           -0.68196855845605       -7.02976852704360       -0.18237854481849
H            2.92513319765081        5.79261353990205       -0.24121604081949
H           -2.62318871580214        6.58528874387031       -0.45610608023037
H            0.38769953903848        4.54094355820866        0.11214909786454
C            3.68374070843513        0.42960476962134        3.93810137531182
C            2.39628877845183       -0.34967138540688        3.66148280065732
N            1.44693907188518       -0.21659498001741        4.73355132028686
C            1.25497438029275        1.10253837675449        5.23338822794807
O            0.15507001446406        1.58216650241789        5.36449054086153
N            2.40720220199653        1.70037033870335        5.61448328793248
C            3.55042392287361        1.30157418860475        5.18639870001902
N            4.69123205128812        1.69466077719950        5.74141509251114
C            0.38231891969513       -1.16692858053988        4.86264482123890
C           -0.06054385764730       -1.33571516368294        6.33795843041444
C           -1.48046645556575       -0.75962746841482        6.40820936389926
C           -1.94860257051358       -0.87663960933929        4.94393864858701
O           -0.77231705566635       -0.79560785679098        4.13635738288550
C           -2.93255915072532        0.22447203628990        4.51490729597892
O           -2.69362830224921        1.46515525758121        5.10677927606323
O           -2.26710344981574       -1.47704447536783        7.30621483617951
F           -0.02454917497940       -2.64590508551240        6.66845213483813
F            0.79735664231527       -0.73210516438710        7.19269181938813
H            4.52882780121326       -0.24861453125218        4.06634344162270
H            2.60504175724909       -1.42591399213738        3.48331328089055
H            5.55409119726989        1.57817380620559        5.22804066210497
H            4.65312140033340        2.33282263685379        6.52131238083863
H            0.75584924522715       -2.14115207996351        4.51000046461039
H           -1.38189404831421        0.29847450284926        6.68958805585384
H           -2.40542953153630       -1.86655449817719        4.79487302189346
H           -2.90134630436802        0.28738100587363        3.41515040890662
H           -3.94416741602114       -0.06766854574972        4.80955748381262
H           -1.75678891701613        1.70324507903526        5.01250775608286
H           -3.04547826874445       -0.95527162943601        7.53095429867399
77
 energy: -168.414973613820 gnorm: 0.005330158505 xtb: 6.7.1pre (5071a88)
N           -0.36432427432859        0.09037497221524        1.47333760308140
C           -0.33733448228179        1.51087575165697        1.34202913149306
C            0.70475607883744       -0.57772407368041        1.90416027992208
C           -1.51787175640902       -0.52899918798210        0.97984427734763
N            0.82677675825118        2.12617233182737        1.58889543449093
N           -1.36940051833131        2.16801854476238        0.91411170747144
N            1.83501355774286        0.10228241076780        2.36591439622907
N            0.67110908918594       -1.94258497295133        1.95592400327327
N           -2.52986673398536        0.14280558914155        0.55058412518330
N           -1.51657821379116       -1.90403697144738        1.00693222275162
C            1.83473892966197        1.47370769623680        2.05032620727881
C           -0.57218543051066       -2.51653253375457        1.78010761071100
C           -2.45615684793987        1.47995812104794        0.56464129369648
N            3.04528402185512        2.07145829847072        2.18856705346126
N           -0.74441533726904       -3.80694697303168        2.14886965642416
N           -3.58566530440167        2.14639711223759        0.16815875128307
C            3.41534686414032        3.34412305948591        1.64202830437765
C            4.07027316063645        1.44709871500411        2.89807616981689
C           -3.67872398845455        3.57291222234570        0.08207155490331
C           -4.68919726143116        1.45542443693495       -0.10161711408702
C            0.51133725604014       -4.57380434181763        1.73234472690218
C           -1.31284475215886       -4.52033087153722        0.95306186154262
N            4.64763044101060        3.70415070946508        1.58884206373060
N            5.28492818099518        1.80776656872900        2.85926539262426
N           -4.87813305170803        4.15606688482979        0.39817598184227
N           -5.68587856660732        0.94859153971119       -0.34819628553070
N            1.64289108687885       -3.98373964611803        1.79591187785921
N           -2.10423840994511       -3.90201952108039        0.16152828116332
C            5.65488474570504        2.88982737193939        2.06514753398907
C           -5.97070366923609        3.76712763125797        0.75504570766562
C           -0.21385109449800       -5.48782757929277        0.88063217087534
N            6.88884875177624        3.09654773107621        1.87814250614998
N           -7.01760476177700        3.66063565645030        1.32921607295162
N            0.05978448913679       -6.60363511989124        0.36155052377834
C            2.43402020946319        4.20208608028413        1.15235861749658
C           -2.66027033306984        4.30395646608614       -0.32857481857539
C            1.82273887611300       -2.73541865450003        2.12972085181476
C           -2.51364929960431       -2.67835690764599        0.36756961821877
C            1.37654733727312        4.65603305528757        0.52925274318879
C           -1.36150919226956        4.77445191125699       -0.80899502610330
N            2.40561829168065        5.61734629635091        0.61955270919634
N           -2.30226187597047        5.64018017207844       -0.53025242582830
H            7.06907542716502        3.92171849739471        1.31446751843244
H           -7.91768778201948        3.40849404835011        0.97475835626849
H           -0.68573808249597       -7.03616546796134       -0.17189184956839
H            2.92777695809702        5.79345567837485       -0.24180660098538
H           -2.62158773763388        6.58448964644852       -0.44421225388586
H            0.39097146249438        4.54196266730477        0.11813427481540
C            3.68529119047301        0.43122287597588        3.93821946556478
C            2.39945440660720       -0.35003728902205        3.65681196621149
N            1.44441915171780       -0.21162223143264        4.72529253045438
C            1.24626346226599        1.11225065254364        5.20988355048087
O            0.14460676891247        1.59135490783385        5.32904790590826
N            2.39502373254315        1.71560122282204        5.59298240258412
C            3.54151638467781        1.31151548292431        5.17716974259115
N            4.67633326914107        1.71014031873999        5.74182963321018
C            0.38473093671446       -1.16536797987720        4.86017494216174
C           -0.06337537763443       -1.32240612524206        6.33553958450806
C           -1.48390034543022       -0.74733882562572        6.39486405236547
C           -1.94827479283099       -0.89286082031215        4.93195281931398
O           -0.77121932358105       -0.80653496507673        4.12693321064257
C           -2.94468760270697        0.18810577526361        4.48521996573821
O           -2.70712475159873        1.44541632011109        5.04112259477219
O           -2.27097972865841       -1.44763453605352        7.30525895117060
F           -0.02899019712121       -2.63091171073061        6.67533540654694
F            0.79108074664966       -0.71227709822650        7.18905119743668
H            4.52996398109649       -0.24601806312094        4.07501433329379
H            2.60809843383333       -1.42746819789447        3.48644556302696
H            5.54564309904726        1.59455086755174        5.23987965076035
H            4.62386829429270        2.35831475410350        6.51257408082966
H            0.76299959329872       -2.14122190111555        4.51728739767480
H           -1.38660605857966        0.31607315343479        6.65476247493972
H           -2.39159489725915       -1.89075002563107        4.79679459560322
H           -2.92707425481689        0.22198842431417        3.38435979241653
H           -3.95029897657101       -0.10257759020920        4.79960456026251
H           -1.77010489325269        1.68035465290835        4.94337779727589
H           -3.04773346664359       -0.92023910119756        7.52219103451935
77
 energy: -168.415105738144 gnorm: 0.006237925822 xtb: 6.7.1pre (5071a88)
N           -0.35883848702594        0.08847944947057        1.47134933421104
C           -0.33186339192632        1.50901900371787        1.34232531647869
C            0.71125395778772       -0.58031818707086        1.89881291139471
C           -1.51439220592775       -0.52961299042953        0.98002797721587
N            0.83337566336603        2.12432864867766        1.58632939034539
N           -1.36584918825010        2.16705187291239        0.92050093916062
N            1.84393200720795        0.09795644964596        2.35730576949689
N            0.67360036462831       -1.94493898631488        1.95683329429897
N           -2.52863860222927        0.14315144988357        0.55899044948666
N           -1.51070384752897       -1.90509018501507        1.00091511880591
C            1.84239681215597        1.47075159799655        2.04293472454214
C           -0.56955864377894       -2.51680302747236        1.77955062141601
C           -2.45490756573457        1.48066322696220        0.57642565766736
N            3.05435554058615        2.06611197986424        2.17967494811775
N           -0.74647020284041       -3.80553187517718        2.14995322798020
N           -3.58739624427398        2.14804578472505        0.18973866486278
C            3.42508519315020        3.34261877806297        1.63892971773676
C            4.07702626928698        1.44429147474552        2.89395228298829
C           -3.67656051547260        3.57496213586060        0.10338492812457
C           -4.69479539276842        1.45957025100622       -0.06939212145102
C            0.50705813605587       -4.57897468096947        1.74610447928420
C           -1.31093969574585       -4.52213933546039        0.95346362120723
N            4.65679162891906        3.70444457652102        1.59214647806116
N            5.29099970716118        1.80663145075420        2.86108294816929
N           -4.87182374155009        4.16335409227053        0.42513670115940
N           -5.69496374575831        0.95327676599670       -0.30372505624886
N            1.63999045181996       -3.99075814296430        1.81082100422779
N           -2.09330714047355       -3.90398417503867        0.15325519090532
C            5.66341365221652        2.88871310894907        2.06754417040984
C           -5.96357132391570        3.77957393030644        0.79019761812701
C           -0.21556146852015       -5.49475289104417        0.89330237509882
N            6.89785765768897        3.09251563691993        1.88299256562897
N           -7.00776039815089        3.67970829796812        1.37060965106356
N            0.05725711484110       -6.61318193874450        0.37948062277351
C            2.44288353200265        4.19983068497144        1.15035026843962
C           -2.65716406683028        4.30194236388987       -0.31215395164923
C            1.82155929299195       -2.74118805639865        2.13718417005124
C           -2.50240756772309       -2.67872143503983        0.35529562259240
C            1.38214944347096        4.65398090149119        0.53288622460204
C           -1.36042558513073        4.77104538615011       -0.79974166629423
N            2.40999527489990        5.61645711118341        0.62086041942088
N           -2.29901787981514        5.63770252970803       -0.51726231349842
H            7.08416301787163        3.91768278937412        1.32190941670031
H           -7.91098310873900        3.43062039511422        1.02221538462306
H           -0.68558816742718       -7.04496291843312       -0.15810209023560
H            2.92860411062898        5.79606409644781       -0.24187155205775
H           -2.61743736789067        6.58231527460351       -0.43068029789932
H            0.39501188603499        4.53985001233627        0.12588881940900
C            3.68586095127201        0.43336235686389        3.93751281582739
C            2.40199300551155       -0.34931130709142        3.65105194124716
N            1.44144114711547       -0.20668819004733        4.71601322889105
C            1.23444233139874        1.12277213383294        5.18200988663784
O            0.12981233272071        1.59998779639006        5.28713997871576
N            2.37905180089487        1.73388554313280        5.56589977743976
C            3.52953337620726        1.32315512350503        5.16645474615880
N            4.65698000210630        1.72616838176388        5.74293130461750
C            0.38672416228434       -1.16399514557140        4.85730823311569
C           -0.06625147629795       -1.30706958026662        6.33313235335941
C           -1.48743153536583       -0.73361269715174        6.38124416551783
C           -1.94834504629023       -0.90989087941203        4.92014513949159
O           -0.77065942306772       -0.82004319077576        4.11697651414372
C           -2.95752524464529        0.14983718120394        4.45328469893237
O           -2.72026164175071        1.42653679953436        4.96775375132057
O           -2.27448715613261       -1.41643943409981        7.30487144431727
F           -0.03302236905679       -2.61345709824121        6.68413305899986
F            0.78500803174988       -0.68899656579767        7.18442296053610
H            4.52946543558029       -0.24299939427961        4.08651345197021
H            2.61076915951180       -1.42791580777483        3.48753950592905
H            5.53439195904006        1.61171046817735        5.25508366571497
H            4.59051538189477        2.38034389761504        6.50686590216306
H            0.77060973406384       -2.14160270215275        4.52591255727914
H           -1.39229268317204        0.33544694341068        6.61853197812147
H           -2.37834794430459       -1.91612424708310        4.80130405421810
H           -2.95570811872312        0.15004842269482        3.35014883275309
H           -3.95723846738756       -0.13922674917828        4.79034296170262
H           -1.78215884415703        1.65706476682768        4.86780039213662
H           -3.05070202974653       -0.88470150906605        7.51263072319647
77
 energy: -168.415188552744 gnorm: 0.008371403082 xtb: 6.7.1pre (5071a88)
N           -0.35476205562587        0.08630358357358        1.47393819903854
C           -0.32734177741555        1.50757032466509        1.34808130429431
C            0.71714691762686       -0.58303046044467        1.89688121323701
C           -1.51292645197803       -0.53052596745929        0.98621915242915
N            0.83871355294904        2.12281702887759        1.58839877824004
N           -1.36333229402664        2.16609207820018        0.93168117298635
N            1.85106675690422        0.09362403209807        2.35252620224151
N            0.67569375348038       -1.94718559508670        1.95908749357876
N           -2.52874352283930        0.14347358550573        0.57336237434837
N           -1.50753242555823       -1.90598131871041        1.00228913948871
C            1.85028771103308        1.46770823499380        2.03654758392466
C           -0.56763932581981       -2.51734644885002        1.78315325488471
C           -2.45403958481850        1.48146272179011        0.59287442462784
N            3.06560405939999        2.05671085468152        2.16663558998823
N           -0.74767125699974       -3.80505967956836        2.15391639387728
N           -3.58853588810170        2.14885988767504        0.21333049696256
C            3.43735363801266        3.33802995099965        1.63239367534516
C            4.08591310545733        1.43795241616017        2.88709356482056
C           -3.67368994504874        3.57625567926847        0.12557104016923
C           -4.69770757448874        1.46310380901050       -0.04107217430034
C            0.50199615127231       -4.58256308809082        1.75810457849038
C           -1.31140235049400       -4.52204059287839        0.95706992545575
N            4.66816961923066        3.70182602620511        1.59266754071827
N            5.29860615954685        1.80261657462846        2.85960059735988
N           -4.86415932377951        4.17055553999539        0.45364531187844
N           -5.69753367730601        0.95690361938860       -0.27145643453835
N            1.63664861659875       -3.99644449860653        1.82283463245908
N           -2.08863409744896       -3.90457650204703        0.15303152704202
C            5.67444877134639        2.88475679009998        2.06722658002182
C           -5.95367717822323        3.78927359441100        0.82764301361253
C           -0.21926805325172       -5.49774101452614        0.90273645454120
N            6.90949013529209        3.08597419149232        1.88788430051688
N           -6.99410875832812        3.69273357574686        1.41465672247800
N            0.05234100163681       -6.61515702487135        0.38744907879559
C            2.45264909169022        4.19346929883356        1.14651559135332
C           -2.65289484979432        4.29756142632196       -0.29632546140537
C            1.82003493671110       -2.74660667777038        2.14434143230269
C           -2.49677727992800       -2.67789845202997        0.35444790880766
C            1.38509495508760        4.64688191991194        0.54013668160913
C           -1.35849933667174        4.76450018300579       -0.79291566988815
N            2.41054815039798        5.61219084177667        0.62248845264222
N           -2.29449770917683        5.63248917069371       -0.50704128466895
H            7.10561922283775        3.91131845083072        1.33131315106099
H           -7.90094889430678        3.44784450053428        1.07338598240439
H           -0.68821730512168       -7.04498071495162       -0.15421058442880
H            2.92134798285325        5.79727292311253       -0.24376014239440
H           -2.61228688903507        6.57743495786744       -0.42192147003660
H            0.39525454653090        4.53150472363279        0.14064875300313
C            3.68668111120714        0.43713857552827        3.93740749513286
C            2.40576483084101       -0.34804588701949        3.64723390897778
N            1.44037214404320       -0.20238323050319        4.70975896803744
C            1.22211557099366        1.13050202570678        5.15709582991769
O            0.11388165903004        1.59800886097512        5.25745511115380
N            2.36103339957325        1.75682278582059        5.53435458278666
C            3.51531388847132        1.34207665386983        5.15194985324390
N            4.63299022282453        1.75706383978076        5.73708222630114
C            0.39029522245938       -1.16334084176689        4.85539014784177
C           -0.07231102552836       -1.29480935020842        6.32921959735832
C           -1.49447393549076       -0.72383118620567        6.36328951920810
C           -1.94677763149769       -0.92343883457981        4.90448126999825
O           -0.76629344684452       -0.83481557795701        4.10589375306611
C           -2.96032308414967        0.11936177678865        4.41939513027399
O           -2.72844994345881        1.40330140923727        4.90114141677379
O           -2.28404212242147       -1.39312710741129        7.29198713306524
F           -0.04231274315578       -2.59989599480407        6.68710114587093
F            0.77368571181718       -0.67289123982434        7.18239928380919
H            4.52866437743594       -0.23752852938794        4.10488782932458
H            2.61563140605710       -1.42778685678256        3.49132669334823
H            5.51847082972944        1.64830910559742        5.26378065449904
H            4.55004911455019        2.41840982718298        6.49214971640020
H            0.78146730719452       -2.14165278191928        4.53602510974424
H           -1.40361704843927        0.34691434805462        6.58414337929254
H           -2.36790821483445       -1.93256071754398        4.79774786543654
H           -2.96056331473032        0.09416244679416        3.32254574208171
H           -3.95617903427846       -0.16048319627092        4.76447767041925
H           -1.78751711520441        1.62546432840261        4.81290724028344
H           -3.06284716590408       -0.86088111177461        7.48695967838586
77
 energy: -168.415321099546 gnorm: 0.006447240970 xtb: 6.7.1pre (5071a88)
N           -0.35128402208344        0.08539213205638        1.47116468409447
C           -0.32237201724639        1.50671697513081        1.34610156752694
C            0.72212693105972       -0.58416786968440        1.89108819928374
C           -1.51030610420900       -0.53039488019075        0.98530883851497
N            0.84483048073755        2.12136160405655        1.58202570848162
N           -1.35990096449823        2.16631390059218        0.93536430366031
N            1.85608015627367        0.09283131880966        2.34646433952666
N            0.67942021497993       -1.94820904614208        1.95682134030985
N           -2.52866574448037        0.14520746103975        0.58045028486559
N           -1.50271352701332       -1.90633664313940        0.99681180912503
C            1.85714285805353        1.46611520449374        2.02863305730104
C           -0.56432125991300       -2.51657670423365        1.78047255491568
C           -2.45353012069508        1.48298054771160        0.60306162247205
N            3.07322899952017        2.05254461411190        2.15867980661831
N           -0.74628533570588       -3.80246292230404        2.15294872709698
N           -3.59073544179444        2.15217068241714        0.23376730755952
C            3.44669519543078        3.33510507795721        1.62800670745802
C            4.09106065874546        1.43448073647648        2.88517621870435
C           -3.67243151453536        3.57968636187568        0.14497895172126
C           -4.70457981769016        1.46895265391621       -0.01043293777092
C            0.50260691837894       -4.58594513946993        1.76788704300290
C           -1.30789151344904       -4.52458221693658        0.95824140246817
N            4.67768970018814        3.69808233698278        1.59129558655915
N            5.30345668878484        1.79904110993256        2.86001007586586
N           -4.85947368348846        4.17837368556322        0.47713095407978
N           -5.70726649649211        0.96338912166149       -0.23221410993838
N            1.63836223519290       -4.00062541358796        1.83056589075225
N           -2.07830027087749       -3.90736125009151        0.14632734236741
C            5.68268859744751        2.87991803267309        2.06764851504547
C           -5.94779569480465        3.80063671831678        0.85897061473694
C           -0.21752612208726       -5.50394126689747        0.91435217535135
N            6.91819580107371        3.08001511894811        1.89158314514737
N           -6.98553526578144        3.70995718865721        1.45197753109262
N            0.05441139236900       -6.62444073483027        0.40513113544432
C            2.46142670802181        4.19086466829130        1.14367392387039
C           -2.65078409218721        4.29714694401143       -0.28176472217982
C            1.82209794217865       -2.74867982840364        2.14421691147029
C           -2.48731764778000       -2.67979504931026        0.34283989847960
C            1.39127703078999        4.64348272480109        0.54135124770355
C           -1.35718261184064        4.76119313201268       -0.78310223544304
N            2.41487079072408        5.61121113282251        0.62497106737990
N           -2.29027202994243        5.63138231629435       -0.49429004724675
H            7.11874080412444        3.90489265483862        1.33610127811372
H           -7.89504817947806        3.46392293681007        1.11872106827909
H           -0.68394328474518       -7.05614104935591       -0.13765872362498
H            2.92307078115371        5.80028458072978       -0.24200737055327
H           -2.60562714406180        6.57696670284203       -0.40726158770668
H            0.40079453771708        4.52690376484731        0.14364599362009
C            3.68533162711403        0.44017594648119        3.93814159942179
C            2.40707612498237       -0.34709491722893        3.64349206812267
N            1.43652054601481       -0.19918369655026        4.70080819170013
C            1.20872508189930        1.13857073104818        5.13158343903768
O            0.09695899568217        1.60381553472138        5.21588832052951
N            2.34307118227369        1.77167953708972        5.51146144981132
C            3.50199070929676        1.35327111156714        5.14600799098889
N            4.61330792020203        1.77133656474448        5.74025927962096
C            0.39006354504563       -1.16334445137662        4.85223056507991
C           -0.07402666734785       -1.28053290128427        6.32739264933421
C           -1.49659031807134       -0.71027353252810        6.35318819765529
C           -1.94800027714272       -0.93856988527710        4.89643500825388
O           -0.76722740045375       -0.84792972706540        4.09806883651938
C           -2.97412319614249        0.08504789533547        4.39196751729747
O           -2.74058803987021        1.38992251883167        4.83267723730864
O           -2.28488745290640       -1.36443036050386        7.29578234011817
F           -0.04380679438721       -2.58245573843323        6.69848951791314
F            0.77077854873438       -0.64933080451591        7.17539894527379
H            4.52683086611041       -0.23216730976203        4.11756825480168
H            2.61856602150187       -1.42699692569990        3.49055146768934
H            5.50480761138982        1.65885503629337        5.27834126849635
H            4.52370479144700        2.43438893607470        6.49302153033966
H            0.78643827134574       -2.14321533703464        4.54329478124419
H           -1.40709742865078        0.36647233430749        6.55359321821596
H           -2.35754480782590       -1.95607816687832        4.80600680123641
H           -2.99150085785246        0.02629754651429        3.29083070143165
H           -3.96509544866390       -0.19458752653858        4.76037989841797
H           -1.79834698141274        1.60826734887155        4.74292665635722
H           -3.06451968777757       -0.82977588843149        7.48166917359037
77
 energy: -168.415395835880 gnorm: 0.005506401782 xtb: 6.7.1pre (5071a88)
N           -0.34947584134818        0.08488888496176        1.47023714446929
C           -0.31951302622045        1.50615270743020        1.34534687145965
C            0.72462944151519       -0.58503559463325        1.88873037822002
C           -1.50870944797245       -0.53010922599164        0.98552887125545
N            0.84817455515375        2.11993931425360        1.57849882826295
N           -1.35748680863679        2.16666490409658        0.93724988803966
N            1.85797520480247        0.09270409511521        2.34517212870031
N            0.68200331140774       -1.94899026210284        1.95504820223388
N           -2.52812988707742        0.14642634847159        0.58394537137986
N           -1.50115834210661       -1.90620064371020        0.99628109029546
C            1.86074568198038        1.46497338770031        2.02548203485260
C           -0.56233200451471       -2.51633540185698        1.77925117869933
C           -2.45250651172522        1.48391472181518        0.60799674944178
N            3.07667250976179        2.05069996802677        2.15540941226172
N           -0.74457228549752       -3.80145227978179        2.15247772522159
N           -3.59031678657685        2.15449285213479        0.24338279279182
C            3.45111092490957        3.33201491935809        1.62455088584349
C            4.09297740903085        1.43250101346533        2.88563479051681
C           -3.67095073162594        3.58189364289282        0.15413735173459
C           -4.70622378107633        1.47240730081689        0.00330808702986
C            0.50427152936600       -4.58697427237037        1.77032492149054
C           -1.30648915944528       -4.52563530860706        0.95960725485102
N            4.68268118817629        3.69311168514565        1.58691290214539
N            5.30568822363959        1.79581436920825        2.85956931237517
N           -4.85660784906649        4.18176779839429        0.48881588914987
N           -5.71147291795742        0.96696877996470       -0.21266711732591
N            1.64076945567888       -4.00227465505173        1.83158433648919
N           -2.07568716306194       -3.90837713904770        0.14589251795723
C            5.68665712418199        2.87490178501664        2.06602101577310
C           -5.94367562103063        3.80458371364009        0.87495399739523
C           -0.21629339919774       -5.50573156985989        0.91821939074074
N            6.92235225395377        3.07559586138611        1.89161246871780
N           -6.97990852717385        3.71593269318908        1.47085543284581
N            0.05589060640785       -6.62728085741715        0.41085184001784
C            2.46572341995822        4.18848036785159        1.14119061409851
C           -2.64961087117395        4.29806891009177       -0.27552556720992
C            1.82483162682623       -2.74944800970495        2.14229980661709
C           -2.48483688781334       -2.68071316568293        0.34041395280066
C            1.39434036820327        4.64054232904162        0.54098016088060
C           -1.35620359670552        4.76018962133967       -0.77874543189160
N            2.41697898862253        5.60971972433836        0.62604376156399
N           -2.28748732695273        5.63191893057479       -0.48839187669806
H            7.12302105950536        3.89970131928108        1.33507127842120
H           -7.89022460428049        3.46707212983304        1.14222599134674
H           -0.68214079822010       -7.05985598779365       -0.13161799146221
H            2.92357710277905        5.80071834110783       -0.24141107224033
H           -2.60109046539138        6.57793341998442       -0.40004260583506
H            0.40373331349044        4.52288391552802        0.14372044017751
C            3.68370599172285        0.44311597217724        3.94050193609028
C            2.40761559866899       -0.34673608818508        3.64415192745551
N            1.43420224342162       -0.19841197823090        4.69754830808524
C            1.20118867654694        1.14048523968897        5.12171827435536
O            0.08739416436256        1.60320929172519        5.19875493631532
N            2.33232493180848        1.77837074084779        5.50213515102010
C            3.49397034495753        1.36167022236719        5.14468956996760
N            4.60233469096917        1.78450522232409        5.74012465271304
C            0.38897481054106       -1.16427618760872        4.85065008240796
C           -0.07597629204254       -1.27508854584974        6.32590879497748
C           -1.49890780133276       -0.70521621650217        6.34745084975361
C           -1.94898365926194       -0.94441481004837        4.89206922303878
O           -0.76732079851164       -0.85428915142934        4.09436672134549
C           -2.97893928090432        0.07131777667032        4.37943552169858
O           -2.74572364451413        1.38140141833300        4.80447337767110
O           -2.28702546553676       -1.35375646891478        7.29451115401060
F           -0.04552821721430       -2.57489627566767        6.70370629280790
F            0.76807173260605       -0.63934190167515        7.17117395350866
H            4.52534819022415       -0.22654745954766        4.12659413409408
H            2.62118682764845       -1.42608865465383        3.49153095686685
H            5.49517144274003        1.66741393364237        5.28200312618007
H            4.51204524559059        2.44945260969918        6.49142985109917
H            0.78831101270709       -2.14438206185947        4.54633612017335
H           -1.40998431134599        0.37306433905432        6.54083573063370
H           -2.35460341180686       -1.96423853958094        4.80798568941378
H           -3.00081735472795        0.00044814159541        3.27892542037597
H           -3.96847636357104       -0.20699122265416        4.75492764929762
H           -1.80270965918293        1.59885226727974        4.71770890202056
H           -3.06854830146405       -0.81979899496544        7.47461028813155
77
 energy: -168.415516318986 gnorm: 0.005499007767 xtb: 6.7.1pre (5071a88)
N           -0.34630182621332        0.08424337683793        1.46958379690441
C           -0.31428820193013        1.50510966438033        1.34430141529708
C            0.72907903780878       -0.58640964177334        1.88505176659188
C           -1.50604754311835       -0.52927930484459        0.98807654836747
N            0.85471963548087        2.11657388330592        1.57057475660818
N           -1.35328200144826        2.16759976245551        0.94207047057455
N            1.86048957257432        0.09316372682172        2.34498541610860
N            0.68811813077908       -1.95019639002466        1.95070451152728
N           -2.52763149137062        0.14881036516669        0.59210698154322
N           -1.49956511769216       -1.90561647253965        0.99958684785617
C            1.86740086926456        1.46275685482359        2.02024823749923
C           -0.55766191353436       -2.51598306161786        1.77757622123493
C           -2.45110744018223        1.48565138713969        0.61907459084942
N            3.08270058668747        2.04786168464696        2.14946415565837
N           -0.73848451102297       -3.80003054302380        2.15183903050859
N           -3.58933227702777        2.15957310561199        0.26323714746837
C            3.46007005777279        3.32456471842539        1.61573303042830
C            4.09536183367131        1.42876503429577        2.88733718639094
C           -3.66786958245332        3.58671571547986        0.17254517603296
C           -4.70761472206190        1.47962470293505        0.02770137637675
C            0.51031537573878       -4.58720832998034        1.76993658561858
C           -1.30404593302586       -4.52751921458792        0.96411330049087
N            4.69351819933729        3.67983329086237        1.57372564691567
N            5.30957678072594        1.78761426109604        2.85797537761109
N           -4.85160954032267        4.18792329728419        0.51104916419727
N           -5.71073371752779        0.97545421416410       -0.19335416238547
N            1.64783272734322       -4.00334215223708        1.82717471350889
N           -2.07501135859415       -3.91004397888035        0.15136593467557
C            5.69443486578584        2.86173215523714        2.06062603023957
C           -5.93558387692591        3.80980898381831        0.90476166692193
C           -0.21298744952957       -5.50674603659068        0.92176852969835
N            6.93071768745140        3.06346560533066        1.88962834775697
N           -6.96742500690134        3.72111090874195        1.50765660398307
N            0.05968162979511       -6.62892825115874        0.41549048837584
C            2.47528897634862        4.18358516221725        1.13423625121093
C           -2.64774439033372        4.30073469295221       -0.26378201339651
C            1.83270901882034       -2.74925619128803        2.13437472761855
C           -2.48403066451104       -2.68288763560750        0.34360082668826
C            1.40100360836616        4.63425046769107        0.53886121897132
C           -1.35424896210801        4.75768824884567       -0.77053350490235
N            2.42215058938823        5.60626610877746        0.62630969932757
N           -2.28129349235340        5.63345439225683       -0.47784373563079
H            7.13007273530490        3.88502114273549        1.32860914260210
H           -7.87989813802539        3.46665930827815        1.18950023778928
H           -0.67927988515375       -7.06355619626626       -0.12410614968156
H            2.92473956599837        5.80061498225731       -0.24266064505440
H           -2.59053437407485        6.58061178368838       -0.38736518113199
H            0.41015861391368        4.51402046807928        0.14263269449534
C            3.67883674364014        0.45029536764978        3.94702127830757
C            2.40712366718734       -0.34570034797311        3.64804374570792
N            1.42839959707504       -0.19762916667518        4.69356145135269
C            1.18522416091785        1.14260028519530        5.10573541803733
O            0.06823617292149        1.59767233795694        5.17331669635499
N            2.30926172056332        1.79111889154365        5.48617990931900
C            3.47661442690756        1.38136535138266        5.14282023504881
N            4.57995742098569        1.81694930346628        5.73710511659863
C            0.38548816215129       -1.16767159463949        4.84901138620788
C           -0.08120350606036       -1.26730478522791        6.32395348498459
C           -1.50530830677799       -0.69894777380304        6.33775140933798
C           -1.95180040997891       -0.95389726945251        4.88546243180153
O           -0.76810966834184       -0.86801187663084        4.08871797434378
C           -2.98415069630626        0.05054214833892        4.35860194407588
O           -2.75313271441659        1.36855698945804        4.75591972773842
O           -2.29346460220515       -1.34046477204371        7.28918334171120
F           -0.04927776985616       -2.56242775372203        6.71468748104169
F            0.76083047823541       -0.62219110707022        7.16372727009764
H            4.52094126936455       -0.21341347869838        4.14656912310905
H            2.62566869543113       -1.42331370367941        3.49470717333038
H            5.47428916268611        1.68712633506994        5.28508761138535
H            4.49045703354710        2.48738239747727        6.48458850103074
H            0.79126599543665       -2.14757671887407        4.55278290754717
H           -1.41829499586867        0.38056149523946        6.52221893934797
H           -2.35298924348475       -1.97566149962745        4.81144707841934
H           -3.00946751477377       -0.04232568775591        3.26043193816699
H           -3.97244567069595       -0.22282567761151        4.74106686011602
H           -1.80794940735192        1.58276391239460        4.68190931877846
H           -3.08152488124561       -0.81143365803307        7.45553378777384
77
 energy: -168.415597167398 gnorm: 0.006318371562 xtb: 6.7.1pre (5071a88)
N           -0.34099547116255        0.08293116441854        1.46891758941508
C           -0.30802676471351        1.50328526000165        1.34385303620102
C            0.73534210655191       -0.58858473688838        1.88105451590211
C           -1.50232716123505       -0.52916032599843        0.99082355377621
N            0.86261471260907        2.11327319088498        1.56462205991525
N           -1.34821915570396        2.16729443633552        0.94760159676103
N            1.86745096050892        0.09050003582378        2.34121354465136
N            0.69340104660160       -1.95219245514645        1.94916275725231
N           -2.52573838969702        0.14981758495731        0.60061788929639
N           -1.49593738546424       -1.90583539762985        1.00087410107348
C            1.87524806838126        1.45936090957190        2.01439734146612
C           -0.55296379922424       -2.51636654731302        1.77723505280215
C           -2.44834930462691        1.48649313865964        0.63002190391057
N            3.09089871204737        2.04362748376577        2.14222250431365
N           -0.73471996277011       -3.79933496834726        2.15262004019965
N           -3.58764606421242        2.16302369102928        0.28357129331738
C            3.47085230438782        3.31875468769155        1.60817387493783
C            4.09996303444406        1.42527060796115        2.88616069018549
C           -3.66349521465472        3.59037083694323        0.19383726306007
C           -4.70871978577556        1.48563627252499        0.05493016661249
C            0.51256331507446       -4.58929300575992        1.77387163194195
C           -1.30208801917688       -4.52933147042145        0.96768881425440
N            4.70538682064637        3.67064695014631        1.56579753616219
N            5.31507768872694        1.78145254308909        2.85818790162007
N           -4.84419210007193        4.19392596424075        0.53967756978498
N           -5.71730259944010        0.98206117169237       -0.15216152179135
N            1.65092992976258       -4.00676600231925        1.82973875157062
N           -2.07167723747308       -3.91150554412143        0.15385350948168
C            5.70344736110548        2.85156565323478        2.05727195117092
C           -5.92520965004950        3.81681910903771        0.94310472767466
C           -0.21210634216200       -5.50960036287177        0.92758047445952
N            6.94049085049522        3.05155249395710        1.88893633990326
N           -6.95320428068596        3.73125737740514        1.55303254470794
N            0.05990577945687       -6.63253028389476        0.42288430112080
C            2.48679596670600        4.17975557213189        1.12813747519300
C           -2.64456371070353        4.30214648945545       -0.24908535263752
C            1.83761664463751       -2.75199295977246        2.13330038133452
C           -2.47976220594384       -2.68406706010485        0.34408761759500
C            1.40888442611155        4.63030598265268        0.53914189622186
C           -1.35206146443648        4.75556462555052       -0.76132990692949
N            2.42964160645057        5.60359950755113        0.62527389647792
N           -2.27551141923364        5.63396213305547       -0.46484373859461
H            7.14115386780737        3.87121962050750        1.32536496538058
H           -7.86825353861802        3.47525601233638        1.24370202931289
H           -0.67942521106554       -7.06738523349484       -0.11613779249979
H            2.92752820648441        5.80094255455264       -0.24584313369249
H           -2.58162387055026        6.58193551080291       -0.37241798574927
H            0.41668488570881        4.50925772679884        0.14652471166971
C            3.67580777404271        0.45659126383363        3.95196786358600
C            2.40772204954250       -0.34423492659166        3.64885868810474
N            1.42270667628837       -0.19416594742193        4.68798277329160
C            1.16901160475733        1.14947028741720        5.08365306728013
O            0.04887251457184        1.59899270534929        5.13904491641610
N            2.28617415544002        1.80965526221196        5.46357921005185
C            3.45896306968477        1.40152930360895        5.13564551170201
N            4.55582309737853        1.84976710775156        5.73318530138876
C            0.38440690709941       -1.16940631989137        4.84783747403896
C           -0.08721189164150       -1.25531260300698        6.32244809162666
C           -1.51307539274483       -0.68988119463159        6.32440958492992
C           -1.95413843816370       -0.96854978716240        4.87441089568379
O           -0.76818324431423       -0.88468076353000        4.08016158006036
C           -2.99253718580043        0.01941170916741        4.32920359990725
O           -2.76555721368580        1.34784075503399        4.69249202229757
O           -2.30133034695651       -1.31972786950458        7.28356680863338
F           -0.05404078309688       -2.54621489426837        6.72679885538880
F            0.75045061707679       -0.59960650850812        7.15848005337033
H            4.51740184037209       -0.20363315905364        4.16694999864779
H            2.62967355059008       -1.42149642362680        3.49982217330070
H            5.45428743715193        1.71298940632605        5.29137179002115
H            4.45946330369587        2.52823728895562        6.47310633740934
H            0.79786050265047       -2.14984932649076        4.56256694983678
H           -1.42967103236647        0.39289344451063        6.49325175414361
H           -2.34665413057864       -1.99472693294850        4.81345952353757
H           -3.02305346760937       -0.10013110148192        3.23441443333173
H           -3.97760082850562       -0.24756894392664        4.72202933787099
H           -1.81837532219764        1.55664387131092        4.63010501337840
H           -3.09495200793447       -0.79375764824236        7.43464002198620
77
 energy: -168.415687111598 gnorm: 0.005426372663 xtb: 6.7.1pre (5071a88)
N           -0.33512515688076        0.08181932141506        1.46882919048577
C           -0.30163689751955        1.50143301327262        1.34323559031483
C            0.74185628669595       -0.59042413724876        1.87770803662526
C           -1.49837423784319       -0.52916531846710        0.99446587236353
N            0.87094697382239        2.11025815555499        1.55863930241105
N           -1.34312967005229        2.16663055670134        0.95308738471358
N            1.87537392357749        0.08744720449827        2.33750439506413
N            0.69889759554877       -1.95397522560984        1.94844446631430
N           -2.52345155464700        0.15019784760522        0.60937903925178
N           -1.49201673839585       -1.90618638287379        1.00331932331196
C            1.88281567975480        1.45602504307538        2.00902721506800
C           -0.54766542629426       -2.51705929708388        1.77774712618590
C           -2.44545390615114        1.48686104568546        0.64101637625111
N            3.09910083187843        2.03986442694826        2.13562498716854
N           -0.73004814381893       -3.79926997877610        2.15412135401275
N           -3.58593886891420        2.16578032656913        0.30403390827698
C            3.48236385815236        3.31334028725603        1.60037594439170
C            4.10422535883082        1.42295720298368        2.88501855699905
C           -3.65882549355588        3.59354926074424        0.21651740833023
C           -4.70952510667407        1.49089473237474        0.08209705722625
C            0.51539920987109       -4.59100655035037        1.77630995257582
C           -1.30017093921924       -4.53103979436506        0.97161685339121
N            4.71807029210455        3.66148420131104        1.55802649149856
N            5.32046492954065        1.77577165025302        2.85971694014328
N           -4.83643842845420        4.19924334368867        0.57019038588949
N           -5.71999654642990        0.98877807725129       -0.11854581087797
N            1.65415703747729       -4.00956902239217        1.83133072874071
N           -2.06948935347884       -3.91249467662610        0.15801775909614
C            5.71270631736207        2.84098819858645        2.05379922268869
C           -5.91436245729987        3.82301748341520        0.98275413567436
C           -0.21120702774270       -5.51212621814664        0.93197530364394
N            6.95072059909621        3.03686409450123        1.88678231252744
N           -6.93745075709262        3.73857196011543        1.60093314388659
N            0.05972835726234       -6.63570373637793        0.42813423365368
C            2.49991121434697        4.17675594399426        1.12125804901778
C           -2.64147929793086        4.30335954131218       -0.23308470550590
C            1.84279720497328       -2.75442957915592        2.13276955016551
C           -2.47630134447612       -2.68480252619421        0.34759911522216
C            1.41853914773843        4.62772154983994        0.53881810700123
C           -1.35006223313896        4.75310659883489       -0.75144756664028
N            2.44013005590373        5.60096880628862        0.62136167684613
N           -2.26974142003257        5.63406451935919       -0.45073543231514
H            7.15324690488288        3.85395149661896        1.31977856433730
H           -7.85551531456288        3.48315758208859        1.30039103808686
H           -0.68054847880043       -7.07022960932610       -0.11000663057673
H            2.93322997595391        5.79996999514178       -0.25218847370903
H           -2.57263508275452        6.58291024627707       -0.35659722579510
H            0.42461223643262        4.50689834881515        0.15074938974755
C            3.67198376690933        0.46381339614781        3.95739804527983
C            2.40760683735216       -0.34179149872057        3.64970089594123
N            1.41636816651405       -0.18956131057628        4.68335256698584
C            1.15321566984716        1.15681774153489        5.06295439913731
O            0.03033417564091        1.60163066299246        5.10629431459387
N            2.26390632055829        1.82823852265875        5.44206291245398
C            3.44106492958956        1.42194882877388        5.12725664954343
N            4.53132692295773        1.88438341812606        5.72663132946963
C            0.38337922828037       -1.16979256439927        4.84756336378824
C           -0.09456019014460       -1.24297601933837        6.32102384055005
C           -1.52250863035716       -0.68217323850983        6.31091456451701
C           -1.95694540839891       -0.98283306501616        4.86337277814141
O           -0.76857334410782       -0.90054515380148        4.07224586830540
C           -3.00192570658118       -0.01237953870375        4.30056422913470
O           -2.77645368655024        1.32499881578844        4.62971245875165
O           -2.31120134422773       -1.30150433694120        7.27595682356125
F           -0.05953904176258       -2.52957378427509        6.73794929371939
F            0.73733498992848       -0.57659545963789        7.15422770714951
H            4.51239543931667       -0.19346362058017        4.18768523245291
H            2.63262065937622       -1.41887824226503        3.50654765933158
H            5.43315339021508        1.74379492300295        5.29473387468627
H            4.42669590219114        2.57123693625144        6.45747673069007
H            0.80427836660248       -2.15012427288932        4.57275681923182
H           -1.44357296590614        0.40291783715225        6.46543270704702
H           -2.34142058379114       -2.01258154727764        4.81496617020403
H           -3.03916488021318       -0.15824831990013        3.20922764581532
H           -3.98394407914353       -0.27366492851307        4.70707997152258
H           -1.82757679109439        1.53019991582965        4.57603865198993
H           -3.11098022144455       -0.78045610642444        7.41166685424233
77
 energy: -168.415795875138 gnorm: 0.003466064779 xtb: 6.7.1pre (5071a88)
N           -0.32794290678983        0.08111035031080        1.46902326261598
C           -0.29400695285131        1.49960676204741        1.34101628584040
C            0.74929332488295       -0.59166843743519        1.87468931492719
C           -1.49337896011086       -0.52921209132851        0.99901753844386
N            0.88107597165046        2.10756710343715        1.55062830586573
N           -1.33677202060597        2.16567449360585        0.95711123942037
N            1.88486416552093        0.08440892864228        2.33406168130299
N            0.70589187707325       -1.95540846648985        1.94780650311757
N           -2.51986370821286        0.15007720455878        0.61811498703716
N           -1.48731443928768       -1.90659137561057        1.00782799667616
C            1.89077282064422        1.45276895021248        2.00341597450388
C           -0.54045802882508       -2.51810262389648        1.77882846830523
C           -2.44139379833078        1.48677885111172        0.65140982510706
N            3.10790298676061        2.03674175017996        2.12983976001983
N           -0.72229691199437       -3.79995858703630        2.15605740998170
N           -3.58304855796411        2.16808951575452        0.32460735120709
C            3.49616422050269        3.30725919394765        1.59077330204351
C            4.10806798133597        1.42206915685280        2.88494546255762
C           -3.65300051818326        3.59652146164739        0.24247139540950
C           -4.70950626532853        1.49585936094111        0.11048998813705
C            0.52123296398900       -4.59170553677472        1.77480428810039
C           -1.29769667393099       -4.53282930428823        0.97644363654759
N            4.73355100977576        3.64967815510970        1.54782816655798
N            5.32594689487849        1.76956235389229        2.86318488797224
N           -4.82695346389230        4.20342537585994        0.60731995856069
N           -5.72198071846887        0.99604921761574       -0.08337776616828
N            1.65973274586509       -4.01093426392533        1.82920061574706
N           -2.06969864004838       -3.91311632871501        0.16604773785727
C            5.72337490430558        2.82705511144587        2.04865187504455
C           -5.90067367205703        3.82742390019397        1.03062334824921
C           -0.20895877955055       -5.51367910004147        0.93343163655932
N            6.96265221907053        3.01483627891081        1.88021490553940
N           -6.91720941882214        3.74252266476155        1.65933277993421
N            0.06037346268515       -6.63777461006419        0.42949842587803
C            2.51704261940953        4.17423984736912        1.11151664873253
C           -2.63846093087142        4.30539990230192       -0.21424372462033
C            1.85020267209641       -2.75577540598681        2.13117468634983
C           -2.47455245922033       -2.68519058998034        0.35675313505804
C            1.43299935144742        4.62641765829455        0.53517934887064
C           -1.34811778936568        4.75097759386298       -0.73927357435318
N            2.45770328712005        5.59741048091052        0.61113107368789
N           -2.26300831876934        5.63470076558890       -0.43205310689040
H            7.16733886395026        3.82728182340832        1.30685591720117
H           -7.83859881499451        3.48836646803070        1.36879548445488
H           -0.68237625797892       -7.07200094900495       -0.10572351576993
H            2.94627946000641        5.79533701089995       -0.26514137450021
H           -2.56162975061810        6.58465758336060       -0.33469732224078
H            0.43688438614143        4.50756996421654        0.15270322872037
C            3.66600803340953        0.47419857830819        3.96521808193804
C            2.40628661609985       -0.33708071567784        3.65151171648911
N            1.40707868649191       -0.18220478127608        4.67876542996889
C            1.13403289799140        1.16639140343856        5.04065540608455
O            0.00886301817234        1.60560171109973        5.07165390895890
N            2.23784304373525        1.84888522554452        5.42027505419477
C            3.41937869467070        1.44609855919169        5.11757853834541
N            4.50214361523115        1.92684529353185        5.71710333700452
C            0.38105967383868       -1.16815542079174        4.84846155231327
C           -0.10487052034793       -1.22843186126195        6.31985655677641
C           -1.53602814316892       -0.67622444158252        6.29619996146639
C           -1.96184782591642       -0.99997873622864        4.85161358246011
O           -0.77057681993128       -0.91728408448304        4.06482980393893
C           -3.01262992087147       -0.04861112742144        4.27124126216477
O           -2.78993648449964        1.29744545263085        4.56237486367935
O           -2.32482209367146       -1.28623640124645        7.26637336778777
F           -0.06524079428016       -2.50967484982882        6.75116127086904
F            0.71850236666838       -0.54784485543026        7.15000898898936
H            4.50422609551695       -0.17956926647153        4.21260918900683
H            2.63508584281745       -1.41397173093203        3.51716870646810
H            5.40916561484418        1.78189767678001        5.29757368505011
H            4.38686380308493        2.62344019599296        6.43606339684733
H            0.81001056181879       -2.14760822012874        4.58508377170915
H           -1.46386005651856        0.41122502697476        6.43579838815884
H           -2.33738426312292       -2.03338222238489        4.81608857103782
H           -3.05524317967646       -0.22233434403554        3.18563103592334
H           -3.99133782958122       -0.30199295195706        4.68838604611293
H           -1.83992411805057        1.49987129712605        4.52102891893958
H           -3.13329394618948       -0.77481397831578        7.38406215513771
77
 energy: -168.415867061596 gnorm: 0.005622643122 xtb: 6.7.1pre (5071a88)
N           -0.31908281854345        0.07981827471137        1.46829393577984
C           -0.28408517573754        1.49742071235097        1.33807981441739
C            0.75894400119698       -0.59366121842763        1.86983664450331
C           -1.48698538474366       -0.52946880674502        1.00309305637169
N            0.89355433897473        2.10455705735584        1.54126505331694
N           -1.32862395384435        2.16478724286373        0.96192203534096
N            1.89652460832826        0.08081891106531        2.32851253563702
N            0.71432810875965       -1.95753899203061        1.94649275114057
N           -2.51566165078888        0.15068066291920        0.62939574440025
N           -1.48065361759892       -1.90724274463711        1.01034508051281
C            1.90149511109812        1.44878015575238        1.99503632393463
C           -0.53194731123061       -2.51917543212630        1.77896700074788
C           -2.43671665918151        1.48738800682866        0.66539819730766
N            3.11971931512678        2.03167557172220        2.12187182191542
N           -0.71415021913215       -3.80017162136713        2.15736585649638
N           -3.58055641520071        2.17118185270933        0.35178725925419
C            3.51320126380661        3.29959258934143        1.57961996077841
C            4.11430060457083        1.42005571638942        2.88544332105255
C           -3.64695682913823        3.60026908730851        0.27551667266666
C           -4.71135597202551        1.50220789940062        0.14990942013445
C            0.52739730153941       -4.59357327442558        1.77564927635820
C           -1.29429887040041       -4.53498262757024        0.98092085613749
N            4.75214348613927        3.63613386909238        1.53725829848999
N            5.33347785645345        1.76247804027416        2.86711456106032
N           -4.81576201910405        4.20934231036796        0.65360972433131
N           -5.72560080443813        1.00525471781786       -0.03612483069633
N            1.66628945410435       -4.01404624762239        1.82947692833413
N           -2.06744543484096       -3.91447323867836        0.17201485294206
C            5.73718069569515        2.81096222679442        2.04291670241625
C           -5.88461992391107        3.83498845174164        1.09100627025494
C           -0.20610575568217       -5.51643742345009        0.93729015903609
N            6.97752583423692        2.98911458910251        1.87169909744849
N           -6.89301951738999        3.75139054979005        1.73324188962523
N            0.06146469239035       -6.64176734627134        0.43497126241407
C            2.53712433495846        4.16977556138607        1.10017414906950
C           -2.63497757726337        4.30752312439297       -0.18930700350487
C            1.85841250891816       -2.75841811513572        2.13060862528898
C           -2.47012734874635       -2.68565505050388        0.36260761543370
C            1.45079405631740        4.62356847617410        0.52950789066773
C           -1.34612886309311        4.74855794454617       -0.72267463611151
N            2.47886499692944        5.59206637971404        0.59897177071075
N           -2.25498965565399        5.63538279892865       -0.40614480107091
H            7.18612785104672        3.79578607433851        1.29141591344264
H           -7.81886659872289        3.49878207199613        1.45523372916387
H           -0.68334475382308       -7.07633580662918       -0.09719542522983
H            2.96339138274731        5.78847377833137       -0.27984929666616
H           -2.54838342578008        6.58656954180861       -0.30375279024320
H            0.45217917886253        4.50744682254062        0.15312284163592
C            3.65981883628327        0.48623787467632        3.97430022677885
C            2.40590856666000       -0.33170620351968        3.65253602083665
N            1.39597913778396       -0.17270466889109        4.67056003963954
C            1.10947265528329        1.17943039648305        5.00958749456933
O           -0.01947230189199        1.61192385650058        5.02118169899069
N            2.20473042421599        1.87533454422032        5.39135115223084
C            3.39263093319638        1.47484645700733        5.10694066313907
N            4.46515922928160        1.97510688277319        5.71020764991939
C            0.37805882644309       -1.16489560309303        4.84798346126355
C           -0.11601631588235       -1.20726413295291        6.31797921439058
C           -1.55080125233764       -0.66542466287969        6.27765431028230
C           -1.96698305974209       -1.02232676535624        4.83700842667562
O           -0.77308455537987       -0.93626443904506        4.05476779339206
C           -3.02891188913863       -0.09799718740695        4.23244016369636
O           -2.80890813495883        1.26338900495943        4.47047436740747
O           -2.33879985043008       -1.26162131718453        7.25747868649179
F           -0.07045184298425       -2.48205653136834        6.76826461025395
F            0.69778021403909       -0.50851066331046        7.14316235048568
H            4.49571266916584       -0.16264738010104        4.24374838492509
H            2.63917091797383       -1.40828623474957        3.52870240273244
H            5.37943089716813        1.82725271301116        5.30707052126170
H            4.33530641873153        2.68278211052710        6.41599813477138
H            0.81643561674869       -2.14449801246568        4.60037203271435
H           -1.48719774267806        0.42614626811043        6.39513348219882
H           -2.32803482448317       -2.06254329009826        4.81942363203495
H           -3.08419231474551       -0.31215191693096        3.15125798079381
H           -4.00220518961064       -0.34313671785563        4.67005521610118
H           -1.85774938667247        1.46179552697805        4.44131299626412
H           -3.15677910761907       -0.76009503240570        7.35382477073573
77
 energy: -168.415945878692 gnorm: 0.005741306856 xtb: 6.7.1pre (5071a88)
N           -0.31447386903334        0.08003135939886        1.46878453735519
C           -0.27859591984312        1.49705271412116        1.33465542564450
C            0.76366734415179       -0.59322093981577        1.86918547447619
C           -1.48324563317363       -0.52966019041966        1.00607617697586
N            0.90028853225323        2.10421755596363        1.53505063017255
N           -1.32344646387438        2.16439909651883        0.96034426912234
N            1.90138121546184        0.08089195270560        2.32878812913377
N            0.72035390129104       -1.95744906847394        1.94516650471396
N           -2.51212959437214        0.15060169070342        0.63334100328776
N           -1.47756443681804       -1.90739708106035        1.01553125158997
C            1.90612084828541        1.44793570126684        1.99175337910407
C           -0.52563605464132       -2.51989893211219        1.77956153066069
C           -2.43295455170514        1.48719696232912        0.66878395394071
N            3.12500341278711        2.03026424950509        2.12028094251489
N           -0.70510630939165       -3.80133762223058        2.15791269907761
N           -3.57719308712054        2.17159161930932        0.35975594603886
C            3.52309376221728        3.29424687505947        1.57162227509138
C            4.11616716764887        1.42082556239283        2.88902662584473
C           -3.64333694786726        3.60117564680230        0.29128223980169
C           -4.70947959536772        1.50389150891859        0.16293803061418
C            0.53622007907731       -4.59155543187705        1.76718099262254
C           -1.29186637363511       -4.53523796339573        0.98393545939256
N            4.76343155114585        3.62499311920347        1.52756602813194
N            5.33649746576124        1.75831267379882        2.87073586551250
N           -4.80936100757333        4.20871185183654        0.67978681156799
N           -5.72564557385546        1.00903398898230       -0.01747693257502
N            1.67437956332954       -4.01167790138225        1.82021276829102
N           -2.07220516120343       -3.91438181187734        0.18213962203624
C            5.74483305764427        2.79774788604256        2.03647088021110
C           -5.87407263477127        3.83292015478152        1.12549083910799
C           -0.20158252213602       -5.51403008608329        0.93173370980906
N            6.98565226601143        2.96610757522619        1.85884122586077
N           -6.87669140004123        3.74701451302812        1.77619872760338
N            0.06481029722926       -6.63885042445559        0.42747967069710
C            2.55046256773658        4.16693078569196        1.08992401223690
C           -2.63407870352468        4.31009292173920       -0.17643027976478
C            1.86613072978786       -2.75658150378311        2.12669423976705
C           -2.47322271097851       -2.68538367935817        0.37596742730627
C            1.46544500156667        4.62246629438546        0.51857888599111
C           -1.34552160218958        4.74906820413965       -0.71258383872591
N            2.49840901822390        5.58664208663084        0.58195329850098
N           -2.25018629619642        5.63723152237470       -0.38780558617124
H            7.19654096519543        3.76646211042283        1.27053971880511
H           -7.80442165854146        3.49474034159560        1.50485168300642
H           -0.68338645201840       -7.07441051251440       -0.09921770409922
H            2.98314022396645        5.77688164801960       -0.29793344836250
H           -2.53953039931799        6.58912821660648       -0.27958797924716
H            0.46534239942213        4.51024090844114        0.14537867091540
C            3.65383804752305        0.49642807145530        3.98281104173617
C            2.40386396838766       -0.32593754805651        3.65637837054016
N            1.38740541037578       -0.16536589761994        4.66851909430619
C            1.09470520295971        1.18621023228544        4.99935361429118
O           -0.03584546768945        1.61459625957478        5.00128131899922
N            2.18557418528342        1.88830594373626        5.38283223848667
C            3.37612592167963        1.49262432676308        5.10388155895663
N            4.44358552384930        2.00542628342318        5.70505618340069
C            0.37365381000911       -1.15994653363645        4.84883355341728
C           -0.12478572540959       -1.19591643169375        6.31730936868007
C           -1.56281658848378       -0.66498335463155        6.26917334818029
C           -1.97165240732563       -1.03164139359795        4.83063158251219
O           -0.77619308221151       -0.94109852656855        4.05180328934686
C           -3.03755575705113       -0.11936632244318        4.21901968379833
O           -2.81856682077306        1.24113292751686        4.43787495227658
O           -2.34963802292314       -1.26112441138090        7.24905571471415
F           -0.07149555088269       -2.46667007240360        6.77649368386916
F            0.68124841846050       -0.48539965451129        7.14005188928980
H            4.48756539057164       -0.14910362817701        4.26464729150895
H            2.64036319048371       -1.40173188755142        3.53907219513365
H            5.35982682834689        1.86045821225457        5.30861473699164
H            4.30649045421642        2.71763797870162        6.40348937167023
H            0.81597136932938       -2.13889677060628        4.60840780323783
H           -1.50708939875123        0.42658108385209        6.38122247878943
H           -2.32639188694663       -2.07330565003578        4.81779590849489
H           -3.09738005557319       -0.34600760733633        3.14295829118476
H           -4.00934874050818       -0.36029804182212        4.66435381863478
H           -1.86795781315520        1.44176670785046        4.41717958054450
H           -3.17593481418789       -0.77235244457639        7.33412624484599
77
 energy: -168.416023090447 gnorm: 0.004819983015 xtb: 6.7.1pre (5071a88)
N           -0.30860986381329        0.07957915986769        1.46895173556348
C           -0.27156558867468        1.49628094027910        1.33241167439342
C            0.77020468397470       -0.59387491860503        1.86714141150521
C           -1.47865252406509       -0.52977830805586        1.00950712290372
N            0.90838046055051        2.10304359850937        1.52867299783663
N           -1.31712277136729        2.16414193480473        0.96121032431511
N            1.90763065949135        0.08037764511952        2.32765596676782
N            0.72730647484335       -1.95818806234021        1.94342721227814
N           -2.50838693044804        0.15124880636270        0.64051497821328
N           -1.47339122438381       -1.90748478321443        1.01958630732111
C            1.91346088874529        1.44647498220577        1.98621158913563
C           -0.51887846436204       -2.52050034289577        1.77974379831428
C           -2.42857750263236        1.48770175663205        0.67616665415011
N            3.13320048923282        2.02663560251140        2.11473880315578
N           -0.69684760399012       -3.80189085051887        2.15842372911698
N           -3.57386185056314        2.17306379158557        0.37415437910479
C            3.53591609957202        3.28705826349929        1.56143878029236
C            4.12002483985999        1.41971274485635        2.89182177025767
C           -3.63914523379604        3.60309346687736        0.31350787901921
C           -4.70881005897335        1.50734152265830        0.18579712690151
C            0.54403797866265       -4.59054879708828        1.76205222739810
C           -1.28872144433002       -4.53511415980577        0.98660672247156
N            4.77765246790543        3.61209793701539        1.51684606469747
N            5.34133443705187        1.75280394632485        2.87360982012336
N           -4.80112126795578        4.21014976562278        0.71440728045222
N           -5.72824527202284        1.01457762068859        0.01493017535960
N            1.68234849609086       -4.01119998265512        1.81423772382011
N           -2.07431976189840       -3.91425621044897        0.18996342060445
C            5.75531707632635        2.78230799840303        2.02928137510753
C           -5.86090404951126        3.83384040772324        1.17129794764840
C           -0.19708396065165       -5.51245574369335        0.92884581799671
N            6.99650380835772        2.94050915870782        1.84598212314117
N           -6.85696132582010        3.74776030388308        1.83191844853321
N            0.06817242766387       -6.63726390403790        0.42358592679049
C            2.56594484003578        4.16148700193082        1.07759583076999
C           -2.63220265239738        4.31270283692019       -0.15830355298918
C            1.87405600119337       -2.75629300182311        2.12408062707159
C           -2.47406369878454       -2.68492385607375        0.38614298014024
C            1.48147023541513        4.61866414183022        0.50645016237679
C           -1.34458280576666        4.74980745026598       -0.69863559717585
N            2.51848201471162        5.57930590161630        0.56403543718549
N           -2.24429359045219        5.63935031657375       -0.36386491631671
H            7.21170649363253        3.73401270904071        1.25002349435858
H           -7.78684521150532        3.49433525661738        1.56929475652383
H           -0.68214334123700       -7.07340386787023       -0.09956850655087
H            3.00262243353295        5.76389365738412       -0.31743003296564
H           -2.52916627103247        6.59180225335499       -0.24854752573037
H            0.47945456085841        4.50983874842891        0.13729621405092
C            3.64746486398172        0.50821313044586        3.99173613345374
C            2.40279155730973       -0.32009704312247        3.65994457273701
N            1.37831125336446       -0.15714795005030        4.66372476483141
C            1.07544805109966        1.19562101642592        4.98068914315969
O           -0.05730284025831        1.61547773836724        4.97231460881532
N            2.15946335611263        1.90814868307412        5.36518453496068
C            3.35437030428837        1.51700437586302        5.09845293004932
N            4.41369056737550        2.04412720071364        5.70206055766170
C            0.36945240083944       -1.15548375036204        4.84881581107447
C           -0.13447695196388       -1.18000088950967        6.31614439432164
C           -1.57609959144457       -0.66019554422515        6.25705770772440
C           -1.97609490346466       -1.04648795901671        4.82099120079347
O           -0.77867062019677       -0.95023719070273        4.04604390291859
C           -3.04858060304389       -0.15170657452364        4.19596891686488
O           -2.83331927330888        1.21596602585331        4.38089603893317
O           -2.36146645292038       -1.25165677144570        7.24118650308636
F           -0.07346861945871       -2.44577825455397        6.78830590660527
F            0.66337691279380       -0.45546741198509        7.13468288744905
H            4.47927200491614       -0.13208353900423        4.29090032317794
H            2.64350460096369       -1.39509162443644        3.55013230746951
H            5.33657278922545        1.89741143234876        5.31840524616832
H            4.26540329532709        2.76304823654486        6.39176427862641
H            0.81763997040271       -2.13455629233692        4.61929543929545
H           -1.52931792496174        0.43329977251462        6.35693618889854
H           -2.31973159306985       -2.09212185537454        4.81738125670720
H           -3.11343485567290       -0.40188267278843        3.12586555001366
H           -4.01694277753143       -0.38587435097785        4.65014302219249
H           -1.88191560722562        1.41475251789209        4.37352887951587
H           -3.19666091014362       -0.77502729473682        7.31092230848425
77
 energy: -168.416109340299 gnorm: 0.002993125240 xtb: 6.7.1pre (5071a88)
N           -0.30295872985582        0.07918716348664        1.46948230677219
C           -0.26480965815357        1.49601635811277        1.33150740827204
C            0.77677830445977       -0.59437005619401        1.86599084351011
C           -1.47405060661029       -0.52984455085761        1.01298562525979
N            0.91524525132859        2.10242088562821        1.52419254433127
N           -1.31112084612154        2.16422189610294        0.96216948346809
N            1.91252379543183        0.08101670158525        2.32793825993100
N            0.73431030186665       -1.95855091922608        1.94171877944749
N           -2.50458162714101        0.15210175297872        0.64800840420316
N           -1.46916443831588       -1.90732046456371        1.02349186677295
C            1.92106079717089        1.44609090984873        1.98101820892711
C           -0.51240139136072       -2.52080814211348        1.77994100614678
C           -2.42413323133922        1.48848780078368        0.68349862994221
N            3.14170619276467        2.02256777770504        2.10816404288573
N           -0.68896217269887       -3.80242490478215        2.15891626565201
N           -3.57055762491580        2.17409665964654        0.38695234144329
C            3.54893195420637        3.27913613840881        1.55027989428205
C            4.12397661645052        1.41891522680345        2.89616687999400
C           -3.63566950466540        3.60449990756463        0.33565991069028
C           -4.70769425314372        1.51000964379195        0.20728570828418
C            0.55213668691962       -4.58871256001597        1.75616575992045
C           -1.28455484390833       -4.53331007116088        0.98779404446292
N            4.79186692566077        3.59888732597602        1.50595028229931
N            5.34597902322920        1.74827247239194        2.87680177559125
N           -4.79337873565942        4.21020968583594        0.74909932035096
N           -5.72908132291410        1.01935878902791        0.04293447514731
N            1.69080317439103       -4.00997874452368        1.80782915441359
N           -2.07627678009311       -3.91320050184259        0.19702919091199
C            5.76597617147548        2.76593497497668        2.02139542142901
C           -5.84776037942487        3.83318428436532        1.21738300297575
C           -0.19120877842720       -5.50897302674105        0.92374852714104
N            7.00704868797361        2.91162612865213        1.83018005786898
N           -6.83662274773111        3.74645694309505        1.88863713479017
N            0.07308960687201       -6.63324319735953        0.41657614041583
C            2.58125689716280        4.15370773342893        1.06216792529780
C           -2.63057626005640        4.31550565775023       -0.13848151374953
C            1.88183875918989       -2.75553377230756        2.12246215068780
C           -2.47560549939914       -2.68370083401971        0.39657777497986
C            1.49902214716884        4.61258926727732        0.48775650845323
C           -1.34442821372239        4.75286466524302       -0.68233360372058
N            2.54032629323817        5.56896347761980        0.53920251507216
N           -2.23911871647548        5.64247594835359       -0.33492422152709
H            7.22874771625413        3.69657623533005        1.22580998239631
H           -7.76861249736082        3.49191812692109        1.63439185731767
H           -0.67852478330926       -7.06964053779718       -0.10423254524196
H            3.02585910908816        5.74461419440852       -0.34352355731751
H           -2.51969320792505        6.59487929724421       -0.20986591113571
H            0.49499774737923        4.50769303293213        0.12240020392215
C            3.64060680915370        0.52159373971494        4.00135228626237
C            2.40180639371497       -0.31332708884718        3.66507846528291
N            1.36993836135165       -0.14834391026895        4.65965326478025
C            1.05621031717942        1.20550677245235        4.96393134334943
O           -0.07970871731940        1.61704117949595        4.94285048988827
N            2.13293301744590        1.92936045949626        5.34793717049085
C            3.33212290013188        1.54185505488522        5.09516467263628
N            4.38248738567523        2.08091220400940        5.70269927597577
C            0.36442004571916       -1.14923555270031        4.84842590564168
C           -0.14429807664257       -1.16277448112442        6.31482584641653
C           -1.58985359875038       -0.65566851955918        6.24532798074674
C           -1.98019141715070       -1.06041646209166        4.81119631257314
O           -0.78103242995527       -0.95508882982477        4.04036647741870
C           -3.06051272188461       -0.18369331358226        4.17429155216874
O           -2.84920480931996        1.18975702950882        4.32665821102836
O           -2.37314423395698       -1.24467315877581        7.23326088488369
F           -0.07422645688206       -2.42363542964455        6.79957159459391
F            0.64508690108110       -0.42433021986388        7.12840155983953
H            4.47027931242784       -0.11253896216506        4.31827268448352
H            2.64705536828658       -1.38721175390755        3.56171219752463
H            5.31076099341918        1.93646314401633        5.33108714806901
H            4.22245120575652        2.80464894855355        6.38512171911121
H            0.81749251437391       -2.12879739948433        4.62952155107389
H           -1.55343535835064        0.43958050662299        6.33401643792781
H           -2.31040738363959       -2.11061771833237        4.81553813813738
H           -3.13134663750292       -0.45625712505897        3.11035779082803
H           -4.02467925809156       -0.41171798534336        4.63860345850533
H           -1.89760514521418        1.38777970136177        4.33264987974548
H           -3.21593858939910       -0.78104760945167        7.29051943867926
77
 energy: -168.416128896409 gnorm: 0.001841158718 xtb: 6.7.1pre (5071a88)
N           -0.30287600847369        0.07940269357477        1.46970830825618
C           -0.26490369034003        1.49628210462404        1.33237764201740
C            0.77680215709844       -0.59417525427102        1.86642401701821
C           -1.47395565383921       -0.52959801591265        1.01322208383273
N            0.91502901758541        2.10245052416632        1.52442850053015
N           -1.31138552321594        2.16436710638977        0.96293784400515
N            1.91237860007675        0.08126189997566        2.32808044404329
N            0.73418521006142       -1.95820204704787        1.94224356673770
N           -2.50464783614273        0.15198111163786        0.64835784976455
N           -1.46897427142162       -1.90706407617565        1.02342744481264
C            1.92129421962972        1.44648170029845        1.98110165606040
C           -0.51260548274185       -2.52055384893105        1.78031198985529
C           -2.42422362863793        1.48848823128014        0.68400789201710
N            3.14197253380719        2.02270377824292        2.10725168450464
N           -0.68951907289938       -3.80235927574405        2.15939335295064
N           -3.57070148614019        2.17411151570739        0.38716110196109
C            3.54939872699045        3.27890974756622        1.54924471165872
C            4.12360624752090        1.41957757334334        2.89633899720198
C           -3.63562945022782        3.60451462037563        0.33647010812576
C           -4.70788336870798        1.50999989626633        0.20841774018919
C            0.55177839252320       -4.58836802973904        1.75700939249657
C           -1.28349179288220       -4.53253042880344        0.98700521901130
N            4.79238509782501        3.59888062152854        1.50525097624668
N            5.34559744709205        1.74920811440554        2.87758291788965
N           -4.79343626513749        4.20992505232134        0.75005521661818
N           -5.72871624125608        1.01915627403170        0.04049369624735
N            1.69035044926428       -4.00956908746821        1.80934959680762
N           -2.07481035250307       -3.91258205946542        0.19595789189090
C            5.76593226775898        2.76581187618451        2.02166682676383
C           -5.84771417443529        3.83278446817332        1.21844665132115
C           -0.19043820290191       -5.50830342005987        0.92327107972726
N            7.00702616156845        2.91020680803262        1.83061948241577
N           -6.83636625889923        3.74588352431303        1.89000770388766
N            0.07398895118866       -6.63225309334817        0.41551814408590
C            2.58186818895990        4.15277556383737        1.05948315018416
C           -2.63042772097496        4.31570331324815       -0.13724939202432
C            1.88149650399113       -2.75524498140402        2.12392967720612
C           -2.47481794320863       -2.68337754550565        0.39573509456755
C            1.49986552778196        4.61125596726184        0.48420781900759
C           -1.34499424488696        4.75421355993090       -0.68175911833713
N            2.54102813712735        5.56751087268269        0.53471569054818
N           -2.23955555288659        5.64312771722800       -0.33272329624304
H            7.22954524219364        3.69412627860279        1.22554141349408
H           -7.76843028839407        3.49148354787366        1.63571663841196
H           -0.67698200560277       -7.06804425451683       -0.10685667254293
H            3.02672489449624        5.74179121648375       -0.34818217557860
H           -2.52021808897454        6.59519113261166       -0.20616630935835
H            0.49573860617863        4.50598157629020        0.11910762612179
C            3.64038340923681        0.52241113817269        4.00154240264947
C            2.40159526063036       -0.31282901261403        3.66555258101447
N            1.37012656683775       -0.14782377625711        4.66002985982338
C            1.05610009640191        1.20620042454418        4.96333032840653
O           -0.08008972579971        1.61710145979910        4.94379161087803
N            2.13262579263505        1.93024233197743        5.34627613445858
C            3.33167239849403        1.54222880771907        5.09535973536147
N            4.38139858613398        2.08063646071504        5.70426830674502
C            0.36425525231732       -1.14881319228277        4.84838394011364
C           -0.14420105033320       -1.16263471222038        6.31479769428850
C           -1.58997675256750       -0.65616894819239        6.24536041564506
C           -1.98017930302203       -1.05949616108666        4.81083423887177
O           -0.78116499489825       -0.95362232976905        4.04004900092993
C           -3.06120478772031       -0.18417633412131        4.17395687856299
O           -2.84925910002902        1.18878416710057        4.32622981002124
O           -2.37351622232559       -1.24632545261600        7.23235024117588
F           -0.07378869393697       -2.42324591046596        6.79988531023506
F            0.64468297589692       -0.42360622516950        7.12794860748026
H            4.46997909226917       -0.11149383345957        4.31858354782771
H            2.64708973338578       -1.38679664219841        3.56186010168372
H            5.30943161712610        1.93506107404740        5.33389297750109
H            4.22124551155318        2.80388891272713        6.38713386099095
H            0.81711069687353       -2.12832612232262        4.62878518552782
H           -1.55402924116136        0.43881993213615        6.33507766301814
H           -2.30953772022277       -2.10956526554746        4.81540974522276
H           -3.13318763011643       -0.45722035705887        3.11011137844731
H           -4.02427044590402       -0.41213506711871        4.64130536281576
H           -1.89791485659465        1.38713290841949        4.33156405184051
H           -3.21566243953677       -0.78155484509179        7.29038115348489
