60
 energy: -137.719829398026 gnorm: 0.010810755722 xtb: 6.7.1pre (5071a88)
N           -0.00168400000000        0.05080100000000        0.38102400000000
C            0.03489600000000        1.45341700000000        0.12329200000000
C            1.21506700000000       -0.63025200000000        0.37221900000000
C           -1.21788100000000       -0.59136800000000        0.28582200000000
N            1.18287100000000        2.05836700000000        0.00138700000000
N           -1.10059300000000        2.10754600000000       -0.00828300000000
N            2.34043400000000       -0.00188700000000        0.22262000000000
N            1.15689600000000       -1.97041800000000        0.52084000000000
N           -2.31255300000000        0.06413500000000        0.03674900000000
N           -1.22353500000000       -1.93253100000000        0.44700100000000
C            2.29884500000000        1.32573300000000        0.07668900000000
C           -0.04929100000000       -2.55215200000000        0.84215000000000
C           -2.21965800000000        1.40112800000000       -0.04579200000000
N            3.51207000000000        1.93103000000000       -0.03371100000000
N           -0.08697900000000       -3.88547900000000        1.21418100000000
N           -3.41539100000000        2.02678400000000       -0.21272200000000
C            3.79432200000000        3.33273900000000        0.08563600000000
C            4.65966600000000        1.21201900000000       -0.15820800000000
C           -3.63420900000000        3.44000800000000       -0.24751600000000
C           -4.48754700000000        1.24403500000000       -0.38227500000000
C            0.91800200000000       -4.56331200000000        0.30380400000000
C           -1.03870500000000       -4.51451900000000        0.22854700000000
N            4.97855300000000        3.80063500000000       -0.14345500000000
N            5.79398200000000        1.65009800000000       -0.28273400000000
N           -4.93239700000000        3.88076700000000       -0.22018700000000
N           -5.43845000000000        0.63541300000000       -0.56090300000000
N            2.01660400000000       -3.97357300000000        0.02442100000000
N           -2.09710000000000       -3.90309700000000       -0.14181500000000
C            6.06983000000000        3.03951000000000       -0.43308300000000
C           -6.03788400000000        3.41264600000000       -0.03845700000000
C           -0.04828900000000       -5.44608400000000       -0.30669700000000
N            7.21387000000000        3.39498000000000       -0.79291100000000
N           -7.16301700000000        3.25889700000000        0.34315000000000
N            0.02937600000000       -6.52846100000000       -0.94770700000000
C            2.79502700000000        4.19275000000000        0.52575700000000
C           -2.65924100000000        4.32835900000000       -0.33004700000000
C            2.32828000000000       -2.77377700000000        0.39543000000000
C           -2.39942700000000       -2.68807200000000        0.21349900000000
C            1.60969400000000        4.75217600000000        0.57702500000000
C           -1.41112700000000        5.09054500000000       -0.38743300000000
N            2.66169000000000        5.64837200000000        0.88749800000000
N           -2.55079100000000        5.72567900000000       -0.35756000000000
H            7.36493300000000        4.38136400000000       -0.95138300000000
H           -7.96095000000000        2.88658400000000       -0.13023600000000
H           -0.85622700000000       -6.93123600000000       -1.23318100000000
H            2.89505100000000        6.32177400000000        0.15334200000000
H           -3.07776600000000        6.57695800000000       -0.35270900000000
H            0.55073300000000        4.73097000000000        0.43692000000000
C            0.48723900000000       -1.28258800000000        4.74632100000000
C            1.34761000000000       -0.25044100000000        4.68535800000000
C            0.89111900000000        1.14034800000000        4.62099000000000
O            1.57530600000000        2.12804500000000        4.56418100000000
N           -0.50124400000000        1.21777300000000        4.63244500000000
C           -1.42481100000000        0.19790400000000        4.69349300000000
O           -2.61430700000000        0.37461000000000        4.69776400000000
N           -0.85887300000000       -1.06145800000000        4.75010000000000
F            2.66967800000000       -0.47517000000000        4.68202500000000
H            0.82487000000000       -2.30633300000000        4.79368300000000
H           -0.89132800000000        2.15410400000000        4.59002100000000
H           -1.50525900000000       -1.83679400000000        4.79589600000000
60
 energy: -137.720158529217 gnorm: 0.005936412161 xtb: 6.7.1pre (5071a88)
N           -0.00197062315597        0.05155422258017        0.39004377083928
C            0.03461062857822        1.45439900808979        0.13160320321089
C            1.21550315449764       -0.62919388319753        0.37900026958326
C           -1.21846199765996       -0.59053955080699        0.29068034559797
N            1.18257831488514        2.05931304016682        0.01124749892955
N           -1.10120176448078        2.10821084570174       -0.00046272290228
N            2.34049484649293       -0.00080915266209        0.22996738951695
N            1.15763969838589       -1.96960052355337        0.52733777228186
N           -2.31296926141468        0.06457930288797        0.04181618309964
N           -1.22414904098914       -1.93184630198944        0.45250699486827
C            2.29893624817635        1.32706340847720        0.08717698308037
C           -0.04938663427398       -2.55063212805620        0.85046292042262
C           -2.22060781746285        1.40162912666834       -0.03955876682135
N            3.51199668744333        1.93143422916983       -0.02486699612136
N           -0.08791684125774       -3.88578431728895        1.22421303899294
N           -3.41597256686805        2.02641866635171       -0.20853500279694
C            3.79530836441313        3.33339686415485        0.09224632787178
C            4.65866237528159        1.21371743684449       -0.15213905330544
C           -3.63515018736294        3.43987291421401       -0.24523356379373
C           -4.48797982804504        1.24341063576159       -0.37692051371267
C            0.91738927608602       -4.56212375576173        0.30955291242215
C           -1.03791993627092       -4.51357871731185        0.23302683763210
N            4.97903604063167        3.80017533826697       -0.14113856459416
N            5.79210897628302        1.65028780590108       -0.28095950571133
N           -4.93275553135346        3.88149191537566       -0.21802108767187
N           -5.43412572966381        0.63068402273141       -0.56781136139725
N            2.01554729971710       -3.97253872101888        0.02908979781816
N           -2.09557421982757       -3.90191399518867       -0.13849733508675
C            6.06981524702494        3.03911805970480       -0.43134185470815
C           -6.03740445284364        3.41438414485906       -0.03142678016154
C           -0.04809834123731       -5.44506010429343       -0.30220365857288
N            7.21246039120590        3.39263082987474       -0.79566161495142
N           -7.16630738681934        3.27163610779815        0.34116609921955
N            0.03044152479946       -6.52751158855538       -0.94269974206695
C            2.79556746465512        4.19443966039899        0.52797740346211
C           -2.65970335773243        4.32779941753923       -0.32931445317046
C            2.32794310926092       -2.77305400945567        0.40050283105428
C           -2.39911321987373       -2.68717249425005        0.21733954893104
C            1.60999601621650        4.75340143804085        0.57799234170275
C           -1.41137524838529        5.08915370018197       -0.38928297210334
N            2.66132112682102        5.65108086246827        0.88208839694309
N           -2.55069144200253        5.72497493464796       -0.35898486791737
H            7.36556619383401        4.37885810451504       -0.95170696879869
H           -7.95790458502329        2.88093622763963       -0.12727671414075
H           -0.85454557754820       -6.92997820875051       -1.23032069424757
H            2.89400286185897        6.32275601862467        0.14679418000106
H           -3.07707724458251        6.57651476581709       -0.35424184820598
H            0.55078966851616        4.73097666865500        0.44060327590015
C            0.48604024414924       -1.28548595666628        4.73623883291801
C            1.34788966702657       -0.25321120513733        4.67100767743252
C            0.89217758144961        1.13684845144964        4.60267968081429
O            1.57510910974249        2.12511938121278        4.52990837086193
N           -0.50031220425355        1.21563705025663        4.61530832058495
C           -1.42459302102127        0.19593182522361        4.68209814640896
O           -2.61333953453074        0.37640787472012        4.67875203019782
N           -0.86024235068910       -1.06424196906460        4.73792632698878
F            2.66915974538769       -0.47611679180120        4.66534143052804
H            0.82460780866471       -2.30913017977932        4.78679594773479
H           -0.88892144850155        2.15308251146130        4.58164433770191
H           -1.50692827635398       -1.83980226384383        4.78874421740621
60
 energy: -137.720724600352 gnorm: 0.009449159596 xtb: 6.7.1pre (5071a88)
N           -0.00297497809758        0.05356859243479        0.42270186599850
C            0.03361736387797        1.45732872088874        0.16335315917856
C            1.21618419189343       -0.62641788760126        0.40445129179786
C           -1.21977494027880       -0.58844464720867        0.30932348018348
N            1.18142543954495        2.06214674679040        0.04587455974227
N           -1.10268937444184        2.11034164804190        0.02939763481885
N            2.34011162086275        0.00220028829974        0.25545179643480
N            1.15933021488258       -1.96754156326148        0.54964646098762
N           -2.31301634933830        0.06573892690360        0.05746154130137
N           -1.22562556727809       -1.93021732559351        0.47056266451342
C            2.29858194687501        1.33073985580506        0.12079899231863
C           -0.05000147811993       -2.54700749177424        0.87725403859129
C           -2.22237238439116        1.40311458942536       -0.01843390727163
N            3.51143398308249        1.93254208559209        0.00316014696933
N           -0.09067201836018       -3.88750467825754        1.25324929516111
N           -3.41637048362883        2.02509324523415       -0.19844800378333
C            3.79793168425731        3.33609218348498        0.11074723196388
C            4.65547499033502        1.21837385433689       -0.13208797804544
C           -3.63698358858826        3.43913408368289       -0.23823613171728
C           -4.48202394877007        1.23819452650602       -0.38670328835982
C            0.91595464520580       -4.55842718439758        0.32743119567070
C           -1.03557033341701       -4.51036506742200        0.24635782066301
N            4.98055960445416        3.79912786320248       -0.13536386929156
N            5.78706783102960        1.65047078132785       -0.27508970511494
N           -4.93364818964720        3.88230630339147       -0.22492953804683
N           -5.43721680393186        0.63394902103652       -0.55822837561948
N            2.01260630264819       -3.96889140310667        0.04425728709814
N           -2.09082305227862       -3.89798881488323       -0.12879942364292
C            6.06958234829993        3.03799191767079       -0.42859760125990
C           -6.03849711767978        3.41816936820600       -0.03601672271134
C           -0.04704589327568       -5.44103921980955       -0.28909303437209
N            7.20884622338225        3.38566709487578       -0.80558261597687
N           -7.16539245540455        3.28215773471046        0.34120982210895
N            0.03437150062760       -6.52317390224903       -0.92872450847063
C            2.79775853201741        4.20025241125789        0.53500367345699
C           -2.66003996020415        4.32599993151757       -0.32166535047474
C            2.32657543108501       -2.77009840998055        0.41692395295706
C           -2.39765071474399       -2.68399518792243        0.22799374921990
C            1.61114723385418        4.75763167200760        0.58349327927332
C           -1.41108535891650        5.08499837504242       -0.38886594413976
N            2.66075846688102        5.66074791928401        0.86515019985912
N           -2.54961324963992        5.72278626964484       -0.35988257011635
H            7.36787628591572        4.37121575934086       -0.95697631732220
H           -7.95836589083181        2.87981173785364       -0.11244264643103
H           -0.84879812984720       -6.92507112939573       -1.22252806457138
H            2.89035792825351        6.32613029727730        0.12460818492699
H           -3.07451482504502        6.57505476468601       -0.35934531365325
H            0.55117165720151        4.73149932812263        0.45404404539780
C            0.48227591492172       -1.29366687242162        4.70336808415625
C            1.34835730489496       -0.26271921713860        4.62284219053997
C            0.89514735143281        1.12498113288467        4.53480597982369
O            1.57501291315151        2.11419830075867        4.42005251615826
N           -0.49749900326121        1.20878958332828        4.56023203920601
C           -1.42422423820468        0.19003116081008        4.64122461091807
O           -2.61094796323647        0.38194078274048        4.62634892893138
N           -0.86414316878931       -1.07168746265833        4.69961260767544
F            2.66746960600513       -0.48173401617039        4.61664076484739
H            0.82299369738589       -2.31675022048080        4.76581431995023
H           -0.88134458194534        2.14960855013743        4.55712087196098
H           -1.51105617266591       -1.84738470680971        4.77034562563149
60
 energy: -137.721212623657 gnorm: 0.013605028804 xtb: 6.7.1pre (5071a88)
N           -0.00494178183317        0.05557224581740        0.45692418781544
C            0.03194563160723        1.45960360034090        0.19500802433508
C            1.21491400342486       -0.62410244299361        0.43344244526509
C           -1.22147870708360       -0.58655087210519        0.33328792947891
N            1.17961066656440        2.06433450656520        0.07761151080950
N           -1.10402967963839        2.11171292430322        0.05534723372832
N            2.33831559948944        0.00470620147043        0.28232512846147
N            1.15900474197363       -1.96571676360553        0.57387695794740
N           -2.31357483502480        0.06714764662316        0.07633434426512
N           -1.22710802023873       -1.92880143876318        0.49062617105550
C            2.29695808664101        1.33345750413172        0.15072023525777
C           -0.05164164655612       -2.54486576651315        0.90341070064965
C           -2.22371907837228        1.40453489782269        0.00094917343619
N            3.51020508570218        1.93357786428883        0.02860035794479
N           -0.09308642944637       -3.88896956902841        1.27688000621722
N           -3.41665176765208        2.02597286475897       -0.18558023740698
C            3.79908171267936        3.33942997550847        0.12450823520538
C            4.65247973574331        1.22121766922945       -0.11106999066420
C           -3.63680400656796        3.44005166848091       -0.23220570268042
C           -4.48484148659191        1.24143543153900       -0.36647465436636
C            0.91512858627079       -4.55512618269852        0.34603642501023
C           -1.03424585877941       -4.50725003945448        0.26046739118747
N            4.98142832532788        3.79883508014015       -0.13089603840704
N            5.78355122571413        1.64975602731494       -0.26616267981906
N           -4.93361157914736        3.88223950201712       -0.22637530509339
N           -5.42325743475143        0.62448994674301       -0.58424023278795
N            2.01034316086391       -3.96476524132027        0.06151328732705
N           -2.08744258460221       -3.89424585503512       -0.11783778208872
C            6.06867556734282        3.03676027612674       -0.42676001829219
C           -6.03738592032792        3.41721215566832       -0.03118022644817
C           -0.04580565661621       -5.43676219908431       -0.27515908140207
N            7.20642446617289        3.37964305638630       -0.81216720051396
N           -7.16657884440034        3.29035382848865        0.34338482684355
N            0.03824720089476       -6.51811795683387       -0.91498681059617
C            2.79988087896246        4.20642895648791        0.54165022501698
C           -2.65884707514366        4.32555036547179       -0.31739673820617
C            2.32437102182526       -2.76605965152251        0.43517288780994
C           -2.39651959774648       -2.68077870679391        0.23926065780559
C            1.61215008720417        4.76242559808811        0.59136995035652
C           -1.40931409588667        5.08314548709599       -0.38414954309256
N            2.66084221109166        5.67126593613525        0.85065000132872
N           -2.54767145698169        5.72206507656210       -0.36351659025200
H            7.36956137814048        4.36416219768134       -0.96507427640160
H           -7.96040660467674        2.88251798564326       -0.10290254239512
H           -0.84351354695988       -6.92017998680979       -1.21302738993698
H            2.88608989490576        6.32936256989223        0.10259361187069
H           -3.07172684099195        6.57479639589470       -0.36676862566521
H            0.55145868292677        4.73291350095632        0.46857325183508
C            0.47924570152748       -1.30022244307902        4.66763294954221
C            1.34833464390030       -0.27257887498601        4.57052443071156
C            0.89721569626189        1.11329389637050        4.45931501405385
O            1.57575950743206        2.10093881271760        4.31565403132823
N           -0.49511865650831        1.20217936410210        4.50475772557320
C           -1.42415768443906        0.18499461820150        4.59566312426645
O           -2.60955017327263        0.38495525385378        4.58312316072913
N           -0.86680952409098       -1.07693847167305        4.66111619933753
F            2.66624390467035       -0.49144586875462        4.56954173016232
H            0.82034274450515       -2.32257251704248        4.74365283770771
H           -0.87483445358341        2.14487957073488        4.52324192882833
H           -1.51313512185432       -1.85186861155889        4.75145837600992
60
 energy: -137.721879902883 gnorm: 0.012680017809 xtb: 6.7.1pre (5071a88)
N           -0.00679777610007        0.05804344891969        0.49409980773998
C            0.03044503620307        1.46205662490039        0.22952437958108
C            1.21293240131748       -0.62164154968349        0.46725863452274
C           -1.22221735101643       -0.58471365635493        0.36127959235191
N            1.17800628730572        2.06695069636598        0.11137799383431
N           -1.10483629679007        2.11340105694411        0.08328989131806
N            2.33618043142742        0.00738244497465        0.31323207432706
N            1.15770234883216       -1.96376815012663        0.60135479358958
N           -2.31275212185881        0.06848319513112        0.09583334099772
N           -1.22771798018009       -1.92739442183435        0.51269027935977
C            2.29505036783932        1.33611776626506        0.18170586390963
C           -0.05359481452278       -2.54383202616113        0.92978026803133
C           -2.22359439802893        1.40585260532325        0.02065683727485
N            3.50896774238639        1.93505534631753        0.05457905012254
N           -0.09498280793244       -3.89015671646056        1.29638127294691
N           -3.41559793255291        2.02645637088157       -0.17638266431683
C            3.79932294200139        3.34356280236109        0.13593597313781
C            4.64983683347186        1.22274598344558       -0.08732920126194
C           -3.63572405199246        3.44022080479366       -0.23038645527700
C           -4.48268789237681        1.24179047417818       -0.36298323455406
C            0.91523222122054       -4.55243979823122        0.36606498602192
C           -1.03332761515377       -4.50457820313010        0.27573073985395
N            4.98150803615834        3.79921283424688       -0.12779321613941
N            5.78085210156497        1.64810175888165       -0.25350847150803
N           -4.93308556963565        3.88108535229925       -0.22722871351074
N           -5.42038079200711        0.62643372220850       -0.58560562473185
N            2.00916830529770       -3.96012285415059        0.08176007281882
N           -2.08459719005636       -3.89058905242502       -0.10555602098094
C            6.06660951164348        3.03500382520029       -0.42501118453529
C           -6.03524518444947        3.41462874918464       -0.02320091504860
C           -0.04385931324595       -5.43266978154278       -0.26009509756972
N            7.20365626261481        3.37338964611641       -0.81687436861815
N           -7.16971263445071        3.30128439510366        0.34240484908995
N            0.04261260422503       -6.51268846380237       -0.90158624148992
C            2.80227742281356        4.21352939836648        0.54895973390036
C           -2.65718938582872        4.32497217883640       -0.31402043582312
C            2.32207312433891       -2.76137158581445        0.45745106729279
C           -2.39498132166500       -2.67764805650546        0.25210504069816
C            1.61355837111801        4.76833060342548        0.60159804400880
C           -1.40716890678667        5.08220295783005       -0.37228185602110
N            2.66186109044241        5.68320763143014        0.83743181034308
N           -2.54581759129651        5.72141586275264       -0.36658689395210
H            7.36906593284977        4.35632140893850       -0.97796166467891
H           -7.96106362075409        2.88059118550371       -0.09776371192357
H           -0.83801467042276       -6.91499005406917       -1.20292998913066
H            2.88056804233637        6.33213170385577        0.07899695098056
H           -3.06955291635793        6.57436123718605       -0.37546072227307
H            0.55205726071834        4.73503407260842        0.48630279405033
C            0.47656401623678       -1.30620245271593        4.62807305986097
C            1.34790569451958       -0.28320204993411        4.51187888861305
C            0.89877901144190        1.10156528413451        4.37973821083331
O            1.57752823320273        2.08447339483817        4.20993023626800
N           -0.49270671415690        1.19563871064820        4.44734139221275
C           -1.42412785490047        0.18091814206260        4.54932627340095
O           -2.60873619933326        0.38564763434630        4.54377200835496
N           -0.86886411506153       -1.08076344937960        4.62189213899299
F            2.66536873494312       -0.50544035193492        4.51495150110410
H            0.81618837689895       -2.32780927508443        4.71920583140923
H           -0.86861369140981        2.13839079543420        4.47088229839554
H           -1.51433003504523       -1.85396915690095        4.72804370179330
60
 energy: -137.723088917385 gnorm: 0.009201684533 xtb: 6.7.1pre (5071a88)
N           -0.00947008046975        0.06237065112815        0.54636357157004
C            0.02835766798211        1.46577746675379        0.27758198233523
C            1.20907241213970       -0.61781407740552        0.51749516034618
C           -1.22246317224220       -0.58186861795905        0.40378337970013
N            1.17587158305645        2.07113559475768        0.15723709815365
N           -1.10569117478840        2.11637259111842        0.12245862870824
N            2.33265086176835        0.01134546130942        0.35887949866197
N            1.15433425008148       -1.96059173262153        0.64201721376077
N           -2.31090555989103        0.07081864416858        0.12490090560723
N           -1.22771354021263       -1.92505294139397        0.54515955342194
C            2.29193174192825        1.33971100668588        0.22328216626738
C           -0.05686382149207       -2.54353052478928        0.96499449107493
C           -2.22236708503636        1.40809946619879        0.04942991941170
N            3.50702866665621        1.93768146784842        0.08906922908670
N           -0.09696183561152       -3.89087846988709        1.31690450745551
N           -3.41343142739406        2.02817391929669       -0.16257681270286
C            3.79806056817091        3.34971643310831        0.14792758865723
C            4.64656548668574        1.22285851093113       -0.05218421169918
C           -3.63307339962621        3.44116632857769       -0.22723465582861
C           -4.47899422264756        1.24364197826978       -0.35976505452910
C            0.91635049730613       -4.54956566847460        0.39474848070001
C           -1.03279833853815       -4.50161122326208        0.29805526630131
N            4.98004528726665        3.80026487792656       -0.12581040526004
N            5.77807696271390        1.64439071820322       -0.23094474430868
N           -4.93186039072668        3.88046505847334       -0.23425977855265
N           -5.41885899442574        0.63339181285253       -0.58329176824335
N            2.00889130965794       -3.95305140689885        0.11294442860266
N           -2.08180080280204       -3.88568300952097       -0.08679552847694
C            6.06181953013379        3.03153132689251       -0.42239822985727
C           -6.03392324846858        3.41337804397686       -0.02762255151100
C           -0.04052997336236       -5.42763432259535       -0.23809132964982
N            7.19895324791282        3.36431562491568       -0.82023633402316
N           -7.16679088698935        3.30168794502272        0.34366050969717
N            0.04870620612645       -6.50518475007943       -0.88374124671119
C            2.80541701731202        4.22380936618683        0.55984755510887
C           -2.65416163692879        4.32521169984039       -0.30707319552367
C            2.31866894574729       -2.75434026265983        0.49329565875651
C           -2.39284288555293       -2.67378492836645        0.27300193677795
C            1.61588170880041        4.77770756067740        0.61821019508065
C           -1.40373009413465        5.08254763623386       -0.35523412273831
N            2.66443523868931        5.69995043028050        0.82335927422821
N           -2.54260605907173        5.72168608177640       -0.36770016618460
H            7.36467200917922        4.34434705870107       -1.00135741120539
H           -7.96330168523843        2.87928111170477       -0.08663821074972
H           -0.83085118014694       -6.90791790037587       -1.18788475151111
H            2.87175220828711        6.33433460403597        0.04791943346128
H           -3.06622494789137        6.57475054635909       -0.38483041042859
H            0.55326654722279        4.73920657804367        0.51405591672900
C            0.47363068838622       -1.31356792865432        4.57077287551793
C            1.34670218064393       -0.29828466282184        4.42566080608101
C            0.90022537669666        1.08599709255717        4.26808211460475
O            1.58152700660858        2.05838184230156        4.06674758247940
N           -0.48913608447363        1.18706347478620        4.36787557618988
C           -1.42384449374408        0.17706773769072        4.48659942704792
O           -2.60819197248008        0.38346307281678        4.49786466157548
N           -0.87070919728544       -1.08391997377128        4.56964210656508
F            2.66456947533930       -0.52952852343694        4.43087906552331
H            0.80864670704508       -2.33417432170549        4.68285876073530
H           -0.86088528025323        2.12826619564865        4.37353531327398
H           -1.51512791761813       -1.85338077137945        4.69084408043589
60
 energy: -137.724529920277 gnorm: 0.012233077099 xtb: 6.7.1pre (5071a88)
N           -0.01211996703121        0.06851270350152        0.60776141573395
C            0.02641577264893        1.47106506191279        0.33406060863254
C            1.20537632849383       -0.61220882493984        0.57753426201003
C           -1.22248171922604       -0.57768616713211        0.45360323600450
N            1.17389503868452        2.07680307576878        0.21216063288232
N           -1.10659776443339        2.12084047365205        0.17022826957252
N            2.32931431659474        0.01676430339137        0.41542108854774
N            1.15086964519184       -1.95571719709129        0.69310847096454
N           -2.30876737648386        0.07404543521817        0.16118665592875
N           -1.22747723199945       -1.92127771464803        0.58602927339916
C            2.28896290472733        1.34465088185759        0.27526535331329
C           -0.06041248645603       -2.54215621300353        1.00884717659431
C           -2.22089570030636        1.41118101164674        0.08599825267270
N            3.50474679065903        1.94120881687339        0.13163328865214
N           -0.09937900451000       -3.89111217832736        1.34397542831415
N           -3.41054884428918        2.03012835160085       -0.14336878494752
C            3.79615114694583        3.35587085895158        0.16465918001412
C            4.64271591519633        1.22300381191321       -0.00747227707376
C           -3.62973961296170        3.44220182215978       -0.22073616363127
C           -4.47308117085176        1.24501408459788       -0.35618798222596
C            0.91769004677697       -4.54566496273717        0.42998162250817
C           -1.03154828867920       -4.49800843047549        0.32591178215052
N            4.97704974778914        3.80060916635080       -0.12361795530784
N            5.77431755939469        1.63980500360849       -0.20021483732211
N           -4.93000026997387        3.87929353113224       -0.24011964613402
N           -5.41812954718527        0.64195266210559       -0.57634008025596
N            2.00910411388730       -3.94401209705441        0.15253138086397
N           -2.07810711575696       -3.87928586734482       -0.06262245727978
C            6.05501658855980        3.02628105935341       -0.41710301115475
C           -6.03123516568988        3.41074118615542       -0.03058603975615
C           -0.03609949256672       -5.42165308011688       -0.21091547736149
N            7.19130275938743        3.35204025518572       -0.82445631342672
N           -7.16388448801161        3.30140506493312        0.34333184399527
N            0.05609202648573       -6.49601567606581       -0.86205083179188
C            2.80819205484322        4.23561585454312        0.57437745104762
C           -2.65093502954560        4.32619835849338       -0.29732515067780
C            2.31528436660406       -2.74666753975969        0.54130597378592
C           -2.39046623898046       -2.66973553532082        0.30296930107475
C            1.61844814442442        4.78922511090462        0.63731959531569
C           -1.40047245471163        5.08411583723853       -0.33745119075550
N            2.66726838239298        5.71820832340871        0.81004034975351
N           -2.53936247667260        5.72264846928534       -0.36727668186508
H            7.35636416257973        4.32815268145939       -1.03002751519586
H           -7.96466153855749        2.87913159959200       -0.07958378440229
H           -0.82230598353682       -6.89870971768115       -1.16965764051333
H            2.86155964601533        6.33502354945005        0.01567374352239
H           -3.06300390588736        6.57555612036398       -0.39380386859351
H            0.55477232311358        4.74493705794611        0.54709623623365
C            0.47003399560497       -1.32402438618074        4.50177343335495
C            1.34497528054848       -0.31733990502324        4.31886526161898
C            0.90235726668777        1.06643071821767        4.13020493838028
O            1.58724149354511        2.02632932916402        3.88099693581492
N           -0.48364091174879        1.17632414147545        4.26577994083056
C           -1.42250901655761        0.17325529235002        4.41195392379290
O           -2.60632462182474        0.38166882744220        4.44223707601295
N           -0.87319895274810       -1.08809012587412        4.50959744571528
F            2.66294821418208       -0.55866957145527        4.31676553418464
H            0.79910756748984       -2.34355912547440        4.63639028790740
H           -0.85170319221247        2.11801131434923        4.23900834152527
H           -1.51848403005786       -1.85265589185081        4.64760769704209
60
 energy: -137.726095587946 gnorm: 0.014798938837 xtb: 6.7.1pre (5071a88)
N           -0.01442568600848        0.07539914787629        0.66621187677460
C            0.02478438113717        1.47700832776844        0.38755555940139
C            1.20260352506818       -0.60566170279067        0.63632594768873
C           -1.22260195270900       -0.57279860449263        0.50180744994856
N            1.17220386771568        2.08279001493853        0.26445518011858
N           -1.10773028725296        2.12598209450728        0.21694007704726
N            2.32679733086339        0.02281951366872        0.47265225476751
N            1.14809010562573       -1.94966345915832        0.74642434574397
N           -2.30716501116785        0.07763660602282        0.19896401382415
N           -1.22722236574966       -1.91645865538351        0.62904394854891
C            2.28659323561424        1.35015136854437        0.32759708702936
C           -0.06349306913720       -2.53954531679907        1.05409579331015
C           -2.21986251111753        1.41457691283950        0.12359489575569
N            3.50225171529087        1.94516396831490        0.17415797263092
N           -0.10173359567448       -3.89041765115003        1.37380260803120
N           -3.40789408581883        2.03216530374650       -0.12090265589108
C            3.79356801518406        3.36025098109562        0.18370200333653
C            4.63894481864798        1.22323158984831        0.03932819698539
C           -3.62649055214758        3.44344002954891       -0.21016526816836
C           -4.46704627402125        1.24626741966036       -0.34791412414330
C            0.91909807793049       -4.54095342970886        0.46579268631378
C           -1.02972875639520       -4.49406258917551        0.35494132871503
N            4.97252842791321        3.79972961777457       -0.12066257425788
N            5.77016438191849        1.63537867265340       -0.16568838412193
N           -4.92760276869140        3.87951800799403       -0.24340811779978
N           -5.41594014046502        0.64862536681641       -0.56763865089607
N            2.01009547016991       -3.93444365536354        0.19441013328592
N           -2.07432233317618       -3.87234950571141       -0.03619200530510
C            6.04708580495117        3.01991506873028       -0.40906514692754
C           -6.02895838956620        3.41073216511833       -0.03533106325138
C           -0.03128210124538       -5.41537105538456       -0.18273756878530
N            7.18143859354098        3.33862631495342       -0.82817896643927
N           -7.16019426607220        3.29981834224986        0.34181175636381
N            0.06337870009407       -6.48630287514347       -0.83966993519196
C            2.80960884161815        4.24617884778025        0.59038205565260
C           -2.64805186011298        4.32771868375042       -0.28531380825624
C            2.31287737526255       -2.73973917404892        0.59390518649170
C           -2.38860751225155       -2.66621722785150        0.33807884123353
C            1.62042270940899        4.80023976756554        0.65557588563119
C           -1.39783002711863        5.08636353928352       -0.32240211259084
N            2.66956064347908        5.73315589490911        0.80229289986555
N           -2.53642489951823        5.72393005985370       -0.36461666840398
H            7.34461932203875        4.31033306649380       -1.05688977753788
H           -7.96355197317075        2.87678903362646       -0.07574344995203
H           -0.81403480548279       -6.88837235486442       -1.15075169587380
H            2.85262035198991        6.33305250293228       -0.00809479547135
H           -3.06022910145986        6.57642005417965       -0.40044412309161
H            0.55628546930763        4.75153548320327        0.57802554159868
C            0.46711994063348       -1.33510627145921        4.42907134611267
C            1.34319091611368       -0.33703522368091        4.20781838904133
C            0.90392199628248        1.04478464952620        3.98849102493650
O            1.59101868553114        1.99057297958446        3.69486855006647
N           -0.47693306672414        1.16541855014199        4.15471653449416
C           -1.41966625041067        0.17090514017808        4.33464983978546
O           -2.60237842694478        0.38163534466081        4.38350565865145
N           -0.87502232473579       -1.09158947968622        4.45035435527038
F            2.66080073021116       -0.58719692988785        4.19327384984573
H            0.79037131145233       -2.35323971296073        4.58460182265261
H           -0.84240429733941        2.10864664545179        4.08601408747116
H           -1.52321605330765       -1.85038120309411        4.60484490792837
60
 energy: -137.727705659717 gnorm: 0.015832930864 xtb: 6.7.1pre (5071a88)
N           -0.01620120866936        0.08222355099382        0.71560062576528
C            0.02361693383622        1.48292283292751        0.43212156018150
C            1.20121185708210       -0.59879593267715        0.68825692656756
C           -1.22307781299895       -0.56766222783914        0.54392027266244
N            1.17087616796117        2.08827630230390        0.30802279781022
N           -1.10904832321217        2.13120860801066        0.25775617562417
N            2.32543437562604        0.02902304234971        0.52537957272585
N            1.14655657326787       -1.94287724713947        0.79782099127394
N           -2.30651126928488        0.08128835209230        0.23516348399460
N           -1.22719516878050       -1.91096455782197        0.67114446116501
C            2.28508790905371        1.35576462584647        0.37540727849096
C           -0.06563720264160       -2.53558045461394        1.09745470850763
C           -2.21959364911668        1.41802986945573        0.15875194660815
N            3.49972998854776        1.94922143632305        0.21329164429353
N           -0.10374524998273       -3.88859493227196        1.40562945794071
N           -3.40588230668568        2.03413719408462       -0.09682561436412
C            3.79068090359768        3.36201708655843        0.20453384968634
C            4.63568932947392        1.22371216426098        0.08493565971496
C           -3.62373715850054        3.44476991760828       -0.19591051485357
C           -4.46158930762607        1.24715741824990       -0.33448427573141
C            0.92053314019247       -4.53523551171848        0.49970389379150
C           -1.02738296539567       -4.48957734324798        0.38341158487874
N            4.96696764115450        3.79741669705937       -0.11595548956149
N            5.76605642179130        1.63187348503409       -0.12992545891537
N           -4.92487340503796        3.88074371372367       -0.24201399661234
N           -5.41221641586386        0.65239997673521       -0.55632392119785
N            2.01201721495532       -3.92505726930172        0.23586977622675
N           -2.07085492822629       -3.86530655033595       -0.00858159311268
C            6.03891962919623        3.01290959701429       -0.39836550951547
C           -6.02703048530635        3.41239122679276       -0.03899094485260
C           -0.02644654418523       -5.40865840944166       -0.15515254835866
N            7.17001492387517        3.32513728948045       -0.83131077940664
N           -7.15677423902823        3.29669288551504        0.33950551241467
N            0.07000909331390       -6.47620984808227       -0.81752579258972
C            2.80973327827051        4.25425872574327        0.60725320445971
C           -2.64589568499095        4.32964231765719       -0.27205531430652
C            2.31212489790122       -2.73403153554175        0.64681587009996
C           -2.38777770582270       -2.66330003225958        0.37591868300451
C            1.62153122318993        4.80898006514621        0.67284739555033
C           -1.39604530448540        5.08916323842828       -0.31044381804394
N            2.67143897590719        5.74334194603682        0.80074846024243
N           -2.53438311670465        5.72534913949084       -0.36009044636785
H            7.33023287767691        4.29241844418892       -1.07828322210039
H           -7.96007473007568        2.87486185970085       -0.07796619136033
H           -0.80662992676117       -6.87706377790945       -1.13205343821069
H            2.84590826586531        6.32855015089289       -0.02133215203669
H           -3.05865142182154        6.57707092762963       -0.40482190450887
H            0.55750604053331        4.75791435156397        0.60508951986092
C            0.46500345870995       -1.34588304682037        4.35827855592988
C            1.34145283372291       -0.35628699311614        4.10181547172927
C            0.90491445231335        1.02207416483401        3.85563151941211
O            1.59291695366687        1.95373803192027        3.52108434707975
N           -0.46977350831267        1.15502620728332        4.04114131894506
C           -1.41546192982290        0.17049131246830        4.25956860022014
O           -2.59640158050289        0.38458684708601        4.32277921153467
N           -0.87586806774014       -1.09352815377478        4.39639996572822
F            2.65791079351345       -0.61296781848158        4.06860495320249
H            0.78337154070487       -2.36234270774386        4.53030600852183
H           -0.83382050780019        2.09879157363055        3.92673701187024
H           -1.52886656951594       -1.84565122598605        4.56598564828370
60
 energy: -137.729239789381 gnorm: 0.014709231998 xtb: 6.7.1pre (5071a88)
N           -0.01760758218230        0.08831821755235        0.75548820128348
C            0.02277989553350        1.48823808837046        0.46693446644326
C            1.20105045231703       -0.59220643523511        0.73250195245518
C           -1.22426521517675       -0.56269080301102        0.57996307636791
N            1.16969245924105        2.09265882823153        0.34145650372651
N           -1.11061201070854        2.13596496759453        0.29177155972686
N            2.32500385963198        0.03507439638460        0.57247387610660
N            1.14635442564518       -1.93597659392059        0.84584262740060
N           -2.30714539445913        0.08482329313276        0.26929163965509
N           -1.22779636621376       -1.90536595312326        0.71178088172976
C            2.28430079825061        1.36122098003656        0.41803453647620
C           -0.06676078309820       -2.53041677946045        1.13881767920107
C           -2.22047293485909        1.42145309423044        0.19083504827700
N            3.49748707433845        1.95306935739744        0.25007328433068
N           -0.10530591729660       -3.88587423842187        1.44097422846879
N           -3.40509229373359        2.03610411805691       -0.07191237381331
C            3.78831221105973        3.36184670290021        0.22740269587329
C            4.63323533124017        1.22470462772821        0.13032665337599
C           -3.62202274855029        3.44635379139778       -0.17882687757518
C           -4.45780555398445        1.24773028650421       -0.31558046510281
C            0.92196351723090       -4.52821701306499        0.53241013011444
C           -1.02466713110483       -4.48411682020991        0.41204837737283
N            4.96157445267837        3.79425265190613       -0.10879484635905
N            5.76234750652160        1.62979570665505       -0.09345083012543
N           -4.92225623366086        3.88346519165895       -0.23630945241427
N           -5.40675486882428        0.65207364966676       -0.54464114988502
N            2.01460623998384       -3.91612463119788        0.27676244510142
N           -2.06796773633600       -3.85844760767004        0.02101276868707
C            6.03166639730942        3.00586071722918       -0.38553483430086
C           -6.02604642316994        3.41677976194180       -0.04084817756514
C           -0.02187484559931       -5.40077276868108       -0.12759088493739
N            7.15815766428286        3.31180635297319       -0.83471616988082
N           -7.15482538147223        3.29535119685100        0.33648886020792
N            0.07607149537166       -6.46512852780829       -0.79473347317518
C            2.80970833086495        4.26042221210665        0.62501792891392
C           -2.64447206438975        4.33154885990645       -0.25807100881209
C            2.31305606878388       -2.72904937057198        0.69768958588117
C           -2.38824216066444       -2.66043106206245        0.41469119249646
C            1.62217162602589        4.81489340683105        0.69124692994905
C           -1.39470626949611        5.09159674494302       -0.30019384063252
N            2.67372702542572        5.75079300297103        0.80134114689292
N           -2.53308106005687        5.72647640482061       -0.35455653943230
H            7.31495729358642        4.27518552013642       -1.09544272638583
H           -7.95463154639311        2.87095815422120       -0.08395809127677
H           -0.79979617819830       -6.86436411372289       -1.11320531741654
H            2.84078144891578        6.32313106875461       -0.03020685046428
H           -3.05796202626069        6.57726179128525       -0.40826244059548
H            0.55826162537001        4.76283184335629        0.63146814949773
C            0.46255044219284       -1.35658209049437        4.28882006095392
C            1.34003736892126       -0.37564833780257        4.00105246160140
C            0.90642130167681        0.99811444219722        3.72915415330589
O            1.59484343948559        1.91651798103552        3.35825132770494
N           -0.46281551827967        1.14502151253098        3.92599151059341
C           -1.41062001078664        0.17157812054956        4.18529377580442
O           -2.58922181005851        0.39201423771952        4.25932681230103
N           -0.87645601774967       -1.09375536338080        4.34461339000276
F            2.65414122093441       -0.63693376442438        3.94834673636164
H            0.77703804009790       -2.37167965047734        4.47474430384882
H           -0.82557614988927        2.08687137333369        3.77871195912477
H           -1.53543878026276       -1.83837973036189        4.53065843252485
60
 energy: -137.730474027101 gnorm: 0.012074214775 xtb: 6.7.1pre (5071a88)
N           -0.01843901715953        0.09308994945698        0.77936252080719
C            0.02248789778311        1.49212744336933        0.48440490507411
C            1.20201613699623       -0.58648580348706        0.76379263460106
C           -1.22612485188131       -0.55827860029329        0.60702284389948
N            1.16874973403952        2.09500185964031        0.35552438196127
N           -1.11213088238306        2.13951020872254        0.31222592665615
N            2.32546073282519        0.04050655730411        0.60841256870223
N            1.14745041386332       -1.92942894487312        0.88600411111018
N           -2.30927497198432        0.08801189881344        0.29894152756055
N           -1.22909208778623       -1.90000790631984        0.74885771783366
C            2.28427379666229        1.36590550818986        0.44860676009486
C           -0.06646969938646       -2.52405752372278        1.17528144884955
C           -2.22245466086561        1.42458875721546        0.21585450385256
N            3.49611594589352        1.95638924862385        0.28145294434171
N           -0.10573531374662       -3.88141977819949        1.47952189460520
N           -3.40587273573909        2.03816096976575       -0.04811035307375
C            3.78676941834697        3.36026933458305        0.24978406560939
C            4.63273247544966        1.22623999779034        0.17534434835434
C           -3.62166102975386        3.44825296216011       -0.16031800422793
C           -4.45692631385904        1.24825879607937       -0.29059395216397
C            0.92355231875826       -4.51992123791792        0.56445355156154
C           -1.02201243309977       -4.47748979996564        0.44233818061840
N            4.95718919419180        3.79101130939934       -0.09867686131598
N            5.76026200667417        1.62990528434911       -0.05473598847443
N           -4.92033359323891        3.88667570926003       -0.22392290461032
N           -5.40089377022564        0.64790291472473       -0.52946502209891
N            2.01811312547543       -3.90847100799759        0.31672735655549
N           -2.06665862424873       -3.85250525124547        0.05464192757145
C            6.02647200603116        2.99952246325631       -0.36985338335654
C           -6.02550777647271        3.42127874197451       -0.03568614659463
C           -0.01809903569323       -5.39142521998991       -0.09880281315717
N            7.14743695213707        3.29948657155468       -0.83593651500586
N           -7.15593961764970        3.29555003922621        0.33400366456407
N            0.08097523100952       -6.45300160015042       -0.76977677653871
C            2.80951362223003        4.26429614350579        0.64182504974827
C           -2.64403337095123        4.33337902591502       -0.24494462351135
C            2.31613523668920       -2.72439249343196        0.74306974246673
C           -2.39045545860064       -2.65722278864663        0.45348205311432
C            1.62222541598970        4.81749117736449        0.70916922043200
C           -1.39403851205724        5.09353388114743       -0.29168229627231
N            2.67600616581990        5.75412626263478        0.80540850319174
N           -2.53283382925354        5.72727178720793       -0.34839195636418
H            7.30004065486524        4.25980053850358       -1.10740689126982
H           -7.94829970334522        2.86886303912491       -0.09642342461066
H           -0.79416342438073       -6.85041181807212       -1.09233797140569
H            2.83784944454071        6.31722488923783       -0.03186182221976
H           -3.05841823003038        6.57695898634427       -0.41047839966540
H            0.55846476782288        4.76645744646281        0.65491710125918
C            0.45872206171790       -1.36706359641317        4.22140281645622
C            1.33892833441972       -0.39535631122840        3.91134963205704
C            0.90950385475255        0.97317698144297        3.62060271475793
O            1.59903281226059        1.87946891516741        3.22630548993359
N           -0.45610080843387        1.13539375147234        3.81630944286215
C           -1.40532216386030        0.17424974406201        4.11252395323478
O           -2.58100389332896        0.40507296401549        4.19168915315704
N           -0.87737915804891       -1.09177041865951        4.29285495477519
F            2.64930786350712       -0.66047142536472        3.84170903273061
H            0.76992968374185       -2.38134634936462        4.41683721647715
H           -0.81715191734046        2.07401410145238        3.65533153074264
H           -1.54289041968715       -1.82789728518149        4.49433371374554
60
 energy: -137.731184644098 gnorm: 0.009267168541 xtb: 6.7.1pre (5071a88)
N           -0.01891028006608        0.09593481409587        0.78844854309762
C            0.02246411084233        1.49381586315550        0.48558807490134
C            1.20273790065858       -0.58268490917020        0.78126952213074
C           -1.22817104188623       -0.55514588272806        0.62617636065800
N            1.16793999072064        2.09497611602771        0.35039936229887
N           -1.11316564595237        2.14094643848014        0.31753969600010
N            2.32574513369430        0.04438000167775        0.62922747299637
N            1.14871878702501       -1.92451326843700        0.91324581385717
N           -2.31213662408748        0.09032611562566        0.32150722855107
N           -1.23076509753282       -1.89592451613063        0.77905245689989
C            2.28430315192559        1.36884222996170        0.46308082412973
C           -0.06521191668308       -2.51783792850078        1.20406605917488
C           -2.22479612481977        1.42681462431114        0.23087653192419
N            3.49625190067952        1.95859134323277        0.30558278973012
N           -0.10472296788098       -3.87580583202551        1.51658402986197
N           -3.40810714444670        2.04013310602514       -0.02957645660401
C            3.78703835319705        3.36008029735809        0.26742301042641
C            4.63468236344062        1.22831329667811        0.21669320488260
C           -3.62269549591561        3.45032034512401       -0.14482897678177
C           -4.45965523160693        1.24912784008526       -0.26500044243177
C            0.92536508526862       -4.51192384327346        0.59568699935699
C           -1.02031848491575       -4.47060260979975        0.47376087968040
N            4.95619616385459        3.78972184684575       -0.08750232926907
N            5.76127016410886        1.63206679191759       -0.01767695863351
N           -4.92009370505324        3.89000273814441       -0.20967118295057
N           -5.39726478861045        0.64276412220934       -0.51238299911878
N            2.02166950932707       -3.90318828076494        0.35265900343557
N           -2.06738160598913       -3.84858003013664        0.09033463887705
C            6.02520046113889        2.99576203609452       -0.35504251212310
C           -6.02635811458305        3.42533948903134       -0.02608119705975
C           -0.01576067105214       -5.38146704789448       -0.06957306694582
N            7.14137224113916        3.29008445571988       -0.83587086563916
N           -7.16126972690919        3.30010982450577        0.33091316895394
N            0.08455947369448       -6.44078446327889       -0.74351844706609
C            2.81069493906308        4.26725489865829        0.65550245662383
C           -2.64410101399604        4.33429874841768       -0.23384997209084
C            2.31991895902096       -2.71888500469888        0.77629184314403
C           -2.39343799644695       -2.65309865750354        0.48678497375966
C            1.62250916123011        4.81768740837193        0.72668964783617
C           -1.39336525359731        5.09371718381611       -0.28094070030736
N            2.67827610431708        5.75687419441847        0.80812664028606
N           -2.53272623661812        5.72728481920200       -0.34247228956928
H            7.29020589033154        4.24821729069213       -1.11820760352219
H           -7.94417005028978        2.86614329342474       -0.11054277113868
H           -0.78980938329267       -6.83680634481850       -1.06999498852775
H            2.83557249292459        6.31419668272072       -0.03398419114873
H           -3.05857827150542        6.57632489783634       -0.41218656092621
H            0.55848720936724        4.76801522876769        0.67669612350734
C            0.45040497488673       -1.37775459884687        4.16910309614072
C            1.33755184859387       -0.41597055926433        3.84303473281042
C            0.91673041502261        0.95018121375397        3.53516634819908
O            1.61192674361696        1.84688999591778        3.11531970102979
N           -0.44905866014765        1.12678240670473        3.72718130341685
C           -1.40161701643812        0.17762305364862        4.05122753356528
O           -2.57453021724352        0.42297256693530        4.12954543436699
N           -0.88197810922391       -1.08886713676718        4.24852551483990
F            2.64382799070540       -0.68795783033151        3.76141361705737
H            0.75699386117610       -2.39273661111258        4.37008595883464
H           -0.80552938986840        2.06421074642747        3.56597723097517
H           -1.55292911431020       -1.81659201054246        4.46439168362425
60
 energy: -137.731507262294 gnorm: 0.022767988926 xtb: 6.7.1pre (5071a88)
N           -0.01754302696300        0.09710915945117        0.76054331043409
C            0.02401539924673        1.49298755649387        0.44766189481264
C            1.20518401798785       -0.58034908933882        0.76753942197097
C           -1.23015384189013       -0.55278122434034        0.62449221762267
N            1.16846828033011        2.09164887812593        0.30278517399625
N           -1.11348125890327        2.14032093666767        0.29123634239305
N            2.32779552127680        0.04659966967143        0.62054752765468
N            1.15150821436214       -1.92009737048688        0.91927366315911
N           -2.31700795856546        0.09195304844724        0.33230349944070
N           -1.23257950632334       -1.89182680283437        0.79865652090820
C            2.28602059775719        1.36973540267997        0.44582570338762
C           -0.06124939692479       -2.50965470928974        1.21816270661174
C           -2.22812922090429        1.42812984488583        0.22876464043144
N            3.49848139723654        1.96004653312626        0.31161873254701
N           -0.10094774421422       -3.86551335149898        1.55221916269270
N           -3.41289870251732        2.04212464185230       -0.01473884846098
C            3.78822132255994        3.35783882175443        0.27944784682400
C            4.64109072951468        1.23109896149622        0.25033356813234
C           -3.62598123611885        3.45275790200501       -0.12801106021194
C           -4.46754413915817        1.25012432064648       -0.23152722353934
C            0.92755553487825       -4.50393788842340        0.62470382355574
C           -1.01967051413349       -4.46361040423248        0.50818279601733
N            4.95724984074056        3.78914847174052       -0.07180529052984
N            5.76701832241616        1.63798608999018        0.02307255968708
N           -4.92154642668494        3.89445200592962       -0.18574302782448
N           -5.39788434520571        0.63437706617893       -0.48250576365815
N            2.02701330315378       -3.90185070008553        0.38432817540740
N           -2.07211878782319       -3.84773520444541        0.13272694560891
C            6.02811172813457        2.99422120261783       -0.33317388666613
C           -6.02896983176912        3.43049690135603       -0.00869077638064
C           -0.01558468833248       -5.37207767527840       -0.03764856500568
N            7.13937221456004        3.28464188289346       -0.82556534160174
N           -7.16953991967852        3.30326016236961        0.33139744319949
N            0.08439611790759       -6.43030023887941       -0.71290028976854
C            2.81007182593465        4.26506608699556        0.66493408513415
C           -2.64628856707270        4.33539399552886       -0.22460049265927
C            2.32695714939481       -2.71461103293746        0.79622564417460
C           -2.39897236778727       -2.64937342689944        0.52052583010992
C            1.62104542547876        4.81241908453363        0.73748775542561
C           -1.39492103023841        5.09376498504277       -0.27678843378125
N            2.67824287293591        5.74992406191516        0.82268700478097
N           -2.53449943573035        5.72742105644075       -0.33389162441867
H            7.28212871530129        4.24113479119698       -1.11482315700392
H           -7.93982018230762        2.86740403441253       -0.13115630993738
H           -0.78990626822497       -6.82473149243399       -1.04124703477202
H            2.83700095733090        6.31024018919071       -0.01466968854894
H           -3.06041960020340        6.57573205915029       -0.40805462482664
H            0.55745493942217        4.76771459517389        0.68536089526696
C            0.44013981025414       -1.38762806381689        4.12268199085770
C            1.33674045024897       -0.43528517528690        3.80427242671338
C            0.92713160344181        0.92944439851837        3.50136122277695
O            1.62908368080166        1.81881643793057        3.11040851348319
N           -0.44037089230643        1.12014310653553        3.66036098911174
C           -1.39690924345573        0.18411815805632        3.99419171233167
O           -2.56656306421179        0.44700378233329        4.06300335941749
N           -0.88780926656279       -1.08293875060494        4.20611323815348
F            2.63790813920104       -0.71516943083707        3.72307622343252
H            0.74117767063412       -2.40457511069677        4.32162887387936
H           -0.79160708965313        2.05868682287755        3.51063568123043
H           -1.56566822857559       -1.80143896357064        4.42903731680781
60
 energy: -137.732018207748 gnorm: 0.010919433403 xtb: 6.7.1pre (5071a88)
N           -0.01664776708677        0.09725231238704        0.75165757687147
C            0.02503573909657        1.49202618399396        0.43486969647781
C            1.20503476887988       -0.58016228292771        0.76223997394770
C           -1.23016829801780       -0.55201155505452        0.62825911885016
N            1.16947722966609        2.09000925594787        0.28582810883636
N           -1.11257030309802        2.13904675725738        0.27948871544471
N            2.32782235154457        0.04689863772227        0.61396102383445
N            1.15181876774119       -1.91910952956016        0.91842020759477
N           -2.31811052309174        0.09250688839785        0.33772238903961
N           -1.23288460519348       -1.89046228773714        0.80818502597864
C            2.28658230537061        1.36945825352845        0.43696282667439
C           -0.05943781241522       -2.50650952048596        1.22571574625692
C           -2.22849828423939        1.42826576416504        0.22702885619420
N            3.50082680051718        1.96057442697517        0.31682790566051
N           -0.09848741738425       -3.86036661616577        1.56928467778824
N           -3.41501761207153        2.04292935841856       -0.00964369002505
C            3.79075118289804        3.36103435695147        0.28325762023706
C            4.64510664873099        1.23372784387920        0.26770179925920
C           -3.62804859332191        3.45369509872834       -0.12329016916772
C           -4.47208826282848        1.25094728930214       -0.21895306202113
C            0.92868551676789       -4.50150425494248        0.64399643764400
C           -1.02058614101207       -4.46062044344435        0.52977876793378
N            4.96147657764273        3.79195473825176       -0.06476575983203
N            5.77189734238441        1.64165072870815        0.04266257852317
N           -4.92415012974983        3.89514826659919       -0.17992024495319
N           -5.40169773630587        0.63372763803674       -0.46573233625741
N            2.02860274767459       -3.90255354414519        0.40041994290394
N           -2.07532743772551       -3.84824620647582        0.15664013530398
C            6.03211662211381        2.99611996054706       -0.32537965714589
C           -6.03168374001761        3.43029434132130       -0.00399637413017
C           -0.01662667663533       -5.36792049170905       -0.01774871019507
N            7.14230135782646        3.28331950492304       -0.82304519701333
N           -7.17450478367229        3.30459539193012        0.33012408377920
N            0.08380461227928       -6.42552755055855       -0.69407340075167
C            2.81222210786332        4.26649865222706        0.66921014911176
C           -2.64731694662962        4.33507306292527       -0.21883476314697
C            2.32890192431052       -2.71035362252538        0.80042314382788
C           -2.40045962936834       -2.64598728986369        0.53521049063441
C            1.62150716617707        4.81097963311939        0.74523723588008
C           -1.39547932898939        5.09256901259574       -0.26630649824523
N            2.67776276508636        5.75206856305365        0.82397411357939
N           -2.53494332976368        5.72716835503741       -0.32865438970734
H            7.28364545310671        4.23836052598926       -1.12159929155507
H           -7.94300102095168        2.87276051771342       -0.13884536016215
H           -0.79033744686086       -6.81983288282474       -1.02319268822136
H            2.83440714695271        6.31319181134382       -0.01524061272917
H           -3.06022863058771        6.57580772103624       -0.40589556211799
H            0.55742125521377        4.76580233914814        0.69492068176394
C            0.42773103333549       -1.39485316389519        4.10877984079784
C            1.33474958234243       -0.44995950501700        3.78553126432897
C            0.93811299296824        0.91882752051991        3.47009112164023
O            1.65038759365098        1.80445931451144        3.06751213673405
N           -0.43231558648282        1.11691952166519        3.62885172688334
C           -1.39693726067420        0.18804123293277        3.96793901421977
O           -2.56508123212191        0.46301352415732        4.03429620221619
N           -0.89778392987271       -1.08055657472618        4.18802695096360
F            2.63407780380937       -0.74175173991984        3.70992083605539
H            0.72134968983813       -2.41435480860115        4.31259947415207
H           -0.77487469133224        2.05992862692010        3.48328949399980
H           -1.57832192828413       -1.79400806229387        4.42054567554242
60
 energy: -137.732454522977 gnorm: 0.008306350102 xtb: 6.7.1pre (5071a88)
N           -0.01371085947799        0.09729367715950        0.72808848637436
C            0.02768460799047        1.49049631201982        0.40887839809605
C            1.20593541325854       -0.58048891284916        0.74256768890996
C           -1.22848769131384       -0.55099432240858        0.62496384000966
N            1.17266197449607        2.08814778244871        0.25803245322326
N           -1.11020673086801        2.13702104761540        0.25490976337290
N            2.32926884365216        0.04637362351058        0.59190980589763
N            1.15276804476460       -1.91839466599603        0.90568198256362
N           -2.31865470580616        0.09319198677064        0.33933860025362
N           -1.23188285353680       -1.88834426646232        0.81464590695870
C            2.28877075480501        1.36858319806803        0.41524102321045
C           -0.05567976438998       -2.50204365479262        1.22816671236638
C           -2.22792234810459        1.42802261706656        0.21877583774248
N            3.50483619743880        1.96172708404033        0.31431020423116
N           -0.09385374159699       -3.85146222137375        1.58726869750479
N           -3.41765593880633        2.04364382831904       -0.00459369461658
C            3.79439884387179        3.36567188457082        0.28475539755274
C            4.65131734047193        1.23856871185946        0.28099958917428
C           -3.63126729912073        3.45448165519201       -0.11785466341461
C           -4.47815296294506        1.25174053550279       -0.20231932724954
C            0.92969971857618       -4.50037769884448        0.66811642525482
C           -1.02291008402904       -4.45803683656299        0.55953872735612
N            4.96826316351378        3.79690550868192       -0.05415731415872
N            5.78010732710384        1.64805397651576        0.06614963597108
N           -4.92803769314562        3.89638914731582       -0.17388336714226
N           -5.41054748087366        0.63372884112646       -0.43517715339515
N            2.03033780085551       -3.90650865116990        0.41668481513401
N           -2.08143544772197       -3.85056424823642        0.18979459603713
C            6.03881564806525        3.00081973580105       -0.31285463316446
C           -6.03676883809413        3.43203623610344       -0.00222246672967
C           -0.02014071252863       -5.36598087107638        0.01062869128338
N            7.14860435644757        3.28453335546521       -0.81401948243494
N           -7.18010551545628        3.30540735399527        0.32978745985193
N            0.07924158680020       -6.42389445616637       -0.66574228765896
C            2.81376374535573        4.26659062143271        0.67273884869534
C           -2.64966557719277        4.33489917174024       -0.21035858734091
C            2.33167019008222       -2.70644513298265        0.79717448217577
C           -2.40204531969049       -2.64222621112459        0.55530331985939
C            1.62091605036976        4.80746522097388        0.75015774084872
C           -1.39776021892895        5.09188152948783       -0.25272851768633
N            2.67392665505539        5.75170417273531        0.83207531493785
N           -2.53663538700761        5.72750398566238       -0.31835962560520
H            7.28823939955718        4.23693792275155       -1.12288508262559
H           -7.94883697555880        2.87950281804613       -0.14487784032033
H           -0.79555538530719       -6.81823703501219       -0.99302810592249
H            2.83062207260647        6.31790677754610       -0.00510528186683
H           -3.06095787052446        6.57661926476893       -0.39772155266806
H            0.55673610591828        4.76145884035458        0.69926310111458
C            0.41100868733686       -1.40261864657496        4.09236192440593
C            1.33140266538724       -0.46744941659271        3.77410711703670
C            0.95309802153094        0.90730918091691        3.45239387056124
O            1.67893045314664        1.78937498378441        3.05381850234072
N           -0.41981388219495        1.11352112551577        3.60009965616460
C           -1.39692897761607        0.19424030186851        3.93468126923251
O           -2.56246159791704        0.48287362713836        3.99420312613635
N           -0.91192691221138       -1.07672342592301        4.16250240479392
F            2.62901074172167       -0.77710211252782        3.71273488268432
H            0.69333744768217       -2.42491258947995        4.30024468986198
H           -0.74929713469661        2.06362443708858        3.45641375116038
H           -1.59606795119689       -1.78344570480990        4.40065524364731
60
 energy: -137.732875115638 gnorm: 0.009086345623 xtb: 6.7.1pre (5071a88)
N           -0.00873232514178        0.09826541703103        0.69887961577698
C            0.03165506502006        1.48966911724351        0.37828419859389
C            1.20872792276693       -0.58011537072256        0.71740938738362
C           -1.22497156733967       -0.54893724082241        0.62007354899230
N            1.17752339617261        2.08769716537914        0.22944120438157
N           -1.10675270766560        2.13541587172421        0.22546369970202
N            2.33281024744962        0.04617262497701        0.56441292721601
N            1.15511642289001       -1.91702033770509        0.88930866159655
N           -2.31822444168111        0.09457825975336        0.34190962689721
N           -1.22921964772813       -1.88462183033326        0.82363922958842
C            2.29267214717517        1.36855962798790        0.39102926547840
C           -0.04982895083328       -2.49545163235431        1.23207044222868
C           -2.22633748499876        1.42803791617780        0.20968933487467
N            3.50975042649117        1.96438001970010        0.30957716758326
N           -0.08719933075468       -3.83886559264895        1.61114615482601
N           -3.41992087018751        2.04436661008351        0.00305616940708
C            3.79856463900481        3.37166476914410        0.28740100966128
C            4.65836945731319        1.24571559266849        0.29520147160374
C           -3.63488219096723        3.45495593551218       -0.11029112814829
C           -4.48400317266712        1.25235714911766       -0.17906887778566
C            0.93034906492184       -4.49952426436773        0.69945496429241
C           -1.02569832226182       -4.45513406248633        0.59988523282260
N            4.97610946258492        3.80335234753249       -0.04014162160450
N            5.79004418127931        1.65633230045616        0.09639196848746
N           -4.93214786374698        3.89694618077678       -0.16750436885125
N           -5.42247777495025        0.63444481339172       -0.38816638936430
N            2.03178254095746       -3.91219839878095        0.43596378347080
N           -2.08905485645735       -3.85319298999412        0.23445175107674
C            6.04652835395916        3.00724541890297       -0.29481126140073
C           -6.04234509315619        3.43386917743298       -0.00179421692430
C           -0.02572369242022       -5.36634899333351        0.05056878264134
N            7.15600225784282        3.28641433908095       -0.80006006155575
N           -7.18594727973570        3.30600949722541        0.32918371193681
N            0.07064164025428       -6.42581788462885       -0.62420084082388
C            2.81485896380113        4.26678428463435        0.67811173595022
C           -2.65319100686218        4.33563712803915       -0.19764947250289
C            2.33523792723036       -2.70353826701473        0.79309296021028
C           -2.40318436379611       -2.63819001739159        0.58607074731348
C            1.61939181194041        4.80300636578693        0.75564727943671
C           -1.40193332671058        5.09333111912413       -0.23373493451063
N            2.66761717066994        5.75117313990690        0.84529775749207
N           -2.54034050545954        5.72908384305863       -0.30222292092414
H            7.29385945218808        4.23480010306396       -1.12186904537679
H           -7.95640146363823        2.88989256243404       -0.15182206334529
H           -0.80576626150336       -6.82025429905760       -0.94692868739138
H            2.82458990650698        6.32393034784300        0.01161635912445
H           -3.06401345951530        6.57836080881555       -0.38354819022075
H            0.55522958758491        4.75482097576494        0.70386347980622
C            0.39015915609992       -1.41294937120566        4.06315972652810
C            1.32700457999356       -0.49037925125190        3.75217161400728
C            0.97208668788344        0.89110340089910        3.42724351448113
O            1.71377872355600        1.76820504352188        3.04535191103482
N           -0.40187354163342        1.10906624936326        3.55691831359952
C           -1.39617220239327        0.20341897155414        3.88308131046410
O           -2.55808547075894        0.50841174513276        3.93339806916736
N           -0.93002928088097       -1.07171896769385        4.12057235968007
F            2.62212726981332       -0.82269279104747        3.71174936612586
H            0.65679778191828       -2.43823475010143        4.27825079427271
H           -0.71392445356249        2.06677739682461        3.41261047121881
H           -1.62100333585829       -1.76906632413094        4.36398800028474
60
 energy: -137.733268684872 gnorm: 0.010125919612 xtb: 6.7.1pre (5071a88)
N           -0.00281988301767        0.09940551453090        0.66942988094265
C            0.03574396845650        1.48952539214384        0.34924256012314
C            1.21341569346357       -0.57934206037344        0.69089557285706
C           -1.22036630898149       -0.54656350790743        0.61305484525301
N            1.18241615318406        2.08885147501538        0.20584083278301
N           -1.10329875043124        2.13451274481893        0.19780123013148
N            2.33805307319662        0.04633533463189        0.53621986202662
N            1.15904611035218       -1.91546878406225        0.87170227730216
N           -2.31671544468993        0.09620919954959        0.34367989392663
N           -1.22512130131670       -1.88009615787096        0.83197388789617
C            2.29727220568651        1.36954473248364        0.36870179819347
C           -0.04259563907264       -2.48779903462429        1.23552110203899
C           -2.22418490629078        1.42821658174287        0.20120249974364
N            3.51383169204401        1.96817330476585        0.30140908620349
N           -0.07922530675464       -3.82487433978349        1.63511514203492
N           -3.42088408430172        2.04489286044246        0.01098645455841
C            3.80153414850923        3.37731722208874        0.28995575404291
C            4.66395266199134        1.25362388194961        0.30478264835416
C           -3.63760019756869        3.45497791286150       -0.10216213462775
C           -4.48816872703540        1.25273904672351       -0.15184297491203
C            0.93048487274268       -4.49898594083526        0.72886817861750
C           -1.02764890950164       -4.45255114299336        0.64125190935281
N            4.98217995958944        3.80967520730575       -0.02613940707294
N            5.79857126754513        1.66468925723856        0.12440603748908
N           -4.93474599004062        3.89701572805480       -0.16223842938360
N           -5.43255897232239        0.63468015070248       -0.33530555878435
N            2.03223067118115       -3.91839893237132        0.45071352272441
N           -2.09565190056223       -3.85545825856107        0.28018130937627
C            6.05274623262571        3.01425655597180       -0.27591637494037
C           -6.04690654533789        3.43679691375706       -0.00248682446023
C           -0.03225975449114       -5.37012474945992        0.09353621364007
N            7.16224332315977        3.28925684662679       -0.78325469357271
N           -7.19050938759898        3.30928863394207        0.32884236242111
N            0.05889267720241       -6.43317526159060       -0.57638341375438
C            2.81455406518565        4.26692583815505        0.68352767593525
C           -2.65680351218493        4.33736226093173       -0.18320639941212
C            2.33885942673969       -2.70346340722505        0.78650057637353
C           -2.40312648500445       -2.63514423832576        0.62012987745796
C            1.61675836519208        4.79869700359008        0.75992146060532
C           -1.40687517895706        5.09723796871516       -0.21208467600346
N            2.66012838187426        5.74972727371401        0.86212205819608
N           -2.54549528916732        5.73169008924143       -0.28357287521673
H            7.29933016120603        4.23341474200327       -1.11497703662759
H           -7.96284731349723        2.89953732617436       -0.15535434228293
H           -0.82004755106843       -6.82803495405308       -0.89160663552570
H            2.81832868006849        6.32964723771444        0.03389048885561
H           -3.06941681514203        6.58057632377169       -0.36629712648768
H            0.55290667082227        4.74792590631496        0.70624416821540
C            0.36982308359029       -1.42337496899593        4.02988436378341
C            1.32199665336152       -0.51389443024916        3.73187143857702
C            0.99067033941351        0.87321692345950        3.40872214521667
O            1.74783748594659        1.74489972467155        3.04467412648358
N           -0.38250626997575        1.10535428942307        3.51376041910494
C           -1.39416947817734        0.21461466815416        3.82699202260071
O           -2.55202642109517        0.53480255471213        3.86124927268855
N           -0.94753433629694       -1.06583318366925        4.07085904890094
F            2.61364084967766       -0.86751268929655        3.70804215971595
H            0.61975900866058       -2.45100995037752        4.24814463746418
H           -0.67713271924250        2.06828699971599        3.36284155410685
H           -1.64796450354009       -1.75279463519162        4.31041154673620
60
 energy: -137.733686821086 gnorm: 0.008252169300 xtb: 6.7.1pre (5071a88)
N            0.00350893273891        0.10039812684177        0.64734696603537
C            0.03948544571211        1.49021419963298        0.33012950985601
C            1.21966662594248       -0.57826306369403        0.66830496083845
C           -1.21476856804394       -0.54414893472616        0.60766383092001
N            1.18664835247612        2.09195206371580        0.19487806330844
N           -1.10010924381848        2.13453763303973        0.17970296394308
N            2.34435265684051        0.04712925651868        0.51181459475142
N            1.16455523355543       -1.91402207805360        0.85515439549191
N           -2.31352906240030        0.09800326083597        0.34620897875343
N           -1.21946427918539       -1.87518574670325        0.84017588931916
C            2.30187625837050        1.37181486587803        0.35329740688924
C           -0.03417807711172       -2.47971447784813        1.23965016280130
C           -2.22133339301467        1.42870457060680        0.19716360426264
N            3.51667937062322        1.97309589701751        0.29293838496177
N           -0.06964733401912       -3.81061249986270        1.65786688611230
N           -3.41993038473257        2.04526383459025        0.01995592118559
C            3.80323265603250        3.38333521752041        0.29311914068148
C            4.66715672352648        1.26189171967716        0.31065979626615
C           -3.63902618839868        3.45456381384917       -0.09347009108460
C           -4.48982579920587        1.25289450964834       -0.12138908809347
C            0.93014788152340       -4.49916569559292        0.75421958146866
C           -1.02824863252633       -4.45075886735513        0.68221802985989
N            4.98614796645879        3.81623382427468       -0.01375190259699
N            5.80435124578989        1.67231872580533        0.14789134774631
N           -4.93589441623781        3.89571333306072       -0.16060434308007
N           -5.43834452133000        0.63437935556159       -0.28190241577597
N            2.03078841468416       -3.92455965211418        0.45762506064616
N           -2.09984219648131       -3.85705450077571        0.32471931900891
C            6.05709352622859        3.02196076546870       -0.25790520809234
C           -6.04991209833061        3.43962536836595       -0.00452097026123
C           -0.03957054618666       -5.37816686284097        0.13838127974982
N            7.16720783911855        3.29300139278337       -0.76601603985453
N           -7.19366669777299        3.31706557757673        0.32774482033345
N            0.04386835754480       -6.44765285791653       -0.52216594925473
C            2.81360990296769        4.26848050284923        0.68949847336406
C           -2.66028908776788        4.34025219327875       -0.16631540632941
C            2.34172979527714       -2.70612454129289        0.77525281080553
C           -2.40094741933105       -2.63282819010972        0.65481607219487
C            1.61373675424562        4.79595407848637        0.76507397164609
C           -1.41263378225536        5.10397862605747       -0.18689802961157
N            2.65297428853322        5.75009228503853        0.87879367395208
N           -2.55232624597532        5.73546856179929       -0.26273752463422
H            7.30541462684885        4.23323341507538       -1.10677307566553
H           -7.96817893216537        2.90862406564290       -0.15387843007028
H           -0.83861084448165       -6.84398616506276       -0.82566382750776
H            2.81142175193934        6.33603226734934        0.05511584088288
H           -3.07759735811976        6.58336687302210       -0.34639782456996
H            0.55010244596248        4.74146969622146        0.71009509495066
C            0.34829196729200       -1.43494491658458        3.99092883446678
C            1.31695249592568       -0.53889701173633        3.70532239220093
C            1.01021983816029        0.85338320780039        3.38336647394670
O            1.78252023417992        1.71813084472516        3.04272638871051
N           -0.36042405438865        1.10354010876938        3.46665446440890
C           -1.39071303075815        0.22862484426497        3.76308459890102
O           -2.54446708029924        0.56398765962893        3.78014349518266
N           -0.96579706525671       -1.05915869057951        4.01229860016474
F            2.60368092966447       -0.91260214472536        3.70036727278465
H            0.57892157336282       -2.46566519804543        4.21658912718185
H           -0.63708182853942        2.06985079797238        3.30858664263473
H           -1.67998592338676       -1.73505424463864        4.24512000289804
60
 energy: -137.734125114908 gnorm: 0.007617523840 xtb: 6.7.1pre (5071a88)
N            0.01011907217166        0.10029620722826        0.62610928993747
C            0.04286354581445        1.49100281965128        0.31469326553610
C            1.22753778000266       -0.57757118669692        0.64333980764312
C           -1.20887023233110       -0.54255347575743        0.59985066132436
N            1.18973436283613        2.09587498695958        0.18751784594093
N           -1.09731793790363        2.13508490029308        0.16791004651256
N            2.35142484028224        0.04827325038901        0.48464105123554
N            1.17195389952874       -1.91323389559411        0.83455707542018
N           -2.30952758127720        0.09929919789054        0.34680732748933
N           -1.21269040988608       -1.87088351303701        0.84514974195053
C            2.30623569455598        1.37484419635237        0.33751291966081
C           -0.02398696970220       -2.47145978396402        1.24045162418156
C           -2.21851042519398        1.42926628861048        0.19521198964541
N            3.51873229118570        1.97889392675616        0.28066897547531
N           -0.05731788754826       -3.79614246350899        1.67794212084388
N           -3.41790779077377        2.04561335888508        0.03001929610619
C            3.80384404184668        3.38907193419305        0.29601906277785
C            4.66941997736278        1.27057175967545        0.31059134914884
C           -3.63955789095513        3.45399281996538       -0.08285431085152
C           -4.49036693798810        1.25289978400075       -0.08554834295506
C            0.92967560714139       -4.50073139091258        0.77240010662521
C           -1.02739594102644       -4.45064208198460        0.72231495129285
N            4.98844066738315        3.82317315807555       -0.00149417756366
N            5.80846238198211        1.68032545999506        0.16471890077791
N           -4.93595169803901        3.89300289123218       -0.15938654366871
N           -5.44035922446438        0.63262132701830       -0.22710391876523
N            2.02744494480327       -3.93200110252142        0.45226419197991
N           -2.10192450326681       -3.85962088323126        0.36828768072543
C            6.06073227111029        3.03148097567957       -0.24067059459479
C           -6.05157860409435        3.44196911183731       -0.00283614694576
C           -0.04792661936892       -5.39125355175020        0.18456622624588
N            7.17225490531714        3.30001838097860       -0.74568083753572
N           -7.19722024352957        3.33118935793336        0.32756658143999
N            0.02459406498883       -6.47125916632833       -0.45979180266098
C            2.81165284832261        4.27035050104215        0.69495408144709
C           -2.66393009818826        4.34421675146034       -0.14658625598211
C            2.34431308605129       -2.71184258947618        0.75222415134871
C           -2.39710160718207       -2.63169571205642        0.68714039159918
C            1.61026887132462        4.79434921167101        0.76958757019305
C           -1.41953365026219        5.11341690801428       -0.15753538983747
N            2.64669019489825        5.74932269291398        0.89879529576942
N           -2.56136503245720        5.74013835638153       -0.23986109142721
H            7.31387310491524        4.23743799934760       -1.08877505814652
H           -7.97258560487511        2.91742446619453       -0.14755562158972
H           -0.86269824175944       -6.87077524743470       -0.74531200297878
H            2.80692546251480        6.34267412065593        0.08200089601594
H           -3.08929128312930        6.58631417056480       -0.32417171716431
H            0.54714507865718        4.73729406484070        0.71116087966628
C            0.32393502295590       -1.44657338600736        3.95043056283500
C            1.31077883821220       -0.56531466154613        3.68671801081597
C            1.03143213452550        0.83174692167541        3.36960717241506
O            1.82184568938148        1.68741710405618        3.04959139777604
N           -0.33564503254837        1.10533903472900        3.42529262545237
C           -1.38524282366451        0.24708902609185        3.69695946327967
O           -2.53435757371149        0.59849968802201        3.68644728376049
N           -0.98518690649987       -1.04961026511971        3.94748047318485
F            2.59063542249888       -0.95849534190088        3.69594735616966
H            0.53282359563638       -2.48060173452807        4.17596434180148
H           -0.59353921206170        2.07381889569836        3.25724630788686
H           -1.71690173451455       -1.71335357361024        4.15877846131795
60
 energy: -137.734541899653 gnorm: 0.007568876785 xtb: 6.7.1pre (5071a88)
N            0.01613787018744        0.09907717008420        0.61288892584954
C            0.04561545604033        1.49189585095210        0.31045072963602
C            1.23536285080685       -0.57757311680385        0.62155228030338
C           -1.20325652150574       -0.54230159112610        0.59368582862826
N            1.19155440545710        2.10018011325428        0.18959818019125
N           -1.09503015634339        2.13618244972000        0.16920250226175
N            2.35761305428061        0.04982699297680        0.45987572478784
N            1.17983935696291       -1.91370595068526        0.81210299967509
N           -2.30483380714605        0.09965489444820        0.34672940488278
N           -1.20550827804125       -1.86854783201945        0.84688879288305
C            2.30962467079753        1.37833327597579        0.32634212740857
C           -0.01328003531520       -2.46480994395997        1.23865191470247
C           -2.21588938250507        1.42984562730609        0.19864638843934
N            3.52041935877848        1.98483922226769        0.27051606136053
N           -0.04304533403037       -3.78388547119864        1.69318048351091
N           -3.41538013913169        2.04584449292949        0.04214687907606
C            3.80436106745942        3.39527798921510        0.29993251217418
C            4.67104871547716        1.27882756264729        0.30757108696569
C           -3.63978512813244        3.45332496740198       -0.07050922282376
C           -4.48962357134758        1.25245382460076       -0.04880712275616
C            0.92925890325692       -4.50446152668216        0.78250621038918
C           -1.02557894253155       -4.45303243852191        0.75940643169732
N            4.99026313137897        3.83101037992694        0.00993593065555
N            5.81104082426581        1.68794895567972        0.17399314431725
N           -4.93613324522922        3.88904308193521       -0.16144927104336
N           -5.44094748324063        0.63073959787690       -0.17364176006427
N            2.02160664067011       -3.94043170566782        0.43408319204396
N           -2.10181359236071       -3.86371658971719        0.40780261347881
C            6.06465454942173        3.04280831831015       -0.22537030382900
C           -6.05320642650566        3.44382017577151       -0.00024336926836
C           -0.05667914366905       -5.40823151049569        0.22878118092330
N            7.17848956405018        3.31036849698736       -0.72522675163647
N           -7.20085565946976        3.35042964532067        0.32807715526305
N            0.00298883490899       -6.50237770497645       -0.39289726017885
C            2.81043267499348        4.27358558331359        0.70095069692580
C           -2.66760197934280        4.34834567166813       -0.12310382286818
C            2.34548899260600       -2.71898691503281        0.71642497990501
C           -2.39159007246085       -2.63151606692508        0.71272052752146
C            1.60794407072037        4.79508417328216        0.77622989658892
C           -1.42722931685097        5.12388465639820       -0.12246830896730
N            2.64348282861773        5.75030640825872        0.91744839173256
N           -2.57170139692333        5.74483259195618       -0.21533484068076
H            7.32562010480450        4.24686768845298       -1.06894326092365
H           -7.97721843116443        2.92435675958210       -0.13391398762281
H           -0.88981465080873       -6.90714745985496       -0.65448664417597
H            2.80500753485660        6.35092090282744        0.10648613806623
H           -3.10302846183705        6.58889759201056       -0.30089901775442
H            0.54495396427102        4.73619828798321        0.71470338089846
C            0.29423028601779       -1.45843059230372        3.90590628171734
C            1.30357046503677       -0.59346955188361        3.66718237695833
C            1.05588997022417        0.80947236123873        3.35140073927501
O            1.86728660635942        1.65304542721664        3.05451417857227
N           -0.30682095662370        1.11166287314246        3.38509402756592
C           -1.37788469080353        0.27042876855074        3.62479603502371
O           -2.52149222984980        0.64042809514234        3.58558121823889
N           -1.00759358360522       -1.03660372215691        3.87681518092077
F            2.57515742936411       -1.00869266167214        3.69829100558795
H            0.47753831325402       -2.49776775624511        4.13526499612549
H           -0.54345869969949        2.08355107896198        3.21316926571108
H           -1.76020117884643       -1.68791089765118        4.06204194573589
60
 energy: -137.734932226926 gnorm: 0.008432986335 xtb: 6.7.1pre (5071a88)
N            0.02016243332299        0.09609861544801        0.60743166430109
C            0.04701260904809        1.49227911975768        0.31736585190710
C            1.24158594033476       -0.57914249475782        0.60373623502187
C           -1.19935515855088       -0.54468071366535        0.58556042235598
N            1.19143688630490        2.10353322331298        0.19965185697884
N           -1.09408174293867        2.13751621204011        0.18515867534119
N            2.36148774065256        0.05105939331648        0.44010786291574
N            1.18645275720228       -1.91652661922713        0.78793030683214
N           -2.30065176541180        0.09789597865001        0.34186021423453
N           -1.19940897769552       -1.87043012621000        0.83926255312699
C            2.31125610019588        1.38116014026950        0.32033664802862
C           -0.00421187881725       -2.46256881930550        1.22908383950710
C           -2.21438461839746        1.42979645393318        0.20624923751543
N            3.52117021734465        1.98924772035586        0.26179884691975
N           -0.02910719489686       -3.77788510362734        1.69435528292247
N           -3.41320207714775        2.04544535510780        0.05452338065053
C            3.80424841903783        3.39916006691759        0.30352419573608
C            4.67174765711655        1.28415229590312        0.29508379334951
C           -3.63966992360346        3.45225409661943       -0.05749999694421
C           -4.48790414090425        1.25152089506236       -0.01795640665999
C            0.92903790046882       -4.51104681232034        0.77496737517206
C           -1.02291717170660       -4.45938164290176        0.78089277858188
N            4.99045250160417        3.83758024514906        0.01865285058652
N            5.81108114854750        1.69351133570934        0.16575350492826
N           -4.93617886425982        3.88363070690215       -0.16472730268784
N           -5.43994215474282        0.62977403644880       -0.13197997303455
N            2.01338630178842       -3.94918332074942        0.39847909228158
N           -2.09921641657956       -3.87027216610639        0.43033169100098
C            6.06763626112351        3.05434354689348       -0.21727064427626
C           -6.05382927862524        3.44358551331955        0.00633860076520
C           -0.06387141264328       -5.42757072994995        0.25719906175747
N            7.18490396114661        3.32529618925629       -0.70608071999416
N           -7.20367489434949        3.37043333910753        0.33194017210301
N           -0.01694086269281       -6.53795762198140       -0.33648904881629
C            2.80966711024125        4.27614145769407        0.70591782750812
C           -2.67084420663802        4.35146392091749       -0.09947995340888
C            2.34437002602870       -2.72813511798028        0.66820607742116
C           -2.38551771345217       -2.63434980869890        0.72137898402274
C            1.60758973958100        4.79838872510237        0.78234687374406
C           -1.43485489841816        5.13337280175281       -0.08797827488420
N            2.64548056535294        5.75027325173682        0.93428986322008
N           -2.58183295282700        5.74818256694088       -0.19315822584051
H            7.33959033633361        4.26431717508955       -1.03788706552489
H           -7.98107364532171        2.92909501680243       -0.11335025319452
H           -0.91490362744074       -6.94928630324491       -0.57061069042749
H            2.80990265834209        6.35783807539158        0.12933026802671
H           -3.11688191761578        6.58987928601917       -0.27992881987379
H            0.54461693781161        4.74100552158847        0.71677767972239
C            0.26711250247891       -1.46439039125528        3.86911548799230
C            1.29530523421055       -0.61261756268000        3.66176759068636
C            1.07559936323005        0.79452472086312        3.35070446950502
O            1.90558426431385        1.62563672770887        3.06869628885406
N           -0.28180638196501        1.12316880193762        3.36805762252106
C           -1.36917239308023        0.29412269448430        3.56988611300798
O           -2.50684955009243        0.67845358713118        3.50082537184874
N           -1.02566695231804       -1.02096563877541        3.81806578391175
F            2.55842587130626       -1.04556641028607        3.71051843816010
H            0.42850089946282       -2.50804420796266        4.09285443317449
H           -0.50069836309020        2.09819525255806        3.19538826680413
H           -1.79615320770502       -1.66333145151709        3.96496894059480
60
 energy: -137.735121005147 gnorm: 0.004562296816 xtb: 6.7.1pre (5071a88)
N            0.01998715532350        0.09500773440809        0.60693370631914
C            0.04726480762612        1.49144967159745        0.31873389254047
C            1.24074208661918       -0.58041790302807        0.60218161049928
C           -1.19969411220676       -0.54667988827902        0.58409283046196
N            1.19160681859441        2.10208720549226        0.19815072494629
N           -1.09402351528697        2.13691776364610        0.18939848840770
N            2.36047453188288        0.05056125345870        0.43945158054725
N            1.18563299623264       -1.91815224826955        0.78381700715205
N           -2.30104108350186        0.09585646367968        0.33943355618387
N           -1.19969743220435       -1.87379349983699        0.83504353907427
C            2.31099371079296        1.38023015042886        0.31967303181597
C           -0.00414084332591       -2.46538263053558        1.22458171991891
C           -2.21458650318183        1.42870720655818        0.20755438159087
N            3.52189614159007        1.98815662448266        0.26451161971089
N           -0.02756436105252       -3.78068054863792        1.68947026920242
N           -3.41420945648810        2.04437152095428        0.05654551273578
C            3.80544758106828        3.39805193029840        0.30659251105519
C            4.67342398931684        1.28188030148768        0.29127802533414
C           -3.64019109130023        3.45131731215476       -0.05616393875478
C           -4.48837024407927        1.24950101102790       -0.02033032543160
C            0.92995905947619       -4.51326534242313        0.76960514695968
C           -1.02293041733816       -4.46226643406503        0.77939337492828
N            4.99202820971370        3.83775058911250        0.02360478464824
N            5.81272669665347        1.69224218191727        0.15948930461700
N           -4.93685054652060        3.88244904848570       -0.16375608769780
N           -5.44465016580229        0.63249013973340       -0.12829981884517
N            2.01233151187579       -3.95059161836107        0.39122296763872
N           -2.09979492352206       -3.87402267194498        0.42954761969898
C            6.06951577945954        3.05535069331625       -0.21651495967499
C           -6.05441872719982        3.44232722168343        0.00957951196560
C           -0.06321405296443       -5.42899119076222        0.25451923248094
N            7.18795870242617        3.33078115406274       -0.70128446373724
N           -7.20597607055636        3.37108829182412        0.32924493229294
N           -0.01597342263899       -6.54052158132093       -0.33519923869325
C            2.81110195893754        4.27492175661427        0.70946075417187
C           -2.67082114283212        4.34959183859488       -0.09718570788202
C            2.34371091088129       -2.72850347612542        0.65999267071196
C           -2.38591277441800       -2.63684388689893        0.71712923754127
C            1.60955073535853        4.79890499264319        0.78616636024029
C           -1.43534308824279        5.13187680481271       -0.07993705776501
N            2.64900613236589        5.74905191441395        0.93824370680934
N           -2.58143268933363        5.74617286283191       -0.19302265715082
H            7.34338956567504        4.27410538744046       -1.02432526419158
H           -7.98103542078860        2.92677802866077       -0.11696447354855
H           -0.91357927435524       -6.95250916231410       -0.56573743157898
H            2.81506663600718        6.35752617407343        0.13366437715072
H           -3.11626096338544        6.58753729525159       -0.28292082120860
H            0.54632177799561        4.74411297508425        0.71964486971464
C            0.25880049615265       -1.46158607970920        3.86865098236899
C            1.29049670964876       -0.61378675002789        3.66338232604814
C            1.07792502566430        0.79444538129168        3.35075729086631
O            1.91157126453168        1.61933746979640        3.06190104613556
N           -0.27815940038310        1.12801150970149        3.36920398739906
C           -1.36826338081973        0.30244246043878        3.56725301904471
O           -2.50330747539588        0.69299374236224        3.49831233765318
N           -1.03084152559146       -1.01187801808117        3.81951993196777
F            2.55168482001524       -1.05369502725704        3.71369645646392
H            0.41674108076530       -2.50646453181785        4.09003091792807
H           -0.49317115211259        2.10554235990608        3.19948528229881
H           -1.80190163581732       -1.65189493403702        3.96377080889992
60
 energy: -137.735376308312 gnorm: 0.006253386912 xtb: 6.7.1pre (5071a88)
N            0.01947972928868        0.09201015933345        0.60548945436486
C            0.04732310725284        1.48924640172997        0.32199897322939
C            1.23904818151585       -0.58379734482685        0.59664389579322
C           -1.20051738956862       -0.55151534712242        0.58013562167234
N            1.19148351579379        2.09879145458505        0.19481407673659
N           -1.09492418860491        2.13516341793511        0.20136020466300
N            2.35834929849400        0.04889638942278        0.43653062894296
N            1.18409857952779       -1.92240445998311        0.77181366240703
N           -2.30225246290399        0.09108073812279        0.33520804389370
N           -1.20004904750174       -1.88164658616865        0.82418586009741
C            2.31047285962941        1.37792766607319        0.31815916924934
C           -0.00344259314305       -2.47182813664867        1.21291217279628
C           -2.21573195845254        1.42613299701973        0.21368364716503
N            3.52353959609243        1.98514990531971        0.27052159945769
N           -0.02311192158110       -3.78709132152389        1.67739062770745
N           -3.41704911669225        2.04227132807363        0.06723612978023
C            3.80822472227211        3.39439686662983        0.31573193841006
C            4.67655324392254        1.27571054426763        0.27761981463784
C           -3.64142290615087        3.44950869593886       -0.04868810691667
C           -4.49304865423021        1.24930981479747       -0.01114044823299
C            0.93251888310277       -4.51828140987171        0.75439565205587
C           -1.02244912789454       -4.46937722788583        0.77531533520995
N            4.99511289644925        3.83788453456734        0.03783952602078
N            5.81498856955841        1.68862006108183        0.13989327194163
N           -4.93753671843017        3.88026219338917       -0.16735667581862
N           -5.44357597161182        0.62617094885957       -0.13478460088205
N            2.00984354917449       -3.95318375800641        0.37000735646704
N           -2.10063846665863       -3.88282606103804        0.42754181568767
C            6.07371531719525        3.05819594178700       -0.21198580383113
C           -6.05636295134151        3.44167089056208        0.00406051163620
C           -0.06181693980716       -5.43382524278424        0.24701504522105
N            7.19489749949844        3.34579243812037       -0.68501358020543
N           -7.20719468161198        3.36700953916092        0.32449951925029
N           -0.01439466404374       -6.55052222175296       -0.33146126534514
C            2.81439727510145        4.27115521636106        0.71957603060488
C           -2.67015632639648        4.34508672514056       -0.08819106083410
C            2.34258995876305       -2.72949884038592        0.63748919112188
C           -2.38633716395705       -2.64293186794038        0.70807045784291
C            1.61482546848877        4.80037447221780        0.79589357771372
C           -1.43527536488512        5.12753338170154       -0.06339988255777
N            2.65857579929980        5.74537054590148        0.95011614536035
N           -2.57946712452503        5.74137632248061       -0.19049145506108
H            7.35106347425015        4.29924690344757       -0.98473400730958
H           -7.98193352570571        2.92165239581373       -0.12082124618505
H           -0.91174656209593       -6.96498772770087       -0.55272265504879
H            2.82975913163557        6.35612863344129        0.14726005496009
H           -3.11377025965798        6.58206589878724       -0.28802283606382
H            0.55099174788904        4.75274893324585        0.72725431638807
C            0.23498864526425       -1.45386131081944        3.86667981089291
C            1.27731984994467       -0.61770278634343        3.66766233407471
C            1.08463224446464        0.79299228572593        3.34866330553891
O            1.92899005095817        1.60118172636551        3.04395068809882
N           -0.26721719294885        1.14272833849375        3.37332529704543
C           -1.36673121841328        0.32852818916421        3.56357108684534
O           -2.49524318957309        0.73621717651346        3.48857458483712
N           -1.04712301131829       -0.98629430097011        3.82137702829202
F            2.53275689292911       -1.07710309529728        3.72260870631382
H            0.38251118468583       -2.50183493544467        4.08239160476713
H           -0.47052910077538        2.12556379312657        3.20900611906139
H           -1.82200147195962       -1.62063888219737        3.95561473002044
60
 energy: -137.735535404003 gnorm: 0.007222694821 xtb: 6.7.1pre (5071a88)
N            0.02028873718772        0.08933987533913        0.60441266894290
C            0.04777061218546        1.48744059350953        0.32467142982908
C            1.23965664337763       -0.58652488173504        0.59132499156027
C           -1.19952132680303       -0.55504992712577        0.57659120703962
N            1.19159497400238        2.09699533907380        0.19455111839705
N           -1.09541934033930        2.13345937783181        0.21067616704771
N            2.35851852601135        0.04703597158825        0.43288081475012
N            1.18482449043943       -1.92576831182350        0.76190803433530
N           -2.30130181633822        0.08742181660201        0.33237229149068
N           -1.19870151128604       -1.88640410595148        0.81670281769941
C            2.31099886381844        1.37624005089525        0.31747907912106
C           -0.00133734175056       -2.47578994381388        1.20473213925636
C           -2.21538052176308        1.42363445209506        0.21884601892432
N            3.52474515329865        1.98287784549288        0.27278761217963
N           -0.01872538635198       -3.79115605082965        1.66901112627151
N           -3.41742168349596        2.03890306915859        0.07421896793021
C            3.80979371739154        3.39102244474279        0.32354234723879
C            4.67772428142610        1.27154911341646        0.26428382537615
C           -3.64168675657717        3.44618969962284       -0.04409461180025
C           -4.49113497271549        1.24377010536621       -0.01341573041527
C            0.93486205914113       -4.52173624356912        0.74170898638113
C           -1.02095565987447       -4.47428056683054        0.77162835030035
N            4.99628764939327        3.83776588029258        0.04973146427644
N            5.81498062832577        1.68647104414917        0.12398606646719
N           -4.93736216458111        3.87642547979920       -0.16998796941378
N           -5.45026738815017        0.63140824423764       -0.12279761802343
N            2.00887516947626       -3.95490225097418        0.35178853686498
N           -2.09972996385831       -3.88805701685063        0.42559539995489
C            6.07621372881913        3.06073455302974       -0.20544310127145
C           -6.05624979617683        3.43900137522431        0.00285522196993
C           -0.06103630977426       -5.43898406562187        0.24079504241439
N            7.19943018816398        3.35735012970498       -0.66801884959177
N           -7.20897432138877        3.36537372149951        0.31693992351211
N           -0.01453956192660       -6.56091427684606       -0.32875324133030
C            2.81600508735041        4.26757338834505        0.72836035079872
C           -2.66958212486856        4.34107264703261       -0.08019449603444
C            2.34315030482387       -2.73131686287333        0.61960936428723
C           -2.38490144209335       -2.64707874751413        0.70394119827058
C            1.61841836308813        4.80114837117111        0.80319969829414
C           -1.43546675126733        5.12445537792539       -0.04733965321300
N            2.66525459181198        5.74186235341827        0.96205136109645
N           -2.57864578437968        5.73743355789295       -0.18643439882299
H            7.35474399635894        4.31623061224739       -0.95153263129671
H           -7.98132666519974        2.91666255266306       -0.12920667601789
H           -0.91255007461984       -6.97790181426116       -0.54284651342354
H            2.84124466146564        6.35439258844269        0.16147530735260
H           -3.11290076438059        6.57739191996105       -0.29081977005534
H            0.55431134365626        4.75879186345044        0.73298322400762
C            0.21445741164035       -1.44743969023690        3.86340354648540
C            1.26654581515869       -0.62208174769583        3.66916324809544
C            1.09055396912556        0.79051311308928        3.34622084549850
O            1.94404886973251        1.58604269067757        3.03365264719868
N           -0.25700857077017        1.15613742248551        3.37654701407923
C           -1.36622021400597        0.35284712371660        3.55992940634759
O           -2.48967384965031        0.77464304650685        3.47636922783702
N           -1.06255162694399       -0.96492635559455        3.81821123120590
F            2.51660289642048       -1.09731433396038        3.72774510620435
H            0.35171932992054       -2.49726775236339        4.07723629241765
H           -0.44966788800398        2.14151131889557        3.21359053398408
H           -1.84338048367720       -1.59422418413005        3.94344900770141
60
 energy: -137.735748226777 gnorm: 0.006320961837 xtb: 6.7.1pre (5071a88)
N            0.02174638196111        0.08603720430544        0.60401758982217
C            0.04833588634849        1.48511717028687        0.32784227773047
C            1.24161289482052       -0.58966316207088        0.58482096348520
C           -1.19770618299315       -0.55862857172494        0.57409257629826
N            1.19152508235985        2.09533950898574        0.19597831384521
N           -1.09586810627040        2.13087339799319        0.21939395812044
N            2.35983270436357        0.04438808021643        0.42696944911365
N            1.18701916811607       -1.92956541533827        0.75048504586347
N           -2.29977663027684        0.08382179065668        0.33236753410602
N           -1.19619134817177       -1.89050085612722        0.81073458948747
C            2.31191484388845        1.37424411745994        0.31615306143634
C            0.00229388394938       -2.47953700616032        1.19684454686868
C           -2.21470012031396        1.42069077197320        0.22522183334097
N            3.52552899089285        1.98036255297042        0.27158735256321
N           -0.01273889287997       -3.79524368644214        1.66023696869495
N           -3.41697357855574        2.03535802725177        0.08433059049153
C            3.81062653396063        3.38682223098513        0.33197612876425
C            4.67764659498486        1.26772770830982        0.24643089419647
C           -3.64102075834457        3.44240127653503       -0.03811901606784
C           -4.49067614690986        1.24084865036101       -0.00340039529492
C            0.93755242975287       -4.52573615690543        0.72669623955991
C           -1.01841634082995       -4.47948903182326        0.76740499414257
N            4.99650769413445        3.83743392408018        0.06344181977813
N            5.81361263374323        1.68515685863208        0.10590995723399
N           -4.93602828171320        3.87185196614947       -0.17294060867345
N           -5.44794228116031        0.62642120262845       -0.11744055131569
N            2.00810216374608       -3.95725218392916        0.32945531557469
N           -2.09750587320620       -3.89272747665841        0.42373055144507
C            6.07840091236793        3.06384506488451       -0.19614212331244
C           -6.05496908742925        3.43598588813785        0.00227514770428
C           -0.06073379833737       -5.44597192120119        0.23395841084295
N            7.20461149694350        3.37028792305325       -0.64440864787123
N           -7.21112966225040        3.36568211292044        0.30485570378443
N           -0.01632421528156       -6.57378738581459       -0.32535304707381
C            2.81662085278920        4.26283987088758        0.73877320260871
C           -2.66841483827958        4.33708540882458       -0.07026910603651
C            2.34438971374125       -2.73468771176464        0.59837405801842
C           -2.38204680342138       -2.65154677617774        0.70296223296542
C            1.62166658745358        4.80177834616314        0.81118732736272
C           -1.43538819256503        5.12182733938119       -0.02840457253026
N            2.67191564940895        5.73713748231026        0.97882456808225
N           -2.57772603704375        5.73357468175152       -0.18016504051304
H            7.35844531762621        4.33348966193839       -0.91065801390754
H           -7.97880041311263        2.90934487002305       -0.14194674584110
H           -0.91562964229148       -6.99394983709320       -0.53078613738746
H            2.85436099312381        6.35208881004059        0.18188731081536
H           -3.11216784582666        6.57252047487104       -0.29214068340498
H            0.55739790236522        4.76517364920661        0.73884495786074
C            0.18875934275781       -1.43961925165462        3.85747529867280
C            1.25306660597003       -0.62846262701116        3.66821433063286
C            1.09747948811362        0.78660297996965        3.34408323773202
O            1.96193536950085        1.56830385909919        3.02747973709812
N           -0.24416800468557        1.17277411025751        3.37944185210688
C           -1.36608033770580        0.38324555730933        3.55118992517786
O           -2.48314505822480        0.82152971590194        3.45710472808157
N           -1.08250776169971       -0.93941461125363        3.80867192531410
F            2.49598666979589       -1.12206437978403        3.73063935243394
H            0.31183874675210       -2.49096703673672        4.07217259976008
H           -0.42350863082005        2.15995198114356        3.21588781815597
H           -1.87244866513506       -1.56115014219492        3.92402341204143
60
 energy: -137.736058256948 gnorm: 0.006246790046 xtb: 6.7.1pre (5071a88)
N            0.02499852457762        0.08087955705810        0.60529478913900
C            0.04976007598429        1.48137693513389        0.33363033181950
C            1.24620597158699       -0.59435057114544        0.57568675119792
C           -1.19379098558583       -0.56347726017833        0.57358782824214
N            1.19177476709290        2.09334464378469        0.20170267403861
N           -1.09556813284911        2.12655834749204        0.23051189624129
N            2.36323289875286        0.03997797357896        0.41606714562188
N            1.19198925328366       -1.93510266682902        0.73483904330742
N           -2.29652431319591        0.07906111564655        0.33680882796370
N           -1.19110819173355       -1.89509923958569        0.80668914127499
C            2.31381801791756        1.37117148900767        0.31338952300332
C            0.00929544910924       -2.48448724082848        1.18806769086600
C           -2.21287994174145        1.41623684015382        0.23562340550740
N            3.52624132731764        1.97707181853408        0.26422517943139
N           -0.00281900486287       -3.80086897065075        1.64884212979285
N           -3.41506075327948        2.02997471528099        0.09948076298285
C            3.81085436862837        3.38095980733113        0.34275025253150
C            4.67652636084905        1.26396335031484        0.21806495382982
C           -3.63929410174864        3.43651229745199       -0.02789655176826
C           -4.48799560967703        1.23545984005270        0.01265286216636
C            0.94124975906716       -4.53223787792508        0.70581474011167
C           -1.01385940099803       -4.48669408830593        0.76208410092267
N            4.99603855798224        3.83706268131537        0.08300785266679
N            5.81115123342909        1.68527844013977        0.08137834030035
N           -4.93241008754404        3.86478668509226       -0.18559494789338
N           -5.44476277816423        0.62024035546634       -0.10152892849825
N            2.00715932261617       -3.96199012327056        0.29700538271690
N           -2.09303852877932       -3.89805686118478        0.42233226520625
C            6.08120443906802        3.06864096539251       -0.18127237068684
C           -6.05353702998917        3.43267424983299       -0.01640738765762
C           -0.06102994632616       -5.45709095496084        0.22544843098018
N            7.21273381327663        3.38813419492023       -0.60610879362071
N           -7.20820481525679        3.35768651739629        0.28881557320741
N           -0.02087599088477       -6.59179856106772       -0.32088020204536
C            2.81610235159043        4.25523150741213        0.75413434148091
C           -2.66692535522064        4.33211889532874       -0.05150076453067
C            2.34664201102164       -2.74166053670807        0.56783789543485
C           -2.37642995679707       -2.65779922371183        0.70673846924909
C            1.62498684201472        4.80176572273628        0.82265364461605
C           -1.43552413390234        5.11863058160305       -0.00139970916578
N            2.67960989688979        5.72913251749479        1.00800841941139
N           -2.57705051653627        5.72870974811303       -0.16612060918457
H            7.36525686431408        4.35640539123537       -0.84746763691015
H           -7.97630296837598        2.90123100879465       -0.15676801569461
H           -0.92224356331526       -7.01575635159299       -0.51461123857213
H            2.87219525682304        6.34886456211817        0.21786586808271
H           -3.11172450774044        6.56601788598723       -0.28977764427006
H            0.56065909148535        4.77248452332567        0.74616975719308
C            0.14916715635945       -1.42769154020256        3.84534367797660
C            1.23192490589891       -0.63911933938598        3.66322397391073
C            1.10726276504446        0.77966988526243        3.34132298452293
O            1.98841254345888        1.54317126074499        3.02718583434416
N           -0.22480832940905        1.19740040250286        3.38049071274408
C           -1.36604393417454        0.42929832266505        3.53139217660911
O           -2.47316312422864        0.89047413122368        3.42156793230814
N           -1.11317870084937       -0.90168565287416        3.78568304391650
F            2.46340741016422       -1.15891555755790        3.73090086642414
H            0.24837471229158       -2.48085120263124        4.06369306543483
H           -0.38367723975399        2.18629896566220        3.21346342409532
H           -1.91840400498507       -1.50922331200378        3.88813183766204
60
 energy: -137.736356366433 gnorm: 0.008478878787 xtb: 6.7.1pre (5071a88)
N            0.02937475678705        0.07478769941997        0.60768858879274
C            0.05221303733222        1.47650905855085        0.33971299071291
C            1.25187934611633       -0.59995203928999        0.56625407755399
C           -1.18895766707305       -0.56902378352938        0.57636078933781
N            1.19307074060932        2.09056587673353        0.20931543403429
N           -1.09366169928542        2.12100786565892        0.23870327422448
N            2.36748129039614        0.03474398768545        0.40211378873925
N            1.19793786114268       -1.94147942416966        0.71921004541236
N           -2.29274764143484        0.07369181853665        0.34528174196485
N           -1.18501977910585       -1.90022108548554        0.80654606000717
C            2.31639167705433        1.36721963727482        0.30857168232557
C            0.01774012038578       -2.49051374511580        1.18072415580251
C           -2.21024575203941        1.41080861098796        0.24575036865827
N            3.52744016305493        1.97376214679700        0.25196003764315
N            0.00849186488759       -3.80759639777390        1.63750502927634
N           -3.41225796424011        2.02406764949306        0.11403582905105
C            3.81120431188976        3.37538474938553        0.35303584421632
C            4.67618140149211        1.26121086666578        0.18565909232900
C           -3.63657083125517        3.42965280690953       -0.01951115486111
C           -4.48585423509853        1.23030212079703        0.03656993355557
C            0.94471592218185       -4.54057086934304        0.68554482941379
C           -1.00888809267632       -4.49472416535351        0.75791291678617
N            4.99630979212548        3.83712350775160        0.10474930400318
N            5.81020682486118        1.68679205866156        0.05641337355060
N           -4.92821206281100        3.85577430990854       -0.19356690668236
N           -5.43836724875422        0.60939201329743       -0.08029994409427
N            2.00561939380222       -3.96887834720999        0.26411870059552
N           -2.08830945676204       -3.90377828025786        0.42312318873142
C            6.08513531517737        3.07415590611331       -0.16456770706416
C           -6.04993915891517        3.42628413269955       -0.02269983700193
C           -0.06173761137569       -5.46911376355841        0.21803198760474
N            7.22270302596146        3.40671177402661       -0.56305445116311
N           -7.21013360961629        3.35726105498853        0.26440627111808
N           -0.02664351690653       -6.60856715997660       -0.31806983718540
C            2.81522107302917        4.24624157802074        0.77117652503891
C           -2.66569714765394        4.32725063289741       -0.03289746987776
C            2.34859070204750       -2.75075746541215        0.53633659934842
C           -2.37008820681483       -2.66488188529294        0.71424541289966
C            1.62771706766255        4.80004866079630        0.83607024657479
C           -1.43688489700970        5.11670448208445        0.03193528954135
N            2.68614668247958        5.71879864704762        1.04451126153485
N           -2.57767205239503        5.72396333262697       -0.15021986604965
H            7.37601062146352        4.38165059773421       -0.77434052988777
H           -7.97077691170715        2.88939756776164       -0.18275878793719
H           -0.92969163480270       -7.03483985995929       -0.50129348468243
H            2.88978075278259        6.34597633676146        0.26333797970115
H           -3.11276509175413        6.55920293278779       -0.28588731828995
H            0.56342832620701        4.77742677453786        0.75342603845242
C            0.10450724167118       -1.41372297664695        3.82824353557039
C            1.20704534386988       -0.65054175650925        3.65513698191148
C            1.11689279661819        0.77204414978929        3.33763830663124
O            2.01712062560419        1.51714102578371        3.03227006522045
N           -0.20451206156464        1.22344027619459        3.37585153419689
C           -1.36570600754638        0.47976289264459        3.50353313630860
O           -2.46153881928822        0.96400279669424        3.37753302579035
N           -1.14642468859025       -0.85971675356654        3.75353926625395
F            2.42551550303673       -1.19829986735004        3.72890809174456
H            0.17564875747815       -2.46891230559948        4.04983402133695
H           -0.34019709498052        2.21453689529157        3.20431057627728
H           -1.96822139776615       -1.44870630041463        3.84430506499358
60
 energy: -137.736674358729 gnorm: 0.008738809154 xtb: 6.7.1pre (5071a88)
N            0.03442113747461        0.06856507417011        0.60978756840731
C            0.05542987416461        1.47119149815780        0.34483560219357
C            1.25763778153003       -0.60582024921977        0.55704283679208
C           -1.18383637259412       -0.57475880230563        0.58147457814301
N            1.19557485822948        2.08715173930027        0.21694634096123
N           -1.09044517026737        2.11528781168201        0.24419023770758
N            2.37180667583154        0.02955401786081        0.38664368218807
N            1.20374038830368       -1.94789284049586        0.70535987406413
N           -2.28893333475990        0.06826232581474        0.35658596277722
N           -1.17883529190494       -1.90573862435877        0.80959179557325
C            2.31945526259068        1.36291229457414        0.30197605927289
C            0.02631699752083       -2.49701933277062        1.17520558117670
C           -2.20724397066972        1.40526120168451        0.25579128870454
N            3.52950568378571        1.97104309430291        0.23745798205952
N            0.01948702668802       -3.81457059465557        1.62783783752194
N           -3.40933476287726        2.01831553891359        0.12695807516069
C            3.81231791439354        3.37107374844728        0.36246583229832
C            4.67756057930350        1.26008440692398        0.15383866746049
C           -3.63392322041052        3.42288068226460       -0.01115454091865
C           -4.48328313137908        1.22403801876157        0.06024489933439
C            0.94748161397171       -4.54945511723920        0.66936837972788
C           -1.00433993827225       -4.50242924299074        0.75580451154451
N            4.99798171223277        3.83774111331277        0.12746740557095
N            5.81181090770598        1.68949401652986        0.03485927469682
N           -4.92380451380602        3.84661864412910       -0.20585226651316
N           -5.43506792614724        0.60065392969734       -0.04977804401267
N            2.00374672195547       -3.97682641823851        0.23663633511995
N           -2.08451730557422       -3.90953035199751        0.42680983382359
C            6.09040021621597        3.07989472156278       -0.14651862909015
C           -6.04750492496461        3.42029060063598       -0.03985517429685
C           -0.06242633083561       -5.47970491028287        0.21254823278711
N            7.23301080640779        3.42324935771926       -0.52046381813704
N           -7.20867238362611        3.35163294792494        0.24192145770798
N           -0.03224189331258       -6.62084302671473       -0.31871057289872
C            2.81456385049299        4.23691982815469        0.78822733528850
C           -2.66528394280338        4.32301120272906       -0.01242330984327
C            2.34989695535502       -2.76020146582836        0.50898641312892
C           -2.36422134613257       -2.67182463212319        0.72390961915624
C            1.62968524682885        4.79607985528489        0.85060635481837
C           -1.43913462124024        5.11500695568123        0.06482469872848
N            2.69027589019762        5.70680009573414        1.08428721613433
N           -2.57899824063048        5.71964195462104       -0.13153735090579
H            7.38830346411420        4.40443553707225       -0.70170941149652
H           -7.96654880996051        2.87995247702854       -0.20556095443342
H           -0.93631958744427       -7.04767488101167       -0.49409056544952
H            2.90403869522844        6.34381464867855        0.31366140446594
H           -3.11401070612061        6.55295813164741       -0.27861630903400
H            0.56560589559616        4.77822042976200        0.76055772691042
C            0.06128394052959       -1.39876425305118        3.80730298039454
C            1.18135243062236       -0.65957516340555        3.64479413383937
C            1.12396960406853        0.76582607289881        3.33333784966421
O            2.04222972091996        1.49434123037856        3.04092330458595
N           -0.18728425334100        1.24675432835996        3.36390636705874
C           -1.36497288162318        0.52703864975054        3.47071590377477
O           -2.44970176904909        1.03118353975971        3.33162452164885
N           -1.17678078558065       -0.81871603243720        3.71722775005581
F            2.38703129778343       -1.23291431012723        3.72526621753152
H            0.10510493472910       -2.45540322295410        4.03035576473992
H           -0.30014689667126        2.24023377331553        3.18864588931366
H           -2.01321377279528       -1.38775102304008        3.79973436300974
60
 energy: -137.737054764330 gnorm: 0.007120355135 xtb: 6.7.1pre (5071a88)
N            0.04076258800295        0.06161480260994        0.60921990913178
C            0.05988515535430        1.46472068837983        0.34663965190122
C            1.26385518281598       -0.61255025698512        0.54613474702712
C           -1.17791302214778       -0.58133215895834        0.58800647223760
N            1.19992946750635        2.08226510620103        0.22217695753391
N           -1.08541100568567        2.10864807306908        0.24456711927156
N            2.37654999567064        0.02399032425701        0.36794544371960
N            1.20974413107544       -1.95486826480141        0.69185787435203
N           -2.28467274934807        0.06210817337561        0.37071249663256
N           -1.17203964655706       -1.91244081862852        0.81517026300080
C            2.32347883032117        1.35767078010901        0.29180330380700
C            0.03559610410514       -2.50451620359718        1.17038565460095
C           -2.20339534372554        1.39884506548655        0.26461003289971
N            3.53296958479747        1.96865980365824        0.22041437234470
N            0.03093133732730       -3.82215942444655        1.61947323543216
N           -3.40588743640783        2.01203421529992        0.13819639333467
C            3.81467051761053        3.36763149473258        0.37250201480966
C            4.68147149763920        1.26087469978149        0.12193804003680
C           -3.63099826143951        3.41529841643691       -0.00342086958443
C           -4.48066547996147        1.21670367087208        0.08869809960737
C            0.94993416904579       -4.55909068174868        0.65704896227837
C           -0.99988623180423       -4.50999854995676        0.75596998315696
N            5.00162892190159        3.83852333906095        0.15449799037632
N            5.81681014393173        1.69350333641731        0.01758004022588
N           -4.91913968859979        3.83568017418190       -0.21705434726892
N           -5.43294329931214        0.59129639177691       -0.00627964290022
N            2.00200185506586       -3.98622859898010        0.21441059781830
N           -2.08189202186492       -3.91591020977130        0.43465184700203
C            6.09770875211898        3.08585795500213       -0.12442590587276
C           -6.04462919690354        3.41200515285340       -0.05601210428855
C           -0.06276357505528       -5.48867184426166        0.20843947216272
N            7.24474301116380        3.43803425272203       -0.47420440554875
N           -7.20886024282040        3.34756022781539        0.21451347068436
N           -0.03762581051449       -6.62808655935669       -0.32492210738504
C            2.81420274054036        4.22599628330686        0.80714609984811
C           -2.66579868552611        4.31872226921667        0.01000031200197
C            2.35098444858405       -2.77012289783036        0.48502841865337
C           -2.35866399346329       -2.67886321551528        0.73598134827594
C            1.63068926447328        4.78801535445136        0.86895882801863
C           -1.44293654639156        5.11359331561768        0.10384878780155
N            2.69114321208690        5.69091964122294        1.13152167357668
N           -2.58138357448469        5.71517318850400       -0.10902556853736
H            7.40298131747015        4.42410334713077       -0.62532432838788
H           -7.96164408047533        2.86923531943070       -0.23444298643909
H           -0.94229140438325       -7.05368845491759       -0.49470606999549
H            2.91397127026726        6.34183931364319        0.37466172425846
H           -3.11572577945068        6.54666158486107       -0.26699553492639
H            0.56706868770009        4.77272760239606        0.76999873025368
C            0.01617186777483       -1.38084529472171        3.78028925732852
C            1.15267701115809       -0.66543881923121        3.63195026083532
C            1.12871514809136        0.76150893018745        3.32733053944896
O            2.06514020656059        1.47361588249201        3.05286548122709
N           -0.17246101337235        1.26911224428805        3.34104886571251
C           -1.36375210154491        0.57510073714337        3.43049074951583
O           -2.43693179842356        1.09803765016947        3.28014112755362
N           -1.20626505121073       -0.77473174755187        3.67440101617644
F            2.34479510180314       -1.26394420781276        3.72073054760856
H            0.03235913710040       -2.43837064765788        4.00128793585345
H           -0.26078857857603        2.26527568964866        3.16343925984561
H           -2.05620503964397       -1.32130464110408        3.75040346195190
60
 energy: -137.737393107515 gnorm: 0.007352192513 xtb: 6.7.1pre (5071a88)
N            0.04792959264319        0.05362855676525        0.60323778938075
C            0.06485965160700        1.45729953372301        0.34442370306438
C            1.27025176213390       -0.62042087821914        0.53052447046558
C           -1.17127440287021       -0.58949056649491        0.59118257114453
N            1.20505374355552        2.07588511542909        0.22144229600765
N           -1.08024493647970        2.10119494467653        0.24444043729317
N            2.38139234354284        0.01782635263994        0.34585148197173
N            1.21612219470341       -1.96299663263345        0.67401324655781
N           -2.27988960486782        0.05432588257541        0.38319636977602
N           -1.16437931236921       -1.92149206926882        0.81700199033163
C            2.32805119309612        1.35146119093626        0.27788420884751
C            0.04590361910178       -2.51331488099788        1.16164568077137
C           -2.19920663873517        1.39127934031379        0.27380861347797
N            3.53763335542367        1.96533757376983        0.20465458411833
N            0.04454440623859       -3.83067939808904        1.60957203345954
N           -3.40274616984449        2.00433247362234        0.15229365513795
C            3.81864305664869        3.36289344523119        0.38628786816149
C            4.68718820912968        1.26050175672086        0.08691023694451
C           -3.62864389084009        3.40632833589569        0.00705161965036
C           -4.47800220048131        1.20763390707578        0.12146401834035
C            0.95399966809005       -4.56892999647112        0.64276749798712
C           -0.99460755693365       -4.51844982574067        0.75690403798716
N            5.00712344309137        3.83840625546143        0.18892377593911
N            5.82346328848566        1.69590363079954       -0.00243048920361
N           -4.91480750163191        3.82259125278840       -0.23042565625850
N           -5.43251423292465        0.58215726904735        0.04777931120739
N            2.00150702871528       -3.99598330465158        0.18970346933053
N           -2.07983738441121       -3.92457279782128        0.44552691253973
C            6.10700778346521        3.09190074719290       -0.09809957374653
C           -6.04270594480474        3.40193218286896       -0.07782048049414
C           -0.06191921731283       -5.49721792667073        0.20284105141838
N            7.25942404109423        3.45573679301519       -0.42040259704214
N           -7.20931969657606        3.34098480427027        0.18230181160889
N           -0.04221950360186       -6.63520740151311       -0.33382689399057
C            2.81485241322669        4.21244521936668        0.83003270471036
C           -2.66676931534398        4.31265345618100        0.03782504905820
C            2.35329258827219       -2.77947319255921        0.45696836915487
C           -2.35294927281171       -2.68675175115254        0.74705109123620
C            1.63230560850308        4.77682521685798        0.89282064575410
C           -1.44758088444213        5.11036989476057        0.15342079856188
N            2.69205445928572        5.67083817642463        1.18563209341644
N           -2.58346296713609        5.70887879494029       -0.08225862230353
H            7.42089129950395        4.44797384767100       -0.53627689867444
H           -7.95730872590884        2.85733355713653       -0.26860255533921
H           -0.94800176982180       -7.05987647410815       -0.49589537105344
H            2.92381064789427        6.33865500000934        0.44533702095838
H           -3.11637564652137        6.53880473253217       -0.25326513819321
H            0.56912595455235        4.76464944939174        0.78475620997513
C           -0.03873634671718       -1.35973001551634        3.75066054804542
C            1.11844578423119       -0.67185345384521        3.62108253646289
C            1.13558860422581        0.75706779098867        3.32070763682179
O            2.09415731873733        1.44663338494653        3.06157250720818
N           -0.15436085122525        1.29645669955792        3.31380341420770
C           -1.36251211623022        0.63326439933391        3.38596563323542
O           -2.42209431662568        1.18245162178125        3.22179662179230
N           -1.24258858975820       -0.72089867541737        3.62977077557297
F            2.29460295252818       -1.30254471083448        3.72148772413115
H           -0.05308533703897       -2.41882023766040        3.96658737301590
H           -0.21276103341992        2.29666283357155        3.13651648373243
H           -2.10832064407918       -1.24280023063612        3.69414929632799
60
 energy: -137.737657882481 gnorm: 0.007993546258 xtb: 6.7.1pre (5071a88)
N            0.05466269835798        0.04719132990105        0.58907466342702
C            0.06971049227624        1.45078224665617        0.33244469904949
C            1.27573722608628       -0.62673346241628        0.51400274994329
C           -1.16515394783931       -0.59597389892392        0.58909369148757
N            1.21072199239722        2.06970361163810        0.21179764027082
N           -1.07504891234072        2.09473715298914        0.23377638930781
N            2.38613369256936        0.01298347431342        0.32631927236084
N            1.22158835293198       -1.96902837081607        0.66007581758466
N           -2.27534435428347        0.04814696514007        0.39058650080226
N           -1.15771251134947       -1.92846793812434        0.81700419928192
C            2.33287129640332        1.34618575855169        0.26275775775278
C            0.05406039996734       -2.51936537545687        1.15369074906188
C           -2.19498370090361        1.38490596042865        0.27522624360345
N            3.54267986808286        1.96328466478506        0.19490286189646
N            0.05478972221745       -3.83568573321336        1.60495979065673
N           -3.39966386936602        1.99776479837925        0.16011219614645
C            3.82272352931919        3.35966542764728        0.39873948149969
C            4.69415799946059        1.26358242393063        0.07205545417869
C           -3.62712416276970        3.39871023892826        0.01467877835238
C           -4.47536688504164        1.20005809895370        0.15114645202967
C            0.95757368807272       -4.57446252243154        0.63737139861284
C           -0.99033481545597       -4.52266729844468        0.75997730735818
N            5.01271830967255        3.83653887654665        0.21918122193335
N            5.83172884314160        1.69921029612526       -0.00101300857850
N           -4.91157136029425        3.81069144318021       -0.23808304009451
N           -5.43222394905446        0.57519468486100        0.10301921042215
N            2.00400981179347       -4.00342469347981        0.18035857571350
N           -2.07960313895819       -3.93061765670459        0.45859987485112
C            6.11507280011587        3.09449589597116       -0.07078601595960
C           -6.04093155284353        3.39117398972413       -0.09411392712935
C           -0.06029293578226       -5.49949734977249        0.19923507183378
N            7.26894711743270        3.46067251256283       -0.37821211377439
N           -7.21088936684397        3.33665773353662        0.15312243212545
N           -0.04472369864313       -6.63201070856556       -0.35009495761963
C            2.81517058596169        4.19996264003070        0.84956906150588
C           -2.66899505347427        4.30778416445857        0.06101253026310
C            2.35687577958886       -2.78549129006483        0.44270349281772
C           -2.34906693485287       -2.69105498331787        0.75659765305508
C            1.63104872971522        4.76102525895740        0.91764363646055
C           -1.45302859947467        5.10703284334997        0.19569238329672
N            2.68615480598477        5.65012750147383        1.23309220335456
N           -2.58564572494513        5.70384991691292       -0.05579148464368
H            7.43168249359619        4.45092123720315       -0.47964637706963
H           -7.95357741192910        2.84807683950603       -0.30116023329434
H           -0.95158746987768       -7.05363944234409       -0.50995515436876
H            2.92023533128712        6.33449597324955        0.50891595528843
H           -3.11607911226753        6.53357963213224       -0.23265657991139
H            0.56854098360209        4.74726612713874        0.80389509966595
C           -0.07648595805692       -1.33868004503868        3.72412177686125
C            1.09159849185850       -0.66844922677395        3.61096040069986
C            1.13598881437295        0.75869493380087        3.31251885881805
O            2.10694953491941        1.43323459095444        3.06913759261205
N           -0.14582893708430        1.31545184633322        3.28118321973347
C           -1.36088641988860        0.67411819986711        3.34871035535843
O           -2.41014798670834        1.23916691291228        3.17928514891360
N           -1.26513487497703       -0.67961536594458        3.59340477622835
F            2.25562925025793       -1.31850458719360        3.72218608342026
H           -0.10928886359870       -2.39702256012298        3.93352566828617
H           -0.18324782484149        2.31698646774331        3.10707239916325
H           -2.13979230774335       -1.18371916166016        3.64924911510125
60
 energy: -137.737909926396 gnorm: 0.009167582726 xtb: 6.7.1pre (5071a88)
N            0.06159695877574        0.03922555779523        0.57222721001789
C            0.07422413784849        1.44350601683469        0.32002675127920
C            1.28227406985072       -0.63439427039527        0.49239285882002
C           -1.15814122285503       -0.60406936713989        0.58223462030124
N            1.21518000202295        2.06318971037073        0.19940668148424
N           -1.07124700667991        2.08712252304839        0.22774241498176
N            2.39173778537628        0.00657321398872        0.30355694627084
N            1.22884904780802       -1.97685092872356        0.63858951325635
N           -2.26999968723683        0.04017819838307        0.39445723746829
N           -1.14942460043103       -1.93696899080583        0.81073895778842
C            2.33771507729150        1.34001296926146        0.24598379885426
C            0.06437981983625       -2.52663862246238        1.13959051898976
C           -2.19077162425518        1.37721963535467        0.27891430663231
N            3.54753707540097        1.95877104959845        0.18538041477659
N            0.06909776498209       -3.84176757920261        1.59563358766963
N           -3.39678976331609        1.98922520828388        0.17534625870232
C            3.82687007888867        3.35251687201985        0.41581710616973
C            4.69972114851801        1.26228002307991        0.04686693114048
C           -3.62574328231822        3.38927066320077        0.02697284888638
C           -4.47262299832060        1.19155798520343        0.18677426911991
C            0.96403842288490       -4.58078648283778        0.62221236144054
C           -0.98375027747215       -4.52919895237829        0.76073782415197
N            5.01795439370313        3.83293170607623        0.25571478867963
N            5.83741631058741        1.69905156226882       -0.01311426874914
N           -4.90771472084938        3.79686846013762       -0.24829640864012
N           -5.42944259860198        0.56586531870833        0.15850329933045
N            2.00806424266470       -4.01134758268641        0.15722219772214
N           -2.07719127418768       -3.93899289413385        0.47060288026069
C            6.12302849989734        3.09720179875401       -0.04234708808330
C           -6.03886143902436        3.37938657721103       -0.11381275512112
C           -0.05784029472663       -5.50504935756727        0.19127788631531
N            7.28122169549055        3.47316634358116       -0.32588803395182
N           -7.21317018591349        3.33113301012798        0.11671056140113
N           -0.04746953104395       -6.63587634678499       -0.36299306172805
C            2.81558526153231        4.18389722851676        0.87454405577932
C           -2.67041121484260        4.30024092019523        0.09079974035719
C            2.36297917825979       -2.79263001009079        0.41516308307231
C           -2.34315302160680       -2.69740010023610        0.76512960036855
C            1.63146770136677        4.74497182503595        0.94625975577687
C           -1.45797328431381        5.10117101830665        0.25067412088878
N            2.68454637504176        5.62636261209401        1.28812470886234
N           -2.58636635671472        5.69624021788360       -0.02601129533308
H            7.44725333693683        4.46860986667196       -0.39513881383444
H           -7.94903620461716        2.83500240446367       -0.34114547295259
H           -0.95654249846174       -7.05642246326157       -0.51521035464317
H            2.92448660994282        6.32773813860361        0.58162225212215
H           -3.11417118313397        6.52564037022756       -0.21369213031148
H            0.56931509114488        4.73373933683972        0.82666308896292
C           -0.13006970916563       -1.31348354753100        3.69973867399228
C            1.05673232211760       -0.67021755158985        3.60352770761342
C            1.14125598948855        0.75679123939045        3.30388524533882
O            2.13193621465410        1.40691036677596        3.07064232639105
N           -0.12835763572502        1.34523181443724        3.25510762052154
C           -1.36010068527972        0.73330101041465        3.31031267411974
O           -2.39492093426907        1.32521986115233        3.12844577632361
N           -1.30144161282663       -0.62375639135721        3.55593591720028
F            2.20428162167038       -1.35077289886464        3.72859630651197
H           -0.18947967028789       -2.37238377395501        3.90561825469988
H           -0.13780902129827        2.34874919994120        3.08282142467556
H           -2.19073269426374       -1.10706272227605        3.59467731786671
60
 energy: -137.738159900011 gnorm: 0.007214623907 xtb: 6.7.1pre (5071a88)
N            0.06544855811965        0.03438334362237        0.55096297362131
C            0.07672421494086        1.43903971824947        0.30097577947598
C            1.28634114680140       -0.63888206271725        0.47370456200279
C           -1.15356589576508       -0.60886655092371        0.56806493115499
N            1.21741734975446        2.05887923029648        0.17941520553598
N           -1.06982865801941        2.08217168354627        0.21512992021784
N            2.39597297926510        0.00236563172127        0.28941056587146
N            1.23415569024558       -1.98133003214752        0.62266896520008
N           -2.26631405367430        0.03522138150277        0.38767710290112
N           -1.14387751960879       -1.94136791699119        0.79928809230856
C            2.34093138742257        1.33612627918819        0.23262386616825
C            0.07048256029883       -2.52987696899898        1.12552962246129
C           -2.18808595268235        1.37245511288756        0.27347712755540
N            3.55071101350847        1.95475102610510        0.18551230711187
N            0.07796841325070       -3.84302815386174        1.59018511024427
N           -3.39522068485988        1.98337335489352        0.18353025910620
C            3.82915976686165        3.34574183650043        0.42959795975904
C            4.70332567825041        1.26076283904624        0.04342696180432
C           -3.62590701850889        3.38333391711352        0.03525887303973
C           -4.47063977740356        1.18692458354714        0.21005884195855
C            0.97009594164653       -4.58128452606189        0.61254316777512
C           -0.97852086781296       -4.53104913011689        0.76024618415897
N            5.02063655356115        3.82713870726763        0.28011913582832
N            5.84067558613291        1.69679464157538       -0.00892531454432
N           -4.90561197705689        3.78816765966059       -0.25329447752352
N           -5.42656095312084        0.56084915116910        0.19584260439499
N            2.01532065285689       -4.01490116721182        0.14632214062983
N           -2.07524481992579       -3.94347640240884        0.47807414287089
C            6.12677714279791        3.09550299055682       -0.02141096478701
C           -6.03773047298123        3.37066351536937       -0.12895249219164
C           -0.05469701733731       -5.50490726152239        0.18359144364460
N            7.28653120250872        3.47452776922766       -0.29507309912388
N           -7.21337118503235        3.32454999118603        0.09293795805876
N           -0.04696297791443       -6.63351178700227       -0.37639387879432
C            2.81510350350757        4.17095918130082        0.89280432317080
C           -2.67198726822041        4.29450444099926        0.11125950842519
C            2.37053459412586       -2.79521467847270        0.40049159389677
C           -2.33942537867148       -2.69976768666997        0.76759764843434
C            1.62971436017749        4.72892951141127        0.96980374001535
C           -1.46144371087890        5.09457734687773        0.28873692674231
N            2.67987250143233        5.60711263162185        1.32453697518505
N           -2.58533536485630        5.69059009325243       -0.00258150167588
H            7.45413194523492        4.47097949335225       -0.35103030068794
H           -7.94624219542792        2.82810286739779       -0.36902721578532
H           -0.95800168292321       -7.05283426841119       -0.52532727221655
H            2.91992235079670        6.31887430654309        0.62995844441177
H           -3.11003558324086        6.52136276869896       -0.19329900352768
H            0.56767178479517        4.71824158627978        0.84935720988113
C           -0.15842317778334       -1.29213099994561        3.69133515031236
C            1.03558400466413       -0.66362457997591        3.60062350388486
C            1.14046251402682        0.76043236711266        3.29517534076274
O            2.13948704046176        1.39529973172396        3.06203432133336
N           -0.12096210591660        1.36497135838245        3.23925405057199
C           -1.36069463095496        0.76785324576042        3.29354864765508
O           -2.38681564538152        1.37366510153011        3.10716386397561
N           -1.32093729989661       -0.58899191280989        3.54107901200902
F            2.17319654987427       -1.35802350790331        3.73488489433192
H           -0.22888775179736       -2.34988344277868        3.89727642953835
H           -0.11750787802689        2.36706580033950        3.06783152303780
H           -2.21551748170261       -1.06429215993102        3.56666160843276
60
 energy: -137.738420049418 gnorm: 0.006333197995 xtb: 6.7.1pre (5071a88)
N            0.07043642245831        0.02804848962633        0.52122347167991
C            0.08059120825840        1.43287900092640        0.27087720244061
C            1.29229290534682       -0.64467415667082        0.44893476459214
C           -1.14729087602549       -0.61478825889068        0.54743757558325
N            1.22050997504785        2.05305373445274        0.14825701315341
N           -1.06732691581480        2.07511290245855        0.19117819245934
N            2.40250876103212       -0.00352750581527        0.27187352671524
N            1.24206895924895       -1.98704100176347        0.60221591152582
N           -2.26137236894350        0.02894743097724        0.37596198907947
N           -1.13630299849021       -1.94595425542687        0.78344717832243
C            2.34558573568900        1.33079745942768        0.21391460858598
C            0.07872542383311       -2.53428209539437        1.10532173395401
C           -2.18407620877871        1.36617509412055        0.26094506203323
N            3.55489138167401        1.94871177704748        0.18554932240182
N            0.08931885188917       -3.84393082403881        1.58165424460177
N           -3.39251732999686        1.97550507313203        0.19096451842185
C            3.83118230959587        3.33575139480385        0.44868892752379
C            4.70801073786462        1.25840082020686        0.04404507352382
C           -3.62596233743217        3.37565434166398        0.04451500197423
C           -4.46740438215832        1.18053348093087        0.24132763230574
C            0.97880619009705       -4.58115657807278        0.59834467915868
C           -0.97071432581534       -4.53268851518800        0.75665668395337
N            5.02339146479182        3.81937804491902        0.31268585261794
N            5.84537608139520        1.69469708999745        0.00505369416723
N           -4.90210648633049        3.77753991718392       -0.25908503344490
N           -5.42510696232749        0.55488174537191        0.25323147699098
N            2.02708911070831       -4.01959088778190        0.13310585085424
N           -2.07133405341738       -3.94814659847908        0.48463154555078
C            6.13206323882672        3.09380942085663        0.01164297416867
C           -6.03519490958574        3.35922539857883       -0.14843512816433
C           -0.04955980422468       -5.50377537965098        0.17090892887550
N            7.29220548382576        3.47362013898051       -0.25375121998865
N           -7.21464264118517        3.31736026323404        0.05669342294653
N           -0.04452695307967       -6.62913351663868       -0.39597655366701
C            2.81296844312071        4.15191858172393        0.91903607155921
C           -2.67391230199979        4.28705463139480        0.13850721186795
C            2.38232475786267       -2.79894522166760        0.38304650505563
C           -2.33388112899972       -2.70270497848976        0.77034009607931
C            1.62559403885034        4.70457043466723        1.00235448674468
C           -1.46572001475140        5.08480772910232        0.34139378523033
N            2.67172028794474        5.57928476572873        1.37836532185395
N           -2.58294698868655        5.68346177000431        0.03257114971071
H            7.45787709749200        4.46606610978663       -0.30560796193866
H           -7.94131619942990        2.81604506252780       -0.41058514446882
H           -0.95748271561449       -7.04688655183616       -0.54231314140413
H            2.91301001902246        6.30605466013682        0.70055927687539
H           -3.10305695608725        6.51677229714301       -0.15921066754009
H            0.56364547266885        4.69451072971988        0.88010653953011
C           -0.19415987967808       -1.26077518247873        3.68525670147748
C            1.00855215125718       -0.65248593300280        3.59540096611150
C            1.13729442403974        0.76692846903762        3.27962979765531
O            2.14767957251390        1.38202830304777        3.04421205091369
N           -0.11290168095042        1.39203534950477        3.21826113065519
C           -1.36326067838142        0.81320342687480        3.27266484220056
O           -2.37826966274420        1.43486358393087        3.08177824129143
N           -1.34637227665845       -0.54288212539870        3.52400555974611
F            2.13324479046391       -1.36255309560481        3.74208225610389
H           -0.27941440252953       -2.31647943539414        3.89658804237775
H           -0.09462130739038        2.39168547582656        3.04383489388377
H           -2.24620954938321       -1.00897130142161        3.53595686354528
60
 energy: -137.738601867762 gnorm: 0.005920072023 xtb: 6.7.1pre (5071a88)
N            0.07536790509880        0.02141685744243        0.49560024406789
C            0.08480432624255        1.42610316168948        0.24233205993828
C            1.29790039480461       -0.65089582615635        0.42621405969607
C           -1.14134659199284       -0.62115147490241        0.53120610301348
N            1.22401597504775        2.04664982219840        0.11895765587112
N           -1.06414536976026        2.06754789698045        0.16653204241283
N            2.40830262138418       -0.00955900833431        0.25424137732674
N            1.24950069022149       -1.99310888332921        0.58290309887589
N           -2.25717296404657        0.02239524963079        0.36853479589088
N           -1.12905001068189       -1.95120828534068        0.77119606300536
C            2.34993576107876        1.32508275373585        0.19516719761221
C            0.08705931561126       -2.54055067316462        1.08576504186960
C           -2.18037492085624        1.35969711139267        0.25044192832034
N            3.55891847932053        1.94246337385526        0.18203052284199
N            0.10040771799527       -3.84645155359436        1.57061687561476
N           -3.38993387664981        1.96825833833748        0.19937732291510
C            3.83330032903157        3.32549392674243        0.46877110380679
C            4.71291024404017        1.25497073768253        0.03860750506085
C           -3.62550555782888        3.36853647992999        0.05409238499484
C           -4.46503621880475        1.17543031421149        0.27499749032591
C            0.98704499452654       -4.58287849482627        0.58273678067251
C           -0.96312750742175       -4.53563161107385        0.75091143907448
N            5.02621960222261        3.81175411536442        0.34623384631161
N            5.85008855707680        1.69188282476365        0.01257797819135
N           -4.89797048338279        3.76737774419042       -0.26780667545097
N           -5.41957952777811        0.54695700051082        0.30444353602376
N            2.03774150036930       -4.02504704313754        0.11884672826234
N           -2.06733204290411       -3.95333543682891        0.48875520057733
C            6.13595487599483        3.09160919614334        0.03909032878832
C           -6.03212430745280        3.34772102633877       -0.17279206119076
C           -0.04413225288193       -5.50372673960388        0.15698534435416
N            7.29786678323293        3.47458594298279       -0.21424020678230
N           -7.21306797797901        3.30585358505924        0.02060726941577
N           -0.04124231756318       -6.62617578690661       -0.41555897769038
C            2.81162027595185        4.13210752258589        0.94870187550922
C           -2.67562841470010        4.28009764570232        0.16778050576724
C            2.39298304033289       -2.80348780399457        0.36542663164683
C           -2.32829546575783       -2.70714669774611        0.77340357428253
C            1.62248076575650        4.67948435486834        1.03861987863591
C           -1.46983024756798        5.07473437502208        0.39729710552666
N            2.66483785489660        5.55030330490507        1.43528581402250
N           -2.58009930018069        5.67668160812281        0.07014405184717
H            7.46760137615793        4.47109755655298       -0.24331978901026
H           -7.93584423652498        2.80585244466367       -0.45334900773733
H           -0.95503236887503       -7.04307278402025       -0.55944448210378
H            2.90678187013125        6.29034756607033        0.77278815782440
H           -3.09544596936476        6.51255060750679       -0.12353726099788
H            0.56073762291374        4.67075227965332        0.91272349165585
C           -0.23018765185350       -1.22715024963119        3.67937305946607
C            0.98105179666368       -0.63928760353496        3.58744699104582
C            1.13128780694214        0.77525889244296        3.26050223297811
O            2.15156908213598        1.37137841958239        3.02065179018566
N           -0.10767521845285        1.41891011017975        3.19438051764506
C           -1.36711646937956        0.85866733927878        3.24951164010977
O           -2.37130237638069        1.49459138217785        3.05435756361409
N           -1.37152248322822       -0.49551315995697        3.50663685574579
F            2.09308119054341       -1.36440814882434        3.74588344425728
H           -0.33139790448728       -2.28010523284844        3.89800161283580
H           -0.07514496671520        2.41667751322444        3.01364449752586
H           -2.27570775435308       -0.95138688402403        3.51098884372138
60
 energy: -137.738761022799 gnorm: 0.005301170639 xtb: 6.7.1pre (5071a88)
N            0.08036656415499        0.01572312608352        0.47891547057118
C            0.08918655869654        1.42004446709875        0.22079289913668
C            1.30327780919860       -0.65626939763987        0.40936535503400
C           -1.13557007670260       -0.62684693866170        0.52207649014068
N            1.22794367448505        2.04116627823995        0.09769225410384
N           -1.06030096031497        2.06059750892347        0.14488712005084
N            2.41336209655345       -0.01439037411769        0.23948417214355
N            1.25615865405179       -1.99839078862336        0.56730956612972
N           -2.25294490852403        0.01650986463351        0.36597656568110
N           -1.12218691797412       -1.95602733792405        0.76500693783560
C            2.35407260928243        1.32045264270824        0.18042889455126
C            0.09519466430117       -2.54751724062835        1.07013034274152
C           -2.17651434666352        1.35371212176814        0.24238812337143
N            3.56266961222823        1.93817983572863        0.17669936849067
N            0.11056919923144       -3.85040418280921        1.55818397940539
N           -3.38651548922150        1.96201796639911        0.20495357054943
C            3.83451412210180        3.31732029620338        0.48594673005062
C            4.71820039849212        1.25340946491818        0.03289601130021
C           -3.62386783448120        3.36226553300910        0.06150651234738
C           -4.46091349743629        1.17035918045900        0.30201305471277
C            0.99416074215088       -4.58640606428864        0.56673331556317
C           -0.95628125946752       -4.53961375882732        0.74321288660075
N            5.02752140586019        3.80670076551016        0.37500024022633
N            5.85524746310188        1.69207193690614        0.02112317205790
N           -4.89286303503111        3.75878330535719       -0.27744272438171
N           -5.41515952267186        0.54235035792896        0.35207572206360
N            2.04593260112040       -4.03012405095592        0.10339652128007
N           -2.06295679533029       -3.95802455189671        0.48912735548578
C            6.14002379385918        3.09209422133061        0.06600378723472
C           -6.02755344614952        3.33769012820963       -0.19576729485492
C           -0.03906210405095       -5.50544779521521        0.14331777547023
N            7.30403313646855        3.47796791435847       -0.17561190497013
N           -7.21067033833240        3.29550023857700       -0.01565051759467
N           -0.03794892523528       -6.62597907017136       -0.43249659828929
C            2.81034199307499        4.11470888391026        0.97648420352328
C           -2.67680431633655        4.27409952843238        0.19439948502829
C            2.40136938288081       -2.80827400752351        0.34891968679999
C           -2.32237136170530       -2.71229203889609        0.77624595647827
C            1.61985667184358        4.65755702303802        1.07232059117894
C           -1.47334276260502        5.06507458844964        0.44709652685222
N            2.65941800203588        5.52430863593365        1.48682076963247
N           -2.57726625016233        5.67074978476721        0.10611348194875
H            7.47284637002162        4.47281633687799       -0.19640648644494
H           -7.92872806539992        2.79506252483545       -0.49617965550874
H           -0.95172551360450       -7.04310893702730       -0.57379698873074
H            2.90138568775994        6.27443854732885        0.83633343786427
H           -3.08838135093406        6.50891959950234       -0.08910442549887
H            0.55843732518199        4.65043417437151        0.94296693415454
C           -0.26503794352145       -1.19742871942253        3.67516087008504
C            0.95566404882474       -0.62911676132701        3.57917142488263
C            1.12559044550553        0.78198635298001        3.24168496516403
O            2.15512625999039        1.36122513371235        2.99665063263624
N           -0.10331811438202        1.44289946522891        3.17173445318337
C           -1.37165575848371        0.90114772272962        3.22671865778237
O           -2.36639407363739        1.55093427958443        3.02575181428756
N           -1.39605732583540       -0.45199248002184        3.49078570703525
F            2.05646652066116       -1.36905808555055        3.74668991703690
H           -0.38318686709094       -2.24776812124839        3.90171051927319
H           -0.05731184879523        2.43952207121703        2.98100988283814
H           -2.30604680312806       -0.89632010453696        3.49331748429883
60
 energy: -137.738964915289 gnorm: 0.006267260419 xtb: 6.7.1pre (5071a88)
N            0.08581696917036        0.01007916994699        0.46409025861115
C            0.09427316923255        1.41330991746884        0.19453152121024
C            1.30899080686337       -0.66171045693828        0.39357872779635
C           -1.12897186772099       -0.63289710580521        0.51440935443368
N            1.23266618913547        2.03505782606090        0.07236097400317
N           -1.05560831807896        2.05221354746493        0.11286944296429
N            2.41843514476927       -0.01913679429122        0.22533418680504
N            1.26326874302312       -2.00369206847168        0.55180783587792
N           -2.24787827921861        0.00999071583980        0.36297644379372
N           -1.11437880861772       -1.96086588122474        0.76131850709678
C            2.35851286411583        1.31585983823163        0.16538441594559
C            0.10429410120919       -2.55713242522901        1.05180141939618
C           -2.17182649981145        1.34669585320642        0.22826856279407
N            3.56659249458255        1.93404639759718        0.17128966688673
N            0.12108771640177       -3.85632107600782        1.53899443611769
N           -3.38132094178470        1.95541996717622        0.20410618388391
C            3.83465966047461        3.30714347460828        0.50709920473835
C            4.72492088533096        1.25163072651566        0.03311548625452
C           -3.62044403806477        3.35602781544578        0.06656691662980
C           -4.45368990486022        1.16559185954305        0.32580766654782
C            1.00288005885827       -4.59137543769104        0.54455819842721
C           -0.94820678865714       -4.54499457760820        0.72721982790465
N            5.02693939579079        3.80014662206821        0.40634858100549
N            5.86112340317647        1.69203560606521        0.03745399289484
N           -4.88444792967442        3.75149894688927       -0.28930326381174
N           -5.40812183505891        0.54074929782468        0.40204181038613
N            2.05618957209407       -4.03470377719090        0.08492435138496
N           -2.05647467934466       -3.96266382578994        0.48073027955295
C            6.14213570115468        3.09153627415163        0.09464554610765
C           -6.01859550082483        3.32669390892270       -0.22456134497855
C           -0.03161130966601       -5.50768244750295        0.12225110218434
N            7.30678790306066        3.47887072047141       -0.13930192222281
N           -7.20454273320651        3.28124810367484       -0.06295760011535
N           -0.03101600104163       -6.62676123787462       -0.45575176621377
C            2.80867262716040        4.09234256955998        1.01336913617699
C           -2.67755786563671        4.26707413944685        0.22560412330732
C            2.41109451767579       -2.81312522111777        0.33267484061948
C           -2.31461425744987       -2.71917106097021        0.77557152197570
C            1.61575571592594        4.62772417093973        1.11704270137787
C           -1.47649681697546        5.05014362717852        0.51004066482649
N            2.65241170283662        5.49026076398718        1.54926064148217
N           -2.57131677362102        5.66377408526649        0.15480266469833
H            7.47510836380027        4.47316312356058       -0.15187511603214
H           -7.91586076464676        2.78015187003649       -0.55309350876218
H           -0.94341079545822       -7.04570161459286       -0.59572467310487
H            2.89131112049911        6.24992450776616        0.91018915424344
H           -3.07636877833833        6.50613909213809       -0.03835602572097
H            0.55475980860909        4.62253659515879        0.98567191616580
C           -0.29748976856837       -1.15803284871988        3.67945494649889
C            0.92912628480757       -0.60808181558776        3.56691019767793
C            1.11088610058548        0.79722685144238        3.21104791409837
O            2.14453317117310        1.36117933171884        2.95062852719355
N           -0.10790729693407        1.46980863468401        3.14444178904810
C           -1.38115413655787        0.94430118611825        3.20769376313006
O           -2.36786620361842        1.60301232791031        3.00447567784665
N           -1.41928481025234       -0.40465672010135        3.48503295268657
F            2.02005897919795       -1.35723338125528        3.74045832097526
H           -0.43021600463470       -2.20290791823409        3.92012620805959
H           -0.05399781648991        2.46312545014914        2.93462183998192
H           -2.33261564600242       -0.83888622409991        3.49819581728085
60
 energy: -137.739121956917 gnorm: 0.008134109845 xtb: 6.7.1pre (5071a88)
N            0.09296595426756        0.00365797018148        0.45537107215910
C            0.09952254436508        1.40606917015311        0.17739768087449
C            1.31585407672889       -0.66799518752076        0.37765398746222
C           -1.12106545570124       -0.64007519273445        0.51241479791950
N            1.23769175596683        2.02859694673811        0.05548526308127
N           -1.05093392009112        2.04314689844662        0.09132946310748
N            2.42385698790257       -0.02435246803870        0.20652851755947
N            1.27082461512269       -2.01012841333755        0.53352552910495
N           -2.24136857438864        0.00233250929984        0.36640374553593
N           -1.10501734620658       -1.96772080275050        0.76118581576442
C            2.36345004832784        1.31087615118707        0.15041293880065
C            0.11554652106165       -2.56746174623232        1.03561235746351
C           -2.16658547922169        1.33839774259075        0.22165986644736
N            3.57087542679739        1.93101866152035        0.16151410052164
N            0.13483240394279       -3.86516184400090        1.51838236491970
N           -3.37569272748505        1.94745547596434        0.20502299035185
C            3.83578566080604        3.29770129580281        0.52627857157401
C            4.73173107009566        1.25092980312975        0.02161354917574
C           -3.61554416336040        3.34811489821893        0.07128597829905
C           -4.44641367399159        1.15888089549670        0.35005641811429
C            1.01175725751205       -4.59954045170833        0.51874491085002
C           -0.93985527239272       -4.55349266207258        0.71219671034465
N            5.02784249858998        3.79553391619879        0.44040494582065
N            5.86707205513276        1.69319268245541        0.04139160138565
N           -4.87448112209957        3.74252048921653       -0.30703444678045
N           -5.40138471525772        0.53714744604766        0.45129548275741
N            2.06291927310669       -4.04021900597060        0.05663713123375
N           -2.04961128582209       -3.96949356612371        0.47384721656659
C            6.14627364198011        3.09380951097728        0.12397014618406
C           -6.00902548247912        3.31561696871683       -0.25921959067164
C           -0.02510191647809       -5.51432327188770        0.10147859583864
N            7.31138477608760        3.48648565877816       -0.09765892952784
N           -7.19662042516542        3.26553827094848       -0.11379274107582
N           -0.02673175650856       -6.63371513233211       -0.47655206736334
C            2.80774991763818        4.07003410368862        1.04882120267183
C           -2.67719263341331        4.25889436590755        0.25962444409043
C            2.41871751154685       -2.81946018318617        0.30729429905289
C           -2.30550539059603       -2.72784210727644        0.77671962575148
C            1.61329129648855        4.60071461561497        1.15839653527287
C           -1.47932038128758        5.03513394394177        0.58124166793216
N            2.64883180369729        5.45592669288626        1.61688418289309
N           -2.56515753216675        5.65540016855916        0.20428322055722
H            7.47900297177536        4.48266499274295       -0.09334684739131
H           -7.90136136487202        2.76372755963720       -0.61252303259593
H           -0.93866140275833       -7.05464649759189       -0.61173153294835
H            2.88936389357506        6.23122920014475        0.99311268566649
H           -3.06440729245252        6.50075919975711        0.00794394995725
H            0.55267835766633        4.59901128502216        1.02451469448508
C           -0.34150428082462       -1.11967658920802        3.67800335722077
C            0.89561345397304       -0.59252361124178        3.55524650355922
C            1.09950147054837        0.80840256959794        3.18296189869199
O            2.14298312234074        1.35247748219822        2.91104301024774
N           -0.10861995149545        1.50113332665420        3.11610503468973
C           -1.39068283138533        0.99764800094242        3.18364712608809
O           -2.36728349518416        1.67134181692707        2.97469563426774
N           -1.45070278219751       -0.34907347716203        3.47459220243881
F            1.97484187285129       -1.35941147585232        3.73423847492840
H           -0.49382817460984       -2.15992126200556        3.92871688541828
H           -0.04014524307032        2.49188490421766        2.89019947394459
H           -2.37295616704432       -0.76717164235067        3.49674632933820
60
 energy: -137.739244961544 gnorm: 0.010383305792 xtb: 6.7.1pre (5071a88)
N            0.09772405450983        0.00071944448964        0.45799923878517
C            0.10234344774457        1.40212374846195        0.17201566942625
C            1.32008297306770       -0.67099057484127        0.37159149663061
C           -1.11582969186427       -0.64416708086787        0.51612069045013
N            1.24027053234233        2.02501875640463        0.04921290654683
N           -1.04876428995138        2.03739477979263        0.08128189356929
N            2.42675088276120       -0.02662374383100        0.19620922086413
N            1.27488609487805       -2.01351986054618        0.52315533487494
N           -2.23654102025655       -0.00236764150687        0.37091371904684
N           -1.09869949221429       -1.97211671446550        0.76476659694769
C            2.36618515469932        1.30877453216396        0.14457005825842
C            0.12290021031279       -2.57431840021725        1.02703505296783
C           -2.16331672711296        1.33284945931178        0.21831760062642
N            3.57293274913020        1.93114815634408        0.15742479475869
N            0.14343398853059       -3.87328542890705        1.50069901303018
N           -3.37182836068934        1.94274114083467        0.20035172619364
C            3.83566770869530        3.29209293721824        0.53723580226606
C            4.73595899424367        1.25160197922972        0.02003538810093
C           -3.61033019084724        3.34400559533911        0.07178424730272
C           -4.44142284257861        1.15610467219714        0.35455488723644
C            1.01789387676092       -4.60644423495743        0.49731932079899
C           -0.93460632180374       -4.56095007956287        0.69615246287032
N            5.02678056928740        3.79301071940841        0.45746606514470
N            5.87033004665257        1.69468512636127        0.04741410706203
N           -4.86505591050565        3.73965878428108       -0.32038934854695
N           -5.39341735762705        0.53597098833995        0.46020991491455
N            2.06550811533778       -4.04207164739187        0.03281110598066
N           -2.04344112499771       -3.97380679499981        0.46024117786979
C            6.14721741789362        3.09566225882267        0.13869406395902
C           -5.99888371308629        3.30994550960826       -0.28382955978239
C           -0.02010046178939       -5.52078292226368        0.08326956403622
N            7.31212475362227        3.49245616515136       -0.07842366970508
N           -7.18735279153754        3.25315445031997       -0.15119781921292
N           -0.02215321670003       -6.64235030288648       -0.49125527876465
C            2.80809055228138        4.05639718272663        1.07230802209869
C           -2.67576525886597        4.25291344971384        0.28038269652423
C            2.42207049084369       -2.82266853965913        0.28885041004400
C           -2.29844707387379       -2.73449357323625        0.77222892967398
C            1.61242396060624        4.58279746573026        1.18861567021218
C           -1.47964279770617        5.01965790725119        0.61633963978627
N            2.64857947784436        5.43380370990250        1.65361995727278
N           -2.55789700545443        5.64893049386148        0.24257731809544
H            7.47651145029387        4.48836352583765       -0.07228049980906
H           -7.88651298697086        2.75240096907904       -0.65838276803096
H           -0.93337372608963       -7.06546491429752       -0.62360130352709
H            2.88608628318132        6.21371573644126        1.03472724900148
H           -3.05212029157829        6.49774569998451        0.05070208536074
H            0.55183472868055        4.58407674328574        1.05628681563346
C           -0.36381185321505       -1.09356562517001        3.68547506905044
C            0.87587685897470       -0.57593422919972        3.54799378107338
C            1.08572445700925        0.82126211757529        3.16210813478627
O            2.13037987163557        1.35637332569661        2.87529424156778
N           -0.11855572829295        1.52126624345614        3.10208820581679
C           -1.40262348672252        1.02647417124141        3.18042305398475
O           -2.37631920452952        1.70448478351109        2.97178276485102
N           -1.46839125008268       -0.31690802432553        3.48499795887134
F            1.95201138087908       -1.34878766518787        3.72288494937602
H           -0.52238627565257       -2.12972796744214        3.94435172094028
H           -0.04675179967318        2.50900871410138        2.86416929456760
H           -2.39423883055076       -0.72744447779341        3.52457415830008
60
 energy: -137.739390118385 gnorm: 0.008300804172 xtb: 6.7.1pre (5071a88)
N            0.10400236201123       -0.00291882940224        0.45675943139675
C            0.10593831070100        1.39738316353556        0.16386328333316
C            1.32587676879420       -0.67461689298721        0.36135270311807
C           -1.10907512200367       -0.64890269930477        0.51718713064933
N            1.24327173096888        2.02060798132663        0.03942070805533
N           -1.04609548381772        2.03052914908379        0.06958397580690
N            2.43141641489133       -0.02987751812775        0.18170058348552
N            1.28040702183818       -2.01764945830267        0.50930080230834
N           -2.23017403025904       -0.00803689195112        0.37365297447615
N           -1.09067259971372       -1.97708304080728        0.76636251081226
C            2.37005630364988        1.30579527452413        0.13592053168097
C            0.13189720752229       -2.58014774454903        1.01745196676227
C           -2.15891603120369        1.32588341277701        0.21178454930755
N            3.57565131645302        1.93093095963154        0.15383332489361
N            0.15391604400524       -3.88169988613734        1.48281151853477
N           -3.36760878125346        1.93556610679166        0.18982175911204
C            3.83642030221439        3.28567145510752        0.54929401077412
C            4.74053532988812        1.25285674544791        0.01984747916783
C           -3.60456413180837        3.33771724393454        0.06772674363519
C           -4.43651777407108        1.15028152481597        0.35852930304922
C            1.02512565618506       -4.61308519900816        0.47460067355010
C           -0.92820278078753       -4.56843902407923        0.67973581964484
N            5.02660612541626        3.78908048955154        0.47617387745833
N            5.87409294232655        1.69598926259291        0.05521391492609
N           -4.85417147028163        3.73559718680852       -0.33766356442110
N           -5.39300317020585        0.53606220384122        0.48716892646666
N            2.06864766850539       -4.04428199323128        0.00613549282006
N           -2.03608141716019       -3.97810829505218        0.44686796850060
C            6.14815089227886        3.09645351750647        0.15313626098922
C           -5.98758066404853        3.30371448241563       -0.31394252372993
C           -0.01474966137955       -5.52726762043831        0.06321863246476
N            7.31290282293362        3.49768429110320       -0.05926062785273
N           -7.17691617256820        3.24084051800047       -0.19508116164853
N           -0.01785731699771       -6.65013919484383       -0.51003652068946
C            2.80903046156196        4.04163344818744        1.09678795630018
C           -2.67379975588793        4.24410274205972        0.30231860041649
C            2.42647201050946       -2.82622507534067        0.26648636614136
C           -2.29023605665691       -2.74079429954023        0.76709712907690
C            1.61172298761687        4.56236277203701        1.22278358620222
C           -1.47996590485352        5.00196157663187        0.67858735186250
N            2.64783759949780        5.40940313970531        1.69334545902757
N           -2.54936640098167        5.63969881740345        0.28211997285105
H            7.47522150124911        4.49418710149546       -0.04872567663184
H           -7.86943687668925        2.73969873695253       -0.71050431306161
H           -0.92941064595069       -7.07391892247158       -0.63991667021981
H            2.88094161042295        6.19507815130757        1.08130036525567
H           -3.03766850746741        6.49229119144135        0.09004751056771
H            0.55096823308810        4.56599036379500        1.09282952013684
C           -0.38686831721443       -1.06385574470570        3.69137919361794
C            0.85339878106018       -0.55409075080103        3.54033624034158
C            1.06829525162952        0.83814783648411        3.14388268254842
O            2.11198280738003        1.36551930872446        2.84576989409442
N           -0.13250477439034        1.54445936884080        3.08822135442176
C           -1.41775432278652        1.05721728045854        3.18116050906589
O           -2.38923564269413        1.73806193468725        2.97464469533692
N           -1.48766759135637       -0.28205927410871        3.49844385619888
F            1.92718329991234       -1.33140683861107        3.70772126067055
H           -0.54898848508232       -2.09631102119927        3.95648023095663
H           -0.05712926544595        2.52838529281096        2.84262495997821
H           -2.41575060962348       -0.68592681690315        3.55458050603634
60
 energy: -137.739548971405 gnorm: 0.007864764990 xtb: 6.7.1pre (5071a88)
N            0.11094465513742       -0.00792782118694        0.44861163047178
C            0.11019502837771        1.39183106412060        0.15344103059252
C            1.33259368987775       -0.67934498699727        0.34534853372199
C           -1.10181208934073       -0.65457617696608        0.51445032725270
N            1.24643068158862        2.01556130314826        0.02563053199556
N           -1.04310116227278        2.02351881573595        0.06253258389392
N            2.43744249575795       -0.03436723594043        0.16282703534191
N            1.28741746765346       -2.02290836205728        0.49142901727621
N           -2.22403782294074       -0.01444518169572        0.37748112504093
N           -1.08180691966934       -1.98292188107844        0.76347312870745
C            2.37466136784581        1.30156016873306        0.12278876490023
C            0.14199711407596       -2.58482824883286        1.00645338136049
C           -2.15461181930008        1.31858224063714        0.21062689915815
N            3.57899156896037        1.92882754738340        0.14944510950883
N            0.16605382448874       -3.88895537388915        1.46801957530372
N           -3.36482754149815        1.92730630981850        0.18982431015661
C            3.83841609286272        3.27878920993705        0.56199078520294
C            4.74486274340818        1.25319180333423        0.01499169185259
C           -3.59992790512635        3.33024539336687        0.07143786697217
C           -4.43441278194939        1.14456899482878        0.37000329783636
C            1.03270039655805       -4.61829515374673        0.45425591231122
C           -0.92070565248730       -4.57467418533940        0.66793553971729
N            5.02851591256539        3.78467792128937        0.49781170115686
N            5.87828587407170        1.69652807448762        0.05931513996749
N           -4.84422984964200        3.72901751550702       -0.35144790004706
N           -5.38956423157495        0.53047028104599        0.50638515417637
N            2.07237715889229       -4.04798875890792       -0.02022015753191
N           -2.02856350686842       -3.98248777836061        0.43989034931129
C            6.15085708939732        3.09708118083336        0.16966719248448
C           -5.97770278591060        3.29634448716484       -0.34026498395535
C           -0.00980048955076       -5.53237776822772        0.04555927366373
N            7.31387864223295        3.50153041681333       -0.03965888967062
N           -7.17091694977658        3.23334817457070       -0.24263005960749
N           -0.01498848508619       -6.65477685239168       -0.52903897500297
C            2.80945111664339        4.02682236951494        1.11786549051562
C           -2.67271165121503        4.23412478426104        0.32758585164639
C            2.43201463047100       -2.83044600579335        0.24029856570707
C           -2.28205643812849       -2.74624394478628        0.76472279714433
C            1.61086170106731        4.54288558847008        1.25093540875123
C           -1.48154531654961        4.98323589588432        0.72686874081743
N            2.64638239365632        5.38541655476822        1.73878036203793
N           -2.54220780741925        5.62894168518334        0.32166191729249
H            7.47488928963101        4.49890309361049       -0.02119789879887
H           -7.85365724897627        2.72670936581165       -0.76695543312531
H           -0.92803813196381       -7.07715149254281       -0.65606337841802
H            2.88017097132184        6.18439866207016        1.14056413180711
H           -3.02438027055665        6.48530705291052        0.13057295867064
H            0.54989904499139        4.54815280651511        1.12118808028853
C           -0.41489309983275       -1.03456236150045        3.69325824729496
C            0.82772295649693       -0.53462740969540        3.53480183114453
C            1.05325760496836        0.85337027338659        3.13403748441171
O            2.09998972754885        1.37033555134003        2.83176159718539
N           -0.14290269404288        1.56986471334130        3.07605090878503
C           -1.43209929303590        1.09255447658386        3.18092029952119
O           -2.39994309938964        1.77904199237178        2.97525591541150
N           -1.51084031481583       -0.24388914181546        3.50734465688109
F            1.89741874964988       -1.32027193936598        3.69469358745506
H           -0.58253039308037       -2.06595586836264        3.96060516436424
H           -0.05882957900445        2.55145087983580        2.82818118572501
H           -2.44103465933112       -0.64047171922416        3.57017060399628
60
 energy: -137.739701980932 gnorm: 0.012477255463 xtb: 6.7.1pre (5071a88)
N            0.11917000088953       -0.01338848600523        0.44154317558662
C            0.11513568912153        1.38645394974128        0.14890893096362
C            1.34051580204377       -0.68406543367996        0.32745044630744
C           -1.09320477213061       -0.66089661818824        0.51317661280023
N            1.24949098488528        2.01135555595312        0.01563085955317
N           -1.04003423745651        2.01668773220620        0.06620060622955
N            2.44467491116241       -0.03833851855694        0.14243597617232
N            1.29612081862398       -2.02875532217722        0.46929161573724
N           -2.21689262641972       -0.02174036009083        0.38544137864933
N           -1.07087953741367       -1.98987068907716        0.75862353376119
C            2.37980022581243        1.29785453551899        0.11141674138814
C            0.15439234386937       -2.58863930670928        0.99564934599715
C           -2.14994330057277        1.31043094237591        0.21605454716702
N            3.58235223864399        1.92698883871554        0.14916197806120
N            0.18079588743065       -3.89787288002284        1.45159810298665
N           -3.36278252725303        1.91653818303694        0.19083529552742
C            3.84088888781710        3.27237117157702        0.57692356991879
C            4.74857686105960        1.25414744260854        0.00979597113758
C           -3.59435569209005        3.32048186979390        0.07265660445709
C           -4.43336397349730        1.13736299499630        0.37162095911001
C            1.04112224404554       -4.62340350236773        0.43082428448202
C           -0.91096827028560       -4.58136410675378        0.65464023281932
N            5.03033212629519        3.77985741769451        0.51794543115637
N            5.88189350817950        1.69719039167298        0.06039693402415
N           -4.83086942182876        3.72137480990047       -0.37566595563845
N           -5.38549285780029        0.52183631273011        0.50272776239824
N            2.07452552015118       -4.05198058318760       -0.05422887463789
N           -2.01792150064750       -3.98677214937056        0.43092234911921
C            6.15297271845502        3.09776725394630        0.18265570603693
C           -5.96498517522335        3.28954273337638       -0.38245057077854
C           -0.00421808039285       -5.53802208636439        0.02480926459960
N            7.31321712820692        3.50558586502729       -0.02688504909721
N           -7.15453435388789        3.21843219945492       -0.29071880670599
N           -0.01205172386143       -6.65943010992034       -0.55091615382296
C            2.81068882416069        4.01442036371511        1.13771503819754
C           -2.67102898377973        4.21983791566102        0.35445087273906
C            2.43702905708124       -2.83466077663010        0.20463157818305
C           -2.27166544425994       -2.75192920561015        0.76030977185600
C            1.61163855225362        4.52564526310980        1.28059709822976
C           -1.48363490014305        4.95772303439885        0.78376053313476
N            2.64700496817203        5.36416367754334        1.77566272397103
N           -2.53307331221975        5.61299527537153        0.36243823809705
H            7.47164478506737        4.50270322769607       -0.00357436754225
H           -7.83339750046026        2.72191211344253       -0.82704810377526
H           -0.92762053639288       -7.07868670568079       -0.67438182366794
H            2.87887656683706        6.17053598604055        1.18927067654106
H           -3.00721177615122        6.47390388037818        0.16995451629381
H            0.55015269904180        4.53213006021033        1.15254271802500
C           -0.44533496358781       -1.00424450498436        3.69945537280877
C            0.79789583628979       -0.51158227757988        3.53236958296315
C            1.03311087509522        0.87293837579234        3.13357950305675
O            2.08440679493296        1.37969425749217        2.83085070947983
N           -0.15970386778106        1.59884857919728        3.07185066801859
C           -1.45250637163079        1.12949576027619        3.19374175701192
O           -2.41870595853919        1.81981830886049        2.99251401485140
N           -1.53831602993873       -0.20428753130386        3.52954350203838
F            1.86586823254343       -1.30576212071536        3.67514261433333
H           -0.61462554860886       -2.03737766421179        3.96438386721996
H           -0.06570923618162        2.57916019729600        2.82663417456692
H           -2.46926260787933       -0.59511453771395        3.59740695793611
60
 energy: -137.739830122727 gnorm: 0.010056763953 xtb: 6.7.1pre (5071a88)
N            0.12716478259411       -0.01972962980608        0.43301533966739
C            0.12086585974107        1.38040808409626        0.14088976191416
C            1.34821253804263       -0.68952778319979        0.31107390383124
C           -1.08421905473568       -0.66789106547777        0.51168769500622
N            1.25389341001300        2.00703458600929        0.00565718221713
N           -1.03538507351295        2.00923658293800        0.06064633263829
N            2.45133415384925       -0.04230339559939        0.12538343453716
N            1.30542628463488       -2.03509132431279        0.44835071252448
N           -2.20939436494140       -0.02951453032711        0.39203485291030
N           -1.05979619182026       -1.99681544550689        0.75492989616748
C            2.38490007444698        1.29404603754222        0.10088735832092
C            0.16724518006327       -2.59587342778816        0.98254574253171
C           -2.14414361560200        1.30199998628715        0.21650968913944
N            3.58606667445543        1.92380685554630        0.14569980925176
N            0.19620083656402       -3.90695042103623        1.43409403936091
N           -3.35815485738680        1.90600145412108        0.19299616844840
C            3.84204164669487        3.26465574733340        0.59220993602213
C            4.75336202518973        1.25417084841706       -0.00001204669079
C           -3.58871238021575        3.31052989541363        0.07755638370829
C           -4.42861844078551        1.12887131145349        0.38161427011659
C            1.04969784113430       -4.62913587416929        0.40654143985758
C           -0.90040759059193       -4.58819529926424        0.64184529806998
N            5.03091017925859        3.77417077302618        0.54094386544124
N            5.88600297451104        1.69759642637889        0.05909710825419
N           -4.81739356933277        3.71213734376118       -0.39109411952440
N           -5.38378553547014        0.51653442768059        0.52701308083722
N            2.07892898565472       -4.05716365574387       -0.08643290784548
N           -2.00809020707908       -3.99213934436749        0.42525876700738
C            6.15494956945275        3.09815532311789        0.19770869229544
C           -5.95104094125642        3.28026342681693       -0.41241425256296
C            0.00198129872260       -5.54322285050627        0.00387634338058
N            7.31705231616152        3.51166117455290       -0.00224340999819
N           -7.14584634961528        3.21154167029546       -0.34911942278256
N           -0.00911235517452       -6.66305447274043       -0.57425763257862
C            2.81045942891665        3.99882055421760        1.16199906474195
C           -2.67035554456860        4.20729304437738        0.38347429318050
C            2.44343059530838       -2.83998585708452        0.17179622626157
C           -2.26082871401798       -2.75892171836349        0.76030634889878
C            1.61113102981663        4.50588360203911        1.31446245766882
C           -1.48717021015845        4.93507257708882        0.83188353212694
N            2.64571977519238        5.33892038748673        1.81976246295730
N           -2.52579793356521        5.59937575210396        0.40844629058193
H            7.47572421985155        4.51019633482349        0.03480135383987
H           -7.81213360231516        2.70997591210749       -0.89887528279955
H           -0.92602431001228       -7.08107831129826       -0.69322670157617
H            2.87534435138667        6.15262264280705        1.24533750170301
H           -2.99230295028403        6.46450192634709        0.21865802216925
H            0.54955641964868        4.51409045126807        1.18639145981601
C           -0.48175576294317       -0.97139574692813        3.70296190566012
C            0.76569536333262       -0.49153633269788        3.52574423476939
C            1.01430221421124        0.89038174405564        3.12414608974867
O            2.07275812792499        1.38447383025859        2.82091570847369
N           -0.17157265141718        1.62813972718061        3.06069085219676
C           -1.46911965142541        1.17197911803937        3.19368577043007
O           -2.43059290528272        1.87011044954257        2.99516118136145
N           -1.56780072332713       -0.15996475928800        3.53870103382637
F            1.82787519515944       -1.29702152185130        3.65986864771172
H           -0.65908564627640       -2.00412232872145        3.96917369372701
H           -0.06633537635367        2.60721181864225        2.81102869204372
H           -2.50325684262403       -0.54123573119380        3.61048684904251
60
 energy: -137.739966582472 gnorm: 0.004889596434 xtb: 6.7.1pre (5071a88)
N            0.12702787398377       -0.02028286772578        0.43427106342750
C            0.12087176118185        1.38031292850456        0.14386138636525
C            1.34785977479911       -0.68956526516976        0.31247671406614
C           -1.08367059547517       -0.66872103225512        0.51458676309101
N            1.25387851197052        2.00773470146596        0.00959926579603
N           -1.03526226683125        2.00911766815965        0.06309262642898
N            2.45049546300382       -0.04137524258042        0.12756689834391
N            1.30607235959621       -2.03515397312009        0.44759098683980
N           -2.20909980079710       -0.03023418166500        0.39556509693834
N           -1.05861738098004       -1.99769125047938        0.75660956088607
C            2.38425980248266        1.29483842609154        0.10256938800762
C            0.16876025028669       -2.59803080439938        0.98194856319669
C           -2.14400733719101        1.30151007197482        0.21953565645152
N            3.58598321639694        1.92374321757055        0.14448401894249
N            0.19918612911188       -3.90815014989567        1.43253782366859
N           -3.35716031713421        1.90593980112752        0.19857797175990
C            3.84160583094975        3.26538064522183        0.58833950054949
C            4.75338282485887        1.25516630335425       -0.00499613816829
C           -3.58821979044603        3.31043564648693        0.08257771700383
C           -4.42825720526536        1.12874641012845        0.38494867288690
C            1.04999162053591       -4.62902665383259        0.40296899240520
C           -0.89839322404193       -4.58889671447987        0.64332498255685
N            5.03084107071432        3.77432835117678        0.53710921713503
N            5.88603062564037        1.69891520621643        0.05174523097153
N           -4.81406462430182        3.71225517622032       -0.38922204280767
N           -5.38277425340866        0.51292064471215        0.51291058126905
N            2.07887810198842       -4.05693269206876       -0.09091576137415
N           -2.00724458356079       -3.99383681983943        0.43008843521256
C            6.15495712966648        3.09827612260671        0.19348696599297
C           -5.94749200937327        3.28113603469524       -0.41555533958573
C            0.00241349889534       -5.54280202360046        0.00228925178399
N            7.31684281767806        3.51065289465584       -0.00821784163950
N           -7.14078646467123        3.21245181836123       -0.35212595841660
N           -0.00999377426827       -6.66181551166726       -0.57723627400204
C            2.80985019110240        3.99862845099157        1.15822720597710
C           -2.67098571947795        4.20637698634253        0.39077507609019
C            2.44312278880107       -2.83951657256073        0.16778957051184
C           -2.25881008908300       -2.76076290653737        0.76572598169284
C            1.61106940753995        4.50756886489995        1.30907404922058
C           -1.49390724408915        4.93442520135708        0.85706595814877
N            2.64567503690993        5.33737707965365        1.81883521007047
N           -2.52465096164779        5.59837447906631        0.41049187168264
H            7.47573826074821        4.50736057263052        0.03145925869247
H           -7.80622288534200        2.71108264250998       -0.90203209115876
H           -0.92606388619963       -7.08141160968506       -0.69292616923887
H            2.87708592139859        6.15295422604710        1.24700387586965
H           -2.98837423366602        6.46324489787840        0.21285182390498
H            0.54947765697908        4.51568393713232        1.18139121158951
C           -0.48382653314170       -0.97084114309214        3.70286153821207
C            0.76367293152497       -0.49188275425926        3.52360954338443
C            1.01047502658793        0.89161673524480        3.12340463633855
O            2.06825527203991        1.38774099307330        2.82207515172323
N           -0.17409768390352        1.62788378087425        3.06319460969947
C           -1.47016463505385        1.17247720876119        3.19455820143484
O           -2.43123739544318        1.87149559421736        2.99921580125948
N           -1.56835932712897       -0.15946269079398        3.53824680629247
F            1.82474428924248       -1.29719007959086        3.65887483133474
H           -0.66197076551228       -2.00219896649428        3.97025140563429
H           -0.07083945822438        2.60755641133496        2.81314748545083
H           -2.50395100111336       -0.53992722505240        3.61070818023516
60
 energy: -137.740018569385 gnorm: 0.007698538267 xtb: 6.7.1pre (5071a88)
N            0.12735416796227       -0.02188191426468        0.43689390115675
C            0.12101912684587        1.37981446154228        0.15143040417727
C            1.34792309532756       -0.68991284284320        0.31482182678807
C           -1.08199804096810       -0.67105267129493        0.52025751023817
N            1.25367676325691        2.00895652796296        0.01839997775420
N           -1.03488584673281        2.00873143323264        0.07248989025261
N            2.44955786165081       -0.03975048379299        0.13151044112711
N            1.30813650384986       -2.03575203638182        0.44514827367049
N           -2.20808763154535       -0.03254114617160        0.40274429063449
N           -1.05553808076609       -2.00002917197902        0.76028814038859
C            2.38324528311483        1.29626216820308        0.10551770498867
C            0.17270770503998       -2.60260966339748        0.98047726613105
C           -2.14345825941099        1.29981563137927        0.22875851899872
N            3.58598361004494        1.92367013762446        0.14087107671829
N            0.20654905838309       -3.91099632992940        1.42909993090133
N           -3.35517697711894        1.90446915528401        0.20985428739555
C            3.84122679001225        3.26689312411132        0.58012240959219
C            4.75313148012214        1.25710296451928       -0.01734332069546
C           -3.58678062835720        3.30911357235974        0.09329604296072
C           -4.42833587286621        1.12280806171593        0.36901850094925
C            1.05116791597430       -4.62882599019308        0.39390367294157
C           -0.89364489246261       -4.59080597896564        0.64672959980416
N            5.03086206084983        3.77503458730255        0.52799117547056
N            5.88575256048709        1.70173427446276        0.03431051592713
N           -4.80561104742286        3.71140793583165       -0.38954324065226
N           -5.38470502084715        0.51590918405684        0.51639726860216
N            2.07901345075406       -4.05639405013434       -0.10264711756563
N           -2.00533333645205       -3.99768456040889        0.44161549294838
C            6.15474205406124        3.09899483456991        0.18191209868942
C           -5.93922173012450        3.28236274710957       -0.42690082809018
C            0.00344710686068       -5.54248846014587       -0.00173146801639
N            7.31661061131122        3.50944839181497       -0.02227127449743
N           -7.13141013549200        3.21442191151542       -0.36392960812180
N           -0.01214556637636       -6.65965567833642       -0.58474245171857
C            2.80906079274315        3.99913967527935        1.14978933189135
C           -2.67154087542467        4.20354754496242        0.40891479334239
C            2.44297337228126       -2.83885397098233        0.15754429720888
C           -2.25410881147798       -2.76490282199695        0.77904365832079
C            1.61142467512179        4.51191438928493        1.29749833403376
C           -1.50303030478958        4.93017962915798        0.90280430326956
N            2.64585928556843        5.33546557073044        1.81605960944217
N           -2.52140256350910        5.59503675226373        0.42311542494290
H            7.47649990995917        4.50358458280855        0.02353916069911
H           -7.79563197579975        2.71414596123840       -0.91492540904508
H           -0.92691732143323       -7.08215137608174       -0.69394021707958
H            2.88139038599295        6.15441129211917        1.24958765338820
H           -2.97954260444818        6.46021209952536        0.21370106539282
H            0.54967055071382        4.51939887591995        1.17120856160002
C           -0.48893370843158       -0.96942406749526        3.70321292311787
C            0.75879382561885       -0.49184641968465        3.52013363336324
C            1.00210865955689        0.89502379949898        3.12355425401735
O            2.05899643783416        1.39439634795099        2.82456313989385
N           -0.18061033002905        1.62846237119684        3.06935707951435
C           -1.47456320935438        1.17437954232946        3.19892309946434
O           -2.43555325873639        1.87447835154501        3.00866888622276
N           -1.57157713322610       -0.15834501296370        3.53842064543581
F            1.81807748203267       -1.29708254680775        3.65541928834383
H           -0.66828486086922       -1.99901245448855        3.97195239204334
H           -0.08154688194169        2.60906125754896        2.81791204340845
H           -2.50738567707406       -0.53778849931802        3.61146613795446
60
 energy: -137.740131770243 gnorm: 0.005803988789 xtb: 6.7.1pre (5071a88)
N            0.12777121276203       -0.02305798479990        0.43843790781952
C            0.12065757924204        1.37890589872529        0.15483766721331
C            1.34840278849689       -0.69032092683339        0.31523952938537
C           -1.08104055441849       -0.67256449105504        0.52485786322361
N            1.25283690254845        2.00892030684203        0.02086468717112
N           -1.03537945757167        2.00756080590664        0.07800222055092
N            2.44953761866920       -0.03932334128887        0.13213434596452
N            1.30962455434103       -2.03644773083536        0.44327813628223
N           -2.20782053948938       -0.03406105985948        0.41073299825499
N           -1.05353055723703       -2.00159437983461        0.76394904682871
C            2.38264130818814        1.29664921562754        0.10520027152058
C            0.17542743857024       -2.60482491038425        0.98018818957558
C           -2.14369218586248        1.29826435039481        0.23697711692247
N            3.58570646084313        1.92377205997779        0.13716885463864
N            0.21148955718551       -3.91285059988210        1.42763708064627
N           -3.35474079986275        1.90361921338288        0.22171820449562
C            3.84131824665931        3.26761303554370        0.57526449649468
C            4.75231856191894        1.25787962369616       -0.02575124383829
C           -3.58524530026377        3.30821033711642        0.10124604187819
C           -4.42876489039080        1.12369469299405        0.38296383062220
C            1.05227004797476       -4.62875302166805        0.38790754326678
C           -0.89083222140484       -4.59218553659183        0.64920808468226
N            5.03086119558886        3.77558781919193        0.52202857734499
N            5.88494968885638        1.70298601446012        0.02346605577063
N           -4.80113140610655        3.71024061050834       -0.38813723989999
N           -5.38551800146753        0.50671356642246        0.48972975895910
N            2.07906085279262       -4.05596905733741       -0.11093021393141
N           -2.00427324404936       -3.99976443906679        0.44960025534853
C            6.15426891410275        3.09955308358591        0.17350616404719
C           -5.93531272328428        3.28257002925982       -0.42798057953951
C            0.00390112181549       -5.54273193913407       -0.00432613530535
N            7.31646109984612        3.50953859753633       -0.03070439065611
N           -7.12900998368677        3.21819639529178       -0.37510764379245
N           -0.01374344461417       -6.65872244223510       -0.58976833333546
C            2.80919060645077        4.00023090033002        1.14478997690981
C           -2.66947765668074        4.20203827048973        0.41840131474353
C            2.44314435985128       -2.83871263535392        0.15040521753441
C           -2.25143227447085       -2.76723162861281        0.78899228813657
C            1.61221771313699        4.51471475846631        1.29175807819815
C           -1.50096475513606        4.92647572006189        0.91461961300340
N            2.64655389798889        5.33579007832115        1.81354405617982
N           -2.51759965158955        5.59297679421830        0.43450297186156
H            7.47724281462610        4.50358094401408        0.01843948911081
H           -7.78966798624345        2.71577622047695       -0.92859697166984
H           -0.92833131719799       -7.08235286407659       -0.69565750839934
H            2.88418276901389        6.15577065918952        1.24942982973974
H           -2.97418874742784        6.45894518292647        0.22568864669286
H            0.55029130488516        4.52175704717218        1.16653701258941
C           -0.49244547815007       -0.96808594211979        3.70396620747067
C            0.75543213732000       -0.49074781755136        3.51946059454243
C            0.99757963080815        0.89753663616231        3.12496440113050
O            2.05450696933755        1.39735937310068        2.82570369181428
N           -0.18492761412083        1.63025112757040        3.07336720464666
C           -1.47882928903835        1.17659071063737        3.20376260951576
O           -2.44023770878616        1.87688287739780        3.01559930130943
N           -1.57531497830949       -0.15716666200166        3.54012418931223
F            1.81440351513266       -1.29627373507411        3.65257857951230
H           -0.67189973044304       -1.99785714601672        3.97221121382377
H           -0.08771105351533        2.61105167420192        2.82123491803833
H           -2.51118731828900       -0.53660333968723        3.61300892567930
60
 energy: -137.740212823834 gnorm: 0.003756500139 xtb: 6.7.1pre (5071a88)
N            0.12882018580290       -0.02440698634621        0.43986175585069
C            0.12039745538121        1.37770627371010        0.15813844044359
C            1.34968569789256       -0.69084017220731        0.31456925035237
C           -1.07964514773166       -0.67431225386863        0.52926203931982
N            1.25186425453723        2.00838834573479        0.02169211719627
N           -1.03605556339078        2.00584892538861        0.08439890273129
N            2.45037141356645       -0.03928767031300        0.13083319916718
N            1.31157448293272       -2.03737961452113        0.44083881410987
N           -2.20721465839776       -0.03623425258560        0.41799529548798
N           -1.05102265970172       -2.00333703344436        0.76829359127076
C            2.38247030577689        1.29672792702018        0.10344608056363
C            0.17869000145120       -2.60631672761994        0.98026230891273
C           -2.14393365051961        1.29585124102574        0.24432223633569
N            3.58548543048977        1.92432126655886        0.13221072310380
N            0.21697193042660       -3.91485923259534        1.42648270974366
N           -3.35504898233229        1.90151018790071        0.22982098192921
C            3.84213301156122        3.26832138520136        0.57040629395747
C            4.75133872095476        1.25866973564149       -0.03525722699767
C           -3.58397717027407        3.30635485682161        0.10799976459869
C           -4.42976870704063        1.12199983363243        0.38556355885804
C            1.05379995218985       -4.62889351842818        0.38129333157274
C           -0.88812754147446       -4.59375003573700        0.65183491411606
N            5.03134842129929        3.77630430855024        0.51569515667703
N            5.88407548832042        1.70405278453884        0.01194814036544
N           -4.79731479092407        3.70914695990471       -0.38840181461305
N           -5.38697979337748        0.50411552887238        0.48163986334150
N            2.07898173598795       -4.05562649485035       -0.12048740559200
N           -2.00308148739098       -4.00161012103837        0.45820197109843
C            6.15410492960090        3.10022577675624        0.16448580594177
C           -5.93203990560134        3.28293228816813       -0.43199654096472
C            0.00409600741974       -5.54314024459061       -0.00740589307792
N            7.31646166134569        3.51061566380349       -0.03896290022688
N           -7.12679628342331        3.22160724378288       -0.38808634345576
N           -0.01573574643735       -6.65769831888918       -0.59555896665682
C            2.81062948161169        4.00178971717456        1.14035562931914
C           -2.66794127432986        4.19912549829017        0.42916484604490
C            2.44366298186581       -2.83888176948888        0.14202599473781
C           -2.24868497580391       -2.76928395079128        0.79977438153791
C            1.61430689904839        4.51710984959704        1.28839023993435
C           -1.49810802126377        4.92017171232574        0.92476809571018
N            2.64879341149656        5.33739275647237        1.81024801575011
N           -2.51379264101667        5.58953198479630        0.45015079560998
H            7.47775990952422        4.50543132828508        0.01239985330432
H           -7.78431085360148        2.71730481610318       -0.94425714987690
H           -0.93065064127034       -7.08190130512073       -0.69809706303073
H            2.88728840076419        6.15735820798640        1.24702387244336
H           -2.96823950459474        6.45701761969342        0.24338790535997
H            0.55214270649362        4.52414532572681        1.16382590912531
C           -0.49662163974067       -0.96643907652337        3.70508044420620
C            0.75104472664124       -0.48865207500111        3.52012658694294
C            0.99299320790381        0.90000045982038        3.12694695332656
O            2.05018415077789        1.39908807244156        2.82678144161854
N           -0.18992205273959        1.63310759481654        3.07736000385429
C           -1.48447954655392        1.17905044678435        3.20963628239293
O           -2.44645539442832        1.87942749429949        3.02415340790133
N           -1.58064072034298       -0.15562179967440        3.54366501639804
F            1.81054972316578       -1.29447049262712        3.64983443549010
H           -0.67549897813498       -1.99726420842650        3.97163545548608
H           -0.09355555015608        2.61401688199816        2.82589773493923
H           -2.51638280438999       -0.53556194503521        3.61665575604905
60
 energy: -137.740402949548 gnorm: 0.005153996947 xtb: 6.7.1pre (5071a88)
N            0.13262618249498       -0.02884519669426        0.44463794695849
C            0.12000341756690        1.37383847295337        0.16880109497460
C            1.35404314609247       -0.69250050443284        0.31206524586328
C           -1.07447042885009       -0.68019085114713        0.54418139439234
N            1.24914956794778        2.00689497011369        0.02444877342336
N           -1.03788135703228        2.00016979180739        0.10456647084734
N            2.45302342917679       -0.03884928826966        0.12591350100517
N            1.31823886618973       -2.04033655748483        0.43216757790797
N           -2.20457746023296       -0.04370477939834        0.44123707720558
N           -1.04205574798839       -2.00909128147600        0.78327377106976
C            2.38203928623683        1.29724987169116        0.09755891818272
C            0.19008436609510       -2.61155998938526        0.98022482306492
C           -2.14421706204881        1.28760295695826        0.26654214463184
N            3.58486334037811        1.92638398142538        0.11546103182163
N            0.23587545162493       -3.92190664661462        1.42156072579810
N           -3.35560270406238        1.89393195831035        0.25269307659333
C            3.84476552100073        3.27073676825605        0.55340935313434
C            4.74865595204831        1.26166597326527       -0.06728995329620
C           -3.57958353775139        3.29974069928368        0.12901351752140
C           -4.43290768115874        1.11504661407702        0.38720684467276
C            1.05877131335355       -4.62950535258100        0.35816626600306
C           -0.87901607615396       -4.59880427863167        0.66051407388833
N            5.03323955201519        3.77842002505698        0.49440698819564
N            5.88185140645916        1.70781482516748       -0.02680446339225
N           -4.78405003609265        3.70579877736515       -0.38933129345135
N           -5.39261471188050        0.49833875377132        0.46373908329809
N            2.07818894629755       -4.05452855103739       -0.15370962227894
N           -1.99874143521782       -4.00759166920330        0.48758362594001
C            6.15419502194899        3.10212826334168        0.13528415869559
C           -5.92003634747843        3.28380556278839       -0.44848009577394
C            0.00431073359625       -5.54383997472002       -0.01857273969949
N            7.31681416181228        3.51379709450006       -0.06573244005207
N           -7.11681689329690        3.22958587822039       -0.42716382902075
N           -0.02322668170251       -6.65329227574529       -0.61605949874214
C            2.81544525125114        4.00630484523524        1.12519951478997
C           -2.66422810736377        4.18810784370582        0.46683571185087
C            2.44517944746676       -2.83925436532124        0.11248103018996
C           -2.23893360990061       -2.77606724931111        0.83642261494882
C            1.62134159941440        4.52487954260258        1.27694838322363
C           -1.49619884709078        4.89849125422966        0.97955560019750
N            2.65701766812785        5.34198697052206        1.79884888719902
N           -2.50128927645692        5.57711397210011        0.49930452651813
H            7.47902204179510        4.50990975071212       -0.00718961930762
H           -7.76585210616423        2.72349129856316       -0.99298143029459
H           -0.93901436522199       -7.07947735743640       -0.70636997341596
H            2.89771034773353        6.16249685999251        1.23847991549339
H           -2.94625954310120        6.44936735721907        0.29128525910169
H            0.55815091010236        4.53148824342403        1.15631454404910
C           -0.51128788352252       -0.96043547292085        3.70901092516507
C            0.73541725815504       -0.48147830160406        3.52174881043117
C            0.97663850051394        0.90844766182597        3.13291595464133
O            2.03411863167834        1.40560296506237        2.82976892851588
N           -0.20694202449450        1.64259048463923        3.09063194761591
C           -1.50263745894015        1.18755997153543        3.22918428586717
O           -2.46593159728433        1.88876160733624        3.05344273999013
N           -1.59778672189384       -0.14949096655789        3.55635033793493
F            1.79638389529759       -1.28822760012631        3.64066572196277
H           -0.68860668390210       -1.99389690306738        3.97027186722198
H           -0.11335232194492        2.62402804733852        2.84145893561235
H           -2.53304650579284       -0.53070350133050        3.63017603115039
60
 energy: -137.740613546697 gnorm: 0.007557973113 xtb: 6.7.1pre (5071a88)
N            0.13827548697146       -0.03455391193286        0.45116243275191
C            0.12001658908930        1.36881734360848        0.18208654232167
C            1.36005384831000       -0.69453510721887        0.30786124165146
C           -1.06662836134958       -0.68803302041275        0.56488466442052
N            1.24600174443170        2.00521484034248        0.02707268453168
N           -1.03990272860620        1.99244098475528        0.12998962313833
N            2.45635472735148       -0.03785120087085        0.11738599639267
N            1.32745076430393       -2.04394986506253        0.41974385814138
N           -2.20001493156240       -0.05409686973572        0.47217809355411
N           -1.02887846257771       -2.01656271496121        0.80471583339257
C            2.38149659327400        1.29828599325210        0.08858811076208
C            0.20629261699522       -2.61861295904709        0.98010112492305
C           -2.14391438066006        1.27621110830874        0.29454421617977
N            3.58379212086731        1.92959233469441        0.09168826761583
N            0.26221550348798       -3.93151495313638        1.41398483925635
N           -3.35586166962083        1.88278562921381        0.27986337735548
C            3.84785050633600        3.27416059747790        0.52853654413720
C            4.74529032948896        1.26636654705331       -0.11138919850179
C           -3.57326935777754        3.29004571256339        0.15667786075036
C           -4.43646905054871        1.10495678525702        0.38781556358155
C            1.06537344553536       -4.63035117811517        0.32635958663147
C           -0.86650496445408       -4.60527719367146        0.67243372698839
N            5.03561989353049        3.78125097653050        0.46367223737274
N            5.87894895507004        1.71333872318272       -0.08026472702197
N           -4.76443735479628        3.70166587204009       -0.39089731303787
N           -5.39955707491902        0.49103895034534        0.44384279084405
N            2.07618575119500       -4.05272432115279       -0.19970974628122
N           -1.99190790868921       -4.01509339899140        0.52806741294984
C            6.15443522495394        3.10461562442958        0.09476902681592
C           -5.90130135822027        3.28491809203830       -0.47473524101550
C            0.00405460957873       -5.54375185610125       -0.03414595966055
N            7.31707491519756        3.51792300447620       -0.10342717131042
N           -7.09909123741791        3.23695392985320       -0.47669458000477
N           -0.03445479275007       -6.64610676414676       -0.64427454351908
C            2.82175668869547        4.01172843834165        1.10386800937246
C           -2.66015799923466        4.17124680816056        0.52031409621212
C            2.44698105864532       -2.83922469685533        0.07082619032578
C           -2.22476803295579       -2.78485133781141        0.88668601967952
C            1.63063928299809        4.53461894229690        1.26221839090953
C           -1.49711892277086        4.86602857119066        1.06624347942794
N            2.66901932977860        5.34776904658093        1.78167086881684
N           -2.48415510132166        5.55818035050847        0.56808104773615
H            7.47972762150913        4.51444534148276       -0.03565814441627
H           -7.73867058339538        2.73431115329046       -1.05733687268876
H           -0.95117160456380       -7.07469780139239       -0.71730970181338
H            2.91080517650566        6.16921275941155        1.22392735591795
H           -2.91474920820272        6.43694581061464        0.35573458736750
H            0.56567803287254        4.53912531004912        1.15169358956029
C           -0.53249206907600       -0.95166500301022        3.71563540589473
C            0.71261395988454       -0.47127652020197        3.52389573393145
C            0.95255849027726        0.92029285543531        3.14033557400042
O            2.00965528466817        1.41563407204852        2.83272695718797
N           -0.23134704261553        1.65536882839126        3.10843142688636
C           -1.52730169295578        1.19925627558039        3.25586140300001
O           -2.49187879328602        1.90183095675924        3.09346027663271
N           -1.62089425835984       -0.14006710328079        3.57564689565925
F            1.77537913525952       -1.27909671781035        3.62870061289455
H           -0.70792228710754       -1.98767054846561        3.97047754035148
H           -0.14137467673886        2.63769851670757        2.86232773739915
H           -2.55540178067438       -0.52271104298876        3.65132934368205
60
 energy: -137.740853651216 gnorm: 0.008383397544 xtb: 6.7.1pre (5071a88)
N            0.14508679263363       -0.04001941154115        0.45753685116261
C            0.12088110577685        1.36371826896769        0.19310670995896
C            1.36673783996726       -0.69647022661953        0.30177910044672
C           -1.05717308294666       -0.69598598669145        0.58629227161778
N            1.24339855782401        2.00358179141681        0.02649367711580
N           -1.04124390014583        1.98399505907419        0.15246030293576
N            2.45984186678142       -0.03663904487032        0.10497302554749
N            1.33726794581484       -2.04722382198631        0.40597521630407
N           -2.19372871197642       -0.06537005380692        0.50278919955191
N           -1.01359686096113       -2.02375124082475        0.82818823870591
C            2.38114966650938        1.29950587858513        0.07661487361611
C            0.22407024785761       -2.62539338367142        0.97991011529534
C           -2.14249623147352        1.26382995557172        0.31976298883403
N            3.58223079893472        1.93348391297633        0.06489355905988
N            0.28991638291753       -3.94117228152968        1.40506763927673
N           -3.35540054747218        1.86975326158138        0.30211991111859
C            3.85019951669653        3.27786889184507        0.50017946422134
C            4.74173468733730        1.27182647084578       -0.15776443490357
C           -3.56562771673824        3.27884143560775        0.18376872407204
C           -4.43870657587757        1.09391087955576        0.38809287022921
C            1.07195088678051       -4.63116671731215        0.29368492336308
C           -0.85335666446924       -4.61136621518379        0.68453465295557
N            5.03736476944466        3.78457933164055        0.42860021238334
N            5.87562975705289        1.71962757039189       -0.13624427766790
N           -4.74271348983166        3.69826559931300       -0.38929731366376
N           -5.40471999987259        0.48466464387103        0.43188907039894
N            2.07278182280804       -4.05039401714172       -0.24741386643236
N           -1.98292846143090       -4.02175865980196        0.56975102489852
C            6.15425072515621        3.10753110631182        0.05077459176119
C           -5.87922254584624        3.28633170489768       -0.49856563449182
C            0.00304802743223       -5.54233806541040       -0.05047434965639
N            7.31660051375895        3.52268273538939       -0.14493700075889
N           -7.07721507020839        3.24409932918928       -0.52772358594389
N           -0.04748213114546       -6.63724549300163       -0.67308618824625
C            2.82794038900844        4.01650312376084        1.08111042772687
C           -2.65601611164555        4.15074857784767        0.57755839243694
C            2.44859446482782       -2.83856126387152        0.02642271083690
C           -2.20846395206615       -2.79322405964639        0.93855454758713
C            1.63967213298459        4.54242718839611        1.24995734890642
C           -1.49933326920451        4.82644150044212        1.16447762266604
N            2.68225618629688        5.35380011240982        1.76091725027649
N           -2.46510809348436        5.53484021138838        0.64477876780891
H            7.47883117267852        4.51867155714684       -0.06909704423328
H           -7.70508347810062        2.74644870105197       -1.12606659261807
H           -0.96495679088959       -7.06739881509302       -0.72849951535630
H            2.92172591904692        6.17542725755917        1.20273846221046
H           -2.87958711640177        6.42089551801569        0.42935942924519
H            0.57254703870585        4.54276527423637        1.15585947378220
C           -0.55654705235794       -0.94149901638865        3.72499856967303
C            0.68658721596110       -0.45964337815880        3.52702835258164
C            0.92511980742557        0.93309499495386        3.14762099544450
O            1.98105852528920        1.42709790586348        2.83427765930002
N           -0.25878816831755        1.66890119463867        3.12640075595890
C           -1.55389145087054        1.21175268866164        3.28398085521077
O           -2.51936055047790        1.91566101822629        3.13453573290641
N           -1.64567970680004       -0.12871510328112        3.59922489469150
F            1.75121893449996       -1.26840136178460        3.61725192191989
H           -0.73005709847458       -1.97924788033648        3.97417185547144
H           -0.17193849743998        2.65214528505178        2.88322970767876
H           -2.57927037142272       -0.51273343883128        3.67774985485562
60
 energy: -137.741178516678 gnorm: 0.007968149186 xtb: 6.7.1pre (5071a88)
N            0.15323313198895       -0.04467968335706        0.46325233976974
C            0.12293520026888        1.35888110445827        0.19989118922228
C            1.37397134260587       -0.69817433782152        0.29307864652767
C           -1.04591242922800       -0.70343042474924        0.60726194783522
N            1.24172478469664        2.00207633025827        0.02088385137408
N           -1.04144231239495        1.97522350363830        0.16957230089030
N            2.46333696704328       -0.03533916750090        0.08717910822126
N            1.34727132739767       -2.04979232180895        0.39111412791535
N           -2.18530475829479       -0.07690321382724        0.53145699317728
N           -0.99614391400824       -2.02990652126671        0.85296099040759
C            2.38111218309313        1.30080555784429        0.06041064787920
C            0.24295582333937       -2.63128343338831        0.97958789645152
C           -2.13946954844610        1.25119387391876        0.34073687667119
N            3.58004771315760        1.93797311770294        0.03505218591368
N            0.31759111990279       -3.95008393721383        1.39486308645751
N           -3.35374296784761        1.85532284389952        0.31840667009533
C            3.85105966502627        3.28173049378150        0.46826607535666
C            4.73807819189718        1.27793740391097       -0.20439954064858
C           -3.55661145030852        3.26678979225760        0.21151439590252
C           -4.43897527959274        1.08254104481326        0.39003234761736
C            1.07801712723163       -4.63187858115865        0.26251399436574
C           -0.84002262002967       -4.61642863510454        0.69584883883579
N            5.03758039985874        3.78880849950947        0.38861315605533
N            5.87176088368755        1.72687252040083       -0.19226224198983
N           -4.71739519935989        3.69694347190958       -0.38581567474155
N           -5.40793065797069        0.47792071681147        0.42654764141390
N            2.06765029613141       -4.04747820128728       -0.29359452227303
N           -1.97123689695103       -4.02658243853050        0.60990090944759
C            6.15295296211094        3.11141651184095        0.00357193520340
C           -5.85206777618859        3.28918455954185       -0.52715009162477
C            0.00113475473195       -5.53924126814638       -0.06646545914444
N            7.31457563621644        3.52860775842338       -0.19074790197851
N           -7.04764551648571        3.24706438769775       -0.57358313086921
N           -0.06221903241838       -6.62698139239572       -0.70002231843537
C            2.83329216941476        4.01973976958338        1.05785197489876
C           -2.65198990380181        4.12680988013730        0.63943401920465
C            2.44982854551199       -2.83707372824060       -0.01833819950331
C           -2.18995390816569       -2.80026148026942        0.98888609704606
C            1.64728806108298        4.54564781777688        1.24304976185744
C           -1.49982476313775        4.77875197677648        1.26582344819225
N            2.69579477075589        5.35968106643400        1.73596541752537
N           -2.44432356376607        5.50669179680086        0.73105635387205
H            7.47533786267186        4.52305784518702       -0.10898291330290
H           -7.66612741810239        2.76210485209793       -1.19164892394106
H           -0.98015829610357       -7.05734936680189       -0.73880742924709
H            2.92716789232319        6.18005499037737        1.17211238097415
H           -2.84166113329287        6.40088939240600        0.51659674163795
H            0.57786493677155        4.53904225399005        1.17294842451077
C           -0.58324731361208       -0.92981433302237        3.73827719590203
C            0.65756796065272       -0.44668119977413        3.53156190853865
C            0.89438610047410        0.94641243708840        3.15400587419706
O            1.94817078886375        1.43979581860227        2.83329945466630
N           -0.28912700731094        1.68263242549777        3.14316556948841
C           -1.58198855339118        1.22465414480605        3.31219275935230
O           -2.54792025160520        1.92958165231495        3.17388968793209
N           -1.67162219397065       -0.11530698738156        3.62771996138081
F            1.72392298240619       -1.25617829582240        3.60746651486832
H           -0.75489287368625       -1.96810042196153        3.98368025969607
H           -0.20451401411431        2.66663967935526        2.90200238815440
H           -2.60414002786386       -0.50053092112333        3.71058900083015
60
 energy: -137.741578664556 gnorm: 0.009875443922 xtb: 6.7.1pre (5071a88)
N            0.16309427565006       -0.04790649739534        0.46749013356342
C            0.12695016764532        1.35463241982564        0.19947396886248
C            1.38180415219122       -0.69957483159399        0.28136777542230
C           -1.03248245814969       -0.70963984230460        0.62582703194688
N            1.24193570499072        2.00071564421646        0.00830039912563
N           -1.03948019937170        1.96646316747815        0.17604471318879
N            2.46693327990313       -0.03423956138485        0.06301026722346
N            1.35718397222095       -2.05131043306315        0.37563843397932
N           -2.17411160248880       -0.08790760544505        0.55478276042766
N           -0.97646221459503       -2.03412382531750        0.87792232406165
C            2.38195324828635        1.30191829310994        0.03908888096920
C            0.26260861473748       -2.63588044194281        0.97912530473153
C           -2.13385822424153        1.23910828949948        0.35328016937096
N            3.57780334882671        1.94250401516335        0.00326447433045
N            0.34398260641195       -3.95747364809011        1.38357654292423
N           -3.34950210995722        1.84023978933282        0.32614181429908
C            3.84985834021466        3.28540572389060        0.43373621879738
C            4.73535583526521        1.28426074548454       -0.24732103377514
C           -3.54532673040323        3.25467844979811        0.23888268354630
C           -4.43594811203622        1.07169247398890        0.39602361436575
C            1.08322544169247       -4.63253043998141        0.23556901120386
C           -0.82685866752410       -4.61973397562630        0.70522199378260
N            5.03542899450887        3.79443874756342        0.34415672606884
N            5.86806305515762        1.73527044037016       -0.24371992863476
N           -4.69207535252205        3.69909637108309       -0.36726336265206
N           -5.40743555701777        0.47179953053193        0.43418299160794
N            2.06096369552262       -4.04411932535100       -0.33456255456329
N           -1.95676242661761       -4.02846070228994        0.64563920009529
C            6.15008044430093        3.11718644262588       -0.04529981077231
C           -5.82266206991492        3.29431398231626       -0.53371056310207
C           -0.00157784256334       -5.53434869017380       -0.08087936386083
N            7.31040598727293        3.53649337291051       -0.24073271257229
N           -7.01757598420767        3.25700085641348       -0.62450772526284
N           -0.07827611202423       -6.61631827890924       -0.72202802714483
C            2.83703788893624        4.01998266011788        1.03584842002456
C           -2.64676381348170        4.09997308065750        0.70171788875578
C            2.45086968744174       -2.83488262449482       -0.06021622760890
C           -2.16938224707258       -2.80471583898423        1.03395270780749
C            1.65207523292705        4.54046932695297        1.24461319869942
C           -1.49730168355117        4.72363524868766        1.36434232022075
N            2.70788104106804        5.36417600673706        1.70701861806380
N           -2.42175171972490        5.47390978615855        0.82280578143798
H            7.46860826789652        4.52848063083016       -0.15573952195520
H           -7.61517732378584        2.77361768434068       -1.26313189330718
H           -0.99631444343210       -7.04544723245160       -0.74593169290657
H            2.92253961797030        6.18127392979196        1.13007192666182
H           -2.80268259072200        6.37665365435283        0.61595582747854
H            0.58089553347707        4.52358860759699        1.20606960644083
C           -0.61187515339009       -0.91667318274266        3.75638121421843
C            0.62645288788883       -0.43300034022288        3.53713865731646
C            0.86054912319194        0.95952952469615        3.15759144819164
O            1.91092866508047        1.45359980906218        2.82770539476356
N           -0.32206062734390        1.69542098600493        3.15622771691503
C           -1.61099294380148        1.23729406310876        3.33777214591301
O           -2.57713105258826        1.94259086287853        3.20691744425241
N           -1.69776641209674       -0.10010353017684        3.66061367122143
F            1.69386920499547       -1.24296440800276        3.60046258859968
H           -0.78188883563467       -1.95374330514998        4.00189092786809
H           -0.23871339492837        2.67976052306542        2.91438982566307
H           -2.62914041061146       -0.48607557965212        3.75008465374290
60
 energy: -137.742020711297 gnorm: 0.012595254761 xtb: 6.7.1pre (5071a88)
N            0.17422053681552       -0.05061907786081        0.47166759527465
C            0.13177429152564        1.35051851712411        0.19649844427193
C            1.39032395441531       -0.70100570730808        0.26773105682505
C           -1.01757420731120       -0.71538830417293        0.64498720588323
N            1.24283784655925        1.99929145214802       -0.00717854104795
N           -1.03667225219908        1.95776000957547        0.17945390546867
N            2.47087569534546       -0.03351098951802        0.03483557937347
N            1.36781588293951       -2.05266545303377        0.35810334279549
N           -2.16173204867997       -0.09836265085213        0.57941030360268
N           -0.95480155479896       -2.03759755826411        0.90486475760686
C            2.38344357418097        1.30273470179743        0.01400424438570
C            0.28438364250990       -2.64089952154136        0.97844759435366
C           -2.12716354882340        1.22771011596073        0.36754413443323
N            3.57646325382200        1.94616829802657       -0.03047033777062
N            0.37296656685542       -3.96494712479955        1.37123757957807
N           -3.34362821024208        1.82578977439158        0.33856042514362
C            3.84794339601306        3.28886125366718        0.39718805562431
C            4.73401527818444        1.29018086459647       -0.28970586229163
C           -3.53308997188074        3.24353985403698        0.27322028591843
C           -4.43213153505152        1.06139643153418        0.41104707777175
C            1.08866199320554       -4.63310586384624        0.20716100373602
C           -0.81233448346259       -4.62260606996229        0.71464805073226
N            5.03171362687356        3.80163892551030        0.29565487193315
N            5.86517565098707        1.74483177461657       -0.29467107276493
N           -4.66171694127133        3.70430169473104       -0.35218055517526
N           -5.40628292483186        0.46190269801996        0.43788375354874
N            2.05403848583923       -4.04047871832270       -0.37823135828711
N           -1.94185219449498       -4.02935875329249        0.68411641854842
C            6.14596871040156        3.12549608230994       -0.09804698183325
C           -5.78815031050312        3.30205772552967       -0.56220651553736
C           -0.00451061604797       -5.52940598421084       -0.09603245123648
N            7.30494268568388        3.54685271266437       -0.29702739576487
N           -6.97812575383116        3.25695076561522       -0.66543656006249
N           -0.09616270963676       -6.60680600654789       -0.74331503793217
C            2.83996181003588        4.01836207850305        1.01352870011646
C           -2.64071277924474        4.07259804119978        0.77491868672899
C            2.45233881865909       -2.83299110149203       -0.10433171991048
C           -2.14704167676135       -2.80805411394983        1.08210722456120
C            1.65525773251881        4.52906237996000        1.24880608428755
C           -1.48918413695870        4.66409861101809        1.46179943257649
N            2.71712568633400        5.36693937623518        1.67573533616171
N           -2.39680227920870        5.43895131672951        0.92637702717143
H            7.46103334673725        4.53732538807882       -0.20821441114791
H           -7.56575223249156        2.79465391341088       -1.32756752367747
H           -1.01450821023114       -7.03512942081414       -0.75014439946822
H            2.90994617993198        6.17959090997317        1.08242771107655
H           -2.76100493025214        6.35090371344474        0.72990434107617
H            0.58368709242638        4.50023442222825        1.24281804665201
C           -0.64243253869058       -0.90145036540779        3.77775147142140
C            0.59377835947651       -0.41866892107348        3.54206348420045
C            0.82351382364365        0.97343359915411        3.15807420383543
O            1.87022291818256        1.46847657403896        2.81717025989309
N           -0.35812684644802        1.70856951219350        3.16677982315654
C           -1.64321653415275        1.25159032702202        3.36251174830356
O           -2.61042526468970        1.95664548667565        3.23691457302019
N           -1.72624433537898       -0.08312147157641        3.69562369895338
F            1.66124094893308       -1.22963989023166        3.59267854700764
H           -0.81095749584112       -1.93691938412330        4.02674068106419
H           -0.27666375945261        2.69258460510161        2.92022507603891
H           -2.65666950628784       -0.46927045472631        3.79381387982833
60
 energy: -137.742524267740 gnorm: 0.012825713831 xtb: 6.7.1pre (5071a88)
N            0.18701421041410       -0.05412417859261        0.47578066693050
C            0.13718230308995        1.34535568206072        0.19329540077250
C            1.40043787166752       -0.70299095036196        0.25258269187186
C           -1.00080818187073       -0.72200686876737        0.66629220764382
N            1.24400118454801        1.99693585205620       -0.02416735190135
N           -1.03348335913426        1.94779379228047        0.18331550414609
N            2.47623067295612       -0.03345885095606        0.00462781305515
N            1.38025553994657       -2.05485458766230        0.33749692819144
N           -2.14827844256909       -0.10968540035885        0.60813806168254
N           -0.93050803381720       -2.04180839068186        0.93457610748027
C            2.38593789592060        1.30296301242202       -0.01374597437351
C            0.30955640907425       -2.64726277860616        0.97727082715925
C           -2.11985034841025        1.21510931447377        0.38583039885278
N            3.57682110469394        1.94894531666445       -0.06695845135013
N            0.40709369686632       -3.97377371369542        1.35778868474633
N           -3.33661660650712        1.81098592194779        0.35868784136198
C            3.84695929237848        3.29242936030719        0.35825177501919
C            4.73439681538850        1.29586119458505       -0.33580909374851
C           -3.51919227303343        3.23181284473790        0.31244443906823
C           -4.42816062389087        1.05035920709857        0.43230619050987
C            1.09491180914940       -4.63356169201769        0.17243806360320
C           -0.79542725850562       -4.62624296535795        0.72592585041297
N            5.02776866126073        3.81034363915107        0.24333312183707
N            5.86365950894934        1.75564343860312       -0.35005216610686
N           -4.63096782063750        3.70959886901031       -0.33053495596217
N           -5.40391285355445        0.45270965739772        0.44958063658309
N            2.04711720082466       -4.03699096232470       -0.43136798562872
N           -1.92673690868089       -4.03135644962672        0.73014946503919
C            6.14160895227415        3.13644465280332       -0.15615717822021
C           -5.75189899503384        3.30993218782787       -0.57998816085587
C           -0.00755937613212       -5.52549964153233       -0.11338277358874
N            7.29912695798018        3.56041033173283       -0.36019849300830
N           -6.93952781122072        3.26279585006581       -0.71998742176734
N           -0.11624184327500       -6.59832195793766       -0.76724517157146
C            2.84350237082464        4.01668432107143        0.98841740843720
C           -2.63212055634107        4.04279520735779        0.85570102603049
C            2.45452613619631       -2.83244172566923       -0.15577300914541
C           -2.12194014785284       -2.81218550725166        1.13876172561981
C            1.65910482925679        4.51550529322818        1.24909936209405
C           -1.47956442753886        4.59852004036685        1.57286011748449
N            2.72381057858822        5.36836814642457        1.64316236124952
N           -2.36725537703617        5.40069045752775        1.04115899075431
H            7.45332458020368        4.55126250095135       -0.26755246089818
H           -7.50847582950624        2.81835417037575       -1.41262871505512
H           -1.03537391021897       -7.02638919068904       -0.75361263197070
H            2.89365056186433        6.17661218377576        1.03533790246721
H           -2.71348188873456        6.32299163669969        0.85779538954162
H            0.58843023137925        4.47369626103683        1.27396174110835
C           -0.67615240822853       -0.88351291137105        3.80101733343075
C            0.55786732857253       -0.40258565442049        3.54644017783181
C            0.78215575416804        0.98923083962677        3.15681511624006
O            1.82553992583852        1.48397654220968        2.80310043174064
N           -0.39884521256500        1.72388515898444        3.17677885728382
C           -1.68124705367420        1.26859676858262        3.38916083043572
O           -2.65064979588073        1.97272822259329        3.26928090579099
N           -1.75978849278223       -0.06421925224948        3.73255306500812
F            1.62493346715826       -1.21543541230128        3.58169304711360
H           -0.84269218545310       -1.91823053484462        4.05484689455545
H           -0.32089469526176        2.70696409110192        2.92210791103026
H           -2.68927313419799       -0.45035138997044        3.84127372396928
60
 energy: -137.743055185025 gnorm: 0.013903388718 xtb: 6.7.1pre (5071a88)
N            0.20193053544624       -0.05348295776676        0.47301751529028
C            0.14638615628808        1.34221883177592        0.17194015671191
C            1.41080816431385       -0.70450832724398        0.23301881935898
C           -0.98271170429162       -0.72298205570240        0.67388331250122
N            1.25045654794502        1.99340002995566       -0.05498430106712
N           -1.02517316875673        1.94127857492991        0.15951536473670
N            2.48299204626188       -0.03653731818690       -0.03181433835402
N            1.38991004630969       -2.05524341541273        0.31804293211152
N           -2.13234195811410       -0.11367411862502        0.61848359960590
N           -0.90698553219078       -2.03973256646927        0.95322503143683
C            2.39275068945156        1.30034055670146       -0.04768179685901
C            0.33148933295828       -2.64980236749893        0.97412366311312
C           -2.10814085179845        1.20994332714699        0.38730766277587
N            3.58295996861545        1.94654435745811       -0.09532752953941
N            0.43154870714582       -3.97639392583487        1.34628164595628
N           -3.32354266097608        1.80470128585453        0.37294535448250
C            3.84464816686154        3.29331914995982        0.32840750194216
C            4.74339824304299        1.29703896399487       -0.35451705302446
C           -3.50404862913607        3.22742625362662        0.34690800575011
C           -4.41794475951675        1.04652112399223        0.47540863853437
C            1.09704713156952       -4.63273390633668        0.15212028249010
C           -0.78208461193413       -4.62476373615030        0.72933753831119
N            5.01921457402137        3.82256672846067        0.19729718004120
N            5.86858058799948        1.76643855187672       -0.37263528453060
N           -4.60830216556283        3.72391912129463       -0.29077588522095
N           -5.39056217185420        0.44974609745880        0.50426475386373
N            2.04037398881106       -4.03502794918207       -0.46531624147552
N           -1.91241057760990       -4.02711956474220        0.75622337924228
C            6.13470802762862        3.15505016541754       -0.20271491788282
C           -5.71750336506370        3.32233160001759       -0.56898140416861
C           -0.01086740331264       -5.52289994897649       -0.12152734157540
N            7.28954781985470        3.58206525853138       -0.42259829559399
N           -6.90078031725526        3.26579266225428       -0.74327543718910
N           -0.13315036493338       -6.59866256394029       -0.76840139531467
C            2.84343359556632        4.00746805295472        0.97348006532500
C           -2.62054718744573        4.01762874145161        0.92137442001476
C            2.45695232454039       -2.83498605740149       -0.18853442072818
C           -2.09778747044149       -2.80866980532865        1.16898377644294
C            1.65597627462289        4.47901129805342        1.25952755976288
C           -1.45803258281209        4.53434794376992        1.63697213769296
N            2.71362375330552        5.35999074238786        1.61633792165191
N           -2.33928583133875        5.36340797041180        1.14350589241905
H            7.44096771127398        4.57771317434608       -0.33790052179143
H           -7.45066764640846        2.84941075438424       -1.46862174052494
H           -1.05307631835798       -7.02408626905184       -0.74279259569185
H            2.84685579401036        6.16086202248309        0.98934524941653
H           -2.67719302686881        6.29422540638507        0.99375255356557
H            0.59256770509621        4.42042226244293        1.30926963317933
C           -0.70498174851380       -0.86399067509727        3.82897390861667
C            0.52730126269915       -0.38874795189377        3.54922927198067
C            0.74278261480320        1.00085251962674        3.14262705911574
O            1.78270221083592        1.49464977437046        2.77281115158633
N           -0.43808056461151        1.73416785490027        3.16771992965878
C           -1.71895808698074        1.28282818931503        3.39756061292191
O           -2.69276920844340        1.98192809229678        3.27017600171348
N           -1.79097309483081       -0.04662780746817        3.76389094074843
F            1.59088991427047       -1.20448486397666        3.57428990054598
H           -0.86932203860329       -1.89696975494664        4.09977870147063
H           -0.36476759986728        2.71360414932075        2.89037402297381
H           -2.71981124782291       -0.43103268248186        3.88894245150447
60
 energy: -137.743574839687 gnorm: 0.014118883801 xtb: 6.7.1pre (5071a88)
N            0.21458386153121       -0.05762102677998        0.47300455923684
C            0.15207178251729        1.33591600194173        0.16547882926352
C            1.42107028597749       -0.70719902047414        0.21757056010464
C           -0.96657677290731       -0.72922234901324        0.69083145588808
N            1.25257734098231        1.98899534532598       -0.07566438187875
N           -1.02146232434128        1.93131072090681        0.16149732281864
N            2.48974678313066       -0.03796451044948       -0.05827237161583
N            1.40133886971454       -2.05840111625250        0.29843310694812
N           -2.11928880276166       -0.12358606216537        0.64433569653155
N           -0.88459363695224       -2.04389255231100        0.97555843131654
C            2.39672903071464        1.29907754105761       -0.07425490510517
C            0.35405829744698       -2.65547097709445        0.97086366500026
C           -2.10084130120319        1.19822433607002        0.40488159476134
N            3.58584136871722        1.94779493932551       -0.12927909707517
N            0.46085587814595       -3.98360098734545        1.33474858778321
N           -3.31629036009547        1.79321226575649        0.39845769659545
C            3.84516384137432        3.29728915361167        0.28974650931205
C            4.74720312209986        1.30208496176232       -0.39523161391444
C           -3.48955110701867        3.21791729893456        0.38439644374726
C           -4.41328205887280        1.03811031182667        0.50031252194379
C            1.10115489360785       -4.63287078166745        0.12052712483129
C           -0.76686190242863       -4.62813559872526        0.73948729913916
N            5.01580138813336        3.83192323915079        0.14671274272675
N            5.87030568757875        1.77707371380649       -0.42180737674887
N           -4.57866707890325        3.73146501560759       -0.26985465154564
N           -5.38831048027512        0.44312076627311        0.52296573585145
N            2.03402188543928       -4.03422530878466       -0.51347295712180
N           -1.89735439291178       -4.03006646509842        0.79436081817344
C            6.13123898008348        3.16811777096968       -0.25823551194928
C           -5.68271264756221        3.33454719371289       -0.58816265743863
C           -0.01338360356835       -5.52168992047084       -0.13419386818822
N            7.28340383518785        3.59853741821106       -0.48613784043949
N           -6.86320336790741        3.27690893526111       -0.79205129192711
N           -0.14949798225059       -6.59354546762622       -0.78541515352803
C            2.84749760917182        4.00713026443671        0.94543421851775
C           -2.60957615586619        3.98876284908740        0.99706926931333
C            2.45865269390754       -2.83730502478909       -0.23518926501097
C           -2.07311258682469       -2.81333886831925        1.21581077654409
C            1.65937818312094        4.46516608907399        1.25170945519665
C           -1.45145110849358        4.46803656569259        1.76028183681942
N            2.71379407581938        5.35972433074352        1.58656458461548
N           -2.30522165236635        5.32566100417830        1.25523449878906
H            7.43085835975429        4.59611851652480       -0.40901873584387
H           -7.39570249823126        2.86624511586451       -1.53052108322892
H           -1.06985012872385       -7.01814972530343       -0.74347290455358
H            2.82612832099152        6.15875941335220        0.95386996446816
H           -2.62489135172234        6.26704372840079        1.12203749471214
H            0.59582266324882        4.38955832314832        1.33266504785186
C           -0.73763195993421       -0.84489956411418        3.85020503110490
C            0.49138057006675       -0.37130098016118        3.55462774826835
C            0.70215911016168        1.01670007817231        3.14031588968482
O            1.73975906441505        1.50769111794279        2.75924323861800
N           -0.47838683360989        1.74989174912307        3.17369716067196
C           -1.75756257889523        1.29867851762121        3.41861495149182
O           -2.73361160068995        1.99570268590598        3.29741502236606
N           -1.82547743309131       -0.02871336436161        3.79487392680430
F            1.55481498507185       -1.18881923233002        3.56479735980074
H           -0.89891572796552       -1.87749338064616        4.12647154519676
H           -0.41126028059210        2.72787789642099        2.88611718225575
H           -2.75288305124200       -0.41286189102611        3.93128376208053
60
 energy: -137.743982234500 gnorm: 0.014598045823 xtb: 6.7.1pre (5071a88)
N            0.22382050429511       -0.06097328368886        0.46704826427104
C            0.15770537183001        1.33059156849668        0.15587711287182
C            1.42885366509278       -0.71005289169332        0.20625845143399
C           -0.95565569148883       -0.73240354963980        0.69570520026961
N            1.25663608319185        1.98356343770106       -0.09537009755837
N           -1.01649430605202        1.92542789249721        0.15933189670396
N            2.49674901401389       -0.04095054978911       -0.07241876982115
N            1.40815738227426       -2.06186072212948        0.28628349926957
N           -2.10947219821268       -0.12755526765035        0.65622931199083
N           -0.87190779118615       -2.04614142566064        0.98099485879314
C            2.40217032668370        1.29610957486189       -0.09111958781738
C            0.36608115737846       -2.65811022516290        0.96573157628992
C           -2.09373091014956        1.19242251223030        0.41326961962647
N            3.59101698775817        1.94704987365936       -0.14838969022238
N            0.47438915734205       -3.98667051213761        1.32852530754098
N           -3.30870626046976        1.79040204974372        0.42054393454033
C            3.84670932834241        3.30020169147534        0.26443944080479
C            4.75507641055279        1.30541892736140       -0.41375778414277
C           -3.47724755662860        3.21521178291390        0.41087708162931
C           -4.40633744838128        1.03676731898158        0.52269565177467
C            1.10153940572230       -4.63364034770164        0.10420137481074
C           -0.75935310998795       -4.62977063176259        0.74410558050737
N            5.01389790630169        3.83888713693914        0.11439849117832
N            5.87641748723969        1.78435209506067       -0.44521333998613
N           -4.56087961775081        3.73567144052716       -0.24797752326236
N           -5.38414432770626        0.44373773248507        0.55117865859857
N            2.03104437199771       -4.03791269185125       -0.53743170319497
N           -1.88799054427832       -4.03166286715687        0.80894986052818
C            6.13009602556561        3.17983062166008       -0.29292096760222
C           -5.65870804011142        3.33831843528081       -0.58864193244812
C           -0.01454441905790       -5.52369552958120       -0.13805818402802
N            7.27819356284347        3.61388377592778       -0.53146836785699
N           -6.83544416114404        3.27242037696410       -0.79538840194923
N           -0.15598902360496       -6.59377135175345       -0.79035234352190
C            2.85019518035540        4.00647043051039        0.92524380767315
C           -2.59847983527122        3.97386330150415        1.03753643177038
C            2.45990748493378       -2.84258616201916       -0.25955305296463
C           -2.05786121254453       -2.81535567892109        1.23384534629691
C            1.65995973785009        4.45198312135302        1.24092181118620
C           -1.44411923747922        4.42982649689310        1.82643173362097
N            2.70523705818458        5.35673910332643        1.56975978214720
N           -2.28238416370662        5.30336844560921        1.32192997265617
H            7.41979036673203        4.61353007086743       -0.47388873873695
H           -7.36393561046782        2.89718373429836       -1.56127418800755
H           -1.07627605766229       -7.01825061093695       -0.73944629638476
H            2.80432870328938        6.15679060935152        0.94087005710560
H           -2.59553657840544        6.24964156295344        1.21154188909671
H            0.59713282157582        4.36287694164155        1.33805464062487
C           -0.75922568493689       -0.83261088993110        3.86213866744269
C            0.46593347872682       -0.35889977489479        3.55979469402015
C            0.67406726075304        1.02650305652942        3.13822156264054
O            1.71047555543455        1.51395087033527        2.75135923414019
N           -0.50655408035423        1.75936161908249        3.17433357133968
C           -1.78417968900961        1.30587323304819        3.42685202133167
O           -2.76161051165749        2.00097262671123        3.31158369802838
N           -1.84956146018467       -0.01928098001803        3.80915588967058
F            1.53021402898772       -1.17642284765202        3.56242341087213
H           -0.91685375610360       -1.86455393630981        4.14243139448194
H           -0.44743960796950        2.73676478946226        2.87968922066740
H           -2.77517293337531       -0.40283453031120        3.95418195928998
60
 energy: -137.744181102158 gnorm: 0.022069155805 xtb: 6.7.1pre (5071a88)
N            0.23163791611031       -0.06490696101980        0.45288601530680
C            0.16446182616420        1.32477368180123        0.14143632300358
C            1.43611955523852       -0.71404828540022        0.19579900234597
C           -0.94726418688929       -0.73385863041287        0.68997643209346
N            1.26314890739616        1.97584584465257       -0.11849754863494
N           -1.00916854491296        1.92224146097869        0.15406527200741
N            2.50578593788228       -0.04606709654789       -0.07770137240835
N            1.41249732657915       -2.06686742507939        0.27733286042328
N           -2.10048699914101       -0.12698431536613        0.65827674268168
N           -0.86571907507356       -2.04779974995156        0.97100673860995
C            2.41009311461532        1.29082151454387       -0.10285331799770
C            0.37111211818478       -2.65904870659757        0.95648475894213
C           -2.08527935667067        1.19090039898559        0.41589972701887
N            3.59900870859732        1.94440611764303       -0.15815927895434
N            0.47690146464191       -3.98692369814762        1.32511394014250
N           -3.29934655719135        1.79519615795709        0.44522381891399
C            3.84905358171478        3.30291426736084        0.24539140332208
C            4.76829092499373        1.30853159954343       -0.41579058317739
C           -3.46374747585095        3.21921767385528        0.43685703112849
C           -4.39550227561707        1.04176764464819        0.54894765143073
C            1.09911511594795       -4.63568276275170        0.09819468880669
C           -0.75662844725988       -4.63085037204517        0.74503571879107
N            5.01260213279370        3.84551101857276        0.08989459302716
N            5.88771871948297        1.79047943732859       -0.45098597602933
N           -4.54667945883291        3.74447070794116       -0.22049705946432
N           -5.37625195561170        0.45223452877176        0.60052202460872
N            2.03145782185126       -4.04712792614261       -0.54406016193594
N           -1.88201550000319       -4.03322212681136        0.80637049555004
C            6.13020169917184        3.19368017502024       -0.31966607585943
C           -5.64067582090676        3.35293937220337       -0.57789883845245
C           -0.01388757910080       -5.52974453364815       -0.13445800340731
N            7.27154593238459        3.63256576341379       -0.57600619709935
N           -6.81581367678608        3.29091576926557       -0.79710386825672
N           -0.15408802200903       -6.59947565202186       -0.78548989335958
C            2.85184846014970        4.00456937048243        0.90842473846225
C           -2.58251619718993        3.96918722065149        1.05906216575144
C            2.46146060934725       -2.85176585697187       -0.26923821849313
C           -2.04780143015446       -2.81583671941256        1.23040788220706
C            1.65700086828237        4.43415706766723        1.22712109655364
C           -1.43065306545572        4.40840521926837        1.85448807805759
N            2.68528871416000        5.35122191512734        1.55989419926676
N           -2.26178852678600        5.29036503904558        1.36521103755152
H            7.40463590869451        4.63439764102403       -0.55175964605014
H           -7.33347507412636        2.89335550916890       -1.53641962042287
H           -1.07352706200368       -7.02450038752692       -0.73045487853089
H            2.77266823965783        6.15567101350954        0.94225213530641
H           -2.57746392015412        6.23762420567856        1.28857035453386
H            0.59707261667571        4.33308633032549        1.32523408979139
C           -0.77679600218891       -0.82523698117105        3.86828311216091
C            0.44330782583283       -0.34892427297065        3.56432802983383
C            0.64956763154239        1.03318897336112        3.13560258899143
O            1.68505267986791        1.51613247025661        2.74463969004636
N           -0.53159789709303        1.76483350330835        3.17231344981278
C           -1.80680839325935        1.30616702728519        3.42890870702087
O           -2.78510502892019        1.99994229229769        3.32248359771445
N           -1.87050200953935       -0.01667461928220        3.81238509373041
F            1.51031140251068       -1.16384456076938        3.56492936150760
H           -0.92914380019835       -1.85617658121510        4.15157858326934
H           -0.48558260010919        2.74295640765808        2.87278742369047
H           -2.79365182152047       -0.39910511944829        3.96569488515026
60
 energy: -137.744655594350 gnorm: 0.010616717392 xtb: 6.7.1pre (5071a88)
N            0.23971196609920       -0.06754627583446        0.44816787891751
C            0.17057613857872        1.32146444322242        0.13388050953330
C            1.44315428284372       -0.71650517320680        0.18535420081169
C           -0.93722284445710       -0.73673720253111        0.69446950151274
N            1.26697524890845        1.97295903892157       -0.13379524274119
N           -1.00300358306708        1.91831980586074        0.15132569639571
N            2.51153684619330       -0.04770886606448       -0.09299258625221
N            1.41939316009913       -2.06947232472142        0.26594721387111
N           -2.09048764053484       -0.13083801144186        0.66694762501505
N           -0.85416439515761       -2.04999855195740        0.97896880351248
C            2.41417572419418        1.28912546722494       -0.11896646404385
C            0.38244836942701       -2.66137969076580        0.95232445511401
C           -2.07714366469099        1.18631051967895        0.41835516179670
N            3.59995943173008        1.94583137886296       -0.17624888921632
N            0.49056408785691       -3.99042481680001        1.31745690617172
N           -3.29163817052645        1.78990730135062        0.44900222782584
C            3.84759099221732        3.30479878186918        0.22424430417410
C            4.77105676236265        1.31296073528560       -0.43302634426363
C           -3.45260147221947        3.21613053506033        0.45794003463503
C           -4.38693756828643        1.03959235495803        0.56297292247573
C            1.10207733032054       -4.63799271970386        0.08632763750130
C           -0.74896444254239       -4.63292699525882        0.74922669463130
N            5.00960420962515        3.85121812710749        0.05870920167817
N            5.88884780786786        1.79708735912257       -0.47421859963275
N           -4.53207955901948        3.74716343759128       -0.19359810311419
N           -5.36703864371637        0.45491141413010        0.63383956661393
N            2.02971229142279       -4.04876607849806       -0.56151264550422
N           -1.87363803537703       -4.03363276629523        0.82317841853711
C            6.12717712883481        3.20221547717597       -0.35528460000426
C           -5.61854763605878        3.35111561009073       -0.56392491019011
C           -0.01428181638580       -5.52926442515575       -0.13969892723504
N            7.26515775744423        3.64423884385008       -0.62174175470058
N           -6.79041205552997        3.28134708188170       -0.80253446683957
N           -0.16144277048850       -6.59707457273864       -0.79303411296117
C            2.85228213838988        4.00049012613801        0.89695796648093
C           -2.57355386022501        3.95837022373807        1.09568202433952
C            2.46379372702520       -2.85302261543490       -0.29011912740662
C           -2.03510626743889       -2.81631985797568        1.25021861750495
C            1.65507892613885        4.41785669639441        1.23311365954671
C           -1.41699805121196        4.37713672294916        1.88774519091233
N            2.68256817016234        5.35169558383533        1.53996209101800
N           -2.24551485632882        5.27304732680974        1.42506263065947
H            7.39529917018821        4.64477686688132       -0.60118760806552
H           -7.29858223388633        2.92892131672317       -1.59064914307673
H           -1.08048955195973       -7.02148164018480       -0.72961106422897
H            2.75038326300454        6.15516792735849        0.91028431137503
H           -2.55637812832327        6.22460123946476        1.36821125451141
H            0.59797096590518        4.31006848877445        1.33944852333941
C           -0.79779461100437       -0.81936093026231        3.88038450242399
C            0.42042841341302       -0.34046640312902        3.56560699618242
C            0.62341141705334        1.04152972619746        3.13452873473898
O            1.65563166797242        1.52521505597000        2.73292282879344
N           -0.55791380577338        1.77163411327502        3.17933858091114
C           -1.82916520112626        1.31164636642178        3.44757790947810
O           -2.80811831820698        2.00644425631717        3.34750688213594
N           -1.89037926529399       -0.01006601207620        3.83328478636690
F            1.49005117044842       -1.15300246004570        3.56125832637418
H           -0.94750200257427       -1.84943948804395        4.16482045108188
H           -0.51694573277689        2.75091640573394        2.87895209271069
H           -2.81257238161816       -0.39278727821026        3.99291226789777
60
 energy: -137.744898482744 gnorm: 0.007884428217 xtb: 6.7.1pre (5071a88)
N            0.24722241983517       -0.06998155761404        0.44141663068314
C            0.17703607410705        1.31877557450220        0.12648220978924
C            1.44982180745863       -0.71909298592081        0.17597440856658
C           -0.92782406501822       -0.73854436272296        0.69641412379502
N            1.27142428948365        1.97009064086164       -0.14673018886784
N           -0.99564581107966        1.91647916427144        0.14834444623448
N            2.51743277840703       -0.04995040242079       -0.10458419358937
N            1.42624888810339       -2.07213735992742        0.25493106469317
N           -2.08121831611509       -0.13172944100760        0.67576908799558
N           -0.84340202132689       -2.05175432118406        0.98245796440778
C            2.41890032338628        1.28676680824916       -0.13367467525235
C            0.39305638763328       -2.66439200278780        0.94687523221167
C           -2.06860648243625        1.18528781658683        0.42484510846275
N            3.60260081051989        1.94523150079772       -0.19155185403155
N            0.50375864241840       -3.99287455371828        1.31058489606360
N           -3.28218069562002        1.78947422379259        0.45868972314501
C            3.84582683021224        3.30623578437402        0.20547901921084
C            4.77549440563714        1.31617824679861       -0.44531992964080
C           -3.44103640349677        3.21689148516503        0.47423305421908
C           -4.37817878374878        1.04191232983109        0.58607576829103
C            1.10566030392724       -4.63985605425651        0.07634763192406
C           -0.73994615662887       -4.63502073767275        0.75323574875712
N            5.00477161192866        3.85813967154032        0.02885712319066
N            5.89087527973245        1.80436074061375       -0.49302739720229
N           -4.51637567538183        3.75474299521480       -0.17507037784096
N           -5.35702440687534        0.45634052563117        0.65753551892447
N            2.03020093326825       -4.05057399362371       -0.57667085791870
N           -1.86558225382339       -4.03537030932557        0.83839958299498
C            6.12220619111078        3.21312593856899       -0.39035172349108
C           -5.59621362809800        3.35949470662745       -0.56010660518984
C           -0.01260626879740       -5.53066528341571       -0.14196648745396
N            7.25612653346224        3.65793471300030       -0.67283991720392
N           -6.76414962002762        3.28535888544014       -0.80452317175092
N           -0.16634779137923       -6.59827856860957       -0.79518840918676
C            2.85006088316974        3.99576707191962        0.88312781793479
C           -2.56268816391644        3.95092656919480        1.12659934866152
C            2.46678298798578       -2.85492419301008       -0.30753824162734
C           -2.02206251938119       -2.81714953301144        1.26574792171121
C            1.65283962795048        4.40384091107820        1.22344371062336
C           -1.41020788095217        4.34777260694926        1.94178813004322
N            2.67310035556237        5.34725154834133        1.52215976683947
N           -2.22474832589325        5.25832980254066        1.47417841837332
H            7.38416414406053        4.65914504514668       -0.65701605451670
H           -7.26548447211753        2.94534975362261       -1.60156787849384
H           -1.08457660300370       -7.02294661943861       -0.72498319637564
H            2.72925582522608        6.15027102324393        0.88888153621935
H           -2.52890465950108        6.21266375416524        1.43178997791026
H            0.59866386542495        4.28544135621056        1.33833087834149
C           -0.81824724733952       -0.81574936072474        3.88998178711289
C            0.39871968474273       -0.33551667254901        3.56388563430185
C            0.59621806864924        1.04806833019504        3.13195277461555
O            1.62528528661989        1.53306552511584        2.72032571301671
N           -0.58458715538990        1.77623041772086        3.18759015993893
C           -1.85274160149265        1.31669449547570        3.46708650976912
O           -2.83300163608112        2.01296008094828        3.37343420003059
N           -1.91102265364972       -0.00626907534322        3.84995687751276
F            1.46961918926154       -1.14625151379098        3.55497854834597
H           -0.96572590479394       -1.84583281859448        4.17690890967218
H           -0.55023497527131        2.75702846518002        2.88406240421404
H           -2.83280225072191       -0.38876578835467        4.01582679091546
60
 energy: -137.745138189145 gnorm: 0.007419278242 xtb: 6.7.1pre (5071a88)
N            0.25353605373370       -0.07340187024860        0.43271098308539
C            0.18412691608545        1.31648416982333        0.12433756484905
C            1.45651544177493       -0.72208577711401        0.16927076215454
C           -0.92008514181811       -0.74004205644399        0.69614964195481
N            1.27692057646423        1.96707125263120       -0.15449881547970
N           -0.98693569149460        1.91738493690735        0.15580487056824
N            2.52453481589065       -0.05242997631753       -0.10925585137652
N            1.43330169787505       -2.07554985335006        0.24671686436527
N           -2.07283343016853       -0.13020532834325        0.68552797363494
N           -0.83563359305613       -2.05448818115100        0.97957449814877
C            2.42478119513567        1.28388283510665       -0.14362288812930
C            0.40086601465422       -2.66714337648650        0.94107900348767
C           -2.05934345624801        1.18736181181340        0.43741457768404
N            3.60633488506737        1.94480365414451       -0.20509140397572
N            0.51422421370029       -3.99488646570674        1.30620009049521
N           -3.27163673808606        1.79361397171824        0.47696749600220
C            3.84572470398066        3.30847781071397        0.18618838845850
C            4.78090809966770        1.31948056614157       -0.45660804973576
C           -3.43045884616098        3.22185191096355        0.49835285432633
C           -4.36818569224520        1.04757667632445        0.61133329602246
C            1.11071079787794       -4.64277898797733        0.07011948838338
C           -0.73128878197221       -4.63805583249101        0.75789296644696
N            5.00178364319028        3.86391609116121        0.00098290759035
N            5.89418059469838        1.81065825457039       -0.51178067975490
N           -4.50379223599500        3.76162422187646       -0.15146617228772
N           -5.34629109064545        0.45988557363322        0.67923962113077
N            2.03388054714223       -4.05415781549298       -0.58648744597878
N           -1.85792439538181       -4.03918821158228        0.84887007852689
C            6.11841938836609        3.22218727641840       -0.42352414966448
C           -5.57935828095508        3.36719033619419       -0.55281615379341
C           -0.00843861320265       -5.53414720709531       -0.14084068562571
N            7.24657264843688        3.66981667161431       -0.72438045056457
N           -6.74533147449319        3.29146816651563       -0.80913662663444
N           -0.16640859856857       -6.60101889812474       -0.79486586180661
C            2.84911893292388        3.99316356925149        0.86632712153913
C           -2.55162181459028        3.95404508444628        1.14853212313479
C            2.47078095686657       -2.85762069620227       -0.32016038631514
C           -2.01111690373105       -2.81924050141725        1.27350514239721
C            1.65168200064886        4.39517828626185        1.20695087062841
C           -1.40153293384989        4.34015829013274        1.96532129347500
N            2.66402208404144        5.34352813199282        1.50484148655191
N           -2.21156299652321        5.25590874619634        1.50209556201999
H            7.37154796130709        4.67122176795263       -0.71626591505646
H           -7.23772285203292        2.95672468132749       -1.61263857431701
H           -1.08334933323128       -7.02720967355760       -0.71904509732785
H            2.71547699306339        6.14693906116925        0.87298864540597
H           -2.51530433097759        6.20850807459259        1.47224025887302
H            0.59833129584884        4.26492573691948        1.32886890344047
C           -0.83900105133333       -0.81928897422733        3.89239458413240
C            0.37638829760313       -0.33657966065064        3.56167450974366
C            0.57011088687418        1.04951315201326        3.13530916662263
O            1.59596654815109        1.53598625318617        2.71661903316283
N           -0.60867373565813        1.77689799107023        3.20555384590063
C           -1.87375430205171        1.31766042734962        3.49229878789469
O           -2.85326356581762        2.01844337904107        3.41104676565981
N           -1.93139616816181       -0.00865567034667        3.86204710690682
F            1.44915105485426       -1.14557462707204        3.54723393848479
H           -0.98471002390893       -1.85057536536972        4.17538165144789
H           -0.58006107763034        2.76184304939575        2.90832851409167
H           -2.85288209600338       -0.39105586391032        4.03046696902463
60
 energy: -137.745405600273 gnorm: 0.007098155951 xtb: 6.7.1pre (5071a88)
N            0.26161450600652       -0.07765223224889        0.42013728813855
C            0.19439839849638        1.31400577988195        0.12235151037025
C            1.46575763519910       -0.72565181481282        0.16114820237210
C           -0.91041647220325       -0.74089535128555        0.69466561190295
N            1.28532613138419        1.96273955186945       -0.16589801921747
N           -0.97428236593510        1.91983435224326        0.16793739065978
N            2.53504618886092       -0.05588240411177       -0.11480412989346
N            1.44282961275381       -2.07954819616805        0.23941904699499
N           -2.06160439036403       -0.12672323746632        0.69705803247681
N           -0.82648837589637       -2.05752652519430        0.97289811823900
C            2.43383421085546        1.27958549681251       -0.15707352755439
C            0.40949239857182       -2.66859633048408        0.93557155073499
C           -2.04631829886835        1.19163539251820        0.45267717503596
N            3.61222525066512        1.94492328784210       -0.22548838812106
N            0.52555138630092       -3.99574540216409        1.30436522889537
N           -3.25747295167361        1.80053470454653        0.49441192105134
C            3.84664996894966        3.31273889485239        0.15647085498290
C            4.78911587222303        1.32375385055178       -0.47267386400319
C           -3.41635364582328        3.22950861959581        0.51764465955717
C           -4.35435208652683        1.05687848286771        0.64098770701318
C            1.11870047845460       -4.64688052025166        0.06824482539076
C           -0.71975466082691       -4.64147893429586        0.76443770424238
N            4.99842527317686        3.87232495333787       -0.03996320094459
N            5.89964039312826        1.81904108205368       -0.53814562529195
N           -4.49080458066589        3.77087207914746       -0.12794920041165
N           -5.33145353747296        0.46862565930038        0.71636139727760
N            2.04043832441948       -4.05951288803050       -0.59155510948322
N           -1.84566977683410       -4.04370763635544        0.85681863627782
C            6.11349286906751        3.23433475976920       -0.47101068969532
C           -5.56017580366026        3.37780981095640       -0.54333406343809
C           -0.00087164655389       -5.53922240711666       -0.13514542044584
N            7.23246727634506        3.68640296290445       -0.79714178327009
N           -6.72301352507313        3.30017192266671       -0.80783234321365
N           -0.16234401024463       -6.60544991400764       -0.78876273908581
C            2.85059643295851        3.99143364807484        0.84328555195286
C           -2.53565163015000        3.96172587739011        1.16519921585111
C            2.47660669891415       -2.86142664184973       -0.32988296535555
C           -1.99731229532201       -2.82143111769195        1.27598585224128
C            1.64964525231591        4.38019323119310        1.19534515469456
C           -1.38835614344397        4.33293748252047        1.98863785448119
N            2.65412351984912        5.34253727289594        1.47762954712460
N           -2.19276523165277        5.25890515140031        1.53621523794307
H            7.35138582263410        4.68890127409710       -0.80472992448982
H           -7.20617356270083        2.97024375220013       -1.61352539424619
H           -1.07733448027802       -7.03420239931311       -0.70689552196902
H            2.69393076714700        6.14340943350236        0.84103794068639
H           -2.49631203027488        6.21209277355147        1.52922971265835
H            0.59851629984101        4.23590704586736        1.32171315807357
C           -0.86974553150978       -0.82782804732175        3.89351393599278
C            0.34328042241113       -0.34218470270727        3.56124186821445
C            0.53550881867202        1.04645230128540        3.14498936183374
O            1.55726378689660        1.53305944303531        2.71678759050993
N           -0.63915891753120        1.77558954856333        3.23551597921329
C           -1.90142453926326        1.31669299459537        3.52918669942873
O           -2.87761270095068        2.02444710327070        3.46532870423656
N           -1.96102721275353       -0.01472029499109        3.87891901859948
F            1.41777438726586       -1.15089540292405        3.53476338101640
H           -1.01409004687939       -1.86218050136215        4.16547507488799
H           -0.61322500569883        2.76662391827999        2.95240205275647
H           -2.88207292679378       -0.39752999339249        4.04807715614907
60
 energy: -137.745642889058 gnorm: 0.007466075217 xtb: 6.7.1pre (5071a88)
N            0.27136856292146       -0.08155682719497        0.41057359617146
C            0.20559391043308        1.31159460530215        0.12311324201450
C            1.47589671551983       -0.72850112076431        0.15196117290072
C           -0.89852884127146       -0.74194143666820        0.69867139593580
N            1.29423860879510        1.95890351084257       -0.17562066477820
N           -0.96095744644663        1.92133346241106        0.18445787019083
N            2.54549071529461       -0.05859687289334       -0.12490541536781
N            1.45410688793339       -2.08263243409270        0.23095343971897
N           -2.04865237155798       -0.12469574088018        0.71498958384532
N           -0.81380098134601       -2.06022232503890        0.97225499562703
C            2.44308996011845        1.27576723041478       -0.17255472301685
C            0.42194420539947       -2.67034244535343        0.93181630851693
C           -2.03241328536611        1.19420891243342        0.47342958058655
N            3.61885090368886        1.94494685139355       -0.25025799167951
N            0.54224528386964       -3.99673335139491        1.30265618141199
N           -3.24250261809033        1.80569395223293        0.52225549563163
C            3.84788363385424        3.31662262846875        0.12421253955168
C            4.79787794358387        1.32835188764973       -0.49853273558235
C           -3.40212371852180        3.23524861512367        0.54915241800497
C           -4.34047111397166        1.06329331858175        0.67488818194575
C            1.12791860090989       -4.65001761335410        0.06214338301538
C           -0.70534690102048       -4.64427643802513        0.77323424599118
N            4.99430861686236        3.88196237282504       -0.08707262089011
N            5.90532434433825        1.82984781809406       -0.57641274275174
N           -4.47534245822676        3.77898899414733       -0.09799668498924
N           -5.31716579261918        0.47497384039576        0.75604379297786
N            2.04572876358578       -4.06333177961022       -0.60369874641868
N           -1.83124375134871       -4.04756923727261        0.87255602512842
C            6.10757741070278        3.24842890758564       -0.52831524994694
C           -5.53832460109937        3.38625534670019       -0.53562563356900
C            0.00666655119203       -5.54261811609139       -0.13188495456520
N            7.21723576482785        3.70520492613541       -0.87879401798023
N           -6.69909905628672        3.30592847400142       -0.82126762754860
N           -0.16028380093094       -6.60798655281487       -0.78494862870926
C            2.85305442798674        3.98968787447538        0.81859912136544
C           -2.51952759535906        3.96611993188275        1.19584848974750
C            2.48219076467380       -2.86483919840816       -0.34498975756446
C           -1.98043916359131       -2.82367855751813        1.28879171380846
C            1.65101734577104        4.36789721305956        1.18034196590295
C           -1.37523867012506        4.32145991005523        2.02883979960094
N            2.64836958137757        5.34217177477774        1.44671203561141
N           -2.17118101739284        5.25825940236630        1.58134119221162
H            7.32883850682566        4.70901591221278       -0.90122698408314
H           -7.16785172721946        2.99253124226361       -1.64532737169834
H           -1.07326382957301       -7.03977056517392       -0.69388035252514
H            2.67560850745760        6.13865669487229        0.80414447677619
H           -2.47192220959251        6.21254449484518        1.59126180698102
H            0.60374625773181        4.21090595430526        1.31303878704813
C           -0.90780023502629       -0.83485582096588        3.89761942942325
C            0.30358594974404       -0.34966214500119        3.56123088372936
C            0.49669463831687        1.04161328848154        3.15569217216246
O            1.51482987528154        1.52640790788383        2.71663704858370
N           -0.67243579990433        1.77478229758632        3.26785381316896
C           -1.93375099304635        1.31746059300178        3.56730737487810
O           -2.90588224350293        2.03113228582454        3.52018346830901
N           -1.99674396011422       -0.01858739589078        3.90065993429940
F            1.37624701182243       -1.16180041022895        3.51659133059966
H           -1.05320023915662       -1.87249220107031        4.15731909803546
H           -0.64449266871044        2.77001802777741        2.99534115767590
H           -2.91754316045473       -0.40151087480776        4.07086935460763
60
 energy: -137.745897989105 gnorm: 0.010345725101 xtb: 6.7.1pre (5071a88)
N            0.27963915735227       -0.08312015726213        0.40213160394191
C            0.21859631231386        1.31248289603012        0.12956747343227
C            1.48496999913461       -0.72933840905704        0.14741258597753
C           -0.88891741919072       -0.73942179714906        0.70100240378257
N            1.30580562690715        1.95734967425382       -0.17667702094201
N           -0.94424878866485        1.92773753092748        0.20623123145133
N            2.55586952960787       -0.06021178462888       -0.13000587390482
N            1.46499418907937       -2.08332991813158        0.22960147990942
N           -2.03655233185708       -0.11769212427123        0.73058841766057
N           -0.80526552290046       -2.06031837109008        0.96702124396439
C            2.45392803026065        1.27252320653681       -0.18197367961769
C            0.43069316099578       -2.66930806457411        0.93159602332453
C           -2.01683109603608        1.20245646538823        0.49477169741908
N            3.62764014677644        1.94444948507557       -0.27054203220629
N            0.55446415622685       -3.99357661664285        1.30821053881322
N           -3.22542484511313        1.81687077215951        0.54989048540782
C            3.85092232439924        3.31964979605457        0.09748313007918
C            4.80830190878033        1.33163856208961       -0.52184707293634
C           -3.38973013270014        3.24566393719789        0.56916322697558
C           -4.32390819739293        1.07409036840107        0.70812861348557
C            1.13992022694596       -4.65261650941818        0.06825534506254
C           -0.69151102970218       -4.64483743925553        0.78266121509339
N            4.99106957538368        3.89083810976132       -0.13051212902647
N            5.91222606930631        1.84023954733672       -0.61339911877354
N           -4.46776104409981        3.78360186877442       -0.07587345661496
N           -5.29895416453892        0.48489169260190        0.79875637287430
N            2.05540749276777       -4.06640864976252       -0.60072365602769
N           -1.81849739111277       -4.04944247533476        0.88155639950023
C            6.10117753772655        3.26125291742987       -0.58572823955746
C           -5.52441061422922        3.38988045948677       -0.52106469874819
C            0.01857197516124       -5.54604088459400       -0.12137479900335
N            7.19999204519705        3.72206614326148       -0.96246321237554
N           -6.68294735320470        3.30468209323006       -0.80717239052174
N           -0.14996837719692       -6.61304313144593       -0.77039512775243
C            2.85794899065463        3.98929915291053        0.79799406668433
C           -2.50365324317844        3.98512650348525        1.20319913164182
C            2.48915242601804       -2.86697866310482       -0.34512815091829
C           -1.96866540244799       -2.82322012801756        1.29193217415465
C            1.65653696190598        4.36167192533410        1.16502039646533
C           -1.36658021034843        4.34048182107340        2.04306817674315
N            2.64860483437499        5.34484198704271        1.41554780786996
N           -2.15866112069264        5.27619934398481        1.58786106448244
H            7.30302962177238        4.72676178972438       -0.99890642802197
H           -7.14644102951658        3.01668561425824       -1.64754781542744
H           -1.06027484847935       -7.04859062906216       -0.67483710403148
H            2.66379083932529        6.13506232411712        0.76519482635686
H           -2.46220549313099        6.22672634206102        1.60108270323773
H            0.61190398766514        4.19149668388645        1.30651102929132
C           -0.95063757136787       -0.85338558965110        3.89410732056188
C            0.26215347300402       -0.37297725763791        3.55748678076537
C            0.46275645755668        1.02220825766512        3.17010422632909
O            1.47850098562590        1.50346382923868        2.72172278372646
N           -0.69735372300574        1.76430519173660        3.30791210434102
C           -1.96162370347642        1.31192509128920        3.60507179797045
O           -2.92650598089458        2.03386750318001        3.57484915877766
N           -2.03382282284751       -0.03054427925027        3.91658199177343
F            1.32767768034375       -1.19338140718861        3.49133403426597
H           -1.10278611461945       -1.89536694239866        4.13510681327347
H           -0.65629170808054        2.76307004356178        3.04997092767710
H           -2.95581444258882       -0.41240670171694        4.08275820189073
60
 energy: -137.746189034717 gnorm: 0.010990928089 xtb: 6.7.1pre (5071a88)
N            0.29017272208126       -0.08199136359090        0.40122601136239
C            0.22991214775140        1.31398351480801        0.13401181861719
C            1.49384960821527       -0.72772297029564        0.14016923363879
C           -0.87623950423730       -0.73710964711986        0.71142752363358
N            1.31514107601799        1.95805472311552       -0.18160645517334
N           -0.93108785975649        1.93029907612017        0.22206732509615
N            2.56356222048914       -0.05934764227658       -0.14755652300948
N            1.47614650260209       -2.08119064235904        0.22555398140413
N           -2.02311303998478       -0.11515692658692        0.75042729938946
N           -0.79120159634843       -2.05839645310103        0.97544636491041
C            2.46240963804209        1.27236364826194       -0.19804209058314
C            0.44486420113501       -2.66760918648722        0.93500990662438
C           -2.00344209076815        1.20506752343583        0.51450093889294
N            3.63473066414894        1.94605694228155       -0.29740932761586
N            0.57234120991275       -3.99030450369670        1.31285782021078
N           -3.21133956979271        1.82014522507172        0.57818626325454
C            3.85336060554802        3.32347348448455        0.06558025562225
C            4.81622046518780        1.33600528370529       -0.55613689532354
C           -3.37734804565585        3.24870445307322        0.59555061507545
C           -4.31028265971879        1.07735194995126        0.74015084310579
C            1.15073897962811       -4.65256518189775        0.06857907580833
C           -0.67756398173069       -4.64283163716785        0.79462041275005
N            4.98691821066393        3.90087351018880       -0.17993330682970
N            5.91621501615336        1.85240567662771       -0.66028469049252
N           -4.45226602298884        3.78792756105598       -0.05667157081135
N           -5.28455598814171        0.48994986412114        0.84428518094125
N            2.05930708451434       -4.06513075258603       -0.60937417323482
N           -1.80482992181515       -4.04728747443373        0.90074789684354
C            6.09402400548460        3.27442692446500       -0.64775415287977
C           -5.50393455408394        3.39712502130918       -0.52133276064871
C            0.02654191179633       -5.54481953410023       -0.11428478635684
N            7.18407287984218        3.73897096707602       -1.04371902350521
N           -6.66053622774932        3.31084742948685       -0.81930806046502
N           -0.14681765217947       -6.61362610731908       -0.75909922800406
C            2.86602495650699        3.99059459434729        0.77828850168679
C           -2.48900878677918        3.98894539356474        1.22915448024915
C            2.49431775876236       -2.86631113454542       -0.35618603803016
C           -1.95386843150647       -2.82069930566251        1.31055575047385
C            1.66545612704211        4.35363969854416        1.16464128238402
C           -1.35366885214629        4.33719498472235        2.07668979931196
N            2.65780674154769        5.35127166323776        1.38155150748020
N           -2.13969980453024        5.27875901811928        1.61882684827609
H            7.27795098131290        4.74398112308054       -1.09035240797725
H           -7.11364099592601        3.02363204646101       -1.65873590155222
H           -1.05572274622652       -7.05040323964578       -0.65649937148773
H            2.64853801083656        6.13274534195370        0.71551280565216
H           -2.44057102092477        6.23166301954010        1.63355106631291
H            0.62318346811593        4.17015443928629        1.33131515133891
C           -0.99820414418745       -0.86425978168035        3.89738276656504
C            0.21705193071999       -0.39353082288547        3.55417341524938
C            0.42742592042664        1.00287685737890        3.17731403173309
O            1.44202453429922        1.47855614600019        2.71954029987763
N           -0.72343808140083        1.75636778067759        3.33726416172722
C           -1.99267972531381        1.31151997247479        3.63405023133111
O           -2.95207053501054        2.03892131399045        3.61612362839568
N           -2.07358389674966       -0.03304240734276        3.93929502303697
F            1.27139535858804       -1.22567550853360        3.46418077307869
H           -1.15962924331444       -1.90791125358552        4.12687279630463
H           -0.66419518897549        2.75377569243085        3.08367346396702
H           -2.99716476946685       -0.41170738764502        4.10620521239399
60
 energy: -137.746477741213 gnorm: 0.009886237874 xtb: 6.7.1pre (5071a88)
N            0.29909137232271       -0.07898979327136        0.40229899648850
C            0.23785529538399        1.31637911500833        0.13639827342185
C            1.49983736704450       -0.72518030691570        0.13517524933060
C           -0.86566308709996       -0.73412314250793        0.71839058188824
N            1.32193914887914        1.96034819054269       -0.18472094936109
N           -0.92203174583001        1.93271843296732        0.23151270234149
N            2.56807922821874       -0.05783256879067       -0.16227870355951
N            1.48359484773717       -2.07814784632672        0.22431227777290
N           -2.01239848537903       -0.11254581560546        0.76382054570947
N           -0.78052110105828       -2.05495634415294        0.98054227770189
C            2.46806279752000        1.27383633284541       -0.20958139133046
C            0.45499911574042       -2.66519462868126        0.93800418059167
C           -1.99381250702812        1.20724097078264        0.52911039783248
N            3.64000481551778        1.94760536024198       -0.31546091168942
N            0.58240010190504       -3.98505441473507        1.31917725297771
N           -3.20075316050947        1.82282096698542        0.60612170704341
C            3.85473889279255        3.32629069028338        0.04305558443004
C            4.82207005469565        1.34022285704983       -0.58215511916503
C           -3.36737180799368        3.25054035228615        0.61660977286031
C           -4.29840885975642        1.07956296227533        0.77196834519142
C            1.15834318736535       -4.65129672253964        0.07545234150310
C           -0.66911001225569       -4.63902635343342        0.80385336478235
N            4.98221129529308        3.90886478088444       -0.21635064707866
N            5.91811736930666        1.86302326768500       -0.69652609478626
N           -4.44171046689500        3.78753066982561       -0.03642608574809
N           -5.27249146507266        0.49163742320064        0.88429636135589
N            2.06287211732147       -4.06415425016371       -0.60838542574175
N           -1.79564468593057       -4.04322835378265        0.90987737971206
C            6.08674522402384        3.28584428983667       -0.69553751185166
C           -5.48879781547412        3.39698283371903       -0.50830826010877
C            0.03378243538289       -5.54353297514410       -0.10301658712895
N            7.16930347864204        3.75451016513604       -1.10968199406231
N           -6.64402058531090        3.30803190945481       -0.81379838314261
N           -0.14025841713570       -6.61564581122480       -0.74216870093766
C            2.87282305161226        3.99123364489124        0.76684903604762
C           -2.47569241461471        3.99141625222644        1.24466959823085
C            2.49843948543127       -2.86515469211020       -0.35963793746203
C           -1.94383883921639       -2.81663555626592        1.31918677084214
C            1.67563428456448        4.35179948643324        1.16337178783567
C           -1.34140790225589        4.33899895790838        2.09899293108547
N            2.66606885306422        5.35264184231285        1.36595905498713
N           -2.12270357872880        5.28181482417053        1.63137197005657
H            7.25414131395797        4.75960184094685       -1.16636614588097
H           -7.09069877526950        3.03496545079528       -1.66236731755879
H           -1.04863097764119       -7.05166372153731       -0.63750779221788
H            2.64559095517754        6.12711788785773        0.69540588730050
H           -2.42239681137169        6.23782416420953        1.64073639480744
H            0.64078052764479        4.17283054664034        1.33497511387711
C           -1.03955343552830       -0.87534682934095        3.89614150370775
C            0.17939769687713       -0.41633700844448        3.54845764317218
C            0.40151196537667        0.97980343421266        3.17852200192855
O            1.41734970388447        1.44918359860702        2.71721911311566
N           -0.74018336853194        1.74529988468088        3.35364453858166
C           -2.01538034775095        1.31053182264034        3.64767992224296
O           -2.97054595187128        2.04353222843631        3.63809580810005
N           -2.10533605427807       -0.03394962115859        3.95055408683865
F            1.22089853337961       -1.26028409966324        3.44181789078238
H           -1.21195453742679       -1.91793409112005        4.12032202811782
H           -0.66393770533545        2.73930816711101        3.09940740980897
H           -3.03142961354337       -0.40567965826669        4.11919287443604
60
 energy: -137.746807744194 gnorm: 0.009414205696 xtb: 6.7.1pre (5071a88)
N            0.31079705831050       -0.07551539823209        0.40391699363997
C            0.24563912553598        1.31871510032615        0.13653410563833
C            1.50723621523380       -0.72278798412996        0.12728681983705
C           -0.85166956611376       -0.73178977261468        0.72582699145701
N            1.32790456446065        1.96330654289475       -0.19130448284325
N           -0.91392811741292        1.93416557931928        0.23899056208400
N            2.57276643749559       -0.05619512785261       -0.18197875112349
N            1.49182509487837       -2.07546355529629        0.21978017739388
N           -1.99897743239741       -0.11126775663306        0.77845287953562
N           -0.76616916577532       -2.05140677779007        0.98784357306314
C            2.47301242056114        1.27642787054483       -0.22482057058098
C            0.46800127359018       -2.66284338223580        0.93929729034000
C           -1.98333145794039        1.20784751414089        0.54494709571969
N            3.64363364812550        1.95081058787794       -0.33679812938126
N            0.59442209591861       -3.98009727029315        1.32286910207913
N           -3.18931233585500        1.82283093918789        0.63634688760748
C            3.85623630016016        3.33079768142709        0.01335832750569
C            4.82584750055847        1.34621116202982       -0.61205532354452
C           -3.35348655138205        3.25079088245340        0.64450495277922
C           -4.28429618713298        1.08033608250301        0.81172455137793
C            1.16626931993306       -4.65042482395954        0.08087221469519
C           -0.66047521880500       -4.63506179243683        0.81328600914264
N            4.97729430590806        3.91845401143342       -0.26315696463133
N            5.91762019205690        1.87488094303064       -0.73958770831485
N           -4.42490297418317        3.78767246539865       -0.00872558221173
N           -5.25710077649976        0.49229773885091        0.93453520013426
N            2.06615394112479       -4.06394249377294       -0.60925544438205
N           -1.78544853079158       -4.03810134113976        0.92057228448392
C            6.07832612574431        3.29841181209898       -0.75344899221857
C           -5.46590059827685        3.39631956344114       -0.49338994244617
C            0.04080970035127       -5.54193987545134       -0.09170757158003
N            7.15255380489790        3.77188523107539       -1.18705863823308
N           -6.61830720096987        3.30038322803779       -0.80378067545545
N           -0.13453840316201       -6.61761188135654       -0.72494541382922
C            2.88328974432559        3.99459189191146        0.75080582937673
C           -2.45996913564013        3.98992026998876        1.27187004303208
C            2.50340513039043       -2.86390459623159       -0.36800518054691
C           -1.93089224018507       -2.81160659648513        1.33011580674506
C            1.69024648579857        4.34942359296195        1.16552058112384
C           -1.32352916780416        4.33844274632976        2.12273211317546
N            2.67867159249267        5.35895988249704        1.34331328097604
N           -2.10352403446787        5.28014346248083        1.65279385009978
H            7.22735075679455        4.77675882700634       -1.25414403728292
H           -7.05858213985745        3.05205137213306       -1.66901813647801
H           -1.04360146082443       -7.05169799612290       -0.61501480043476
H            2.63843538665654        6.12754636035286        0.66750487946058
H           -2.40118056321052        6.23775165661298        1.65004437427576
H            0.65806114038228        4.16377576389921        1.36999992163963
C           -1.08883197232805       -0.88661337446084        3.89711992422645
C            0.13399034248443       -0.44022108444449        3.54487613516820
C            0.36964879498456        0.95475309818782        3.18151116825651
O            1.38740335787580        1.41637682253722        2.71538074024592
N           -0.76152165701324        1.73357704072189        3.36856293319715
C           -2.04151209599864        1.31232572250142        3.66316613610643
O           -2.99136548130704        2.05264952164534        3.65701631421296
N           -2.14188908181132       -0.03101453569648        3.96419804482906
F            1.16219925026325       -1.29704285527566        3.41982594307390
H           -1.27338515915960       -1.92741757625733        4.11611558350285
H           -0.66991423573113        2.72458962851333        3.11231488988963
H           -3.07150816527968       -0.39221374827169        4.13473683441637
60
 energy: -137.746987490022 gnorm: 0.004660656352 xtb: 6.7.1pre (5071a88)
N            0.31106949468627       -0.07575372059925        0.40403886377227
C            0.24419399625316        1.31862168610119        0.13710254953654
C            1.50734146639435       -0.72302552069983        0.12584429730330
C           -0.85091703451373       -0.73246325887509        0.72626552942229
N            1.32594861820107        1.96361570580658       -0.19099390138772
N           -0.91580650741688        1.93391950868764        0.23964366735181
N            2.57223555572982       -0.05590602288178       -0.18284337794384
N            1.49132246239615       -2.07615303969646        0.21660718880326
N           -1.99845086740261       -0.11191527510308        0.78005899195091
N           -0.76481273687871       -2.05218518605903        0.98817086040101
C            2.47149962749287        1.27721560445900       -0.22523325820266
C            0.46888842714431       -2.66317127883333        0.93697858550822
C           -1.98358604340127        1.20755631083780        0.54798870084355
N            3.64141579884557        1.95215383783497       -0.33839242002179
N            0.59618726331755       -3.98074070107278        1.32059058895273
N           -3.18956012101983        1.82208570938388        0.63975962326798
C            3.85582025649776        3.33228189966298        0.00906765419168
C            4.82270986699048        1.34769980839984       -0.61629453213160
C           -3.35279823114937        3.25062041861756        0.65063444529023
C           -4.28401125277026        1.08002275140641        0.81939394593180
C            1.16775960265208       -4.65140577408516        0.07913057442951
C           -0.65906016090263       -4.63612285873375        0.81273520371901
N            4.97648209453051        3.91899609538314       -0.27015540455844
N            5.91407439952840        1.87530397236227       -0.74821781179186
N           -4.42447129969590        3.78897857420904       -0.00111409419621
N           -5.25460700667569        0.48786183554670        0.93415413931867
N            2.06811479903053       -4.06528573575688       -0.61069459873377
N           -1.78439380958794       -4.03901123474147        0.92044826770773
C            6.07596890419148        3.29833802823021       -0.76205348380991
C           -5.46411343943097        3.39809938440060       -0.48832462977765
C            0.04271058087726       -5.54389298781269       -0.09153207583194
N            7.14849415782380        3.77136586464111       -1.19711121640506
N           -6.61525956137814        3.30235276145928       -0.80237419750271
N           -0.13217470744096       -6.62027792976867       -0.72389608105909
C            2.88665818114056        3.99674917194669        0.74936805601863
C           -2.46593905517199        3.98879897125931        1.28672956588216
C            2.50445446144971       -2.86436543107783       -0.37041676146593
C           -1.92917334060110       -2.81253805102930        1.33051181382313
C            1.69718259773896        4.34880507485046        1.17277407216011
C           -1.30956930616653        4.34477892839616        2.10846921368052
N            2.68200245901547        5.36205765145629        1.34116731202750
N           -2.10070702551247        5.28195736297317        1.64927894446788
H            7.22360997581697        4.77625171254056       -1.26261963452836
H           -7.05194838791703        3.04597964063360       -1.66379271497645
H           -1.04264268991814       -7.05211777464910       -0.61497476620431
H            2.63638950821901        6.12998611943459        0.66572735380944
H           -2.39629422005714        6.23890553875306        1.64288099683938
H            0.66774024494944        4.16296552598156        1.38318753488918
C           -1.09437658832782       -0.88744280309921        3.89914077970617
C            0.12868429768331       -0.44180616657996        3.54766215344904
C            0.36622043016661        0.95255168763657        3.18436611807246
O            1.38518247306393        1.41248030774569        2.71902033197935
N           -0.76384110904896        1.73276222762218        3.36833288301226
C           -2.04212992520245        1.31427821987719        3.66618842638200
O           -2.99051089417875        2.05720527357070        3.65502548701820
N           -2.14555079715520       -0.02911523378001        3.96534675686851
F            1.15807328631979       -1.29855103733345        3.42604564695009
H           -1.28024831688760       -1.92851259638192        4.11631619569605
H           -0.67497165162463        2.72552371037094        3.11255993625482
H           -3.07650920073454       -0.38736626391585        4.13459670386559
60
 energy: -137.747125471396 gnorm: 0.004425305914 xtb: 6.7.1pre (5071a88)
N            0.31183659794705       -0.07638997357015        0.40440510492428
C            0.24275839896034        1.31829794763186        0.13846281929051
C            1.50799395744064       -0.72346110337977        0.12320721127584
C           -0.84931503217848       -0.73395583119772        0.72709059708147
N            1.32367166451561        1.96423767302570       -0.18945150750739
N           -0.91794964370404        1.93299982289871        0.24061655138700
N            2.57185527899182       -0.05535208703204       -0.18458560508717
N            1.49083285070739       -2.07730532122888        0.21083987399577
N           -1.99718266067617       -0.11382031541153        0.78224850214473
N           -0.76223600643062       -2.05378492494105        0.98892969561645
C            2.46971520203908        1.27846674216069       -0.22573950072210
C            0.47084178554085       -2.66388822270798        0.93269870113998
C           -1.98328096102390        1.20605330118572        0.55153923374186
N            3.63857931180348        1.95402667742343       -0.34102933624004
N            0.59936538395370       -3.98190061729086        1.31632044114301
N           -3.18905076929834        1.82001102489504        0.64357480626016
C            3.85611012586131        3.33446604879062        0.00197489243627
C            4.81806162197934        1.34984196714083       -0.62497835765748
C           -3.34785627963078        3.24960877710229        0.65556201383639
C           -4.28274221174824        1.07732330286642        0.82450536933668
C            1.17024321517354       -4.65286328435757        0.07559245685040
C           -0.65635709714581       -4.63807517504781        0.81129670197594
N            4.97572148755095        3.91998705687345       -0.28354579608806
N            5.90879937705265        1.87586475670055       -0.76495549413469
N           -4.42277671897785        3.78927005316368        0.00973769859552
N           -5.25509727671215        0.49189672466389        0.95549968102054
N            2.07134490398108       -4.06730285195165       -0.61372409194396
N           -1.78215465926475       -4.04108254146445        0.92023552966543
C            6.07276485244133        3.29837552657051       -0.77874094065332
C           -5.46239404829115        3.39680902796855       -0.47552141301767
C            0.04596011848565       -5.54699984229608       -0.09205263757945
N            7.14320078428061        3.77106743220388       -1.21665061676827
N           -6.61138864340516        3.30370090929744       -0.79753925715399
N           -0.12819614653067       -6.62463361712732       -0.72286362008907
C            2.89279996493673        4.00007059412359        0.74724202657350
C           -2.46516583065240        3.98610554302598        1.29759540177841
C            2.50661880514484       -2.86520483010289       -0.37489827824862
C           -1.92590267806780       -2.81466910662113        1.33123367712771
C            1.70849107257991        4.34874760979240        1.18551834443878
C           -1.30591748018738        4.35282930707378        2.11213260261249
N            2.68861243698347        5.36710808036208        1.33770068789508
N           -2.09790354513222        5.28333704709653        1.64490815669907
H            7.21865309927596        4.77595610974151       -1.28005543254592
H           -7.04250358046883        3.04260732787067       -1.65707298546689
H           -1.04030246937466       -7.05366951877114       -0.61403461349955
H            2.63327642389913        6.13422437077178        0.66298150439922
H           -2.38770393154188        6.24080313596571        1.62140218649162
H            0.68247483448961        4.16327968653248        1.40862534960872
C           -1.10472478023288       -0.88825348395258        3.90247959297380
C            0.11916755527069       -0.44436252834337        3.55224564140572
C            0.36105520552549        0.94887808634191        3.18874562252784
O            1.38273533409591        1.40539556736058        2.72578112519028
N           -0.76748236748144        1.73155841305043        3.36662233964672
C           -2.04433311323494        1.31709498310696        3.66739154344285
O           -2.98964837153635        2.06495825682287        3.65247686094552
N           -2.15281913270998       -0.02555100970715        3.96668231577921
F            1.14987772961365       -1.30136404054671        3.43643667962913
H           -1.29307375707235       -1.92924779896209        4.11818518865959
H           -0.68213701469672        2.72636374716570        3.11304540975913
H           -3.08582317313524       -0.37848361284218        4.13594434512617
60
 energy: -137.747230564594 gnorm: 0.005651443238 xtb: 6.7.1pre (5071a88)
N            0.31167595364633       -0.07711839176103        0.40550504665241
C            0.24087059872662        1.31781945885181        0.14051039707025
C            1.50799142559263       -0.72352350002932        0.12041574772798
C           -0.84843025820077       -0.73560744175863        0.72953121354254
N            1.32101244054469        1.96513646236686       -0.18686171676727
N           -0.92077857774820        1.93130799595995        0.24248120033000
N            2.57072654034743       -0.05427176931860       -0.18698870981228
N            1.49006472208938       -2.07794820574287        0.20476508861904
N           -1.99668875734183       -0.11629875932989        0.78747596935524
N           -0.75999639417784       -2.05564936181754        0.99067577533070
C            2.46750388355311        1.28002062746022       -0.22630662442590
C            0.47284344893675       -2.66465678700393        0.92820906244857
C           -1.98413245503581        1.20382545579177        0.55688415193330
N            3.63573692522064        1.95570663347879       -0.34414355483646
N            0.60271712368491       -3.98297733542872        1.31151273874505
N           -3.18935698677913        1.81838680096913        0.65294371228172
C            3.85679024292101        3.33653927245328       -0.00538797758698
C            4.81308293344015        1.35169407265682       -0.63600219881289
C           -3.34141261080563        3.24898202135611        0.66084646185245
C           -4.28315122989144        1.07920853330669        0.84698607617843
C            1.17259338223641       -4.65367695712575        0.07116094452550
C           -0.65329602909498       -4.64021000355394        0.80922773719459
N            4.97491374820623        3.92119228079931       -0.29931349004619
N            5.90320281859402        1.87627913804014       -0.78472435312259
N           -4.41545212706103        3.79040507855722        0.01430733226877
N           -5.25292504539900        0.48614875025059        0.96377742848856
N            2.07404212818148       -4.06828598934996       -0.61782145016808
N           -1.77948725773591       -4.04391043933314        0.92013093284899
C            6.06945400052793        3.29855302281829       -0.79858052384464
C           -5.45499131778777        3.39747815773363       -0.47073759431137
C            0.04930250757702       -5.54966625524901       -0.09367230897661
N            7.13863687364810        3.77096645648266       -1.23977239838611
N           -6.60456941809052        3.29792101324522       -0.78816147730375
N           -0.12408808819920       -6.62859257679948       -0.72290145023946
C            2.89934617346517        4.00303264300987        0.74578541227574
C           -2.45681416578979        3.98400787484933        1.30080278950316
C            2.50858006173323       -2.86536643561725       -0.38005839835767
C           -1.92264632003290       -2.81776354148919        1.33259696265714
C            1.71998079147259        4.34912565761229        1.20001218857613
C           -1.30142927078542        4.36134839628646        2.11717134126408
N            2.69650364453546        5.37182770090160        1.33494629655789
N           -2.09662889134044        5.28442812229920        1.64422270136641
H            7.21442572393708        4.77583340000745       -1.30191738411757
H           -7.03851246035124        3.04223782289367       -1.64690419523574
H           -1.03685424294139       -7.05622565478037       -0.61240651662500
H            2.63020741903136        6.13808806591013        0.66062839180685
H           -2.38256230736076        6.24260465906047        1.60382561841485
H            0.69706418731171        4.16432634888634        1.43825155636272
C           -1.11682960631016       -0.88794864602125        3.90596245600259
C            0.10845627016953       -0.44675410657661        3.55701516754719
C            0.35601251754057        0.94525384849585        3.19266042044201
O            1.38107732492132        1.39740890926193        2.73264462201077
N           -0.77089434359544        1.73101674047839        3.36428090185109
C           -2.04780764158846        1.32045364924627        3.66682588586562
O           -2.98952180567047        2.07352537821270        3.65210717576451
N           -2.16179662657670       -0.02101287324855        3.96784409662446
F            1.13909913199118       -1.30508832783372        3.44608880022638
H           -1.30828253460719       -1.92833557257483        4.12154992760128
H           -0.68784834377755        2.72710847062519        3.11382211749344
H           -3.09672982972772       -0.36830898895669        4.13854547539273
60
 energy: -137.747329422416 gnorm: 0.004446828977 xtb: 6.7.1pre (5071a88)
N            0.31157055818840       -0.07781688577051        0.40714066054566
C            0.24015851708843        1.31749706174618        0.14384931704513
C            1.50818094677731       -0.72321941326408        0.11819951817568
C           -0.84756059170171       -0.73722001165947        0.73221582574148
N            1.31968103520086        1.96636908547626       -0.18250120069930
N           -0.92210449538736        1.92970586011874        0.24691436507069
N            2.56985272925986       -0.05288576240893       -0.18957601073349
N            1.49005648135906       -2.07790140600686        0.19985777155807
N           -1.99617132402407       -0.11912820671063        0.79218800963276
N           -0.75794273105863       -2.05748907079519        0.99236765615021
C            2.46623778161612        1.28156640622385       -0.22636361312096
C            0.47519669835289       -2.66547108138852        0.92441822824119
C           -1.98456058145713        1.20133891826798        0.56238335686566
N            3.63428014641779        1.95688135576121       -0.34720234747026
N            0.60611868600523       -3.98385353235640        1.30699247131713
N           -3.18986253107063        1.81593662876859        0.66117851304717
C            3.85797316781751        3.33820694467495       -0.01159725662529
C            4.80952641284959        1.35306547919522       -0.64763466507446
C           -3.33774964404719        3.24706010260765        0.66747798047242
C           -4.28323239135499        1.07703118813041        0.85683535592067
C            1.17477864106537       -4.65367846318921        0.06645930812630
C           -0.65003115120731       -4.64206631717343        0.80665265184635
N            4.97415155257250        3.92274282829525       -0.31463668424124
N            5.89880453214022        1.87702426861019       -0.80406595084534
N           -4.40753920616459        3.79137296830283        0.01586004726654
N           -5.25557118246566        0.49164639010832        0.99198188296570
N            2.07586825956010       -4.06788465578315       -0.62263441331042
N           -1.77643198758330       -4.04681302331886        0.91977157074903
C            6.06649003536964        3.29937193490903       -0.81818045900801
C           -5.44638030746520        3.39942076012232       -0.47185153076552
C            0.05244028938424       -5.55129428334598       -0.09635299800265
N            7.13513239838594        3.77147088930083       -1.26265353344085
N           -6.59744106236813        3.29071733462989       -0.78099524666943
N           -0.12041047556425       -6.63124785562885       -0.72428215551330
C            2.90530082459792        4.00465518683450        0.74565143688172
C           -2.45083578819335        3.98091841289418        1.30599871792924
C            2.51043386269608       -2.86488109714176       -0.38502043019838
C           -1.91959852192309       -2.82103521504346        1.33367915877841
C            1.73001221494983        4.34921854394377        1.21343222744785
C           -1.29483680326765        4.36733982048022        2.11845830097933
N            2.70465936211985        5.37474162039622        1.33382933380724
N           -2.09617014267774        5.28423764532799        1.64507766437712
H            7.21102761329788        4.77629092795658       -1.32501900765086
H           -7.03727074061161        3.04082687539748       -1.63992018678799
H           -1.03272398298788       -7.05921274539907       -0.61102088245983
H            2.62841047192778        6.13989214080586        0.65912983733933
H           -2.37927277754120        6.24328231048604        1.59111612240062
H            0.70957768276013        4.16512021475386        1.46533762164610
C           -1.12870960490855       -0.88659239168521        3.90891838563271
C            0.09826482395562       -0.44877887265564        3.56123851490859
C            0.35151779990435        0.94214971330859        3.19561719328283
O            1.37975367183165        1.38988709719374        2.73835646591613
N           -0.77379755900793        1.73114106317793        3.36271061113743
C           -2.05226451355989        1.32390084316389        3.66628818905019
O           -2.99101595407991        2.08075677146394        3.65379227542430
N           -2.17119364183046       -0.01652484780456        3.96864730288575
F            1.12694775459438       -1.30966129924657        3.45260949989476
H           -1.32347720331421       -1.92603279948626        4.12537957782296
H           -0.69072045078226        2.72729585084071        3.11486568065753
H           -3.10752760446056       -0.35939120649617        4.14090496370361
60
 energy: -137.747421914853 gnorm: 0.003331539051 xtb: 6.7.1pre (5071a88)
N            0.31168234132706       -0.07862387037582        0.40912362341298
C            0.24047783298939        1.31698308389551        0.14731225286315
C            1.50859396483402       -0.72279655448546        0.11677155637547
C           -0.84649049335692       -0.73871930129030        0.73559900318933
N            1.31940585340276        1.96742368995928       -0.17800627977384
N           -0.92222987876311        1.92773236989880        0.25134696864572
N            2.56920541725542       -0.05156296541629       -0.19248167608748
N            1.49099977919969       -2.07732790261530        0.19675949734299
N           -1.99537651480812       -0.12178423461906        0.79760035430831
N           -0.75587806073798       -2.05926408530198        0.99439320305851
C            2.46578395505291        1.28278485905756       -0.22667091356581
C            0.47804605860642       -2.66649029206715        0.92198905583157
C           -1.98450200808888        1.19869503045791        0.56710971655617
N            3.63395107234390        1.95745669695748       -0.35104571727158
N            0.60983709506031       -3.98476276038405        1.30317196457649
N           -3.18942245277410        1.81401749615661        0.66995226459599
C            3.85912531329476        3.33936746828565       -0.01734525036796
C            4.80724448365136        1.35396659772109       -0.66007155722599
C           -3.33452650483785        3.24519273517435        0.67292728758730
C           -4.28258126348634        1.07700783847894        0.87268954896034
C            1.17690999461012       -4.65308444315601        0.06170238967041
C           -0.64651427182274       -4.64365813307098        0.80392549442277
N            4.97282699395440        3.92451315185235       -0.32956130993846
N            5.89527214066507        1.87833361205919       -0.82297627892202
N           -4.40391551547519        3.79054656050437        0.02146112874811
N           -5.25531423118357        0.49434197638532        1.01722112073021
N            2.07673532188963       -4.06623202568697       -0.62816663633130
N           -1.77295312774343       -4.04952120015183        0.91947525463046
C            6.06310102389108        3.30092385038513       -0.83762702382389
C           -5.44453028028065        3.39673477530898       -0.46140798209350
C            0.05535761503666       -5.55194313734858       -0.09984751388062
N            7.13129105021356        3.77249695026333       -1.28548441065481
N           -6.59362876771492        3.29295803033149       -0.77952623760496
N           -0.11723883086307       -6.63254269810650       -0.72688984730900
C            2.91055308651447        4.00459327530275        0.74646380625066
C           -2.44303141997171        3.97884809454014        1.30647924618037
C            2.51202358964715       -2.86388231393037       -0.38964935357083
C           -1.91661168041924       -2.82425703563790        1.33495512701919
C            1.73890191033587        4.34870164202286        1.22487701314897
C           -1.29335239113835        4.37159150443127        2.12456678693339
N            2.71356700249862        5.37528107591141        1.33437018983042
N           -2.09428867110968        5.28462210736871        1.64322863787339
H            7.20707051803932        4.77725711095741       -1.34945239536864
H           -7.03014844622401        3.03818288642720       -1.64121203084933
H           -1.02830879823451       -7.06219668307544       -0.61073339411259
H            2.62916856729819        6.13900165956366        0.65863585492210
H           -2.37604631398476        6.24389152670703        1.57743414451983
H            0.72033724106086        4.16557754569317        1.48742594104857
C           -1.14057320608841       -0.88429883655298        3.91134083474746
C            0.08825502641982       -0.45076764028995        3.56472821562698
C            0.34696079876910        0.93928879877665        3.19809130626747
O            1.37772431982237        1.38281348926158        2.74287726946246
N           -0.77637870523515        1.73182026955203        3.36347344550679
C           -2.05745599928164        1.32810420764619        3.66813993190097
O           -2.99377767830204        2.08751127829365        3.65872787598134
N           -2.18093265199507       -0.01181150676706        3.96978587151890
F            1.11308510250756       -1.31553950258225        3.45576417026435
H           -1.33900026010070       -1.92268303186057        4.12893965363004
H           -0.69026047360073        2.72673236821906        3.11675864255485
H           -3.11822557258815       -0.35154445911775        4.14283515808117
60
 energy: -137.747500164157 gnorm: 0.003463238036 xtb: 6.7.1pre (5071a88)
N            0.31217249870356       -0.07926916996796        0.41121012294132
C            0.24124856968407        1.31668127913756        0.15117379956888
C            1.50905051852883       -0.72243561048473        0.11608850890508
C           -0.84516235908350       -0.73983685200438        0.73901660611505
N            1.31954412883986        1.96822525975427       -0.17402654047970
N           -0.92163319439543        1.92642621642602        0.25697414249672
N            2.56863932123867       -0.05063765934498       -0.19549451200093
N            1.49249233211185       -2.07659350755929        0.19547836430837
N           -1.99424438473218       -0.12348024508020        0.80327964882044
N           -0.75387060791495       -2.06072608118856        0.99605130936373
C            2.46565027349231        1.28356616769395       -0.22753691107631
C            0.48091782937250       -2.66757631114904        0.92099690221768
C           -1.98382118877542        1.19707244541546        0.57295844598931
N            3.63395577339186        1.95762838840475       -0.35577353355389
N            0.61351354035647       -3.98577839327726        1.30024624290385
N           -3.18837855061504        1.81296829055709        0.67848401478470
C            3.85978075882145        3.33989302109508       -0.02263239853010
C            4.80567757759069        1.35457756339248       -0.67189942200643
C           -3.33343478270365        3.24390386429553        0.67915823661467
C           -4.28134611405072        1.07767477453421        0.88777309653499
C            1.17895301942649       -4.65245625922278        0.05739833033155
C           -0.64326004779441       -4.64494380262571        0.80146760911511
N            4.97090607339541        3.92600057101750       -0.34223601103605
N            5.89233010043342        1.88012625592472       -0.83983002316297
N           -4.40016877382147        3.79030132428352        0.02427970729061
N           -5.25372796389204        0.49623612335293        1.03880348278914
N            2.07693550843767       -4.06414721871752       -0.63371878312435
N           -1.76964189762623       -4.05151351625555        0.91914999411349
C            6.05918145960993        3.30292179717251       -0.85497344539939
C           -5.44052179444323        3.39583579845878       -0.45906791147619
C            0.05785212884320       -5.55201558235172       -0.10352697859193
N            7.12622302248924        3.77400351453113       -1.30642433840404
N           -6.58917085873893        3.28938343631531       -0.77768423256226
N           -0.11466810090502       -6.63278333558763       -0.73024351495622
C            2.91487174947809        4.00321613968137        0.74749663309735
C           -2.43983890126226        3.97784537523224        1.31026011372694
C            2.51302732714893       -2.86269317735540       -0.39368633947990
C           -1.91382642665231       -2.82677711096773        1.33609845956660
C            1.74628743946992        4.34750662748229        1.23285368939846
C           -1.29129436577050        4.37430410689944        2.12723094642538
N            2.72233765411783        5.37374138768852        1.33636793547874
N           -2.09106559821086        5.28573919929685        1.64009953674051
H            7.20178167482011        4.77872304770870       -1.37217765330743
H           -7.02564456649460        3.03746073268779       -1.64108936641361
H           -1.02460085930739       -7.06422281500631       -0.61269632672918
H            2.63300835630547        6.13623986392036        0.65974348984349
H           -2.37293737958320        6.24424303724119        1.56847497461146
H            0.72895252254276        4.16549450079145        1.50057216172909
C           -1.15138582998238       -0.88215418246586        3.91303404661089
C            0.07897331060184       -0.45296781687530        3.56685716663319
C            0.34200173909559        0.93669337650154        3.20088003502607
O            1.37414697798676        1.37723796403410        2.74648448882145
N           -0.77899951944631        1.73257590633589        3.36745485458958
C           -2.06242138261582        1.33264990491889        3.67273765831029
O           -2.99669691160082        2.09408456966302        3.66608656870203
N           -2.18967394323120       -0.00738762121740        3.97173045609794
F            1.09961256487817       -1.32187410676171        3.45627221281241
H           -1.35331445791404       -1.91981910611548        4.13089653425259
H           -0.68766830336637        2.72606535895107        3.12068761945940
H           -3.12760668630127       -0.34515670929647        4.14468509517508
60
 energy: -137.747589910205 gnorm: 0.003477591267 xtb: 6.7.1pre (5071a88)
N            0.31336630542880       -0.07994382510629        0.41352810322223
C            0.24243656019566        1.31640943604752        0.15567778773241
C            1.50977575059151       -0.72236119054667        0.11567907595873
C           -0.84306999890999       -0.74090553974716        0.74296294908359
N            1.31989863954132        1.96865779623654       -0.17060357073324
N           -0.92044244439587        1.92553523295491        0.26402119765230
N            2.56826179642658       -0.05023299813770       -0.19916087536913
N            1.49454785007889       -2.07608466904449        0.19511197892313
N           -1.99227777769418       -0.12465577122979        0.81024652489004
N           -0.75135051116390       -2.06226624633744        0.99746826558497
C            2.46567203756082        1.28386398846420       -0.22950422466135
C            0.48418928914871       -2.66900220967112        0.92077033408662
C           -1.98221284238299        1.19600726930887        0.58080152669869
N            3.63382298225987        1.95753361338091       -0.36239914755963
N            0.61759463637358       -3.98734268678432        1.29731110861677
N           -3.18622770526792        1.81240490719293        0.68834487466667
C            3.86002488883675        3.33983576411387       -0.02884274004112
C            4.80412399725883        1.35520304452706       -0.68517837641915
C           -3.33191510495768        3.24313376275348        0.68472943429131
C           -4.27903774623015        1.07903886353776        0.90563722012240
C            1.18128442379101       -4.65219225706648        0.05266355382810
C           -0.63991205287043       -4.64641109037536        0.79876016047112
N            4.96832961158972        3.92719787139689       -0.35492973349020
N            5.88919390088093        1.88251287430141       -0.85815775661016
N           -4.39666139176416        3.78944539548818        0.02669734461720
N           -5.25071618840021        0.49842621615823        1.06390645679567
N            2.07694699717384       -4.06201225936291       -0.64006042251425
N           -1.76610975589532       -4.05322586090027        0.91853992433785
C            6.05427741174264        3.30549124780153       -0.87365772196538
C           -5.43655572068539        3.39400674332040       -0.45709148485301
C            0.06033239419626       -5.55196615190705       -0.10811150410014
N            7.11903838129447        3.77652760442018       -1.33004372030243
N           -6.58425749632634        3.28614471371389       -0.77835950272045
N           -0.11217442483312       -6.63244325469250       -0.73513421188790
C            2.91924481913104        4.00092384036140        0.74826318853776
C           -2.43746278862707        3.97826608505680        1.31354918211644
C            2.51375739200096       -2.86152238362681       -0.39807577200590
C           -1.91051202331157       -2.82909222404195        1.33719412272997
C            1.75364133034064        4.34554210460853        1.23956808538091
C           -1.28811953801058        4.37688004892150        2.12690644347568
N            2.73222078107139        5.37051924977746        1.33996306508183
N           -2.08719817392709        5.28771545339801        1.63647004714892
H            7.19428330697015        4.78122844382003       -1.39708598120697
H           -7.01852240362536        3.03441050952479       -1.64255478987014
H           -1.02120789673940       -7.06552476306179       -0.61757184124682
H            2.63970963994245        6.13261214465177        0.66336470538594
H           -2.37097804442364        6.24481580437200        1.56334209726138
H            0.73727705383798        4.16443499891849        1.50969493167996
C           -1.16350103513511       -0.88025731197370        3.91451596122651
C            0.06833286998598       -0.45576813590336        3.56824423675350
C            0.33547701931734        0.93384056701722        3.20488867728381
O            1.36831656098129        1.37221887382796        2.75023028051087
N           -0.78240982285728        1.73346275577511        3.37519537577358
C           -2.06775531213925        1.33824748678408        3.68044172175034
O           -2.99955500611435        2.10235914971111        3.67686760648116
N           -2.19898975117021       -0.00240121980110        3.97519983179951
F            1.08461389115148       -1.32913988888470        3.45529071528660
H           -1.36936781995219       -1.91754082706944        4.13099840168603
H           -0.68388479156111        2.72583489328153        3.12820665110074
H           -3.13760694974696       -0.33839498973459        4.14754522754818
60
 energy: -137.747697447297 gnorm: 0.003481226095 xtb: 6.7.1pre (5071a88)
N            0.31544540224128       -0.08078621330232        0.41616337944060
C            0.24406416290061        1.31601247019139        0.16093539454086
C            1.51092244985954       -0.72271081366413        0.11500844403155
C           -0.83989899177142       -0.74215464363271        0.74789364646830
N            1.32041478444949        1.96864944769779       -0.16775510945880
N           -0.91863915605320        1.92484891446280        0.27271095783272
N            2.56818738064365       -0.05040416442072       -0.20399321285676
N            1.49707585498797       -2.07609863951723        0.19465298678787
N           -1.98914622360484       -0.12572416234630        0.81921204110077
N           -0.74796023229358       -2.06418649600890        0.99878452813715
C            2.46577633159145        1.28364492527809       -0.23300032976820
C            0.48804658431060       -2.67095692908740        0.92050550235378
C           -1.97953197775958        1.19508713288722        0.59106319138252
N            3.63324980382918        1.95732854282586       -0.37179409648808
N            0.62222711509757       -3.98974891790608        1.29344192517163
N           -3.18286943190815        1.81193977028866        0.70085310024953
C            3.86001428232689        3.33926090470143       -0.03706517815766
C            4.80208181092556        1.35611168236953       -0.70201324102470
C           -3.32914379969785        3.24267330496839        0.69123472563940
C           -4.27528426353879        1.08086961142172        0.92865535983068
C            1.18404637705095       -4.65252499389246        0.04668538286265
C           -0.63629300476777       -4.64840987371254        0.79528946005048
N            4.96519104630246        3.92822482731919       -0.36969743308979
N            5.88527820043210        1.88552568837290       -0.88119380233030
N           -4.39228417660354        3.78766085256631        0.02961381893668
N           -5.24577018530508        0.50101846500775        1.09630059192290
N            2.07707922840827       -4.06010014544934       -0.64777985771731
N           -1.76213033858034       -4.05504503771878        0.91738475160403
C            6.04808571216001        3.30871280379552       -0.89680772458424
C           -5.43077133252123        3.39100093349230       -0.45621850693643
C            0.06297373984391       -5.55208245916154       -0.11430297424421
N            7.10903386753050        3.78054450800695       -1.36053367474537
N           -6.57736229075286        3.28022776997290       -0.78031216341803
N           -0.10955154693823       -6.63176992659032       -0.74238353063717
C            2.92446702187738        3.99797873512180        0.74840514531628
C           -2.43530730399874        3.97988902913529        1.31850377726180
C            2.51443972667229       -2.86051283150369       -0.40364464654826
C           -1.90618068354913       -2.83165368696354        1.33836364603058
C            1.76216589652153        4.34280279044213        1.24656867705525
C           -1.28490048134897        4.38017649727907        2.12805639660255
N            2.74419803882494        5.36570449854168        1.34547764370834
N           -2.08182514472347        5.29074771743071        1.63262796148871
H            7.18367069760748        4.78526354737277       -1.42801728993362
H           -7.00850348548918        3.02837137548251       -1.64506790708671
H           -1.01791985675284       -7.06629577035502       -0.62569056044687
H            2.64913009985729        6.12900658983237        0.67072023244069
H           -2.36752054369758        6.24684897025328        1.55769153298347
H            0.74667954599723        4.16225547932188        1.51874587451129
C           -1.17898684071386       -0.87827184281494        3.91633677288478
C            0.05455767374460       -0.45906028817651        3.56975641572797
C            0.32660787847265        0.93053951663503        3.21070103413218
O            1.35980798626920        1.36679868325204        2.75464713628430
N           -0.78706638643298        1.73490787518285        3.38684232934728
C           -2.07395775442586        1.34572643926442        3.69181188611356
O           -3.00234760116957        2.11380339751517        3.69179180662833
N           -2.21034398921574        0.00412342657682        3.98092441599270
F            1.06621060863789       -1.33737210846002        3.45355098513089
H           -1.38975613623439       -1.91545206312054        4.12918172323790
H           -0.67987595754273        2.72647394466070        3.14012026424803
H           -3.15000019200006       -0.32943806120139        4.15233139402268
60
 energy: -137.747817962137 gnorm: 0.003607322937 xtb: 6.7.1pre (5071a88)
N            0.31829150209618       -0.08181964598195        0.41878882028917
C            0.24607762583690        1.31538620541599        0.16629401652062
C            1.51251435333818       -0.72347368758732        0.11366463088557
C           -0.83582415092059       -0.74357335007637        0.75349502705935
N            1.32114697367998        1.96816486900714       -0.16582140106811
N           -0.91626368373627        1.92425445264382        0.28230299011701
N            2.56855222213257       -0.05111050220819       -0.20986646306823
N            1.49980142822355       -2.07674895984852        0.19330323079241
N           -1.98495186795957       -0.12681222578336        0.82980538723372
N           -0.74385011438605       -2.06643601311862        1.00000465892593
C            2.46602971927966        1.28292854453560       -0.23785779870159
C            0.49223722397058       -2.67328821073456        0.91961851863278
C           -1.97590515178678        1.19416420729755        0.60315629579135
N            3.63228940590148        1.95715076495072       -0.38337037612464
N            0.62704261842745       -3.99286378795659        1.28854005210770
N           -3.17852309220530        1.81142422845949        0.71613671897586
C            3.86000180191271        3.33827296771148       -0.04681036757940
C            4.79958767112703        1.35751537767068       -0.72200335172656
C           -3.32470540838828        3.24240234417588        0.69866444462194
C           -4.27012026977776        1.08279438893628        0.95625951135521
C            1.18693263419050       -4.65344390261299        0.03951678506884
C           -0.63265560717294       -4.65081564340430        0.79106881432643
N            4.96195306936375        3.92913574787976       -0.38594674849054
N            5.88065358091368        1.88895919671920       -0.90832183333918
N           -4.38688194783811        3.78434896293410        0.03308385468010
N           -5.23909759744673        0.50390332201078        1.13569532911186
N            2.07744922732203       -4.05870203809428       -0.65646226610522
N           -1.75799569622295       -4.05694545509772        0.91562989995402
C            6.04105272848448        3.31238579241135       -0.92371437351522
C           -5.42326086987602        3.38580815543002       -0.45549227002646
C            0.06549102637236       -5.55240766005423       -0.12189537817285
N            7.09676631361817        3.78598562283460       -1.39696289565700
N           -6.56842640369740        3.27156589367030       -0.78347440015934
N           -0.10722102188873       -6.63088150880004       -0.75177158691533
C            2.93041330785510        3.99461445408109        0.74786185553479
C           -2.43207946031604        3.98257079300331        1.32397013761226
C            2.51518061373587       -2.85983106232222       -0.41037431583117
C           -1.90107231674422       -2.83442858956251        1.33960531599039
C            1.77157717497182        4.33922801247387        1.25373261623002
C           -1.28020511338933        4.38429087101220        2.12992766234018
N            2.75726694434264        5.35949103555159        1.35280757090304
N           -2.07552693396659        5.29427805841530        1.63034080801015
H            7.17032418482652        4.79078742366773       -1.46386417488944
H           -6.99540138847613        3.01987117298521       -1.64946519644511
H           -1.01518085770993       -7.06646889669595       -0.63620922624839
H            2.66017903232149        6.12601921503897        0.68208070379681
H           -2.36292162742257        6.24961062995732        1.55350093953828
H            0.75689530000446        4.15893106880591        1.52793298402511
C           -1.19748074913426       -0.87591818987836        3.91859746215036
C            0.03794260927516       -0.46212625205400        3.57175995455009
C            0.31580996865683        0.92728052850497        3.21782028625501
O            1.34921747890136        1.36098958180602        2.75934827375144
N           -0.79283046623481        1.73724504265652        3.40098202437679
C           -2.08093513246373        1.35474032157635        3.70572596204269
O           -3.00516959375620        2.12778144156568        3.70987551681019
N           -2.22358250401022        0.01212917085539        3.98872457527456
F            1.04498265051716       -1.34546454703846        3.45140551819963
H           -1.41379669770377       -1.91314784719896        4.12602055927860
H           -0.67716545646684        2.72838110438310        3.15559402638835
H           -3.16462921051769       -0.31808199500362        4.15931568457528
60
 energy: -137.747954019290 gnorm: 0.003528413603 xtb: 6.7.1pre (5071a88)
N            0.32180535600300       -0.08307373158887        0.42119969925418
C            0.24851979120393        1.31446495439516        0.17135764148004
C            1.51458249087484       -0.72459082962774        0.11143887952505
C           -0.83098134300937       -0.74514435446808        0.75949022922122
N            1.32218503703698        1.96723656353569       -0.16496221152731
N           -0.91327083024822        1.92362054564058        0.29220028826451
N            2.56942378770442       -0.05224404001756       -0.21667938052236
N            1.50262021819227       -2.07797858808090        0.19056114676881
N           -1.97979207629023       -0.12796825478522        0.84159945495880
N           -0.73909685422570       -2.06893502679137        1.00118101611479
C            2.46652424239756        1.28178273632239       -0.24393419556438
C            0.49666660817368       -2.67588283740333        0.91768761981315
C           -1.97139939487759        1.19316590006750        0.61646836539868
N            3.63114751608687        1.95704392062051       -0.39673156985740
N            0.63187009685219       -3.99648636372631        1.28241234050256
N           -3.17329829748602        1.81080063698021        0.73395043733905
C            3.86019092609926        3.33696429007609       -0.05776381146421
C            4.79679336274992        1.35937003455360       -0.74492941752288
C           -3.31900906633226        3.24215896663447        0.70794537983176
C           -4.26342956196149        1.08451417874737        0.98768951546401
C            1.18970850920133       -4.65480579485173        0.03109609310845
C           -0.62908173425433       -4.65340875020363        0.78608060127594
N            4.95886729865120        3.93007051784263       -0.40344518145208
N            5.87558923749001        1.89272375805159       -0.93913682580840
N           -4.38066108641693        3.77970510525635        0.03798933673221
N           -5.23035721848380        0.50650883433291        1.18049333641457
N            2.07810000845398       -4.05791829085713       -0.66593115455170
N           -1.75382452110296       -4.05887535291294        0.91336729708167
C            6.03343885525402        3.31645803428574       -0.95386070100860
C           -5.41387730152152        3.37886340467446       -0.45504823097016
C            0.06764423490582       -5.55284414359339       -0.13074009163872
N            7.08262023546182        3.79282447060025       -1.43849168420214
N           -6.55733134914614        3.25992228182616       -0.78754362103644
N           -0.10564931216692       -6.62972024050929       -0.76304037363014
C            2.93701276647286        3.99072550666739        0.74672438763770
C           -2.42818722106557        3.98580474103260        1.33129006512472
C            2.51606315222856       -2.85955857976729       -0.41822125326074
C           -1.89533231244398       -2.83737103940355        1.34099851556771
C            1.78167329752449        4.33456539704055        1.26098920563636
C           -1.27498847349552        4.38881732185631        2.13482871717816
N            2.77076659695801        5.35180098856211        1.36179691525483
N           -2.06798776310284        5.29795127153759        1.62994523678587
H            7.15430478840705        4.79779813101375       -1.50408264409913
H           -6.97932716376098        3.00808236059381       -1.65543040925773
H           -1.01344480685309       -7.06586938404084       -0.64836106571978
H            2.67214347112499        6.12350958362743        0.69723772596546
H           -2.35554702302723        6.25314182525852        1.54929348701629
H            0.76764494676079        4.15436414685338        1.53721755600842
C           -1.21863162455542       -0.87277740405494        3.92146433782180
C            0.01875275688319       -0.46445510021755        3.57445341003302
C            0.30341826780628        0.92441499688822        3.22568120308768
O            1.33706984229485        1.35469719014903        2.76399370180118
N           -0.79950366402690        1.74069819594876        3.41653185968027
C           -2.08866554832828        1.36514292684503        3.72153211684872
O           -3.00819632848716        2.14382568569539        3.73044790636264
N           -2.23861208304184        0.02168000272392        3.99840010570084
F            1.02117640104228       -1.35280997918903        3.44906910805266
H           -1.44094213188338       -1.91005337293617        4.12236645456900
H           -0.67653055468038        2.73167432457857        3.17359241317815
H           -3.18136745403552       -0.30412127236552        4.16854571525234
60
 energy: -137.748108508026 gnorm: 0.003211353363 xtb: 6.7.1pre (5071a88)
N            0.32600064719073       -0.08458385917114        0.42331101317170
C            0.25153027923512        1.31322002512482        0.17604037460845
C            1.51721297614530       -0.72596083699721        0.10809698903371
C           -0.82532109501857       -0.74687315131714        0.76583781776172
N            1.32363046977303        1.96597054297293       -0.16514174570913
N           -0.90953855729968        1.92282104403077        0.30237747235214
N            2.57081355322072       -0.05363532497948       -0.22465770223068
N            1.50564065485047       -2.07964023627804        0.18599211693952
N           -1.97359276001692       -0.12923838935444        0.85469686765664
N           -0.73355700831449       -2.07164343888281        1.00246039648833
C            2.46736300545416        1.28034779178815       -0.25129406338798
C            0.50153079291559       -2.67870392943157        0.91439622379775
C           -1.96591214549651        1.19204234656037        0.63113938498752
N            3.63005354498376        1.95702656429475       -0.41193337671918
N            0.63694108849727       -4.00050678456701        1.27481208400148
N           -3.16704648141800        1.81004555870501        0.75483760931240
C            3.86076192158237        3.33541573447747       -0.06995644595116
C            4.79376279787417        1.36167659043063       -0.77126855372031
C           -3.31210854811353        3.24178678829959        0.71950008543006
C           -4.25492867731910        1.08583971604882        1.02334943349668
C            1.19229439062500       -4.65640906211752        0.02104660107957
C           -0.62537684556520       -4.65598799423455        0.78018120738842
N            4.95590693517465        3.93119863728325       -0.42259642156416
N            5.87006070368080        1.89693826116734       -0.97410351588344
N           -4.37354162635526        3.77352832937720        0.04462867568166
N           -5.21928664695145        0.50871231160737        1.23149244858183
N            2.07902962624848       -4.05765650275483       -0.67654283273995
N           -1.74946209212256       -4.06080281491372        0.91076099863159
C            6.02505203836531        3.32105273417889       -0.98770098511340
C           -5.40254462104927        3.36952509223790       -0.45415402385466
C            0.06934488010340       -5.55324942208156       -0.14093830981207
N            7.06644256536860        3.80112175938459       -1.48534627075117
N           -6.54380309071543        3.24498786614532       -0.79250685067357
N           -0.10522101960681       -6.62817430819208       -0.77617309928947
C            2.94440401262204        3.98598652754054        0.74517005022086
C           -2.42307407032025        3.98939178420162        1.34014997347598
C            2.51723371525661       -2.85967559226033       -0.42746697099194
C           -1.88886348255437       -2.84047964442830        1.34274356300883
C            1.79263764129718        4.32829452995796        1.26862633115173
C           -1.26852854442192        4.39362300839564        2.14219231839926
N            2.78459849417807        5.34235112992248        1.37235735372564
N           -2.05937229825087        5.30149354698568        1.63215310049910
H            7.13525746547304        4.80637547246262       -1.54911637276330
H           -6.95952619311073        2.99352535835457       -1.66345827116261
H           -1.01305324655149       -7.06434091543176       -0.66169883029003
H            2.68458429611364        6.12085674695991        0.71584436311866
H           -2.34540229076384        6.25695565790906        1.54609514971840
H            0.77919495267142        4.14807120537765        1.54705374806815
C           -1.24274529700745       -0.86839611153643        3.92527100257724
C           -0.00335835901404       -0.46585535728769        3.57798123666886
C            0.28925775066063        0.92209667628742        3.23404115876761
O            1.32336870147534        1.34762794162629        2.76849906907944
N           -0.80719974479329        1.74542069935980        3.43299482237864
C           -2.09749913346913        1.37707767639280        3.73908697415903
O           -3.01179407788854        2.16196529658205        3.75353512942898
N           -2.25585506202924        0.03306287617050        4.00996108150149
F            0.99415162428695       -1.35943447229256        3.44668978163457
H           -1.47153838683820       -1.90554005020479        4.11924917262707
H           -0.67839299757043        2.73644843895070        3.19343261695073
H           -3.20061712539121       -0.28709306891227        4.18024384506442
60
 energy: -137.748277472635 gnorm: 0.002831309970 xtb: 6.7.1pre (5071a88)
N            0.33087351993651       -0.08634814554711        0.42503978544349
C            0.25521199650780        1.31167782887850        0.18029605831390
C            1.52043928669084       -0.72748045632771        0.10346977587384
C           -0.81878987964271       -0.74874470182146        0.77248022534660
N            1.32552320331211        1.96450418301725       -0.16630052038821
N           -0.90500232529801        1.92177617832594        0.31276868077307
N            2.57265239934592       -0.05510939638464       -0.23407073848677
N            1.50898432174315       -2.08155140706425        0.17937006205747
N           -1.96631488258279       -0.13065029268447        0.86902141814466
N           -0.72707242545889       -2.07448654298651        1.00399619921554
C            2.46859833868151        1.27878794162444       -0.26003353986680
C            0.50705673546964       -2.68170792785717        0.90962363410837
C           -1.95938103183687        1.19077196118419        0.64710072034227
N            3.62919707257714        1.95706653422103       -0.42903759483014
N            0.64258176439904       -4.00479638468747        1.26564832703204
N           -3.15963231948973        1.80916085849639        0.77886533334959
C            3.86181009035033        3.33371712248148       -0.08349353778473
C            4.79051996997337        1.36439261252562       -0.80132892201164
C           -3.30434673672173        3.24115884572130        0.73396926185100
C           -4.24439116134982        1.08663988791119        1.06323615647343
C            1.19463255361230       -4.65802272433573        0.00906704835739
C           -0.62131229291811       -4.65833244243679        0.77335301363506
N            4.95294184929179        3.93264366381391       -0.44386391835528
N            5.86399664393456        1.90175900546402       -1.01354504045604
N           -4.36558505321886        3.76623236247665        0.05368035773523
N           -5.20534001758349        0.51001535559205        1.28773520003067
N            2.08014465785323       -4.05774722265306       -0.68872927570348
N           -1.74471579743139       -4.06266798321169        0.90817130140045
C            6.01569179198699        3.32630025039105       -1.02552339736845
C           -5.38907937562940        3.35820444563197       -0.45269834265675
C            0.07052503077672       -5.55344549953243       -0.15249792843537
N            7.04815949206313        3.81086346171527       -1.53745326214246
N           -6.52761827825751        3.22659801287485       -0.79799135578645
N           -0.10629802179580       -6.62611025933244       -0.79101986876939
C            2.95268256645527        3.98010913620047        0.74332376466432
C           -2.41702937092672        3.99293231701144        1.35150029335949
C            2.51878547749877       -2.86014342927127       -0.43835778740913
C           -1.88153546073209       -2.84369035855750        1.34510021162080
C            1.80464116914370        4.31995553675522        1.27695053031703
C           -1.26130393605924        4.39837449021769        2.15295885741261
N            2.79874501645843        5.33103631334637        1.38399834360076
N           -2.04938205401490        5.30478305746901        1.63683279732900
H            7.11305019087498        4.81650415917259       -1.59906859528316
H           -6.93576148236365        2.97577185865187       -1.67301002573688
H           -1.01432539140506       -7.06173055820213       -0.67573079523462
H            2.69691080446800        6.11725231202563        0.73683078567714
H           -2.33157830074773        6.26106544602067        1.54305411923623
H            0.79185196033320        4.13951876157210        1.55817667404378
C           -1.26997405438723       -0.86243536448200        3.93044108026255
C           -0.02857630937563       -0.46632428355630        3.58246261352117
C            0.27315889414883        0.92034229738805        3.24267737860259
O            1.30809898763917        1.33955022462653        2.77288315606118
N           -0.81602191744024        1.75137331916732        3.44993212319851
C           -2.10769891316554        1.39065878265424        3.75826519654029
O           -3.01615343434655        2.18232350827209        3.77912227937264
N           -2.27557829477220        0.04650288851659        4.02337877239386
F            0.96344998615363       -1.36555659998113        3.44468220271063
H           -1.50581510698060       -1.89912163841235        4.11778442235732
H           -0.68269876006322        2.74257611313630        3.21424769072616
H           -3.22260338569701       -0.26669641529865        4.19453359422971
60
 energy: -137.748444392778 gnorm: 0.002819743997 xtb: 6.7.1pre (5071a88)
N            0.33615994345766       -0.08821938883653        0.42622897966909
C            0.25943960444586        1.31000320732790        0.18391172338781
C            1.52407182212482       -0.72897232477809        0.09772986474289
C           -0.81168344046904       -0.75062423945871        0.77898945505637
N            1.32778057565619        1.96305944997498       -0.16826076184929
N           -0.89988129248957        1.92053272574259        0.32279100949433
N            2.57472684455641       -0.05644709329119       -0.24468273734081
N            1.51259319372241       -2.08341491713877        0.17111812088353
N           -1.95834302102085       -0.13213294579777        0.88361520557755
N           -0.71985463922413       -2.07722253009773        1.00579748183470
C            2.47018650756306        1.27733573538322       -0.26975906438442
C            0.51316408277012       -2.68468616934418        0.90373567029857
C           -1.95212156578685        1.18942375690965        0.66332489881974
N            3.62875129506402        1.95710976048399       -0.44714271034248
N            0.64884297360812       -4.00900126994581        1.25549098038357
N           -3.15132937832634        1.80821538675715        0.80440881944185
C            3.86328739182515        3.33205904159113       -0.09773551157790
C            4.78724633014244        1.36735572542176       -0.83356719026135
C           -3.29617948711018        3.24025810217956        0.75015616172826
C           -4.23228377306185        1.08681768863333        1.10489086230226
C            1.19661635758883       -4.65934052979948       -0.00433618062598
C           -0.61687743282328       -4.66015362086835        0.76607479811392
N            4.94991675530661        3.93442422517759       -0.46651167686154
N            5.85760754230813        1.90713786591520       -1.05544166896786
N           -4.35719128178201        3.75852222608990        0.06451879410834
N           -5.18942291044991        0.51065025593172        1.34704657825554
N            2.08121352338768       -4.05793930090057       -0.70224788430567
N           -1.73961489187001       -4.06430250758020        0.90618295893885
C            6.00568143168297        3.33208482401302       -1.06538741977170
C           -5.37431769278169        3.34550691754585       -0.45023263514222
C            0.07114554510265       -5.55324127373037       -0.16473203773916
N            7.02876472293208        3.82148449271045       -1.59166691928694
N           -6.50965974347175        3.20598637231399       -0.80336245161008
N           -0.10896804064902       -6.62349508589287       -0.80656560976465
C            2.96150936099439        3.97324573736895        0.74142918472344
C           -2.40999285882758        3.99603534571582        1.36399624158646
C            2.52064957498177       -2.86083838292413       -0.45051398542686
C           -1.87358058203929       -2.84672617713073        1.34818584475147
C            1.81729746372868        4.30968559659761        1.28585236545763
C           -1.25314526689030        4.40256365112958        2.16515525863319
N            2.81259603067925        5.31858194617492        1.39541260152196
N           -2.03876642538994        5.30747290365194        1.64364990571923
H            7.08903202666178        4.82757443043508       -1.65101349514905
H           -6.90920216874628        2.95637409217914       -1.68319679032207
H           -1.01728333633461       -7.05809194520526       -0.68935033926380
H            2.70788817185497        6.11211400149822        0.75758545685417
H           -2.31565548656639        6.26468394130731        1.54153001974894
H            0.80546146412313        4.12866396994565        1.57074729064672
C           -1.29892522110803       -0.85514312261239        3.93708349668239
C           -0.05561915082515       -0.46607024174862        3.58782284818404
C            0.25575433364440        0.91907115265223        3.25112156355816
O            1.29187643892547        1.33075018460321        2.77704976701455
N           -0.82569846532552        1.75797852546252        3.46622750885405
C           -2.11894994287642        1.40515550539767        3.77801056299348
O           -3.02116275167166        2.20385253613851        3.80579088608225
N           -2.29688124462978        0.06129750499264        4.03785007634773
F            0.93044063867976       -1.37126780495666        3.44378895168581
H           -1.54208253228874       -1.89098760561040        4.11896397456122
H           -0.68880318123733        2.74937026913853        3.23414292906031
H           -3.24622474145661       -0.24411957691475        4.21057297230390
60
 energy: -137.748593589815 gnorm: 0.002714529740 xtb: 6.7.1pre (5071a88)
N            0.34140047972537       -0.08998461781629        0.42678262504494
C            0.26380820006470        1.30840542683892        0.18666327902834
C            1.52770775599868       -0.73029781777686        0.09135152739868
C           -0.80456803612421       -0.75234893557482        0.78485753305296
N            1.33013893781389        1.96180090251382       -0.17081178212658
N           -0.89466908948008        1.91924629670301        0.33179747673702
N            2.57670829634093       -0.05753455274478       -0.25584636917815
N            1.51617820485043       -2.08500134685880        0.16218909563415
N           -1.95036093784549       -0.13357273676299        0.89724065724841
N           -0.71245012221723       -2.07959807225545        1.00775598860370
C            2.47190349155802        1.27613668511298       -0.27979901953482
C            0.51942769393486       -2.68738536807188        0.89748698173252
C           -1.94476509045921        1.18812738646049        0.67856188503308
N            3.62866881396222        1.95709018444002       -0.46490084767857
N            0.65538809749609       -4.01275127382668        1.24533541485942
N           -3.14281080135924        1.80733323303342        0.82925992465033
C            3.86492929932949        3.33060612644624       -0.11176203445953
C            4.78410490802092        1.37029566088094       -0.86534856577055
C           -3.28836312381086        3.23922080445448        0.76681899122998
C           -4.21968422134398        1.08660902029863        1.14483137626082
C            1.19811200213354       -4.66018270977334       -0.01800022133689
C           -0.61235695460683       -4.66131561342920        0.75917969904842
N            4.94682809858301        3.93639750632583       -0.48907467246511
N            5.85124950189638        1.91274814405639       -1.09649037947590
N           -4.34901527735088        3.75152085903185        0.07643096910272
N           -5.17232466136718        0.51005555745585        1.40173116749340
N            2.08192245689328       -4.05805337780104       -0.71620203853852
N           -1.73444400669203       -4.06556077788343        0.90537703080727
C            5.99569248209545        3.33802527913536       -1.10418294145193
C           -5.35937069839476        3.33303513182859       -0.44701172087849
C            0.07118677193043       -5.55257423654443       -0.17654178605345
N            7.00982804446005        3.83210903638433       -1.64351807158540
N           -6.49138130855123        3.18494298724330       -0.80769072278096
N           -0.11297057656874       -6.62045024302654       -0.82140890812618
C            2.97023633030639        3.96601389420152        0.73953469660423
C           -2.40283919861615        3.99837254474391        1.37718165388312
C            2.52253669124705       -2.86161290477741       -0.46307145701226
C           -1.86550098439522       -2.84928223532212        1.35200740874711
C            1.82979573611499        4.29830484931481        1.29480362847956
C           -1.24507251401432        4.40586977352056        2.17805441488510
N            2.82528875933247        5.30628416569275        1.40501631687776
N           -2.02808071153683        5.30958520589882        1.65127325776798
H            7.06538568865647        4.83864232211455       -1.70063780603804
H           -6.88234577509062        2.93658558066018       -1.69224964751088
H           -1.02159856752445       -7.05372949764560       -0.70141357979732
H            2.71629515350695        6.10562691741432        0.77523126960408
H           -2.29892720919704        6.26778445818672        1.54089078486373
H            0.81934088634338        4.11612505308556        1.58442187197273
C           -1.32725772750553       -0.84724359192007        3.94495417210421
C           -0.08223920392149       -0.46542032159420        3.59390800694683
C            0.23834377700398        0.91807670723828        3.25890672522365
O            1.27581347782173        1.32185909166557        2.78083853045898
N           -0.83553582601559        1.76440966196884        3.48073256895759
C           -2.13035492767917        1.41939614667861        3.79682317351599
O           -3.02626864774637        2.22498082341779        3.83147855822779
N           -2.31801454371704        0.07621621353030        4.05224891675304
F            0.89781671844726       -1.37647941356229        3.44483859382871
H           -1.57749055825464       -1.88193378467300        4.12308735795912
H           -0.69548614991958        2.75587180646662        3.25132759997841
H           -3.26948930457241       -0.22139701487223        4.22702644120651
60
 energy: -137.748718753706 gnorm: 0.003611684943 xtb: 6.7.1pre (5071a88)
N            0.34639343311021       -0.09145109697686        0.42673164365477
C            0.26817189759527        1.30707468287736        0.18851399683494
C            1.53117405881914       -0.73136327037037        0.08490374079735
C           -0.79778680951981       -0.75376323265865        0.78966704308287
N            1.33260182343237        1.96082894758365       -0.17365213807571
N           -0.88958091038720        1.91808084243528        0.33907053631419
N            2.57853141100627       -0.05836025524427       -0.26687296256482
N            1.51962001892071       -2.08616582279661        0.15354701294180
N           -1.94282722956964       -0.13482117126849        0.90864237930611
N           -0.70527681882701       -2.08143326515587        1.00966295400338
C            2.47374018148304        1.27522778308992       -0.28950015788666
C            0.52554249668896       -2.68964078300790        0.89155795169862
C           -1.93771119356173        1.18698530673256        0.69124757440066
N            3.62900607676564        1.95699372714219       -0.48128057537720
N            0.66191329680986       -4.01585158735726        1.23591389858065
N           -3.13456779843851        1.80656141737459        0.85063847084816
C            3.86657970627911        3.32947711373223       -0.12484085653182
C            4.78139061434670        1.37310482021877       -0.89472817042943
C           -3.28114894154403        3.23814219358141        0.78166079253500
C           -4.20735019464596        1.08599679522460        1.18001739509146
C            1.19915773263552       -4.66048961808341       -0.03100144930654
C           -0.60798322780383       -4.66184604547840        0.75317151658669
N            4.94371999346747        3.93850488927706       -0.51042497129328
N            5.84531644399555        1.91841600267756       -1.13432030048489
N           -4.34156016714492        3.74578909082664        0.08784694425455
N           -5.15644497916703        0.51017835157420        1.45469781393953
N            2.08208307667194       -4.05789966742552       -0.72987937779823
N           -1.72940082676640       -4.06633535133634        0.90582742672770
C            5.98629064633621        3.34393038576367       -1.13977358745832
C           -5.34545767895909        3.32154845900168       -0.44323729876226
C            0.07079078149908       -5.55145973378168       -0.18725065551484
N            6.99249585219291        3.84219577012889       -1.69009279732063
N           -6.47416433501079        3.16521549868046       -0.81085768045788
N           -0.11774123285083       -6.61711242388141       -0.83472949751769
C            2.97852221352881        3.95897544543484        0.73782024826167
C           -2.39563804841295        3.99981358042683        1.38881820846870
C            2.52424663515195       -2.86229636466867       -0.47533662542224
C           -1.85767609105579       -2.85113696476617        1.35628933645272
C            1.84176732080047        4.28660764757974        1.30356064064016
C           -1.23709045182452        4.40802519421469        2.18901549456713
N            2.83653919786254        5.29511367099552        1.41213551276030
N           -2.01834929920918        5.31089216081139        1.65873104599078
H            7.04376751083036        4.84911458727285       -1.74516732816304
H           -6.85714355844423        2.91800530188079       -1.69955092258058
H           -1.02663174179952       -7.04902613176560       -0.71157536769966
H            2.72181419038855        6.09823650612681        0.78833843432860
H           -2.28401145665442        6.26964249541281        1.54226154404396
H            0.83321415622470        4.10264703285147        1.59865854394536
C           -1.35347368184736       -0.83956444650949        3.95361906535577
C           -0.10692528284286       -0.46491819322296        3.60058521904917
C            0.22182720042914        0.91690036913415        3.26592485169850
O            1.26057852802153        1.31313146835483        2.78420355179725
N           -0.84504616974405        1.76992985440113        3.49306856730173
C           -2.14129046846886        1.43248711431764        3.81388232249454
O           -3.03114554611172        2.24448474083223        3.85476226782768
N           -2.33782168171020        0.09018184580544        4.06569613617540
F            0.86738465100833       -1.38153146250006        3.44818913306375
H           -1.61022939329338       -1.87291115260504        4.12976902284869
H           -0.70161373872053        2.76121902404391        3.26506221070035
H           -3.29109219197478       -0.20028107702631        4.24263727128647
60
 energy: -137.748825108281 gnorm: 0.003375172470 xtb: 6.7.1pre (5071a88)
N            0.35091260762292       -0.09262170156490        0.42629034840540
C            0.27212204110398        1.30599352004851        0.18964572319283
C            1.53421246476861       -0.73222130899315        0.07852144771001
C           -0.79156335190245       -0.75492193607713        0.79377206192138
N            1.33480955885968        1.96008075127474       -0.17671325384037
N           -0.88499598529341        1.91708922449494        0.34538294913100
N            2.57996999097425       -0.05900976714273       -0.27765636846184
N            1.52268646242185       -2.08701132993036        0.14548228717150
N           -1.93596000696977       -0.13591940097332        0.91864224283308
N           -0.69853810867899       -2.08281572918198        1.01169379858088
C            2.47537303229945        1.27453664560847       -0.29882762681186
C            0.53129609496113       -2.69147584079405        0.88627429898680
C           -1.93125455570977        1.18603735887950        0.70270048077029
N            3.62940388866058        1.95682344773078       -0.49630285086349
N            0.66822129681073       -4.01837118038620        1.22755688623515
N           -3.12692352842754        1.80601724279141        0.87023787030215
C            3.86801703104541        3.32862667081267       -0.13712611159256
C            4.77886862242490        1.37575578641486       -0.92150451614321
C           -3.27459743712245        3.23729266018543        0.79577122465212
C           -4.19600761747149        1.08575351417081        1.21121707269472
C            1.19972400614935       -4.66041458627469       -0.04289558317058
C           -0.60392235509651       -4.66195967956011        0.74847158282850
N            4.94055182655501        3.94060003209897       -0.53051275435114
N            5.83968072108195        1.92391679921949       -1.16876162340910
N           -4.33468610842287        3.74140949046344        0.09911715521573
N           -5.14013429006315        0.50816705319213        1.49312924106744
N            2.08156471479020       -4.05756119444925       -0.74289878441029
N           -1.72460727338095       -4.06674477301729        0.90778729688742
C            5.97757139848339        3.34959619303127       -1.17206570821136
C           -5.33242871282313        3.31130803126510       -0.43890111416834
C            0.06994904770049       -5.55005431607924       -0.19651520322870
N            6.97694195924094        3.85156017105146       -1.73148031165173
N           -6.45808827110195        3.14666319021441       -0.81233612818974
N           -0.12308268652633       -6.61362840460845       -0.84624214394099
C            2.98618317236579        3.95251708004153        0.73589659678720
C           -2.38875985473888        4.00084494649294        1.40014157397345
C            2.52552273823501       -2.86286966495076       -0.48714233874738
C           -1.85018884365086       -2.85240967508709        1.36133773427138
C            1.85298459023271        4.27509742784953        1.31183818916915
C           -1.22952639664981        4.40986195656906        2.19922546678949
N            2.84624431430388        5.28549768677803        1.41649127532507
N           -2.00920793366403        5.31213213651317        1.66572616596832
H            7.02453882735623        4.85879432790472       -1.78460546651317
H           -6.83416746515791        2.90058697687530       -1.70452261974310
H           -1.03215695058294       -7.04422853079873       -0.71969883549438
H            2.72443729535014        6.09066368809811        0.79679657145755
H           -2.27034901685749        6.27141019578838        1.54415697713535
H            0.84679492564513        4.08866099886014        1.61339372238379
C           -1.37719957539810       -0.83232993148540        3.96304375852028
C           -0.12924950883892       -0.46465029349449        3.60795222751749
C            0.20661228410349        0.91540356011155        3.27230082224549
O            1.24646599836857        1.30462965633686        2.78706423639764
N           -0.85390916977521        1.77446896526742        3.50339719307153
C           -2.15137019318928        1.44431343620126        3.82899128907718
O           -3.03542006788466        2.26231683095256        3.87545665413803
N           -2.35588107150386        0.10305585319722        4.07823061320386
F            0.83975885997051       -1.38640538450923        3.45397638649459
H           -1.63985797233797       -1.86420722811390        4.13871457180762
H           -0.70674587789687        2.76535308372479        3.27576079590413
H           -3.31063958477646       -0.18100373310444        4.25739755272839
60
 energy: -137.748918380616 gnorm: 0.002067438798 xtb: 6.7.1pre (5071a88)
N            0.35522627840476       -0.09339711881168        0.42557861446531
C            0.27601203297705        1.30527071514549        0.19019964282658
C            1.53708685616395       -0.73283691500391        0.07264512708480
C           -0.78574017359010       -0.75570366243997        0.79695801817954
N            1.33719347194362        1.95957836654507       -0.17971077921693
N           -0.88060333031537        1.91636534356014        0.34988136931510
N            2.58137015543009       -0.05954280647917       -0.28773064929015
N            1.52559605362536       -2.08750638641820        0.13848551877900
N           -1.92967707584635       -0.13670719159972        0.92618257387296
N           -0.69223232183763       -2.08367340935598        1.01361062321939
C            2.47714986158342        1.27400383341495       -0.30739932398338
C            0.53675268947080       -2.69287732379002        0.88187234392501
C           -1.92528132538495        1.18531802828923        0.71106660303824
N            3.63013666810751        1.95662569777513       -0.50974087314617
N            0.67426968274817       -4.02036972571854        1.22028642108131
N           -3.11990626412781        1.80559152609208        0.88497662579933
C            3.86936891421485        3.32808557143525       -0.14841871308356
C            4.77691684342108        1.37837021295075       -0.94550039860925
C           -3.26866887096804        3.23655021567927        0.80698669557515
C           -4.18544738211222        1.08533640966275        1.23712962529767
C            1.20001898220522       -4.66000284388513       -0.05359615718239
C           -0.60018054313184       -4.66176998827396        0.74486361061296
N            4.93741369069720        3.94280066714036       -0.54921634822605
N            5.83465969124369        1.92940807450310       -1.19978815332777
N           -4.32877727077722        3.73846098787004        0.10897217625186
N           -5.12645499225038        0.50845749071864        1.53419072526046
N            2.08041381512157       -4.05688617496624       -0.75522435431001
N           -1.72002309563459       -4.06671236770964        0.91064970859072
C            5.96969708970527        3.35521803121578       -1.20115107194571
C           -5.32099863640109        3.30260283696220       -0.43477504933153
C            0.06890937667797       -5.54839319337243       -0.20454053351045
N            6.96325623640610        3.86035103909988       -1.76799634036998
N           -6.44383396880185        3.13004279796409       -0.81300677017910
N           -0.12841778998793       -6.61004838366621       -0.85620962151208
C            2.99346577591141        3.94677837306960        0.73412012872744
C           -2.38233725510870        4.00117557896228        1.40935984438160
C            2.52641813135033       -2.86322090247107       -0.49835504603652
C           -1.84307545465102       -2.85300981972599        1.36657448307863
C            1.86385854024326        4.26409659390445        1.31994980198345
C           -1.22254087893088        4.41087685974362        2.20694924793750
N            2.85499827834384        5.27749762145223        1.41879912348353
N           -2.00127058307419        5.31281711264064        1.67139966755363
H            7.00790355918599        4.86782824592825       -1.81934255638316
H           -6.81407006184079        2.88461450082335       -1.70775822222031
H           -1.03755626874012       -7.03957741140654       -0.72651273494266
H            2.72507719138137        6.08317746965517        0.80147230733483
H           -2.25942544034349        6.27229924492412        1.54675913569571
H            0.86049149026790        4.07468329732773        1.62834594070829
C           -1.39872490752518       -0.82608987071669        3.97276707341395
C           -0.14939001184907       -0.46527040666597        3.61581074600797
C            0.19265385280363        0.91294920463605        3.27826063517615
O            1.23333554372305        1.29589890525672        2.78959106797176
N           -0.86210130390241        1.77764109212269        3.51231057178348
C           -2.16062719577803        1.45472035100542        3.84241554793715
O           -3.03917445694717        2.27830154987794        3.89353086629981
N           -2.37235383136565        0.11447552601838        4.08961223566691
F            0.81465876881281       -1.39196429071648        3.46177660182608
H           -1.66678198172857       -1.85646613640297        4.14904086615707
H           -0.71030169891549        2.76780835371641        3.28412535946203
H           -3.32833515030993       -0.16405039755719        4.27074142105370
60
 energy: -137.748995870967 gnorm: 0.001900321336 xtb: 6.7.1pre (5071a88)
N            0.35913700503099       -0.09380037849319        0.42493006458570
C            0.27945740319960        1.30486776099788        0.19045277807079
C            1.53961367925021       -0.73323748098475        0.06753802965000
C           -0.78052168727808       -0.75615639209710        0.79973761023561
N            1.33941563063822        1.95926086593977       -0.18251917142329
N           -0.87675498162449        1.91594156404697        0.35346428915911
N            2.58260145039102       -0.06000091823683       -0.29677410272002
N            1.52816341556370       -2.08776384757997        0.13285493217617
N           -1.92416127987839       -0.13721065007018        0.93237431322834
N           -0.68655141387852       -2.08409983417034        1.01569695480455
C            2.47878298951528        1.27358168867070       -0.31508885385360
C            0.54171765564029       -2.69385095729951        0.87869979680153
C           -1.92007112585332        1.18486670147550        0.71792237964310
N            3.63086468913335        1.95647487387468       -0.52163893509251
N            0.67982358156348       -4.02189883551570        1.21448541710173
N           -3.11384989647152        1.80539029957256        0.89683710725410
C            3.87048029692390        3.32783268858133       -0.15890956733224
C            4.77531762762267        1.38092280583471       -0.96655074796852
C           -3.26326313695355        3.23618609420506        0.81607633101820
C           -4.17648020859000        1.08550921983400        1.25833728111101
C            1.20005487454053       -4.65943199001825       -0.06255581263378
C           -0.59690223193313       -4.66148966266538        0.74279495631931
N            4.93437331566160        3.94499626460807       -0.56648888723130
N            5.83019072164837        1.93457571239776       -1.22719158157195
N           -4.32363352211044        3.73665449610148        0.11736447995078
N           -5.11429997768198        0.50859754568880        1.56557834093021
N            2.07861799497579       -4.05600578768219       -0.76626792950356
N           -1.71577559343505       -4.06635556331506        0.91454236547662
C            5.96281104938983        3.36051957223105       -1.22696545525531
C           -5.31122499960461        3.29527996583934       -0.43049390436003
C            0.06771820693504       -5.54667757654044       -0.21088243488685
N            6.95160569497160        3.86827287455848       -1.79978122630157
N           -6.43160994609191        3.11554985010789       -0.81247225002435
N           -0.13344756163022       -6.60659297787562       -0.86422341482430
C            3.00015982014822        3.94219938272521        0.73201014028221
C           -2.37621727157531        4.00149384346126        1.41666323082828
C            2.52673216444886       -2.86333625871722       -0.50865695904896
C           -1.83645221119595       -2.85308954477424        1.37226258554010
C            1.87408424313838        4.25433921202776        1.32723798931456
C           -1.21579643862377        4.41196428040753        2.21234324741300
N            2.86264144438099        5.27146084402405        1.41901602009647
N           -1.99454697408225        5.31353201248956        1.67610272063251
H            6.99411137342186        4.87592079819817       -1.84959801076954
H           -6.79732423598294        2.87073718377303       -1.70913685091895
H           -1.04250533171373       -7.03540877186786       -0.73173535863651
H            2.72416280285411        6.07663289790396        0.80282623078467
H           -2.25149186241297        6.27294666003798        1.55022514585455
H            0.87384321777903        4.06155793548711        1.64278380472164
C           -1.41769711919614       -0.82110809958203        3.98257287195509
C           -0.16698707013804       -0.46682525229679        3.62404825827223
C            0.18040447824197        0.90944171420395        3.28386237203462
O            1.22156090538100        1.28697827685486        2.79170992029400
N           -0.86926714376472        1.77938915230480        3.51993534907900
C           -2.16867568371511        1.46345606944145        3.85386234569800
O           -3.04217195340759        2.29207853712201        3.90851237614047
N           -2.38683017971674        0.12418331739215        4.09982852015011
F            0.79262553680950       -1.39812833432290        3.47125234297252
H           -1.69054054203825       -1.85001151550358        4.16017035232553
H           -0.71219014203467        2.76858919120955        3.29073413568496
H           -3.34383154659197       -0.14970052408437        4.28255906677366
60
 energy: -137.749091391814 gnorm: 0.001317998491 xtb: 6.7.1pre (5071a88)
N            0.36453507474551       -0.09386224586705        0.42425206687309
C            0.28409033550995        1.30474130020010        0.19060860365587
C            1.54307123727727       -0.73347499984864        0.06126812092502
C           -0.77346363407265       -0.75630161572983        0.80351272882620
N            1.34260116881924        1.95906985663631       -0.18633255889631
N           -0.87164079869933        1.91576973609316        0.35749315424360
N            2.58441380662138       -0.06051755304157       -0.30841666439106
N            1.53161865240173       -2.08782339882793        0.12643341826586
N           -1.91685531386269       -0.13747505252612        0.93983811419201
N           -0.67890194922701       -2.08410106171706        1.01915369242570
C            2.48109988400859        1.27314393708229       -0.32520262860479
C            0.54848591420643       -2.69465174348752        0.87575012131316
C           -1.91326950631267        1.18461053033395        0.72586017875081
N            3.63191259518410        1.95646218384123       -0.53747038788127
N            0.68736535487094       -4.02350959221189        1.20793136674373
N           -3.10616333795940        1.80536555668733        0.91007786688020
C            3.87186114233973        3.32794307113253       -0.17386653577835
C            4.77337975106666        1.38470765426688       -0.99407407389751
C           -3.25612653068944        3.23608416977040        0.82707215932519
C           -4.16529228833184        1.08643670724879        1.28312118218778
C            1.19983682238534       -4.65841226511220       -0.07338186329874
C           -0.59263618803035       -4.66096334658874        0.74185277614990
N            4.93007217780843        3.94833738603617       -0.59067207834550
N            5.82428342751526        1.94173637047641       -1.26329142504608
N           -4.31718137262981        3.73549066429982        0.12825293966130
N           -5.09884156023493        0.50921451086402        1.60162521843105
N            2.07518911103907       -4.05443390625068       -0.78072159067694
N           -1.70992401586259       -4.06531578147731        0.92147988751645
C            5.95390260728110        3.36791089126733       -1.26138319289194
C           -5.29897747885539        3.28679710348755       -0.42453266972574
C            0.06583819515317       -5.54412556590519       -0.21791137709818
N            6.93688427818993        3.87874739273563       -1.84125781134934
N           -6.41637156282915        3.09680817851744       -0.81014449673681
N           -0.14027628526080       -6.60175315474050       -0.87335659819975
C            3.00939853157031        3.93718304499463        0.72801732629326
C           -2.36843735302196        4.00178090513337        1.42623043078789
C            2.52644698369736       -2.86314611569011       -0.52257623641023
C           -1.82727824230308       -2.85246858620308        1.38119462907634
C            1.88852935712118        4.24196490668976        1.33663312516112
C           -1.20712938922236        4.41354204936364        2.21905380629954
N            2.87277526336620        5.26512450095086        1.41678516780297
N           -1.98573413234523        5.31463327738899        1.68132269261942
H            6.97721674240948        4.88655394865482       -1.88938195037718
H           -6.77735382261906        2.85251562514990       -1.70859615520615
H           -1.04902480304414       -7.03004053769434       -0.73728990122054
H            2.72153511745746        6.06862555058134        0.80128277887191
H           -2.24243509953385        6.27404440525276        1.55430857794007
H            0.89320029584556        4.04390047150564        1.66315498224872
C           -1.44274716031390       -0.81567158986229        3.99696756103187
C           -0.18998325502560       -0.47063666184184        3.63661013558597
C            0.16455768707886        0.90249986735098        3.29176831749909
O            1.20604587958124        1.27307307304116        2.79460205636745
N           -0.87841405502026        1.77984675353518        3.52966622232140
C           -2.17898174458747        1.47394127685326        3.86806422611850
O           -3.04566571015795        2.30932260792841        3.92631043982786
N           -2.40578940741319        0.13608954804209        4.11340798109449
F            0.76374532708611       -1.40833026301551        3.48724957320861
H           -1.72193586408720       -1.84242898840228        4.17720866886596
H           -0.71293344384755        2.76730628478709        3.29876669275849
H           -3.36412741624163       -0.13188027220057        4.29794620789112
60
 energy: -137.749159309806 gnorm: 0.001336603824 xtb: 6.7.1pre (5071a88)
N            0.36903777127824       -0.09351406078015        0.42417328159620
C            0.28785137977728        1.30499256449983        0.19086828484887
C            1.54607160767245       -0.73331124325107        0.05719945735333
C           -0.76771907530184       -0.75597115797449        0.80693561496864
N            1.34536630168745        1.95918192843331       -0.18907598811351
N           -0.86755624528357        1.91596050881063        0.36024543727415
N            2.58624520415484       -0.06069731620170       -0.31658744658266
N            1.53452563693563       -2.08760471275881        0.12246666124237
N           -1.91100847618265       -0.13725468946548        0.94570255124666
N           -0.67274493146057       -2.08360820256377        1.02267927775315
C            2.48313095404146        1.27300854647139       -0.33270639291632
C            0.55401762721634       -2.69476377301335        0.87469371460034
C           -1.90799144792009        1.18470582612374        0.73145126676962
N            3.63278704847519        1.95680221219110       -0.54995797318633
N            0.69337025424344       -4.02430626307855        1.20400223527157
N           -3.10049261729664        1.80550902759366        0.91851425361901
C            3.87305625279699        3.32842658857221       -0.18639972762904
C            4.77195748664117        1.38799595668033       -1.01547486769164
C           -3.25020119027459        3.23633825198536        0.83370870125168
C           -4.15731053645266        1.08773708808053        1.30007658147937
C            1.19964206380743       -4.65744072431892       -0.08057627336911
C           -0.58923557302725       -4.66043182197737        0.74282522242595
N            4.92670177372297        3.95135640258527       -0.61082341966434
N            5.81972076413868        1.94737147778461       -1.29175446004432
N           -4.31222871251522        3.73489665903043        0.13533695393099
N           -5.08793256784469        0.51081081321181        1.62779319167344
N            2.07191430468226       -4.05290397071645       -0.79129673395934
N           -1.70510294213261       -4.06400426094549        0.92812702067606
C            5.94715140863923        3.37385519352937       -1.28904365941645
C           -5.29053721689358        3.28082315092588       -0.41917371015965
C            0.06436639714747       -5.54201740482193       -0.22184130087936
N            6.92571646454828        3.88676827836929       -1.87458130171751
N           -6.40576313869937        3.08391413308455       -0.80715799975478
N           -0.14531257496598       -6.59799291826828       -0.87872423223333
C            3.01698825371184        3.93433404148602        0.72369308111198
C           -2.36148433824010        4.00232773300825        1.43106385729463
C            2.52574014533991       -2.86264988003418       -0.53319693645251
C           -1.81976191884681       -2.85142056518318        1.38920359133076
C            1.90058151680666        4.23362842495738        1.34274892627673
C           -1.19949629812468        4.41479128050195        2.22205071640128
N            2.88101664152941        5.26146752083768        1.41353402778337
N           -1.97953734525545        5.31523854182480        1.68568318013930
H            6.96475599438164        4.89464384832378       -1.92193015460939
H           -6.76393639834439        2.83997842103720       -1.70673104631464
H           -1.05361591937181       -7.02631112572997       -0.73993842029748
H            2.71987535440716        6.06360880434821        0.79888760980458
H           -2.23833323719639        6.27393062106605        1.56045430987327
H            0.90948958828855        4.03134074708224        1.67818509722498
C           -1.46264777956736       -0.81281356614191        4.00884803383681
C           -0.20807469782012       -0.47537784049726        3.64747390988991
C            0.15251584563630        0.89487591503384        3.29858876398993
O            1.19422555089561        1.25998905681662        2.79753109775925
N           -0.88523058954092        1.77841929785318        3.53714635466707
C           -2.18683417261525        1.48078607348141        3.87811788824392
O           -3.04832100816518        2.32131750655833        3.93780661908308
N           -2.42067511257275        0.14418104919084        4.12389791253019
F            0.74097311515126       -1.41831690511741        3.50173552918716
H           -1.74686361973943       -1.83777466528862        4.19140251324978
H           -0.71266197723242        2.76424640325194        3.30509682739103
H           -3.38018104887476       -0.11907182655387        4.30929748994682
60
 energy: -137.749208291759 gnorm: 0.001224572740 xtb: 6.7.1pre (5071a88)
N            0.37255298997830       -0.09286266739338        0.42443950838350
C            0.29071054843099        1.30556895292227        0.19124006985222
C            1.54854866496611       -0.73278765445909        0.05491693604090
C           -0.76329086279861       -0.75528354255891        0.80976185422444
N            1.34753243151844        1.95961742562678       -0.19093217931173
N           -0.86447862228195        1.91648094348139        0.36204915193045
N            2.58792602818239       -0.06045944154910       -0.32172640172183
N            1.53683683861514       -2.08713241889815        0.12030622363677
N           -1.90656194847933       -0.13669201969073        0.94982753776793
N           -0.66801991562997       -2.08275578778407        1.02596621229837
C            2.48473374513097        1.27327292033258       -0.33801034847444
C            0.55828868146227       -2.69429838151003        0.87487954494056
C           -1.90413036421025        1.18511468919076        0.73494134794589
N            3.63333068543199        1.95753111054061       -0.55967021941359
N            0.69791762906809       -4.02432052443142        1.20219183760424
N           -3.09660730368235        1.80574925744642        0.92294640474915
C            3.87387858840817        3.32945107277976       -0.19736133649643
C            4.77075093380067        1.39063072390987       -1.03122070328174
C           -3.24644327243447        3.23664437940172        0.83909703966849
C           -4.15194549098303        1.08887332845446        1.30939446824969
C            1.19953949175102       -4.65652631724221       -0.08462771897982
C           -0.58656001278426       -4.65981739003926        0.74513245453725
N            4.92415797152736        3.95399556758973       -0.62753489835943
N            5.81619327753979        1.95138046076717       -1.31292646320154
N           -4.30911890207493        3.73521205844992        0.14130836222925
N           -5.08056824324456        0.51194443623667        1.64216877308334
N            2.06920660612656       -4.05158911701698       -0.79819960249724
N           -1.70132452868951       -4.06260330568176        0.93415796533061
C            5.94214178213062        3.37814852898739       -1.31048679851834
C           -5.28500500374316        3.27821736825280       -0.41569521327340
C            0.06339353905036       -5.54043591620846       -0.22302003633337
N            6.91764742019908        3.89206776519506       -1.89980365219605
N           -6.39916546948305        3.07489357887721       -0.80369534596440
N           -0.14869314842635       -6.59543952454773       -0.88056740420910
C            3.02293195069070        3.93350789002746        0.71868435453733
C           -2.35842575169066        4.00230971505788        1.43749906626039
C            2.52493556588425       -2.86198500907074       -0.54055132899050
C           -1.81394446666587       -2.85010902584398        1.39592835347479
C            1.91026239183307        4.22868522543969        1.34683446287545
C           -1.19556612458487        4.41542276820920        2.22712215285806
N            2.88756361583559        5.26017447256692        1.40941474905850
N           -1.97409262670442        5.31583139866788        1.68780815224569
H            6.95604590859577        4.89994080171225       -1.94719561789690
H           -6.75649892272390        2.83139422506310       -1.70351785602906
H           -1.05653864790684       -7.02400615498636       -0.73967000954290
H            2.71850617696858        6.06149085026149        0.79582909217935
H           -2.23328613658422        6.27505024838551        1.56091078776962
H            0.92257390172675        4.02313267106428        1.68994967186004
C           -1.47753118881194       -0.81207176803418        4.01802837615120
C           -0.22142086933536       -0.48051148263955        3.65645387539288
C            0.14412974511441        0.88724650067954        3.30419204026545
O            1.18627861956561        1.24810312335737        2.80082467399429
N           -0.88978808747131        1.77567032652741        3.54221935479647
C           -2.19230913252068        1.48444326029933        3.88422273763302
O           -3.05001891414131        2.32882261306809        3.94369807862001
N           -2.43164324003389        0.14898913920034        4.13129740581264
F            0.72415350512646       -1.42744024547153        3.51437895741565
H           -1.76558159790346       -1.83560333743329        4.20247036966372
H           -0.71191003939036        2.76014747005425        3.30942238013984
H           -3.39220039924794       -0.11042523565140        4.31677334921915
