123
 energy: -235.294836068982 gnorm: 0.008462449355 xtb: 6.7.1pre (5071a88)
N           -0.00168400000000        0.05080100000000        0.38102400000000
C            0.03489600000000        1.45341700000000        0.12329200000000
C            1.21506700000000       -0.63025200000000        0.37221900000000
C           -1.21788100000000       -0.59136800000000        0.28582200000000
N            1.18287100000000        2.05836700000000        0.00138700000000
N           -1.10059300000000        2.10754600000000       -0.00828300000000
N            2.34043400000000       -0.00188700000000        0.22262000000000
N            1.15689600000000       -1.97041800000000        0.52084000000000
N           -2.31255300000000        0.06413500000000        0.03674900000000
N           -1.22353500000000       -1.93253100000000        0.44700100000000
C            2.29884500000000        1.32573300000000        0.07668900000000
C           -0.04929100000000       -2.55215200000000        0.84215000000000
C           -2.21965800000000        1.40112800000000       -0.04579200000000
N            3.51207000000000        1.93103000000000       -0.03371100000000
N           -0.08697900000000       -3.88547900000000        1.21418100000000
N           -3.41539100000000        2.02678400000000       -0.21272200000000
C            3.79432200000000        3.33273900000000        0.08563600000000
C            4.65966600000000        1.21201900000000       -0.15820800000000
C           -3.63420900000000        3.44000800000000       -0.24751600000000
C           -4.48754700000000        1.24403500000000       -0.38227500000000
C            0.91800200000000       -4.56331200000000        0.30380400000000
C           -1.03870500000000       -4.51451900000000        0.22854700000000
N            4.97855300000000        3.80063500000000       -0.14345500000000
N            5.79398200000000        1.65009800000000       -0.28273400000000
N           -4.93239700000000        3.88076700000000       -0.22018700000000
N           -5.43845000000000        0.63541300000000       -0.56090300000000
N            2.01660400000000       -3.97357300000000        0.02442100000000
N           -2.09710000000000       -3.90309700000000       -0.14181500000000
C            6.06983000000000        3.03951000000000       -0.43308300000000
C           -6.03788400000000        3.41264600000000       -0.03845700000000
C           -0.04828900000000       -5.44608400000000       -0.30669700000000
N            7.21387000000000        3.39498000000000       -0.79291100000000
N           -7.16301700000000        3.25889700000000        0.34315000000000
N            0.02937600000000       -6.52846100000000       -0.94770700000000
C            2.79502700000000        4.19275000000000        0.52575700000000
C           -2.65924100000000        4.32835900000000       -0.33004700000000
C            2.32828000000000       -2.77377700000000        0.39543000000000
C           -2.39942700000000       -2.68807200000000        0.21349900000000
C            1.60969400000000        4.75217600000000        0.57702500000000
C           -1.41112700000000        5.09054500000000       -0.38743300000000
N            2.66169000000000        5.64837200000000        0.88749800000000
N           -2.55079100000000        5.72567900000000       -0.35756000000000
H            7.36493300000000        4.38136400000000       -0.95138300000000
H           -7.96095000000000        2.88658400000000       -0.13023600000000
H           -0.85622700000000       -6.93123600000000       -1.23318100000000
H            2.89505100000000        6.32177400000000        0.15334200000000
H           -3.07776600000000        6.57695800000000       -0.35270900000000
H            0.55073300000000        4.73097000000000        0.43692000000000
C           -3.16609900000000        0.42377700000000        5.88404000000000
C           -3.65946700000000        1.38582100000000        6.40778900000000
C           -4.33203800000000        2.55474900000000        6.83342800000000
C           -4.80524300000000        3.42056800000000        5.86587000000000
C           -5.56094400000000        4.55317900000000        6.17036800000000
C           -5.87944000000000        4.80716500000000        7.47448500000000
C           -5.42795500000000        3.96183700000000        8.50973300000000
C           -5.79389500000000        4.21077800000000        9.84677600000000
C           -5.37575300000000        3.38066000000000       10.85529000000000
C           -4.52446400000000        2.30129400000000       10.55795200000000
C           -4.12479000000000        2.05036400000000        9.27118600000000
C           -4.60575500000000        2.84476800000000        8.19900400000000
C           -3.12459700000000        0.98181700000000        9.06668600000000
N           -3.46860200000000       -0.26667600000000        9.40690600000000
C           -2.60758200000000       -1.23828100000000        9.24570600000000
C           -1.31190300000000       -1.06321000000000        8.74085500000000
C           -0.86904700000000        0.27456700000000        8.53742100000000
C           -1.83626400000000        1.28814700000000        8.67662400000000
F           -1.48159200000000        2.56933000000000        8.46744800000000
N            0.41269900000000        0.58671200000000        8.27430200000000
C            1.26051100000000       -0.41517800000000        8.28375000000000
N            0.96019600000000       -1.71264300000000        8.38202500000000
C           -0.30641000000000       -2.07450600000000        8.52213400000000
N           -0.57304000000000       -3.39416200000000        8.49607700000000
C           -1.79225300000000       -3.96166900000000        7.96767300000000
C           -1.47917300000000       -4.70469700000000        6.65425200000000
C           -0.69476200000000       -3.78293900000000        5.69148800000000
C            0.77576200000000       -4.05544500000000        6.04999100000000
C            0.67285300000000       -5.07495200000000        7.20406500000000
C            0.51963400000000       -4.34720300000000        8.54325700000000
N           -0.57596000000000       -5.79445200000000        6.98771400000000
O            2.55725000000000       -0.19173800000000        8.12565400000000
C            2.97036900000000        1.15790300000000        7.98505000000000
C            4.44872600000000        1.17329100000000        7.57094100000000
C            4.92890500000000        2.62038900000000        7.33668300000000
C            6.32641800000000        2.63813800000000        7.95079300000000
C            6.14294200000000        1.69391200000000        9.14208700000000
N            5.26801800000000        0.63300100000000        8.66982600000000
C            5.92876500000000       -0.58524500000000        8.23761700000000
C            5.13632200000000       -1.05823200000000        7.02060600000000
C            4.68836600000000        0.24589200000000        6.37075400000000
F            5.92906300000000       -1.80341100000000        6.17205400000000
O           -5.72285600000000        3.56026400000000       12.15404300000000
F           -4.55372300000000        3.16461200000000        4.56418100000000
H           -2.70899900000000       -0.43790700000000        5.49866300000000
H           -5.89415600000000        5.18928500000000        5.36555700000000
H           -6.48989400000000        5.66054900000000        7.72856000000000
H           -6.41957000000000        5.06661700000000       10.06373900000000
H           -4.17247000000000        1.68477000000000       11.36904800000000
H           -2.94823500000000       -2.20470900000000        9.59080000000000
H           -2.52382000000000       -3.18129100000000        7.76904100000000
H           -2.20318100000000       -4.67962100000000        8.68446000000000
H           -2.41127900000000       -5.08141000000000        6.22893900000000
H           -0.90828800000000       -4.04685600000000        4.65570100000000
H           -0.96398300000000       -2.73786900000000        5.83868900000000
H            1.31333900000000       -4.48847600000000        5.20687700000000
H            1.29952800000000       -3.15827800000000        6.37198800000000
H            1.51959700000000       -5.76047100000000        7.25466300000000
H            1.42970300000000       -3.80868500000000        8.80013500000000
H            0.28445800000000       -5.08650700000000        9.31489900000000
H           -0.48711800000000       -6.43576300000000        6.20526900000000
H            2.34854100000000        1.65905500000000        7.23531700000000
H            2.84273900000000        1.67419800000000        8.94206800000000
H            4.92062600000000        2.88121300000000        6.28054000000000
H            4.28012700000000        3.31589500000000        7.86988400000000
H            7.05659000000000        2.22415500000000        7.25326000000000
H            6.64977500000000        3.63402000000000        8.24432300000000
H            5.63700500000000        2.22003400000000        9.95840300000000
H            7.07856600000000        1.28439500000000        9.52228900000000
H            6.97084700000000       -0.41476000000000        7.92804500000000
H            5.92288100000000       -1.31921700000000        9.04731500000000
H            4.29014100000000       -1.69058700000000        7.29952600000000
H            3.80232500000000        0.12533800000000        5.75227400000000
H            5.50522600000000        0.62157200000000        5.75190400000000
H           -6.29420900000000        4.33301400000000       12.24114000000000
123
 energy: -235.294950839086 gnorm: 0.004886863188 xtb: 6.7.1pre (5071a88)
N           -0.00209257327707        0.05060930231790        0.38182731431018
C            0.03403060781724        1.45280977131658        0.12241407561297
C            1.21456976200122       -0.63028427230442        0.37384797458699
C           -1.21837164948053       -0.59135075801406        0.28725605320508
N            1.18231449222422        2.05767978397689       -0.00025317273954
N           -1.10110100022644        2.10693474538474       -0.00985662618650
N            2.34009377658432       -0.00205142208982        0.22388450573165
N            1.15684368333606       -1.97048171910489        0.52394994960709
N           -2.31323548060830        0.06385414861659        0.03939633087400
N           -1.22397502536405       -1.93282630008730        0.44972990641059
C            2.29828498259323        1.32533946904364        0.07613990746273
C           -0.04951724655277       -2.55185820421073        0.84637282372881
C           -2.22084680446619        1.40099956686980       -0.04302295876366
N            3.51160061158440        1.93074453695001       -0.03310414281974
N           -0.08776851973031       -3.88547422795171        1.22099306250277
N           -3.41622555679752        2.02638175823177       -0.20846460000298
C            3.79319609909535        3.33270537749254        0.08500333189754
C            4.65983086441385        1.21209715832483       -0.15421216229366
C           -3.63495725945474        3.43974701920572       -0.24299580883012
C           -4.48955351259513        1.24453880694349       -0.37180717342535
C            0.91769813274456       -4.56294981973109        0.30821469148445
C           -1.03781081828588       -4.51440844495808        0.23136929519497
N            4.97782731071582        3.80059702812629       -0.14373588295629
N            5.79437044628574        1.65057527417926       -0.27785118454563
N           -4.93242167816132        3.88134081584392       -0.21338564060483
N           -5.43256567752062        0.62894224094223       -0.57049753271702
N            2.01615546895646       -3.97340959942625        0.02727997264249
N           -2.09599749125196       -3.90323963871542       -0.14061320752529
C            6.06922254387818        3.03933083202660       -0.43208732842096
C           -6.03599932698564        3.41412312513105       -0.02218656092419
C           -0.04777204220064       -5.44591451383287       -0.30293834761035
N            7.21328099236624        3.39419511304045       -0.79251042944712
N           -7.17004148282316        3.28038634233275        0.33972901243884
N            0.03067279515966       -6.52925281890880       -0.94294452482886
C            2.79375454322962        4.19227832396224        0.52574410082325
C           -2.65957696876034        4.32737253748350       -0.32912881716843
C            2.32779742738429       -2.77363789421396        0.39814271138168
C           -2.39911455829508       -2.68785065827487        0.21424734597183
C            1.60852487093813        4.75198330137289        0.57810055356194
C           -1.41135069560637        5.08851798956423       -0.39189125876210
N            2.66172107810447        5.64846406302333        0.88548072818729
N           -2.55049419683264        5.72456280519213       -0.35749193273781
H            7.36307466859278        4.38014499952696       -0.95403990343433
H           -7.95500844985425        2.87675148740554       -0.12961303440053
H           -0.85456403595422       -6.93018906454951       -1.23198836069616
H            2.89463979623260        6.32086446685652        0.15068164226080
H           -3.07672363875483        6.57609250115399       -0.34867967312771
H            0.54943155542269        4.73119365919477        0.43968704763448
C           -3.16657360018067        0.42047362050871        5.88373499879503
C           -3.65427903547706        1.38727207317729        6.40496721631496
C           -4.32967863652786        2.55447696152791        6.83151174100110
C           -4.80226319399762        3.42044107161025        5.86360584511871
C           -5.55952951285323        4.55200572513482        6.16785897870552
C           -5.87919683803740        4.80551952648819        7.47202414302807
C           -5.42791041225753        3.96055296226948        8.50770698635693
C           -5.79401689358733        4.21026210465257        9.84467522845416
C           -5.37598360314003        3.38048915271040       10.85384783080153
C           -4.52450828193815        2.30097436888538       10.55685614092425
C           -4.12447079023349        2.04966059504522        9.27027626028337
C           -4.60519700077655        2.84351711978315        8.19728894020566
C           -3.12418166440515        0.98093994639564        9.06710582518124
N           -3.46814776565172       -0.26724898864497        9.40862671275285
C           -2.60701109951231       -1.23898841845263        9.24773870594756
C           -1.31192274120176       -1.06371697209210        8.74141140956089
C           -0.86905299151111        0.27395791760789        8.53668780628596
C           -1.83616568871966        1.28752713515985        8.67591842156541
F           -1.48235450330614        2.56914081918170        8.46352916677903
N            0.41276414568991        0.58612247245566        8.27218913709896
C            1.26077700318409       -0.41606283820478        8.28388816162040
N            0.96074629034370       -1.71292986228817        8.38319307516289
C           -0.30644403828231       -2.07546998920440        8.52197916886638
N           -0.57358533147361       -3.39415492470234        8.49473822073737
C           -1.79353581061029       -3.95991483027228        7.96519616139609
C           -1.48044950231754       -4.70284566405112        6.65098516807861
C           -0.69585626433451       -3.78164189252813        5.68725748785707
C            0.77458815805151       -4.05450181425799        6.04679965781085
C            0.67153738689606       -5.07456886314423        7.20077130082208
C            0.51861148050596       -4.34827026645738        8.54154370415274
N           -0.57791607258906       -5.79278924203320        6.98483240276489
O            2.55785907474162       -0.19221829944429        8.12599841668113
C            2.97111256331443        1.15726323484689        7.98634563963722
C            4.44884981257951        1.17369007125531        7.56946104440619
C            4.92839525071952        2.62104785926081        7.33582307079640
C            6.32568540670076        2.63966609904861        7.95064430075075
C            6.14331511394675        1.69593632874672        9.14226042999658
N            5.27069625271330        0.63505899515557        8.66687341341606
C            5.92936929446989       -0.58507897647446        8.23804912663930
C            5.13712110561327       -1.05937496588860        7.02131860598905
C            4.68927134145139        0.24469368182131        6.37054746389402
F            5.93115367646722       -1.80392749123491        6.17531242572591
O           -5.72251795892511        3.56068953323478       12.15218496744811
F           -4.54177517535779        3.16956949047625        4.56082733944489
H           -2.71065845602687       -0.44244289937244        5.49957580120353
H           -5.89361984571055        5.18771572023532        5.36296565677247
H           -6.49013242140604        5.65869626879001        7.72588552758931
H           -6.41945899564963        5.06641794065648       10.06127712921168
H           -4.17286196852408        1.68440929531235       11.36818416451896
H           -2.94751612357083       -2.20554722563474        9.59244823672517
H           -2.52398024588249       -3.17805272885509        7.76634823136924
H           -2.20569805558710       -4.67713186954508        8.68217393210769
H           -2.41274287620944       -5.07905953285625        6.22559685557425
H           -0.90793632742122       -4.04589312060399        4.65103890939051
H           -0.96561387085438       -2.73629877045623        5.83462819102656
H            1.31206466854251       -4.48689536150143        5.20318142704917
H            1.29860669085634       -3.15752156623007        6.36970496326696
H            1.51790724015014       -5.76078989731016        7.25061581291393
H            1.42916547067849       -3.81109439024330        8.79983753559249
H            0.28189736740090       -5.08800736903111        9.31286952484854
H           -0.48996398816338       -6.43484331761403        6.20294860481397
H            2.34888505681356        1.65945879644546        7.23757271471694
H            2.84382114587320        1.67286959987273        8.94387205679974
H            4.92079684915382        2.88165693904931        6.27962201515302
H            4.27894885178217        3.31643839104767        7.86858013846734
H            7.05639771746702        2.22654174389399        7.25338657946863
H            6.64774842785853        3.63571501953268        8.24458400262360
H            5.63555341925861        2.22072705559637        9.95828089703771
H            7.07867096018149        1.28681645786645        9.52306813842548
H            6.97107906254210       -0.41453911934478        7.92869943826453
H            5.92333660655548       -1.31711451705174        9.04937002864579
H            4.29101861609886       -1.69194150220993        7.30046324670974
H            3.80354622567422        0.12264777412345        5.75196516371909
H            5.50583078929220        0.61962408927810        5.75092639116733
H           -6.29426776117817        4.33321453443779       12.23964236302969
123
 energy: -235.295048231471 gnorm: 0.003428869827 xtb: 6.7.1pre (5071a88)
N           -0.00244489459180        0.05012387882966        0.38390999932737
C            0.03296801548324        1.45180959576753        0.12281190001893
C            1.21395921874097       -0.63051818121658        0.37720203046699
C           -1.21876670960920       -0.59153432639880        0.28979554122418
N            1.18164879330018        2.05661690102590       -0.00100959199787
N           -1.10163766430311        2.10611258839586       -0.00925897426159
N            2.33973181774077       -0.00245202234750        0.22664057142398
N            1.15686283055062       -1.97067807042978        0.52963009159838
N           -2.31368224668164        0.06327294370933        0.04277467118262
N           -1.22440801415962       -1.93341740988249        0.45403592520140
C            2.29754179242221        1.32460905820246        0.07652473927457
C           -0.04983798875971       -2.55150258604585        0.85358836699058
C           -2.22220054352309        1.40072904917526       -0.03789293308299
N            3.51092900685731        1.93020240679255       -0.03115935139243
N           -0.08906168238069       -3.88541852056867        1.23208671144319
N           -3.41698125715686        2.02530963297619       -0.20403837817369
C            3.79135798563823        3.33262424669440        0.08470199708538
C            4.66010987930622        1.21214609370946       -0.14646463231074
C           -3.63587726008158        3.43904889265198       -0.23544639582605
C           -4.48690062856803        1.24181011220483       -0.37745804471495
C            0.91739147326770       -4.56245642194083        0.31643339588825
C           -1.03634625041476       -4.51400952380587        0.23630599273738
N            4.97632629768384        3.80058303824084       -0.14413912211570
N            5.79480498849526        1.65126198356451       -0.26883870923797
N           -4.93252755583266        3.88224206897182       -0.21393169814577
N           -5.43837144910558        0.63362478514230       -0.55615547840180
N            2.01567126483750       -3.97336857452789        0.03333031686504
N           -2.09402419831968       -3.90341056088272       -0.13862854818984
C            6.06790850278140        3.03901311337729       -0.43021649723597
C           -6.03613295451939        3.41803537071761       -0.01936934503623
C           -0.04668460302082       -5.44542600407446       -0.29623328839280
N            7.21183728928347        3.39287100672381       -0.79235056756050
N           -7.17005489728319        3.29122475782567        0.34327620488148
N            0.03309369864837       -6.53009518755190       -0.93450036229860
C            2.79161695450954        4.19164307117818        0.52587951488005
C           -2.65946737557925        4.32560363027427       -0.32277544085621
C            2.32710441906390       -2.77337455679681        0.40341235880324
C           -2.39827202061948       -2.68741874772464        0.21497193129521
C            1.60650022696714        4.75163883621013        0.57967918019855
C           -1.41097633967725        5.08494378078742       -0.39462649695371
N            2.66135461160810        5.64880025627864        0.88179963079433
N           -2.54929130434708        5.72257658075883       -0.35401254277223
H            7.35950593216883        4.37816395860214       -0.95913436632352
H           -7.95268033769641        2.87359982784187       -0.11647565924135
H           -0.85164183617622       -6.92864453862263       -1.22834512585392
H            2.89342591006770        6.31928471496596        0.14551419192902
H           -3.07440095845299        6.57456116644215       -0.34169889024126
H            0.54719917768181        4.73130520651182        0.44400987482942
C           -3.16393582878215        0.41726171416407        5.88228795339590
C           -3.65046492761511        1.38579475603414        6.40194217234003
C           -4.32472355055424        2.55390603691761        6.82851352742872
C           -4.79513560049978        3.42061824071230        5.86004213872880
C           -5.55590582970063        4.54996507120557        6.16318690860223
C           -5.87829632293195        4.80255284382578        7.46714669042054
C           -5.42715430961600        3.95857665408919        8.50373907874653
C           -5.79391683111728        4.20943142722095        9.84044177108519
C           -5.37623830667592        3.38040187595181       10.85078082252677
C           -4.52470644098975        2.30045873473610       10.55453751224561
C           -4.12391582757878        2.04835112852106        9.26837099995218
C           -4.60358141213461        2.84164227529455        8.19420116803203
C           -3.12335697775487        0.97945628538615        9.06725666168104
N           -3.46699332198393       -0.26813930650098        9.41126044099476
C           -2.60570141135058       -1.24004158301945        9.25062208420897
C           -1.31157652916634       -1.06446140220330        8.74198794706914
C           -0.86874723708620        0.27296364677575        8.53511294636766
C           -1.83595789858535        1.28633390140832        8.67396058019803
F           -1.48359466325749        2.56852489975018        8.45685583469746
N            0.41309052844004        0.58505897644423        8.26855102821057
C            1.26130126910085       -0.41762246937043        8.28387641150784
N            0.96170026123335       -1.71357345629710        8.38501759469552
C           -0.30631627216669       -2.07696438564656        8.52151823234423
N           -0.57452366269825       -3.39417548647245        8.49167489540986
C           -1.79573364684852       -3.95669133113848        7.96019917353244
C           -1.48312476523539       -4.69975415770787        6.64508101652215
C           -0.69784532424014       -3.77913325090825        5.68070364386529
C            0.77246007375463       -4.05256836008942        6.04157594785081
C            0.66871895981838       -5.07417533159157        7.19458464311453
C            0.51664146764894       -4.35013013345658        8.53755112655760
N           -0.58180850105381       -5.79026312479730        6.97904103088124
O            2.55897009108747       -0.19320575523468        8.12661345285683
C            2.97247159058468        1.15598794992075        7.98814592346838
C            4.44947313882596        1.17387079327439        7.56781584092751
C            4.92748771621710        2.62176325838352        7.33413800196409
C            6.32425290582159        2.64306233967806        7.95041314289211
C            6.14355102097015        1.69939317817199        9.14209480575071
N            5.27457951059822        0.63791784299143        8.66334435910991
C            5.93064088637726       -0.58468955453770        8.23962023663492
C            5.13887156548941       -1.06101201314434        7.02311722105236
C            4.69041954959420        0.24262743088856        6.37069159453373
F            5.93450371556942       -1.80452182692179        6.18039830327570
O           -5.72218973887484        3.56158855187960       12.14844289956743
F           -4.52308520841375        3.17574272932273        4.55579556451560
H           -2.71277195878005       -0.44884311779760        5.49947874346737
H           -5.89132150839977        5.18484209588355        5.35802333865766
H           -6.49062538931550        5.65503431059796        7.72026739817172
H           -6.41930052847557        5.06588223920248       10.05624360306916
H           -4.17365499964655        1.68400250848865       11.36633249612727
H           -2.94555094164852       -2.20663039250491        9.59569976783188
H           -2.52399289969189       -3.17225880494165        7.76120095011738
H           -2.21028157485258       -4.67292564995683        8.67689539406311
H           -2.41589573454752       -5.07478084399021        6.21963781598424
H           -0.90815949705197       -4.04389503603757        4.64405683777556
H           -0.96809431631529       -2.73342136390164        5.82796406954328
H            1.31003890692597       -4.48389027358131        5.19737159009774
H            1.29677411631052       -3.15600710305227        6.36608867728434
H            1.51446064535854       -5.76145426455864        7.24301811696051
H            1.42793499415115       -3.81519631937390        8.79823207873181
H            0.27751547683786       -5.09090907668705        9.30776577482714
H           -0.49538369078646       -6.43334986520000        6.19790812085152
H            2.34946347619468        1.65987521855199        7.24100266396939
H            2.84628727134015        1.67052995749030        8.94650714926702
H            4.92122747195069        2.88181640837916        6.27777855249872
H            4.27647116635961        3.31681856520835        7.86563454181198
H            7.05610974542393        2.23132288884652        7.25382055135243
H            6.64380677241988        3.63977475118228        8.24451263792812
H            5.63326786742348        2.22223440669804        9.95777043987261
H            7.07889894515677        1.29148685409485        9.52359646944127
H            6.97205414326454       -0.41476022745230        7.93039152368961
H            5.92400726686626       -1.31389663985138        9.05331899964356
H            4.29290692928802       -1.69387604403527        7.30258324809390
H            3.80501014930047        0.11834091971886        5.75207211426348
H            5.50650667201049        0.61654767110043        5.74992264085249
H           -6.29448799753335        4.33378929184004       12.23639366627598
123
 energy: -235.295121365592 gnorm: 0.004119281854 xtb: 6.7.1pre (5071a88)
N           -0.00298466611410        0.04961493525774        0.38661375352168
C            0.03219059902288        1.45065932234627        0.12330552809470
C            1.21312394862737       -0.63090070859530        0.38112773287658
C           -1.21951987099575       -0.59176648465717        0.29391349372912
N            1.18106097010377        2.05540687546402       -0.00151099126850
N           -1.10198002515665        2.10498671395567       -0.00950792286133
N            2.33918726722775       -0.00305201004297        0.22989336476278
N            1.15645639795963       -1.97080908761446        0.53565720182958
N           -2.31471728484681        0.06293522564645        0.04763771239185
N           -1.22500321093184       -1.93385380987425        0.45864106348197
C            2.29683011463510        1.32368510344960        0.07787951702393
C           -0.05051308564368       -2.55132145235396        0.86052321257353
C           -2.22338572238366        1.40033319569089       -0.03448781559073
N            3.51024566824195        1.92948275278176       -0.02847266624440
N           -0.09031970434906       -3.88521385690054        1.24112690300542
N           -3.41790869041837        2.02542735232287       -0.19872562858505
C            3.78962733105359        3.33237435020405        0.08525720946792
C            4.66015898471078        1.21178945248481       -0.13790138107167
C           -3.63577736277935        3.43944852314450       -0.22950995054611
C           -4.48931140821870        1.24346237667462       -0.36853538139609
C            0.91726457220973       -4.56211166494514        0.32521447062168
C           -1.03547454582089       -4.51328545511001        0.24141192453899
N            4.97441624484064        3.80047093366411       -0.14458637302237
N            5.79475050022037        1.65142696799911       -0.25939840042206
N           -4.93242630024589        3.88273517477941       -0.21539340199642
N           -5.43701278175988        0.63267984235397       -0.55868830949799
N            2.01545734747326       -3.97345254128293        0.04114352492196
N           -2.09252261128613       -3.90336100819825       -0.13617759987509
C            6.06621646105185        3.03850635842331       -0.42816118706022
C           -6.03660317744661        3.41949557029833       -0.02006620960601
C           -0.04560800176556       -5.44465577583885       -0.28941639402516
N            7.20974076801258        3.39153245695842       -0.79296601576290
N           -7.16590060398601        3.28888853786865        0.35430511676767
N            0.03536270478987       -6.52992992422550       -0.92628420955231
C            2.78972009327994        4.19134896406758        0.52596530402999
C           -2.65833051261228        4.32486287634037       -0.31723476277772
C            2.32627037604400       -2.77279011779593        0.40967258172102
C           -2.39760673928524       -2.68706442793583        0.21609105447665
C            1.60462601498944        4.75132329786031        0.58067848273851
C           -1.40951034782104        5.08306924244469       -0.39065820155673
N            2.66034439895277        5.64933984577280        0.87810961803004
N           -2.54744088136541        5.72168182390733       -0.35148802034902
H            7.35555121497962        4.37632921930790       -0.96474116965600
H           -7.95536457043889        2.88105776971831       -0.09967569117523
H           -0.84907152840703       -6.92775828485039       -1.22214204057638
H            2.89133869025623        6.31784459131405        0.13982779035586
H           -3.07189045547882        6.57400250602025       -0.33742851556216
H            0.54510368850396        4.73098306682352        0.44740911162769
C           -3.16378223894883        0.41292913776665        5.88166336239401
C           -3.64933160294391        1.38228668004341        6.40007095266202
C           -4.31886358670501        2.55345263527140        6.82573749676999
C           -4.78592366056423        3.42162027140718        5.85704263333609
C           -5.55067150261622        4.54851667572350        6.15836095938534
C           -5.87672569400057        4.79979202284758        7.46169586573024
C           -5.42555328129804        3.95696640495131        8.49917468974572
C           -5.79349249252448        4.20850093772115        9.83542699207294
C           -5.37635177598260        3.38038311230299       10.84680254946662
C           -4.52500738395889        2.29994986251527       10.55148242740026
C           -4.12320600156432        2.04707511867261        9.26581326636781
C           -4.60117401800951        2.84024477730494        8.19083705293972
C           -3.12230227397414        0.97821940227892        9.06617732088453
N           -3.46524151506746       -0.26874587334453        9.41282986195698
C           -2.60387762754912       -1.24067709347814        9.25208032258747
C           -1.31054817660342       -1.06494838148607        8.74168500855491
C           -0.86783668362578        0.27214051247902        8.53301416616613
C           -1.83553122045119        1.28508687872624        8.67084793777641
F           -1.48430464796949        2.56746784174180        8.45110638386135
N            0.41388943839650        0.58395154740004        8.26536842758236
C            1.26200693092524       -0.41911030913832        8.28348491373818
N            0.96262543637739       -1.71451557351068        8.38614454669583
C           -0.30583743648559       -2.07803066442963        8.52060034014238
N           -0.57538500753763       -3.39433990568540        8.48756874174781
C           -1.79772877630960       -3.95354349308933        7.95458846129478
C           -1.48622591587773       -4.69677175875739        6.63917763153452
C           -0.69983883152212       -3.77631043493971        5.67553150156204
C            0.77022398758435       -4.05047042144997        6.03699260334273
C            0.66528766455410       -5.07419666291432        7.18806891233657
C            0.51441960224810       -4.35198008092480        8.53222419886251
N           -0.58619246902024       -5.78834964708610        6.97225790331796
O            2.56015479687248       -0.19438252375930        8.12734072368632
C            2.97374877143998        1.15460777405873        7.98921799782532
C            4.45055797443561        1.17329440134319        7.56770585627478
C            4.92643150788069        2.62177680786379        7.33226544615305
C            6.32253216078421        2.64710862828293        7.95016697354541
C            6.14318695452973        1.70255333780620        9.14141741082969
N            5.27689757070185        0.63963975575876        8.66260447559257
C            5.93216434841436       -0.58391935943412        8.24223172983533
C            5.14109141512137       -1.06197584209243        7.02563340087204
C            4.69102539932578        0.24075682622176        6.37164723376478
F            5.93728152379339       -1.80480318950244        6.18413069672877
O           -5.72236268272120        3.56248561343521       12.14400381424499
F           -4.50910918536161        3.17836576663984        4.55243183709086
H           -2.71100193033381       -0.45209524144163        5.49841385026951
H           -5.88657867517305        5.18266085977905        5.35281945453060
H           -6.49158084256250        5.65081070508227        7.71364795840707
H           -6.41919584074888        5.06494596896083       10.05027598118908
H           -4.17448434874687        1.68388193633241       11.36381009397186
H           -2.94259772478959       -2.20702759721751        9.59893722553047
H           -2.52361012527744       -3.16678435742871        7.75582455360034
H           -2.21482321907638       -4.66929852761821        8.67015604378562
H           -2.41966721578924       -5.07015945226626        6.21377433319718
H           -0.90970974482329       -4.04134327266404        4.63894189831023
H           -0.96971348636995       -2.73042977586971        5.82217644666381
H            1.30834163067958       -4.48071418255725        5.19262386671207
H            1.29456262927723       -3.15450342884404        6.36315397775817
H            1.51038983649686       -5.76231469787420        7.23506934546590
H            1.42625885185310       -3.81892365242235        8.79474682382138
H            0.27356645748311       -5.09404554128978        9.30067388618947
H           -0.50114899509256       -6.43184325295413        6.19134932791754
H            2.34989547673447        1.65960954456843        7.24340280905260
H            2.84923166283230        1.66843791615278        8.94822559050960
H            4.92146675490707        2.88078675933329        6.27561900477586
H            4.27335025684821        3.31634273573428        7.86183636524606
H            7.05588141154935        2.23668730708063        7.25442813610919
H            6.63930763094943        3.64492528011563        8.24377301411008
H            5.63162932035248        2.22424793735592        9.95703404791383
H            7.07929893123750        1.29660173479452        9.52300073490892
H            6.97394648342542       -0.41565046653418        7.93300626401793
H            5.92436942278643       -1.31144191285202        9.05737178580594
H            4.29531939606095       -1.69504163095875        7.30540702426447
H            3.80550527769197        0.11491987242450        5.75335828568817
H            5.50669880455824        0.61425714255352        5.75006060393644
H           -6.29488414875912        4.33454115986712       12.23207680514095
123
 energy: -235.295228970809 gnorm: 0.004973637369 xtb: 6.7.1pre (5071a88)
N           -0.00371518571373        0.04876146172029        0.39172400688304
C            0.03141280521301        1.44872591707005        0.12467652097884
C            1.21183361485597       -0.63166011133253        0.38879647770260
C           -1.22052498301729       -0.59238307036669        0.30130149865196
N            1.18046106127143        2.05341972834363       -0.00111579870180
N           -1.10216001049270        2.10295628648359       -0.01013283675721
N            2.33842147505539       -0.00417147144050        0.23671606210120
N            1.15563819194357       -1.97102267771357        0.54666225667763
N           -2.31603949190376        0.06218820830792        0.05512645887707
N           -1.22579291512797       -1.93456386230666        0.46624121086742
C            2.29596488956561        1.32204020996494        0.08214113892158
C           -0.05183115762655       -2.55122633464709        0.87221056741974
C           -2.22456994563831        1.39917868462887       -0.03125880128266
N            3.50936817067763        1.92816141807903       -0.02225577690502
N           -0.09245761990468       -3.88478432911874        1.25489648744479
N           -3.41887621359218        2.02516780870364       -0.19354866473227
C            3.78705127539039        3.33186701619771        0.08730003414846
C            4.66041620000303        1.21089913816224       -0.12135700626629
C           -3.63524391847409        3.43952640496223       -0.22528554700955
C           -4.49196691339025        1.24473432198848       -0.36023501675423
C            0.91744287575418       -4.56191310838126        0.34140117421074
C           -1.03431657396644       -4.51211774709240        0.25053509028844
N            4.97114565682973        3.80017156182606       -0.14534370866892
N            5.79470171216222        1.65130049376490       -0.24207947162830
N           -4.93211716553356        3.88222122745919       -0.21269097891976
N           -5.44054042603936        0.63549738762469       -0.55065244907928
N            2.01562819363794       -3.97377501685091        0.05697788947934
N           -2.09010985172277       -3.90337782864009       -0.13169177532906
C            6.06330231887780        3.03745519788930       -0.42444089210337
C           -6.03534159418508        3.41872017762532       -0.00786549381938
C           -0.04346239848279       -5.44371948215021       -0.27696649255746
N            7.20564518612073        3.38911143036425       -0.79519332340615
N           -7.16392649221294        3.29313179456131        0.37240378036830
N            0.03944424614122       -6.52960987154571       -0.91176630031873
C            2.78708396485793        4.19128999325835        0.52647797500094
C           -2.65650641688705        4.32370734099948       -0.31081417302937
C            2.32500056777074       -2.77167045424585        0.42249053385757
C           -2.39634734815584       -2.68672061421276        0.21815665062551
C            1.60185516659410        4.75077291837157        0.58268896374039
C           -1.40724983197867        5.08130814133318       -0.37513169138516
N            2.65835262397603        5.65070495622029        0.87177209097818
N           -2.54517144473769        5.72054110946017       -0.34766676483230
H            7.34832920926678        4.37306158308019       -0.97572479564108
H           -7.95928337360666        2.88996915208543       -0.07491283600248
H           -0.84450184145079       -6.92720747335789       -1.20964201552339
H            2.88674128019014        6.31551182265538        0.12925433421778
H           -3.06905649900075        6.57319586044335       -0.33173778348478
H            0.54185615360622        4.72988189748816        0.45353785313678
C           -3.15762194390280        0.40814753457596        5.88017228356295
C           -3.64280679389848        1.37862050917979        6.39594110799043
C           -4.30955475698464        2.55174793173648        6.82023719536789
C           -4.77012200715748        3.42283513699600        5.85138193507226
C           -5.54016214267511        4.54658543838669        6.14936459512528
C           -5.87329414955669        4.79528093626304        7.45135094356538
C           -5.42253339160475        3.95409512507860        8.49025706931433
C           -5.79278237057357        4.20658984547870        9.82560680797131
C           -5.37663473868105        3.38019408178647       10.83867751188280
C           -4.52547009372681        2.29908691047343       10.54527898113191
C           -4.12162063682382        2.04497797320955        9.26052317773803
C           -4.59691242059155        2.83769686520251        8.18423554002664
C           -3.12012877658892        0.97634361078784        9.06311799688826
N           -3.46162969186049       -0.26954134765366        9.41456782965434
C           -2.60016691615918       -1.24141633236329        9.25363902876339
C           -1.30818526828337       -1.06570319388944        8.74026591007120
C           -0.86567529488107        0.27077304427405        8.52873907093848
C           -1.83436011073643        1.28295976264757        8.66450867232868
F           -1.48476971370636        2.56527606718898        8.44169804753947
N            0.41585322166536        0.58178766518682        8.26029319462382
C            1.26360387636743       -0.42175931747601        8.28275446702630
N            0.96431549164219       -1.71665106162580        8.38735333999413
C           -0.30469261613549       -2.07961191148858        8.51841843114421
N           -0.57694355406656       -3.39489252983108        8.47955822402256
C           -1.80127037717460       -3.94816149587074        7.94466296630373
C           -1.49200596133771       -4.69084367627630        6.62867109777010
C           -0.70353959135352       -3.77094020028567        5.66652771872831
C            0.76581796362740       -4.04703473686705        6.02878351953412
C            0.65867003401597       -5.07445546622316        7.17627379301510
C            0.51004654369072       -4.35553451156825        8.52204144643393
N           -0.59453868939030       -5.78500007988359        6.95939315512020
O            2.56240746522384       -0.19666422730016        8.12919501622154
C            2.97574494639767        1.15218769101424        7.99104126973857
C            4.45242851816995        1.17190172545657        7.56840773135066
C            4.92413569787659        2.62134876129442        7.32879813565344
C            6.31905727656176        2.65404148526003        7.94946450694073
C            6.14237096404007        1.70814957774018        9.14035368151607
N            5.27973187685887        0.64236241502510        8.66331429588354
C            5.93511188836430       -0.58182852543349        8.24735497274438
C            5.14544171118990       -1.06331210384072        7.03063485554951
C            4.69225998441309        0.23749151631414        6.37400829374604
F            5.94230342555966       -1.80554655072512        6.19005396049691
O           -5.72309921168329        3.56411720262226       12.13531510000884
F           -4.48784661879615        3.18066087032495        4.54737332317168
H           -2.71414262283288       -0.46254568415409        5.49868308774728
H           -5.87502325049140        5.18022658672169        5.34311676923645
H           -6.49344493866206        5.64313237001203        7.70097977282396
H           -6.41896111762343        5.06309656279702       10.03867583628160
H           -4.17585238860276        1.68391772605685       11.35862914664244
H           -2.93677749237845       -2.20728110879904        9.60408368745620
H           -2.52287127057232       -3.15746571909837        7.74663592398425
H           -2.22286584006996       -4.66325382713435        8.65800111510914
H           -2.42674907129547       -5.06096227633892        6.20333549828085
H           -0.91338506055745       -4.03615125348204        4.63018271950879
H           -0.97192256136732       -2.72484298739307        5.81206717674322
H            1.30512211580477       -4.47503669803120        5.18415982833363
H            1.29006636906657       -3.15238041963851        6.35820123913676
H            1.50238013243889       -5.76426059326025        7.22075454475436
H            1.42286286807907       -3.82552916294413        8.78692097066574
H            0.26671200951192       -5.09967403282043        9.28737996671000
H           -0.51190519897299       -6.42853289148954        6.17830952624243
H            2.35041250073331        1.65819047526561        7.24708520748174
H            2.85406218015964        1.66516417834839        8.95093130722382
H            4.92106065783073        2.87753787594708        6.27142849900413
H            4.26723116704190        3.31515585415097        7.85449337772280
H            7.05544019176862        2.24638356750305        7.25519230600482
H            6.63063133489999        3.65386327577950        8.24228916997797
H            5.62959833755754        2.22857167037468        9.95610836408335
H            7.08042525068732        1.30608556124973        9.52158520550613
H            6.97805189545112       -0.41684837510684        7.93868031210376
H            5.92493214483677       -1.30732371859698        9.06430761540101
H            4.30028443399895       -1.69688708509504        7.31121871419507
H            3.80625633096218        0.10916056134811        5.75679459652555
H            5.50709271680205        0.61069558001445        5.75102735564357
H           -6.29563809845449        4.33617437520610       12.22305029537863
123
 energy: -235.295350274948 gnorm: 0.005351322957 xtb: 6.7.1pre (5071a88)
N           -0.00506671252659        0.04787598861311        0.40008074312223
C            0.03029134771621        1.44636896282324        0.12785103489473
C            1.20973496094921       -0.63254189672828        0.40159851147362
C           -1.22210212522519       -0.59325698340501        0.31244310446931
N            1.17957691087027        2.05095003913189        0.00153462404256
N           -1.10281637064184        2.10037428344483       -0.00969633858630
N            2.33709235421292       -0.00558346800748        0.24895923115074
N            1.15400074570799       -1.97112384466673        0.56423156512212
N           -2.31807657180246        0.06127004024800        0.06655643651513
N           -1.22706378162754       -1.93537101477827        0.47743780914092
C            2.29478228712027        1.31989273077552        0.09121670257949
C           -0.05430825539277       -2.55104634586949        0.88972082519807
C           -2.22624833485010        1.39745419285618       -0.02605419301289
N            3.50821593929827        1.92630629917019       -0.01048685451997
N           -0.09602638863103       -3.88393866168314        1.27432393357484
N           -3.42061992716403        2.02469162183610       -0.18575245357390
C            3.78388814433981        3.33111701293353        0.09157206234065
C            4.66087421374770        1.20949348946858       -0.09426540229291
C           -3.63535667900453        3.43950945747513       -0.22022504689081
C           -4.49590561661496        1.24590095540777       -0.34809885235379
C            0.91794847062759       -4.56219947926657        0.36744187972996
C           -1.03305759877787       -4.51109214162070        0.26530833662222
N            4.96693237648485        3.79929068392128       -0.14635988075741
N            5.79481554691537        1.65056561217905       -0.21517734977576
N           -4.93227589879634        3.88289368609827       -0.20883657004526
N           -5.44767927219956        0.64016201504980       -0.53348732691537
N            2.01636547486811       -3.97427870775159        0.08405993189770
N           -2.08687413103827       -3.90389070900583       -0.12407333611058
C            6.05936171220740        3.03532707015353       -0.41898935283561
C           -6.03439336677123        3.42131330554619        0.00927333224363
C           -0.04000987865143       -5.44368960752095       -0.25635113083315
N            7.19928167850631        3.38460458754958       -0.80024577052441
N           -7.16022566315245        3.30275543026828        0.40082011518387
N            0.04571684420834       -6.53050483184907       -0.88847237679188
C            2.78441580447160        4.19193570957849        0.52810893058976
C           -2.65532122008410        4.32244698913589       -0.30112840016564
C            2.32316674465032       -2.76998463605158        0.44540746864621
C           -2.39482808533537       -2.68689595256266        0.22268972891908
C            1.59876867052077        4.75019301213250        0.58722943367109
C           -1.40577615773163        5.07973834623711       -0.35516189158691
N            2.65596392616406        5.65358681327717        0.86253327746645
N           -2.54350262576738        5.71960485367018       -0.33895555704566
H            7.33752085849216        4.36699549117531       -0.99431811457431
H           -7.96327615071972        2.89589983934833       -0.03185532802018
H           -0.83722629946726       -6.92810745251830       -1.18959032631208
H            2.87897410406434        6.31242348013518        0.11271831792215
H           -3.06659747201731        6.57274624849357       -0.31883791841488
H            0.53786731355005        4.72799464381186        0.46461886540051
C           -3.16435007153533        0.38925401014527        5.88084019436125
C           -3.63095495424412        1.37408541226944        6.38759797479617
C           -4.29468116277542        2.54925054825456        6.81044347911884
C           -4.74747182613798        3.42323640939780        5.84088071527734
C           -5.52262995453004        4.54430860857207        6.13427534443271
C           -5.86621439807339        4.78954193588884        7.43420516734066
C           -5.41736390327070        3.94996589534154        8.47514601281560
C           -5.79193844194366        4.20347933882254        9.80901166800639
C           -5.37750067917738        3.37957363389595       10.82459341278942
C           -4.52607409856286        2.29782596201833       10.53472738464591
C           -4.11821976929432        2.04239058590738        9.25149379814859
C           -4.58901102438990        2.83459279753546        8.17299279406439
C           -3.11606553209356        0.97402124114650        9.05779047219302
N           -3.45577989508097       -0.27041658939671        9.41595945488456
C           -2.59427468954731       -1.24226771721702        9.25518946224622
C           -1.30428491012366       -1.06707112123531        8.73716849623220
C           -0.86176708260934        0.26855576266691        8.52196209737080
C           -1.83144917077549        1.28004476686731        8.65512952485290
F           -1.48375081472974        2.56180547000424        8.42821245008331
N            0.41969190082151        0.57788641485514        8.25346171917697
C            1.26677914559071       -0.42614026639793        8.28192749841203
N            0.96711163336953       -1.72078762099635        8.38786901701476
C           -0.30270845425259       -2.08197655105901        8.51419166196783
N           -0.57946918724279       -3.39611669396277        8.46666148206488
C           -1.80687975546541       -3.94015872867649        7.92968447000641
C           -1.50135528424099       -4.68039347873949        6.61187956312049
C           -0.70969307252712       -3.76199735380669        5.65138365730604
C            0.75832360794392       -4.04219344414623        6.01478147174444
C            0.64788152778085       -5.07486957207896        7.15722213079482
C            0.50285343866272       -4.36153143472114        8.50574718778309
N           -0.60828427648469       -5.77932719094902        6.93835012614995
O            2.56625567944634       -0.20060311336913        8.13306188512406
C            2.97833830500873        1.14847046277549        7.99429190255112
C            4.45461640050356        1.16997279688614        7.56952909927419
C            4.92014606182785        2.62056850718117        7.32337397440770
C            6.31341607634144        2.66362702043058        7.94760636100163
C            6.14163917935125        1.71733244845010        9.13933283519583
N            5.28337122473728        0.64726271486929        8.66539134346552
C            5.94007744088337       -0.57757853985554        8.25538827878299
C            5.15261781691422       -1.06514563958847        7.03898091428691
C            4.69510712592548        0.23229092193791        6.37816226123278
F            5.95136843608579       -1.80735412301947        6.19995222781071
O           -5.72545208006697        3.56635528583743       12.12049059670150
F           -4.45790739229163        3.18206426011409        4.53890062081737
H           -2.70687003679578       -0.47321396365358        5.49808484986340
H           -5.85363419968211        5.17814237052280        5.32679672961516
H           -6.49390204375621        5.63289045925878        7.68028397204772
H           -6.41892853623229        5.06010569822356       10.01915139668647
H           -4.17831602823859        1.68387662017309       11.34973824741596
H           -2.92813969492566       -2.20753693636998        9.61023956939803
H           -2.52233129019831       -3.14363152662791        7.73345813931578
H           -2.23483450425222       -4.65430193645501        8.64002458636635
H           -2.43812321231826       -5.04523499510651        6.18643634367437
H           -0.91957572185115       -4.02691653944385        4.61507487501318
H           -0.97501004652137       -2.71541037150980        5.79603931277138
H            1.29921303712832       -4.46615261738328        5.16924628693255
H            1.28270844659067       -3.14993499410603        6.34986007147455
H            1.48891712773776       -5.76800326461074        7.19771838677689
H            1.41753880032622       -3.83615881849369        8.77298648826764
H            0.25626155908423       -5.10818606108080        9.26717822953397
H           -0.52939869478184       -6.42188770848680        6.15614644530520
H            2.35081371874352        1.65441504128129        7.25235444152266
H            2.85975683617624        1.66073244790275        8.95503837940245
H            4.91912362513603        2.87095437735740        6.26460267075305
H            4.25785566825071        3.31379877655701        7.84295258562160
H            7.05462889768585        2.26096403120609        7.25528266815077
H            6.61686286111408        3.66612857722307        8.24005815102257
H            5.62780963462075        2.23652917538281        9.95541990842872
H            7.08280696349195        1.32106734092081        9.51972636375822
H            6.98472491143297       -0.41628953134272        7.94869881087620
H            5.92675666243443       -1.30044311945648        9.07485249973609
H            4.30909068042890       -1.70016233943292        7.32128324442378
H            3.80838500396399        0.09969706071246        5.76297184253978
H            5.50836595573166        0.60531717181348        5.75287821287197
H           -6.29753734594624        4.33883438353553       12.20675567063796
123
 energy: -235.295492008048 gnorm: 0.006035070427 xtb: 6.7.1pre (5071a88)
N           -0.00702042484578        0.04736422708809        0.41057166968906
C            0.02893677605754        1.44439483876289        0.13294611862932
C            1.20710332186948       -0.63316613717946        0.41794327673145
C           -1.22412227814350       -0.59405922798833        0.32519489620009
N            1.17851785406542        2.04871505116249        0.00694388904375
N           -1.10400390774213        2.09808974451054       -0.00762349527104
N            2.33531920385087       -0.00681793295590        0.26551524390503
N            1.15163005217377       -1.97094625132122        0.58588024522917
N           -2.32056480393933        0.06058013204590        0.07994274502590
N           -1.22877466717785       -1.93596496652488        0.49033541832487
C            2.29349288601493        1.31786003466196        0.10441899986695
C           -0.05777982763215       -2.55058839559015        0.91016034680232
C           -2.22814495009018        1.39574570453486       -0.01906724952854
N            3.50699563737594        1.92443385716474        0.00576656071919
N           -0.10074705484347       -3.88267781243649        1.29615956812894
N           -3.42285617688957        2.02428216034962       -0.17563457780592
C            3.78093525326736        3.33034390131632        0.09772798592445
C            4.66138531468184        1.20803127115178       -0.06091916856438
C           -3.63640468878995        3.43943982986066       -0.21379894853419
C           -4.50088533078264        1.24723589333356       -0.33087938007623
C            0.91856644742995       -4.56309913580817        0.39935004124642
C           -1.03206505335390       -4.51085469961932        0.28368513562723
N            4.96295324338026        3.79774770734052       -0.14723935658478
N            5.79506164288910        1.64926944655021       -0.18360943776830
N           -4.93330541508844        3.88417317722475       -0.20301921328061
N           -5.45546469653935        0.64437141929869       -0.51177691908124
N            2.01757914827833       -3.97492178163372        0.11885259457017
N           -2.08355757912270       -3.90516971541955       -0.11412294050164
C            6.05529449034460        3.03219836584582       -0.41301597824058
C           -6.03388135951140        3.42593579848978        0.02992161546536
C           -0.03585319782780       -5.44520753591841       -0.23023315968050
N            7.19189077866972        3.37808842155373       -0.80773043430114
N           -7.15535678845839        3.31476881068438        0.43542022070750
N            0.05312833094834       -6.53320556541991       -0.85955172587945
C            2.78255983888461        4.19348709871255        0.53096233108922
C           -2.65576779333748        4.32181100124208       -0.28943649203073
C            2.32104222072446       -2.76830565412707        0.47617267649126
C           -2.39364756966692       -2.68795051432816        0.22973019463529
C            1.59619943488657        4.74984743198384        0.59410050175888
C           -1.40648614860610        5.07946980168975       -0.33768219790437
N            2.65381390662738        5.65783717348706        0.85221164337609
N           -2.54388642162026        5.71954291979994       -0.32605250816252
H            7.32547333530342        4.35819003747885       -1.01793851246303
H           -7.96609299788498        2.89968614600897        0.02121630276175
H           -0.82826506424509       -6.93099363754579       -1.16513752608317
H            2.86927962103831        6.30933342795346        0.09325326747099
H           -3.06628650840502        6.57305646300168       -0.29964716779991
H            0.53421331302142        4.72569398492758        0.47931635334568
C           -3.14034201713811        0.38633738764602        5.87440337254648
C           -3.62031293763702        1.36476191979438        6.37947584563105
C           -4.28049484841108        2.54325323646807        6.79811730402725
C           -4.72409863656699        3.41978172712152        5.82661459073915
C           -5.50064040225498        4.54114288941401        6.11501508111911
C           -5.85572008054227        4.78377483120517        7.41246617943909
C           -5.41112465560530        3.94530477544078        8.45608494906601
C           -5.79111123545397        4.20015396593753        9.78814155576091
C           -5.37910074214179        3.37885940181896       10.80667608093868
C           -4.52692610639291        2.29655992074329       10.52172913683260
C           -4.11404433755126        2.03960359714509        9.24038659896670
C           -4.58024125863399        2.83058008532067        8.15905512664582
C           -3.11105547193123        0.97167425754749        9.05118802847720
N           -3.44908447175991       -0.27129380224112        9.41643211407184
C           -2.58771852423657       -1.24322474913634        9.25612463582942
C           -1.29988351132337       -1.06905221744310        8.73283425640574
C           -0.85699995134649        0.26572744933840        8.51433362061566
C           -1.82731238439581        1.27693861375443        8.64490421215651
F           -1.48111293311681        2.55774545140177        8.41353008559171
N            0.42472713095552        0.57266432182715        8.24667155466896
C            1.27105564334731       -0.43168520049019        8.28126892074617
N            0.97038964230443       -1.72649844175481        8.38687121337869
C           -0.30043410105479       -2.08482864785890        8.50826422236289
N           -0.58269856998380       -3.39783112113527        8.45084652394061
C           -1.81372470312696       -3.93091069620522        7.91190446100465
C           -1.51320954352987       -4.66710516297355        6.59109390651361
C           -0.71759075407259       -3.75064682081945        5.63239989489968
C            0.74883237936052       -4.03667207042045        5.99672122251835
C            0.63435447333503       -5.07549766204701        7.13333606349644
C            0.49402494582659       -4.36895535142172        8.48548693730274
N           -0.62564805885406       -5.77230516649688        6.91199018907375
O            2.57102001227525       -0.20577189111326        8.13852469977211
C            2.98095546719728        1.14392288561472        7.99830395756448
C            4.45655277402700        1.16795554743999        7.57089597909963
C            4.91533416352372        2.61951183746682        7.31701325679717
C            6.30683906066276        2.67408575245712        7.94452245737033
C            6.14150006682243        1.72880440188403        9.13837820823287
N            5.28728132787031        0.65367712234950        8.66865278459020
C            5.94651585446939       -0.57183379618786        8.26528743975654
C            5.16165086747733       -1.06700673424858        7.04975154385829
C            4.69923389138031        0.22586542401273        6.38364498152407
F            5.96370666670339       -1.80979883375989        6.21305763919236
O           -5.72985537051455        3.56901218856591       12.10164687239782
F           -4.42541463404689        3.17966664840033        4.52788405126029
H           -2.71783676163203       -0.49713979414192        5.49732688762479
H           -5.82434422969284        5.17630646370634        5.30574550897218
H           -6.48964284250511        5.62368129527058        7.65421116562559
H           -6.41910130675693        5.05698518016084        9.99452333584048
H           -4.18183930930456        1.68390806894029       11.33880900707653
H           -2.91890131931248       -2.20791835659093        9.61556041563950
H           -2.52269795122265       -3.12786175577283        7.71875692832537
H           -2.24824664333483       -4.64430065752119        8.61902446350581
H           -2.45239110135290       -5.02543056031243        6.16525691590679
H           -0.92759331755833       -4.01447263987998        4.59575810657936
H           -0.97877369283889       -2.70329287002064        5.77709700986282
H            1.29109455809243       -4.45555073539481        5.14957706458595
H            1.27396939262571       -3.14763641741674        6.33896740471584
H            1.47175326104955       -5.77326346745584        7.16890648085164
H            1.41137695058804       -3.84916212726282        8.75446327509589
H            0.24418319824585       -5.11802285936779        9.24319582318250
H           -0.55116871617370       -6.41252131920993        6.12748810496651
H            2.35093644351075        1.64828847408086        7.25784120969234
H            2.86454361210378        1.65604108448675        8.95943547423271
H            4.91596382602486        2.86199628095199        6.25639557395621
H            4.24745215449008        3.31272304646252        7.82940590017405
H            7.05350681241302        2.27761301454014        7.25421831424682
H            6.60082174713558        3.67941408182210        8.23698443272975
H            5.62718910563808        2.24721266754112        9.95490332744558
H            7.08615560559390        1.33887490359093        9.51751022103901
H            6.99262545208880       -0.41271089560714        7.96152491007032
H            5.93067471705102       -1.29172296766927        9.08769993107915
H            4.32078964124880       -1.70453611103882        7.33430016166191
H            3.81187913424685        0.08764660479314        5.77083301032316
H            5.51040686313398        0.59891269898844        5.75560681727435
H           -6.30100675673719        4.34239607960575       12.18505560836422
123
 energy: -235.295650909464 gnorm: 0.005009778459 xtb: 6.7.1pre (5071a88)
N           -0.00887190927684        0.04757871345708        0.41953552087640
C            0.02784975691977        1.44400527766567        0.13914444699882
C            1.20510152441102       -0.63304138905006        0.43208633282334
C           -1.22575926548020       -0.59426366458618        0.33389808810950
N            1.17774104833503        2.04786156751981        0.01426119213591
N           -1.10513407960988        2.09751419030928       -0.00366009878994
N            2.33384893840729       -0.00711091929806        0.28086976105820
N            1.14949816092852       -1.97043363548126        0.60368312070613
N           -2.32219050285860        0.06051534339747        0.08883525090040
N           -1.23036518221178       -1.93601949529884        0.49999073755322
C            2.29263593415269        1.31705436307671        0.11695101571502
C           -0.06093016148595       -2.54964113744976        0.92574468092528
C           -2.22923632769746        1.39515472244654       -0.01239071151363
N            3.50614151581814        1.92362458907648        0.02050237359644
N           -0.10511662077261       -3.88131656713333        1.31290593201709
N           -3.42411668935494        2.02401673775426       -0.16728119740261
C            3.77943714490487        3.33004693247680        0.10345779954035
C            4.66150638654534        1.20758654835355       -0.03573159375952
C           -3.63789996828733        3.43899669396456       -0.20638967847670
C           -4.50312223459635        1.24744467574136       -0.31780094957130
C            0.91866855212198       -4.56417000950241        0.42435335735213
C           -1.03166883153621       -4.51189675913927        0.29876579265382
N            4.96119283725420        3.79599488291440       -0.14718917420037
N            5.79510253230402        1.64815833249648       -0.16169036483941
N           -4.93501655868692        3.88353106551968       -0.19293557441038
N           -5.46147080434504        0.64766642774906       -0.48909373963852
N            2.01862207577611       -3.97556745342237        0.14773798702220
N           -2.08152829560649       -3.90709234364523       -0.10521512126829
C            6.05281988435548        3.02910487209630       -0.40940519871031
C           -6.03292893418356        3.42651441600491        0.05282204169809
C           -0.03278634654292       -5.44793238367253       -0.20833760770537
N            7.18680715280635        3.37128829480597       -0.81443333309290
N           -7.15361614189451        3.32355383214956        0.46141493105442
N            0.05872595945344       -6.53710765899041       -0.83554610522165
C            2.78212235957925        4.19548039349419        0.53412915802479
C           -2.65807668970371        4.32232425306563       -0.27988738239728
C            2.31950449081294       -2.76790213207872        0.50358414757085
C           -2.39360348176618       -2.68974058493081        0.23704671247823
C            1.59501312583042        4.75004205468576        0.60048052714319
C           -1.40978676996579        5.08129594979495       -0.33102138745659
N            2.65263995135992        5.66187252555238        0.84522892446466
N           -2.54732583497741        5.72044085169223       -0.31448236470054
H            7.31801067869375        4.34888986753073       -1.03681371066738
H           -7.96585547071201        2.90519756283412        0.05553376511622
H           -0.82097816674249       -6.93497663709373       -1.14576684453856
H            2.86193028842638        6.30762436708818        0.07958452331822
H           -3.06988878330138        6.57363630411831       -0.28329618683381
H            0.53252780176488        4.72407192529940        0.49133861507003
C           -3.13748301828484        0.37375965715991        5.87142174364316
C           -3.61314539392228        1.35699709791368        6.37159221089083
C           -4.26970814182547        2.53858166812884        6.78732175124945
C           -4.70819998818364        3.41519595075279        5.81328211262560
C           -5.48335016391435        4.53857870179946        6.09879885579590
C           -5.84488382876897        4.78117717246416        7.39446913932821
C           -5.40564991562089        3.94248223036271        8.44021900370444
C           -5.79039569359542        4.19839337160508        9.77082605744688
C           -5.38113831500631        3.37836035388158       10.79155257524008
C           -4.52793351638589        2.29584436128890       10.51090331011657
C           -4.11067543361216        2.03794011059051        9.23111985623201
C           -4.57351034293681        2.82765313282938        8.14726235401550
C           -3.10698857181543        0.97035673557683        9.04600908081779
N           -3.44480052566595       -0.27173220525945        9.41496418540360
C           -2.58396665705765       -1.24412663355831        9.25546115230230
C           -1.29720219768984       -1.07113456040679        8.72927809671464
C           -0.85343541626994        0.26317514384360        8.50985556299579
C           -1.82324643313382        1.27501238422314        8.63886845906515
F           -1.47706537616257        2.55504652808143        8.40421921320798
N            0.42894524653989        0.56804624965144        8.24328254410119
C            1.27477276685782       -0.43646041679863        8.28087147381578
N            0.97267799858297       -1.73160836291642        8.38391041913068
C           -0.29905620535532       -2.08736586562738        8.50264515717019
N           -0.58537280191645       -3.39927436751826        8.43847549711401
C           -1.81896826818110       -3.92427891615286        7.89796498807237
C           -1.52313247096332       -4.65686666943458        6.57405393496751
C           -0.72426615238534       -3.74108493806140        5.61736374533107
C            0.74129504672448       -4.03239035128219        5.98136877142283
C            0.62341272972618       -5.07627435956403        7.11326778076544
C            0.48751470513499       -4.37459195944986        8.46864547749658
N           -0.63981375795996       -5.76703118835566        6.89030899753821
O            2.57486845355710       -0.21038845514936        8.14301599905260
C            2.98274648849335        1.14003856243083        8.00090535654569
C            4.45769004330847        1.16683087587357        7.57207231196945
C            4.91225639864125        2.61867490340597        7.31264982517170
C            6.30271174661887        2.68147558480980        7.94126543809647
C            6.14245245031069        1.73820149259368        9.13743829068966
N            5.29056397957310        0.65908620078969        8.67167108985874
C            5.95226227789786       -0.56714178506714        8.27357384946595
C            5.16927273063772       -1.06797374756924        7.05923344894209
C            4.70300716617777        0.22067446841012        6.38850868515456
F            5.97505829697497       -1.81125450512569        6.22538211498349
O           -5.73579750915710        3.57044744534867       12.08542889439491
F           -4.40304668080419        3.17534333512632        4.51677670636979
H           -2.71282051165849       -0.50812958515940        5.49445491810921
H           -5.80077998927680        5.17497069120004        5.28790839137824
H           -6.47884520251206        5.62166678011008        7.63326585317887
H           -6.41945380721263        5.05521653957284        9.97410651017642
H           -4.18556107824687        1.68384608160738       11.32963035190351
H           -2.91417571329972       -2.20840195789015        9.61682145005717
H           -2.52446800242946       -3.11700054838552        7.70863162567916
H           -2.25677224663508       -4.63807867088626        8.60272330839699
H           -2.46415424014439       -5.00996025079729        6.14765941847258
H           -0.93448114580792       -4.00289397891837        4.58004741314812
H           -0.98211861775668       -2.69292674264343        5.76370261031468
H            1.28350677258779       -4.44778365115430        5.13247142406882
H            1.26813432420384       -3.14619230803544        6.32893863888662
H            1.45773543264257       -5.77804801772918        7.14478574236237
H            1.40739200210626       -3.85932368252747        8.73826997371525
H            0.23588941180494       -5.12519395372306        9.22438637203058
H           -0.56849055719977       -6.40405933785868        6.10293141798099
H            2.35102363161193        1.64193982027397        7.26046362260490
H            2.86593707519789        1.65290717387178        8.96150510075342
H            4.91347196943117        2.85521901864121        6.25070342834082
H            4.24132283955417        3.31242246568247        7.82020847216930
H            7.05241932799245        2.28891421451505        7.25226560224752
H            6.59032314902976        3.68874288320290        8.23322378345446
H            5.62827410016601        2.25657374806101        9.95407150899223
H            7.08896718460880        1.35197396124041        9.51552082269607
H            6.99812513499184       -0.40628195896866        7.97136011862468
H            5.93682400566692       -1.28422690249831        9.09863527319861
H            4.33106985247568       -1.70825786477957        7.34521681460986
H            3.81573391106590        0.07738541515165        5.77678420652490
H            5.51253531387538        0.59384553514560        5.75859279440857
H           -6.30601012536410        4.34486488872932       12.16558710244045
123
 energy: -235.295905412468 gnorm: 0.004742400615 xtb: 6.7.1pre (5071a88)
N           -0.01221265281240        0.04848270452583        0.43417199871209
C            0.02603021590035        1.44497792495934        0.15228047711671
C            1.20226882943519       -0.63204324913751        0.45462023725649
C           -1.22847534569331       -0.59407488739923        0.34491840814694
N            1.17638270210261        2.04786715169139        0.03022902333408
N           -1.10717897635258        2.09837413114613        0.00670046654148
N            2.33145548235318       -0.00649494627205        0.30655349153798
N            1.14599925653257       -1.96908620764495        0.63030361925480
N           -2.32429790059328        0.06091759084684        0.09878319114866
N           -1.23316934975133       -1.93564159423895        0.51299906057036
C            2.29130884948189        1.31713716460098        0.13827677592954
C           -0.06605290856501       -2.54745263640788        0.94669405196616
C           -2.23053555856202        1.39550804520746       -0.00106754689007
N            3.50471244458508        1.92357061861484        0.04404270907028
N           -0.11227111567992       -3.87870643187890        1.33555583170067
N           -3.42558338320706        2.02420805829480       -0.15427780431623
C            3.77829449786123        3.33025423417254        0.11290552908756
C            4.66054359409365        1.20799861681298       -0.00339880701763
C           -3.64042906844632        3.43861610472738       -0.19091055010632
C           -4.50531618928323        1.24758766675120       -0.29644061150854
C            0.91797937431899       -4.56571076576818        0.45852432466808
C           -1.03194199517246       -4.51462162602529        0.32051681863936
N            4.96021290689684        3.79292460604182       -0.14606687714012
N            5.79404622871120        1.64638803561561       -0.13691452082812
N           -4.93762007679941        3.88407781968149       -0.17336681275344
N           -5.46663813184546        0.64956683223078       -0.45638313965722
N            2.02007801280880       -3.97655878735159        0.19020028393941
N           -2.07982334486595       -3.91082690562642       -0.09104914644221
C            6.04989537651555        3.02384210179634       -0.40614898248844
C           -6.03362722664960        3.43134102592244        0.08355099959989
C           -0.02906784251950       -5.45314736772552       -0.17609867127643
N            7.18058282983420        3.35899706634045       -0.82488551710805
N           -7.15215189276312        3.33448710780763        0.49782589795788
N            0.06604853245400       -6.54405667404899       -0.80032465956075
C            2.78259775328630        4.19951489550992        0.53972565665856
C           -2.66250332377446        4.32409078328263       -0.26404274550535
C            2.31752499236240       -2.76852531465042        0.54615529273235
C           -2.39515524476895       -2.69340564784647        0.24922756371618
C            1.59421508216515        4.75118892676281        0.60955603891842
C           -1.41590955356877        5.08575791970673       -0.32750642154843
N            2.65102961029191        5.66836183293253        0.83751145310316
N           -2.55457840378010        5.72235820290075       -0.29636610903089
H            7.31112283571246        4.33213677077686       -1.06345750250417
H           -7.96253370052140        2.90437175601366        0.10371695575437
H           -0.81069767208437       -6.94297736143106       -1.11690575763417
H            2.85231591095702        6.30660185327839        0.06396865162162
H           -3.07855724661066        6.57432210690295       -0.26228149663046
H            0.53164384104192        4.72212878710341        0.50704307518893
C           -3.13543483662485        0.35514545970134        5.86664771204501
C           -3.60097104769953        1.34810052312593        6.35875750280485
C           -4.25764644673558        2.53103896416510        6.77070326651252
C           -4.69067647095212        3.40574656277088        5.79203151610061
C           -5.45934692357197        4.53503969353131        6.07468253175929
C           -5.82529425001964        4.78126207723217        7.36812178235148
C           -5.39676060483675        3.94050769525212        8.41685326724496
C           -5.78890760577419        4.19781946870291        9.74524433507626
C           -5.38555036621752        3.37796710949109       10.76866296044191
C           -4.53026203278863        2.29553030817701       10.49444279364195
C           -4.10669544882994        2.03625910789494        9.21691099394813
C           -4.56563860789512        2.82356155940606        8.12941086177081
C           -3.10190506202351        0.96914063798187        9.03765617892136
N           -3.44093296256894       -0.27215772193908        9.40863132524656
C           -2.58132487130261       -1.24573470169108        9.25111258041298
C           -1.29471164593158       -1.07473241507600        8.72387958830587
C           -0.84902416697670        0.25920102512768        8.50596531529618
C           -1.81702077246837        1.27292500681721        8.63298317284932
F           -1.46876238559210        2.55203569991559        8.39620739651388
N            0.43477759245178        0.56136527235313        8.24207447841018
C            1.27995944216236       -0.44336513898022        8.28006237842602
N            0.97489984512816       -1.73923468942657        8.37579776638674
C           -0.29802351781047       -2.09137689414926        8.49281110329939
N           -0.58937106624976       -3.40169688587965        8.42114127241872
C           -1.82606496040070       -3.91714087216202        7.87911810474447
C           -1.53695683398423       -4.64291424461385        6.54967680599477
C           -0.73419870903668       -3.72665393754833        5.59642405717270
C            0.73045221236103       -4.02702818578998        5.95811172778320
C            0.60828893963052       -5.07757522228489        7.08365978056129
C            0.47914731352520       -4.38213161023956        8.44363264362539
N           -0.65931867810790       -5.76005192430927        6.85846082564145
O            2.58001196444171       -0.21725556705400        8.14893424665778
C            2.98498480939077        1.13439475366395        8.00324688118925
C            4.45925311882255        1.16551258751088        7.57459405872751
C            4.90878729092597        2.61724771359497        7.30781952884029
C            6.29868570568979        2.68974684235006        7.93555489672126
C            6.14521999157370        1.75146143183243        9.13627645670960
N            5.29511551205826        0.66693538683541        8.67762266203101
C            5.96154228584483       -0.55972092998812        8.28567431283393
C            5.18112440050426       -1.06895815732164        7.07397567063321
C            4.70966658099288        0.21328405913287        6.39651775415962
F            5.99282643756340       -1.81278971853959        6.24467529520343
O           -5.74842020007787        3.57149147088685       12.06039390718401
F           -4.37989085264785        3.16380792175351        4.49794866752619
H           -2.70365713795463       -0.52284694460083        5.49002659708070
H           -5.76792725888217        5.17291990102103        5.26126560584470
H           -6.45282651143458        5.62728366233241        7.60334183463224
H           -6.41902532113783        5.05487780354266        9.94419418426638
H           -4.19200647974556        1.68441261095173       11.31555678825147
H           -2.91219491129076       -2.20945159827872        9.61296230470150
H           -2.52925098776821       -3.10580852862935        7.69711290994777
H           -2.26524996214722       -4.63359667387314        8.58048248181540
H           -2.48049284871494       -4.98836901043096        6.12246310089754
H           -0.94566895638383       -3.98308406877868        4.55769784926791
H           -0.98698585391938       -2.67747397562402        5.74803729691921
H            1.27049940090272       -4.43865506879344        5.10601684403284
H            1.26135702517567       -3.14536841765910        6.31190221461937
H            1.43815838610144       -5.78500135915303        7.10961020518378
H            1.40274731551080       -3.87286223934907        8.71274375056336
H            0.22660168649161       -5.13455481851810        9.19771756220825
H           -0.59171107362851       -6.39056444604307        6.06541439185378
H            2.35182582599809        1.63117437400939        7.26063651407457
H            2.86432326677541        1.64978510278341        8.96183522941862
H            4.90935137456638        2.84668562014734        6.24434234669134
H            4.23533017481645        3.31189252719325        7.81050267069602
H            7.05062632509432        2.30032615195480        7.24795290353469
H            6.57968991831332        3.69947268713565        8.22491057067184
H            5.63201185772159        2.27123719469260        9.95240378486109
H            7.09334710257823        1.36877379463717        9.51289265058511
H            7.00546895683277       -0.39268179678629        7.98358047108094
H            5.94995803259349       -1.27242177626855        9.11452461249119
H            4.34693375409911       -1.71357658002983        7.36155366262537
H            3.82325741048285        0.06232031619810        5.78527963634229
H            5.51708611041322        0.58686020962499        5.76446638105006
H           -6.31716579241076        4.34765778494567       12.13469607583316
123
 energy: -235.296158053739 gnorm: 0.006069273673 xtb: 6.7.1pre (5071a88)
N           -0.01637333926289        0.04906089683929        0.45416395055057
C            0.02364125846139        1.44570801833368        0.17054174851808
C            1.19882273492032       -0.63103391399334        0.48424831742563
C           -1.23193753675354       -0.59404730859835        0.35960506132825
N            1.17447643257858        2.04752957647297        0.05165739379443
N           -1.10943366823414        2.09915408240136        0.02164681907629
N            2.32846599426512       -0.00579859204137        0.34001678722714
N            1.14175947086963       -1.96745298896163        0.66475026725335
N           -2.32677113467856        0.06103476947356        0.11052653141903
N           -1.23676916297478       -1.93548075235029        0.52972661195887
C            2.28933108737950        1.31715366897775        0.16568585719770
C           -0.07234011377715       -2.54487637815792        0.97313861435958
C           -2.23222227766206        1.39605256200692        0.01366426068250
N            3.50262966060075        1.92342820229354        0.07311361007002
N           -0.12128147633738       -3.87537767673246        1.36513955456923
N           -3.42729458454105        2.02468829943575       -0.13752081876964
C            3.77652490427996        3.33075407254864        0.12423474233958
C            4.65878923571785        1.20816653432546        0.03534561600938
C           -3.64276435366094        3.43847713340109       -0.17035423439869
C           -4.50813009398988        1.24812538110416       -0.26957577177973
C            0.91660080887067       -4.56661982549429        0.50019997005616
C           -1.03243462862599       -4.51696282946791        0.34723938690810
N            4.95822603318421        3.78954327505239       -0.14535100441145
N            5.79200137251571        1.64400938228860       -0.10747089026453
N           -4.94022205497059        3.88383387767982       -0.14653973754965
N           -5.47236980883665        0.65146684435585       -0.41736372698784
N            2.02145011664737       -3.97745224242156        0.24204624609821
N           -2.07787344584889       -3.91470958396826       -0.07355249176084
C            6.04563572901186        3.01735990400367       -0.40253647813152
C           -6.03425745713969        3.43517600803410        0.12466431209722
C           -0.02492516549219       -5.45804729655705       -0.13656372762690
N            7.17286577029470        3.34352132472978       -0.83741123284666
N           -7.15099377891082        3.34499437318801        0.54513326918445
N            0.07503495239897       -6.55112927887087       -0.75659062363747
C            2.78266905558515        4.20437935408789        0.54645139645612
C           -2.66674614982109        4.32608164468966       -0.24470991386779
C            2.31507778642890       -2.76896897979713        0.59769844554850
C           -2.39727346749579       -2.69698637643753        0.26268139742803
C            1.59280540764471        4.75274089285049        0.61949250133900
C           -1.42193377587141        5.09093369526847       -0.31922495766576
N            2.64865015869331        5.67613470238214        0.82807973071963
N           -2.56237514482167        5.72424448599779       -0.27579664972375
H            7.30335803927000        4.31133509464581       -1.09660660096779
H           -7.96025315192761        2.90537001381207        0.16203391464806
H           -0.79821864144104       -6.95202382316914       -1.07975784345732
H            2.84131394040674        6.30574180906908        0.04557387047317
H           -3.08851408197889        6.57470912650102       -0.24088593288007
H            0.53001885102970        4.71981376725263        0.52495587420515
C           -3.12666863845465        0.33746816164149        5.85846639946146
C           -3.59348952074172        1.33188330268249        6.34536785811126
C           -4.24264163538210        2.52173271966160        6.75055195733279
C           -4.66837351401842        3.39411484733304        5.76619583851791
C           -5.42945766749105        4.53042115046845        6.04415378817027
C           -5.79963202302702        4.78257844267962        7.33507770613075
C           -5.38397621686684        3.93994308895457        8.38778152098737
C           -5.78571899484014        4.19888166347879        9.71315342737949
C           -5.39130501955390        3.37855974924575       10.73995210717125
C           -4.53395245665076        2.29581261501134       10.47353592314280
C           -4.10271073318075        2.03428395737834        9.19895492790981
C           -4.55526101814401        2.81957388238252        8.10720507317775
C           -3.09672347098801        0.96731206059110        9.02671547556347
N           -3.43746718568219       -0.27314518728064        9.39902541161890
C           -2.57910555718619       -1.24812652031790        9.24414739958615
C           -1.29206716087895       -1.07910382487237        8.71719291354112
C           -0.84410698197561        0.25434249086118        8.50157202313072
C           -1.81020988984400        1.27006789379904        8.62612250228302
F           -1.45915174847261        2.54847034640303        8.38864028965850
N            0.44118715969576        0.55393254786766        8.24114289674810
C            1.28537310091798       -0.45157687417993        8.27838215200215
N            0.97678462142958       -1.74792417750771        8.36523112777862
C           -0.29734688169495       -2.09657669409248        8.48031786524490
N           -0.59447305511580       -3.40500306998973        8.39957726072565
C           -1.83488189508141       -3.90983836590115        7.85598828795472
C           -1.55328718926030       -4.62648524344906        6.51973563153234
C           -0.74644852045932       -3.70867366964053        5.57125520951989
C            0.71714953950720       -4.02038758781887        5.92878504025151
C            0.59032250080586       -5.07859958442977        7.04681976821556
C            0.46909521963359       -4.39126468134464        8.41224288813574
N           -0.68206312953587       -5.75161741259494        6.81867355770627
O            2.58569093266748       -0.22546797047635        8.15462287714857
C            2.98807056237058        1.12729250922079        8.00545914375375
C            4.46204886863006        1.16319225919912        7.57818715233877
C            4.90453454997530        2.61516568976989        7.30229582699172
C            6.29435554264447        2.69925602705931        7.92853924501269
C            6.14827987530002        1.76755727404546        9.13514959063787
N            5.30098759716919        0.67630071661999        8.68536561214745
C            5.97375178127113       -0.55016130877487        8.30070156822854
C            5.19660323822254       -1.07078879621472        7.09240908542141
C            4.71870051670772        0.20404922415392        6.40659275952629
F            6.01446909669370       -1.81500273437898        6.26848205068393
O           -5.76521603162967        3.57318505392502       12.02861329465432
F           -4.35453874907800        3.14640967371514        4.47410737191429
H           -2.69191929451710       -0.53906724245325        5.48192887749497
H           -5.72922486124484        5.16871971607230        5.22750330989080
H           -6.41968184985231        5.63552845030981        7.56566897941204
H           -6.41636060731646        5.05674026650445        9.90682285939024
H           -4.20075652081935        1.68604186745064       11.29773692352945
H           -2.91129532676634       -2.21110163915859        9.60666619796688
H           -2.53551975557471       -3.09403565672312        7.68304169004627
H           -2.27512694162376       -4.63041898396153        8.55269216186639
H           -2.49992176711258       -4.96260216159906        6.09181755268042
H           -0.96043280116827       -3.95712261867871        4.53089713729049
H           -0.99279253683812       -2.65870484269360        5.73049022743307
H            1.25350543961807       -4.42825068697506        5.07254214669015
H            1.25352572635838       -3.14436885056488        6.28888742615723
H            1.41526135217839       -5.79207763893079        7.06619089942552
H            1.39666574871408       -3.88877191747187        8.68100269971993
H            0.21563826723364       -5.14663426155559        9.16349208007136
H           -0.61876369443191       -6.37437834898120        6.01893190279540
H            2.35411279738831        1.61878428299181        7.25987251667329
H            2.86265337343741        1.64563894105422        8.96177297716484
H            4.90364145643915        2.83727133356515        6.23719493545816
H            4.22786784825234        3.31007911980462        7.80026901143779
H            7.04846928888047        2.31177764351736        7.24264717817145
H            6.56852766348623        3.71233778978864        8.21280846364124
H            5.63563019773429        2.28965229020997        9.94994387579239
H            7.09865648864677        1.38993704239316        9.51073229176887
H            7.01572422992122       -0.37695743836673        7.99734328149076
H            5.96704862252666       -1.25714853153569        9.13432025015994
H            4.36660579850859       -1.71970953097713        7.38233221169944
H            3.83340768730923        0.04396133377092        5.79583432762838
H            5.52393718457514        0.57805566568719        5.77215692391674
H           -6.33264933832045        4.35102603623638       12.09622345389311
123
 energy: -235.296440205831 gnorm: 0.006802008260 xtb: 6.7.1pre (5071a88)
N           -0.02077231411076        0.04924448058127        0.47789979265417
C            0.02081887931331        1.44600083020380        0.19261392266111
C            1.19512649044045       -0.63009240443385        0.51777468604817
C           -1.23564928458390       -0.59416937397687        0.37691745961339
N            1.17206782126809        2.04692969276386        0.07633704025441
N           -1.11181447910921        2.09962952317154        0.04077754138585
N            2.32514558633767       -0.00499492354059        0.37732131957137
N            1.13726708255398       -1.96566444869885        0.70325691832314
N           -2.32929349552536        0.06078961396166        0.12341031925096
N           -1.24061183808165       -1.93558120679960        0.54855547327109
C            2.28674947067525        1.31719133888227        0.19594271331820
C           -0.07896554084185       -2.54241446609737        1.00209460769130
C           -2.23440713105767        1.39666723856729        0.03123855221827
N            3.49996158884159        1.92320477054261        0.10346026830682
N           -0.13094125232986       -3.87173799108918        1.39860397562389
N           -3.42944997375929        2.02538135933191       -0.11734856892930
C            3.77419348843958        3.33135019732870        0.13572908819149
C            4.65628147226458        1.20809483575939        0.07458030519764
C           -3.64500306330064        3.43877942975510       -0.14566338505771
C           -4.51156755993571        1.24908136245535       -0.23953457265756
C            0.91456375633869       -4.56631236717715        0.54430422094673
C           -1.03312863660517       -4.51821720311065        0.37583046442622
N            4.95518192694916        3.78606073827799       -0.14542299012067
N            5.78901461300333        1.64136385283018       -0.07811515064980
N           -4.94273170090932        3.88343649669529       -0.11647245148060
N           -5.47694643495629        0.65252303593135       -0.37899106337808
N            2.02223167193966       -3.97768487368569        0.29649859840859
N           -2.07588134145744       -3.91793165524681       -0.05462902745939
C            6.04018987483578        3.01031247052261       -0.39946854014124
C           -6.03511555175990        3.43878996125275        0.16729802988586
C           -0.02108856965288       -5.46134053790516       -0.09477469813449
N            7.16412976067138        3.32662914892867       -0.84994273482519
N           -7.14819287538001        3.35077163004490        0.59816557859275
N            0.08443845409338       -6.55678696909159       -0.70983752631721
C            2.78224516319485        4.20922134760162        0.55342964556083
C           -2.67039224484726        4.32776015266485       -0.22358200473818
C            2.31234949242165       -2.76862631126740        0.65117605823834
C           -2.39948958758495       -2.69956229907906        0.27553681276924
C            1.59106080248523        4.75460809184724        0.62878843045667
C           -1.42718718448009        5.09528017409358       -0.30779219550991
N            2.64596787067776        5.68369183384133        0.81848524808411
N           -2.56913825645127        5.72559791475867       -0.25508603960726
H            7.29535034615175        4.28871378678385       -1.12982499506717
H           -7.95908971822605        2.90707874664680        0.22507199202237
H           -0.78533728057018       -6.96020669923791       -1.03888474188139
H            2.83093224684271        6.30469547964855        0.02741561556971
H           -3.09745698296297        6.57479684035580       -0.22170215126012
H            0.52800284222794        4.71795637474131        0.54229554182345
C           -3.11554457970520        0.31933811081649        5.85013087937954
C           -3.57749225749091        1.32050120553330        6.32911940455403
C           -4.22719915912931        2.51218897382831        6.72824063837735
C           -4.64509182869208        3.38239754655273        5.73863991191167
C           -5.39874394470456        4.52533240457568        6.01073009167236
C           -5.77242160284627        4.78437314359429        7.29922640641769
C           -5.36956451681084        3.94048120563573        8.35611227213175
C           -5.78093912196071        4.20170005687583        9.67808741213549
C           -5.39747149115430        3.38040386147859       10.70849261593530
C           -4.53855513773843        2.29688478577479       10.45014344021451
C           -4.09923308974099        2.03246982598063        9.17887876347914
C           -4.54453557489040        2.81566287095852        8.08258684296912
C           -3.09237620253945        0.96510129701692        9.01407998494984
N           -3.43521485006422       -0.27459252440581        9.38675065704933
C           -2.57786360244027       -1.25094788988868        9.23489350973667
C           -1.28984027921545       -1.08363282507790        8.70965527022451
C           -0.83938998845240        0.24926406564753        8.49695321995838
C           -1.80388347957401        1.26675516164088        8.61896800643174
F           -1.44968679858032        2.54482850118815        8.38281062390225
N            0.44719559252808        0.54679647215134        8.24025701676370
C            1.28991967701276       -0.46018738955984        8.27559790821722
N            0.97772551801168       -1.75650888630654        8.35348493337493
C           -0.29744741489427       -2.10232448373519        8.46659936403628
N           -0.60012961698654       -3.40873522037451        8.37627563571870
C           -1.84421018559390       -3.90362557215499        7.83136539175855
C           -1.56980309193177       -4.61001854691678        6.48804854882196
C           -0.75959576553352       -3.68922693753834        5.54533162228130
C            0.70307261755713       -4.01285215159900        5.89671566958383
C            0.57218213472689       -5.07866941378424        7.00702476973569
C            0.45877680641134       -4.40038638311769        8.37795954028801
N           -0.70451969217229       -5.74268754734842        6.77593294303871
O            2.59081657170043       -0.23429305490283        8.15826457767341
C            2.99161773179138        1.11919324480951        8.00705625045111
C            4.46589707094590        1.15986108945433        7.58232793428989
C            4.90021120615578        2.61238870679890        7.29681276836576
C            6.29036350792859        2.70841144722949        7.92092203755421
C            6.15080347500038        1.78436411658009        9.13411029588871
N            5.30750464051094        0.68573521655231        8.69366831701728
C            5.98753648848680       -0.53977447165490        8.31698317732676
C            5.21389978296188       -1.07329177982393        7.11240043950140
C            4.72917620086286        0.19403484936317        6.41744444714390
F            6.03709964265702       -1.81796564088523        6.29427476832740
O           -5.78363868808830        3.57568295963677       11.99348492373075
F           -4.32897852481046        3.12773776892977        4.44779510572779
H           -2.68483227793323       -0.56110505751058        5.47707310465311
H           -5.69051810861545        5.16332061558584        5.19083443418851
H           -6.38529824397562        5.64413073779549        7.52485972282098
H           -6.41086327231961        5.06127663801237        9.86628866665280
H           -4.21108579299524        1.68856869980973       11.27773966042079
H           -2.91200786878932       -2.21308725689268        9.59794890037472
H           -2.54256055442004       -3.08380730246899        7.66809685833473
H           -2.28476517631977       -4.62917937383355        8.52283774475274
H           -2.51953301036847       -4.93667155812719        6.05963511392044
H           -0.97731329556411       -3.92771430234806        4.50332778795878
H           -0.99905027309775       -2.63897689897883        5.71409977167990
H            1.23432436955151       -4.41774825467403        5.03586317436976
H            1.24587708611744       -3.14287048786832        6.26189721573960
H            1.39266161748953       -5.79739953837316        7.01952152318006
H            1.38984357284594       -3.90437181616542        8.64678352335813
H            0.20459284002238       -5.15968509382847        9.12522693666979
H           -0.64555136467554       -6.35771945816358        5.96970287417726
H            2.35797895268992        1.60673704646499        7.25838713530412
H            2.86144888902809        1.64002004615297        8.96140259387574
H            4.89700804280971        2.82810292675299        6.23033618427432
H            4.22034532915839        3.30676686352187        7.79127375888763
H            7.04591310162067        2.32073623885440        7.23682286920112
H            6.55890987188414        3.72517581415721        8.19780382455957
H            5.63776646813095        2.30956751551397        9.94652636249106
H            7.10363708878375        1.41312448054622        9.50987931907846
H            7.02785520618770       -0.36129176014173        8.01128948353363
H            5.98617948712591       -1.24036550345755        9.15582835415562
H            4.38756756064875       -1.72546262135077        7.40554449675256
H            3.84526823792819        0.02456669001304        5.80702714129700
H            5.53262188176760        0.56833171594283        5.78091231573404
H           -6.35046294767450        4.35455306532005       12.05475142655578
123
 energy: -235.296792404783 gnorm: 0.005578783505 xtb: 6.7.1pre (5071a88)
N           -0.02530877964523        0.04922585980466        0.50681462762395
C            0.01746409415029        1.44600605252420        0.22027777918843
C            1.19116737577317       -0.62902401886876        0.55611504509628
C           -1.23943248444053       -0.59430937565744        0.39793487401374
N            1.16900199292433        2.04632982219361        0.10552860322860
N           -1.11445992810934        2.09991437800503        0.06624291861220
N            2.32138130183359       -0.00384169364332        0.41901448960969
N            1.13245223911741       -1.96353513344954        0.74659855411791
N           -2.33162204660167        0.06017188490837        0.13815879007238
N           -1.24452816153358       -1.93582237250987        0.57034774135672
C            2.28336693305691        1.31747529401314        0.22956671370164
C           -0.08586732158988       -2.54015080395069        1.03400429958123
C           -2.23714616163765        1.39735519267285        0.05290293518173
N            3.49649828224596        1.92294530952832        0.13434487766704
N           -0.14109255529713       -3.86767504253237        1.43656699865044
N           -3.43211358572448        2.02608035176988       -0.09284739831354
C            3.77129755655927        3.33181247241128        0.14733403882927
C            4.65260878121575        1.20783193409859        0.11174226504994
C           -3.64735455242880        3.43941152096242       -0.11662783063625
C           -4.51519380771086        1.24983970355619       -0.20696547076444
C            0.91160994869634       -4.56429721330382        0.59087313007395
C           -1.03426435122838       -4.51806374785020        0.40700817156605
N            4.95098473860719        3.78205599857903       -0.14620521688809
N            5.78466324585410        1.63832069408190       -0.05168764624826
N           -4.94522923869272        3.88291231904779       -0.08035695956779
N           -5.48060553102627        0.65223961234678       -0.34022351612676
N            2.02201051645639       -3.97678616940390        0.35329135960552
N           -2.07407534414850       -3.92014474414255       -0.03313920940788
C            6.03344792103499        3.00237750111153       -0.39727614476533
C           -6.03605435184150        3.44189634480356        0.21472204750169
C           -0.01804404166357       -5.46238281757270       -0.05063713569601
N            7.15431713683879        3.30810854458371       -0.86174476188969
N           -7.14530794138201        3.35351112180399        0.65591140072665
N            0.09368816151581       -6.56032541567827       -0.66002822147391
C            2.78134263998319        4.21380525208519        0.56069547589845
C           -2.67355344276886        4.32872588085477       -0.20173768840408
C            2.30925568265504       -2.76704088246000        0.70628193548059
C           -2.40172457011423       -2.70066203752810        0.28861819892854
C            1.58918339123655        4.75703880571602        0.63670418370868
C           -1.43156270852030        5.09806983323858       -0.29286419168218
N            2.64312025117368        5.69048041493269        0.80943974940965
N           -2.57450424828582        5.72609147991635       -0.23513039310571
H            7.28743958303153        4.26398698124459       -1.16033553371375
H           -7.95804011435729        2.90606689616014        0.29038976811642
H           -0.77279408598030       -6.96681597903488       -0.99375135260735
H            2.82222797672971        6.30320540792105        0.01089455086146
H           -3.10480332026469        6.57441749416480       -0.20644669076855
H            0.52593691069404        4.71728287170225        0.55745607578426
C           -3.10124057813195        0.30376042269287        5.83929859401061
C           -3.56651851936274        1.30490093448313        6.31347464104316
C           -4.21075608675506        2.50254022529750        6.70442840917225
C           -4.62092187506946        3.37015021446174        5.70969175554430
C           -5.36714542108629        4.51954698836298        5.97411805980517
C           -5.74275855397376        4.78735828656801        7.26032395407912
C           -5.35235424348945        3.94340829295567        8.32179667046876
C           -5.77362353573869        4.20751872979454        9.63990420351713
C           -5.40389427926341        3.38439435481569       10.67408526981754
C           -4.54455346615186        2.29913187158443       10.42419881290153
C           -4.09650885808228        2.03118853211553        9.15682893335896
C           -4.53225190575414        2.81316400530371        8.05587107372365
C           -3.08948045871463        0.96255390469584        8.99979764530138
N           -3.43515902232219       -0.27671518236928        9.37053720434124
C           -2.57848748345068       -1.25430082375418        9.22182054492243
C           -1.28864042992021       -1.08831734981129        8.70044035826680
C           -0.83524578382791        0.24407262226973        8.49224154208546
C           -1.79841837870083        1.26303698010831        8.61239381794445
F           -1.44062796347242        2.54125045523655        8.38055554132390
N            0.45236163793787        0.54024792995096        8.23957395566191
C            1.29296916370797       -0.46908677184682        8.27092001856496
N            0.97709035835634       -1.76474708529194        8.33969727123623
C           -0.29889563837948       -2.10854889060775        8.45092156930388
N           -0.60631080600379       -3.41290793791045        8.35092559360715
C           -1.85366722694205       -3.89957760285193        7.80543859285186
C           -1.58552365506327       -4.59412764702858        6.45480393936156
C           -0.77344354646502       -3.66815795472870        5.51891280983025
C            0.68850718444041       -4.00415397263102        5.86136133918099
C            0.55505063362521       -5.07701618868411        6.96414392203860
C            0.44878974221590       -4.40874136137786        8.34046597292774
N           -0.72504823301152       -5.73322237111030        6.73030625118029
O            2.59475163581312       -0.24386083341504        8.15807806867938
C            2.99546759880859        1.10987617942144        8.00752346292477
C            4.47088508840673        1.15523451596628        7.58695246818727
C            4.89601985520513        2.60858202431002        7.29173092499203
C            6.28704714951558        2.71587825222430        7.91244495981709
C            6.15237514582551        1.80136468633670        9.13331516195332
N            5.31441408864113        0.69481587652925        8.70248203503798
C            6.00294041216241       -0.52857185410846        8.33421407096869
C            5.23304696252674       -1.07652397942083        7.13374648129873
C            4.74162261110098        0.18330308349516        6.42895342811489
F            6.06037417434738       -1.82213960833583        6.32202177934131
O           -5.80394442196734        3.57958140171979       11.95460872651350
F           -4.30631668305713        3.10509977140145        4.41924801764603
H           -2.67435707241668       -0.58027248069772        5.46970403542848
H           -5.65259277387503        5.15578748704039        5.15079704404811
H           -6.34867013296531        5.65376115833280        7.48047687803222
H           -6.40145717211619        5.06982815572006        9.82237132243225
H           -4.22427059322773        1.69194493381293       11.25545469342892
H           -2.91555726383643       -2.21563579376102        9.58453246604182
H           -2.55066282342875       -3.07694457852699        7.65256004366057
H           -2.29298741843245       -4.63111181253971        8.49132721812029
H           -2.53799881886538       -4.91185362958010        6.02607628702855
H           -0.99644325868475       -3.89382512563930        4.47518056321556
H           -1.00562835761495       -2.61840639491149        5.70015548838502
H            1.21256750495995       -4.40725276535485        4.99522747554550
H            1.23902698533491       -3.14057137330411        6.22953347389910
H            1.37200761449409       -5.79958119699420        6.96957262533752
H            1.38253793229418       -3.91836857573422        8.60972422352833
H            0.19442754449361       -5.17306001422955        9.08251929814281
H           -0.67018827204658       -6.34072221535359        5.91808414369502
H            2.36383702656932        1.59569931753263        7.25580670485401
H            2.86047732898230        1.63200156485026        8.96055241389906
H            4.88908717906228        2.81932798449655        6.22429396256171
H            4.21347934884171        3.30142290344813        7.78475970134844
H            7.04267425469027        2.32464001398566        7.23023916195904
H            6.55237993153899        3.73632383588444        8.17903666227285
H            5.63746182002517        2.33095487480656        9.94165373130741
H            7.10748208426276        1.43790876364933        9.51137241332532
H            7.04187498650569       -0.34547380039941        8.02513827998500
H            6.00767815939335       -1.22227887865817        9.17850633388095
H            4.40951870735899       -1.73028014678331        7.43132517699745
H            3.85966638001037        0.00432083657912        5.81846540649792
H            5.54396914434430        0.55775141394348        5.79102076030419
H           -6.37109635047440        4.35860662856496       12.01005592098982
123
 energy: -235.297194545536 gnorm: 0.004915705119 xtb: 6.7.1pre (5071a88)
N           -0.02979896781504        0.04935084877532        0.54117046107780
C            0.01350268938434        1.44563196370352        0.25311112586562
C            1.18674272500744       -0.62783757955767        0.59895434185963
C           -1.24310022307638       -0.59430915325320        0.42427102211689
N            1.16524105972893        2.04570536452087        0.13793935355964
N           -1.11761861524292        2.09981327416840        0.09793577611301
N            2.31711262739644       -0.00254753345380        0.46401236984725
N            1.12726079205657       -1.96114659042179        0.79489258771675
N           -2.33390247385866        0.05937955463352        0.15785815076344
N           -1.24824652483359       -1.93603308403321        0.59648728087953
C            2.27911331963170        1.31767596304149        0.26576799017650
C           -0.09295434537394       -2.53834719992869        1.07034766117766
C           -2.24067999580596        1.39778376549591        0.08000705448452
N            3.49229518120232        1.92207771468142        0.16482911869069
N           -0.15137197784770       -3.86347996761081        1.48000920307227
N           -3.43559724783757        2.02650644401117       -0.06228823682789
C            3.76767808480917        3.33146627917962        0.15913369597173
C            4.64808365592849        1.20668132927224        0.14769670546133
C           -3.65020352794201        3.44018777687115       -0.08343902852025
C           -4.51943303331815        1.25039324472251       -0.17154203417111
C            0.90811717965822       -4.56078826369063        0.64162492549658
C           -1.03565476138563       -4.51642431332317        0.44185908223888
N            4.94542249476954        3.77713921629419       -0.14771645028124
N            5.77940473570304        1.63444393371272       -0.02642379469850
N           -4.94818213521616        3.88175358793186       -0.03932007055918
N           -5.48421177467789        0.65106516004312       -0.30156598387690
N            2.02078961702417       -3.97463269398699        0.41300423422034
N           -2.07211080611267       -3.92102196753245       -0.00837857881304
C            6.02568835694706        2.99333810922725       -0.39483196024828
C           -6.03692295117855        3.44240900171611        0.26636856181614
C           -0.01559791152539       -5.46101135696255       -0.00384345273815
N            7.14349616232970        3.28894382826997       -0.87261361066354
N           -7.14124054412422        3.34947323754306        0.71967683920513
N            0.10282276934721       -6.56144590938857       -0.60726727758724
C            2.77994272598713        4.21761514421175        0.56835181437835
C           -2.67653285281579        4.32850804631206       -0.17951151268328
C            2.30556309355735       -2.76374687355829        0.76334205299247
C           -2.40325536051048       -2.70000496176967        0.30347136369741
C            1.58723648147943        4.75989327224994        0.64376563833836
C           -1.43500850659726        5.09799422250378       -0.27628390303281
N            2.64069378067139        5.69653417202078        0.79991037361127
N           -2.57778285791101        5.72561144246299       -0.21544731869240
H            7.27815122085245        4.23874428274271       -1.18892972129707
H           -7.95903884620648        2.90895767370552        0.35706638007062
H           -0.76082024360470       -6.97068736841720       -0.94517270032331
H            2.81535540505956        6.30069057019591       -0.00612085069212
H           -3.10895347359117        6.57385651457172       -0.19200326403711
H            0.52366176396117        4.71806424131817        0.57104093736854
C           -3.08606393066252        0.28755733425065        5.82769944618602
C           -3.54920266976489        1.29315589409943        6.29520416863201
C           -4.19266924174444        2.49361211123771        6.67816227256062
C           -4.59519608808951        3.35885867721509        5.67889674442336
C           -5.33552581337705        4.51340035294927        5.93408071231239
C           -5.71341879909285        4.78979765976618        7.21804214728127
C           -5.33397798152788        3.94726142132550        8.28433024516065
C           -5.76436518845971        4.21550800887366        9.59838374820974
C           -5.40991538276071        3.39058824186037       10.63652624307019
C           -4.55167706938298        2.30230982069996       10.39541372059453
C           -4.09409577298245        2.03049413439374        9.13246185441833
C           -4.51886740275844        2.81145727220166        8.02649405922866
C           -3.08781353636159        0.95973772848286        8.98359054951873
N           -3.43675351840131       -0.27938550406425        9.35109960993847
C           -2.58038705818459       -1.25787243727556        9.20517501994260
C           -1.28841756325397       -1.09296128977438        8.68854505317191
C           -0.83157657871874        0.23898883264193        8.48597015926572
C           -1.79391101610016        1.25897079273084        8.60507339985043
F           -1.43273420882415        2.53765657519587        8.37971508373982
N            0.45676646762135        0.53410736377885        8.23719477873231
C            1.29458253951577       -0.47832104980137        8.26382082601804
N            0.97520373475344       -1.77269667612136        8.32464767257444
C           -0.30159181532241       -2.11494455183604        8.43320320461903
N           -0.61277601615136       -3.41731209098855        8.32285940428549
C           -1.86311042702958       -3.89708693531252        7.77747667041076
C           -1.60035803858254       -4.57883255403744        6.41955089186476
C           -0.78779487136331       -3.64542807603461        5.49153955219773
C            0.67372189740781       -3.99349519555973        5.82262020582058
C            0.53944120429694       -5.07326271901191        6.91799242652683
C            0.43938300222570       -4.41603755639275        8.29976360144648
N           -0.74321621136911       -5.72303580802323        6.68167579590148
O            2.59751078352967       -0.25443669899243        8.15312502525281
C            2.99949214122071        1.09918966460813        8.00713718024553
C            4.47669580268390        1.14914457835677        7.59144659344214
C            4.89179100195229        2.60359952773521        7.28655737966145
C            6.28381745570101        2.72164732897585        7.90326573893063
C            6.15219755969052        1.81845396351666        9.13282139306235
N            5.32142916610773        0.70327681904363        8.71118640869342
C            6.01927099508732       -0.51715784048595        8.35237319820372
C            5.25342635448305       -1.08062857065586        7.15609716075231
C            4.75578796213974        0.17156321436334        6.44061784628263
F            6.08388738534082       -1.82839004058487        6.35172679552259
O           -5.82371289218470        3.58606456336998       11.91213666005001
F           -4.28137568660970        3.08346945245450        4.38877834313124
H           -2.66674150869926       -0.60336333170709        5.46482448709281
H           -5.61546506836399        5.14719189628381        5.10724201950215
H           -6.31476210230279        5.66088714302788        7.43215357200210
H           -6.38854592596410        5.08173923591997        9.77483584639752
H           -4.24035327162308        1.69565593617060       11.23049896642540
H           -2.92066633646167       -2.21855651280596        9.56686258770731
H           -2.55928680576417       -3.07236461551989        7.63510932637110
H           -2.30048084588453       -4.63486798610676        8.45769695869213
H           -2.55504894375944       -4.88870455400029        5.99036044591611
H           -1.01718444010940       -3.85584960228338        4.44606805512541
H           -1.01275664512367       -2.59702381345732        5.68788480161971
H            1.18895841085870       -4.39526315413012        4.95047080233041
H            1.23286481265763       -3.13642928235118        6.19224209332615
H            1.35406578258179       -5.79824335440380        6.91593251768346
H            1.37505912257108       -3.93051808921773        8.57035445665778
H            0.18502682032524       -5.18647205637703        9.03523489989467
H           -0.69253134044281       -6.32388540815619        5.86443515593974
H            2.37106249465490        1.58654796599975        7.25359731397790
H            2.86074164256382        1.62009201793192        8.96033850666453
H            4.88003885991252        2.80989915874989        6.21832901613347
H            4.20681167030582        3.29424486815601        7.77949277254355
H            7.03880241989792        2.32386146156848        7.22358396818484
H            6.54792347759343        3.74560081891075        8.15754999577774
H            5.63311448257411        2.35342626765158        9.93505924045160
H            7.10911859430720        1.46452721634594        9.51602270327642
H            7.05730899873457       -0.33030063074323        8.04023963727742
H            6.02993294424166       -1.20385633723543        9.20218054150705
H            4.43178015661735       -1.73421032931178        7.45943575940532
H            3.87643559594261       -0.01714247620608        5.82952261867920
H            5.55777264368522        0.54609301434536        5.80213308201701
H           -6.39204833425040        4.36447443073892       11.96252050798319
123
 energy: -235.297610869917 gnorm: 0.005428266793 xtb: 6.7.1pre (5071a88)
N           -0.03440186708098        0.05006798940171        0.57938495040693
C            0.00889805121485        1.44527171324778        0.28925692343569
C            1.18169604622719       -0.62640010672191        0.64460284526381
C           -1.24682130965459       -0.59398795754951        0.45561836743047
N            1.16084478815862        2.04525305090822        0.17184449274205
N           -1.12165014132132        2.09962662602699        0.13377543145785
N            2.31230418330935       -0.00122132431981        0.51028553330648
N            1.12165419141505       -1.95854126537022        0.84647701955436
N           -2.33660216295556        0.05878627476254        0.18383498791945
N           -1.25181093825987       -1.93594540401501        0.62689888532112
C            2.27415432221849        1.31769047085429        0.30303808516543
C           -0.10024017967207       -2.53682485461519        1.11098430250837
C           -2.24511019583276        1.39790135346536        0.11202881488156
N            3.48751755905164        1.92047051847585        0.19427574411425
N           -0.16159857577160       -3.85944099444223        1.52730222285269
N           -3.44008728545413        2.02655528781725       -0.02662482714154
C            3.76348333142331        3.33002682893530        0.17115217363472
C            4.64301754570094        1.20451968649476        0.18272820746476
C           -3.65397565818791        3.44091276799520       -0.04749309721746
C           -4.52440688874675        1.25061499110820       -0.13438835901725
C            0.90460116330549       -4.55681373812301        0.69656848139974
C           -1.03720542750137       -4.51418325077398        0.48017268775704
N            4.93903023351854        3.77110512891359       -0.14935725544188
N            5.77364675367150        1.62968510738185       -0.00180040091352
N           -4.95150315408640        3.88181991546815        0.00619101841849
N           -5.48795020048891        0.64943988840753       -0.26389694229561
N            2.01909471648226       -3.97173378500799        0.47558023665304
N           -2.06990870332677       -3.92099962384646        0.01945844483804
C            6.01730481830652        2.98326653345900       -0.39233608883382
C           -6.03807854167556        3.44363824237749        0.32161065815088
C           -0.01333902468160       -5.45837232658954        0.04506249053250
N            7.13193945791132        3.27009894320341       -0.88260653437168
N           -7.13787821538449        3.34641072928846        0.78532769099126
N            0.11178826152818       -6.56093665249231       -0.55293902904263
C            2.77827884051823        4.22064835047985        0.57632251790827
C           -2.67978977753178        4.32700568607966       -0.15704369301763
C            2.30128576505541       -2.75926326922081        0.82293883355946
C           -2.40396591818940       -2.69854130103040        0.32212279396706
C            1.58548569649497        4.76316107112799        0.65045856574274
C           -1.43772797535357        5.09458187822384       -0.26042047505568
N            2.63909376730441        5.70206988358201        0.78978560166959
N           -2.57905923492904        5.72409990620226       -0.19532868595692
H            7.26691221882472        4.21437520438411       -1.21461108839258
H           -7.95983025059132        2.90724373941509        0.42565589966973
H           -0.74938871630256       -6.97200537006708       -0.89544899165969
H            2.81013172234332        6.29697031696724       -0.02419983745382
H           -3.10950842408286        6.57307284526761       -0.17550195448931
H            0.52147823580215        4.72029879423612        0.58356681481635
C           -3.07105509121997        0.27164390221168        5.81430860538990
C           -3.53443641901237        1.27909755355332        6.27656244508284
C           -4.17292601555287        2.48501784225070        6.65040744117437
C           -4.56734507510255        3.34822480086646        5.64646187849704
C           -5.30347230958177        4.50692831351385        5.89147021159427
C           -5.68525881653060        4.79107310635749        7.17292845679832
C           -5.31544777855176        3.95117018851871        8.24440525312249
C           -5.75426680662427        4.22464455960297        9.55445744940928
C           -5.41509805015396        3.39864610984067       10.59676633452637
C           -4.55939084324599        2.30612580258752       10.36483477492847
C           -4.09169729637431        2.03025652033760        9.10666310033059
C           -4.50453662774571        2.81032172631570        7.99544392915232
C           -3.08676396009281        0.95698997980524        8.96616772052844
N           -3.43912754741349       -0.28216942101593        9.32999528224943
C           -2.58297874854420       -1.26130717821356        9.18610647424156
C           -1.28904503970259       -1.09752439847027        8.67393540414312
C           -0.82837138603522        0.23409814214669        8.47766309139688
C           -1.79003867091030        1.25489381977006        8.59655296681483
F           -1.42591665080009        2.53406610268580        8.37823274721261
N            0.46061399464561        0.52790683797030        8.23241096715522
C            1.29531700126679       -0.48777961500699        8.25452148568211
N            0.97264017441687       -1.78069717361732        8.30878459665036
C           -0.30515527224424       -2.12118551083779        8.41374231683563
N           -0.61919018125966       -3.42171885998527        8.29252829202724
C           -1.87223192264773       -3.89540690053611        7.74771044390277
C           -1.61428551032872       -4.56403350027105        6.38259391302637
C           -0.80216988965039       -3.62158082157335        5.46313140926152
C            0.65918690744673       -3.98084096350432        5.78156951229448
C            0.52550098988681       -5.06781742942013        6.86947435467472
C            0.43080564264615       -4.42225853455139        8.25688736349779
N           -0.75918908242133       -5.71235561389067        6.63104615455905
O            2.59943394061704       -0.26589916551444        8.14442243776066
C            3.00337194272167        1.08758535563064        8.00624022929011
C            4.48248615718024        1.14205415153804        7.59540988244401
C            4.88774807059590        2.59752121924888        7.28086444744240
C            6.28041535557511        2.72594809143460        7.89377049625093
C            6.15025502246277        1.83530684939357        9.13260141179507
N            5.32787279485831        0.71100894544376        8.71966453892466
C            6.03531730740013       -0.50626532827245        8.37126503793608
C            5.27382281696396       -1.08530854124113        7.17905808113210
C            4.77079266925493        0.15884302622527        6.45213250068166
F            6.10725502945072       -1.83667615090280        6.38296154278669
O           -5.84133239223125        3.59576594971380       11.86751239721937
F           -4.25222017570135        3.06347192094880        4.35749952808084
H           -2.65680126724163       -0.62439033093794        5.45836975470822
H           -5.57802926937679        5.13782933536417        5.06079436883807
H           -6.28433297896122        5.66520227760305        7.38033153648138
H           -6.37425817417547        5.09524174381631        9.72446851580955
H           -4.25839361861569        1.69951236139685       11.20378587266972
H           -2.92618334214778       -2.22161357098670        9.54619088130209
H           -2.56801041436236       -3.06897602721485        7.61565511259910
H           -2.30747212498892       -4.63923307487865        8.42246493018889
H           -2.57064723210937       -4.86727564210174        5.95254578137419
H           -1.03820786705030       -3.81546493686908        4.41598455767501
H           -1.02035551978525       -2.57514719980221        5.67617731326541
H            1.16497577831466       -4.38089568130069        4.90295817372596
H            1.22704848749575       -3.13011397136133        6.15212233283150
H            1.33873057394296       -5.79426720147595        6.85947931900510
H            1.36797609088029       -3.94097123132821        8.52942194557869
H            0.17674393143538       -5.19932543704734        8.98516533885211
H           -0.71278181709425       -6.30724435044416        5.80938749444599
H            2.37835926170430        1.57899482928298        7.25242922427233
H            2.86201847215125        1.60475608077248        8.96111008407463
H            4.87096749700103        2.79895188155268        6.21179191377064
H            4.20047127700609        3.28611677372219        7.77371534889002
H            7.03471548443534        2.32013253211696        7.21750864078511
H            6.54422324646699        3.75312660907375        8.13515628755550
H            5.62499084612778        2.37615446884750        9.92707662033158
H            7.10819312088085        1.49186725470248        9.52331550420928
H            7.07269315835899       -0.31568157149060        8.05727028672927
H            6.05123420245219       -1.18616867455027        9.22648085912005
H            4.45354047558845       -1.73780056816334        7.48866236730759
H            3.89466611941539       -0.03976231589738        5.83974387192026
H            5.57296596052266        0.53351857718818        5.81386088701452
H           -6.41072751863796        4.37366284976759       11.91299150379273
123
 energy: -235.298037068571 gnorm: 0.006175890998 xtb: 6.7.1pre (5071a88)
N           -0.03896995766018        0.05142750914758        0.61922204797714
C            0.00407031921579        1.44520628963709        0.32673705126799
C            1.17635395188956       -0.62475711922844        0.69032907999444
C           -1.25054781073596       -0.59330671848581        0.49061174314959
N            1.15620955285522        2.04505445828935        0.20570575466703
N           -1.12621797040824        2.09968488519992        0.17167783231682
N            2.30727601541039       -0.00000201185657        0.55479021355124
N            1.11595758486643       -1.95583352946261        0.89814635168479
N           -2.33977077225379        0.05867131266100        0.21545546894706
N           -1.25515754466915       -1.93544733124353        0.66052759429522
C            2.26897128312922        1.31747951720087        0.33909585542049
C           -0.10726729987990       -2.53538406957845        1.15399850596954
C           -2.24990073056299        1.39790948841842        0.14747351809032
N            3.48252382966502        1.91828775894304        0.22107927967186
N           -0.17109380053855       -3.85586408903698        1.57512017836558
N           -3.44496037433083        2.02644473476887        0.01181792821364
C            3.75905980025112        3.32748375014734        0.18272120547104
C            4.63769946686777        1.20165693195589        0.21399878318657
C           -3.65841431006690        3.44145820050834       -0.01021677971367
C           -4.52952533172802        1.25080042985085       -0.09774623679136
C            0.90143867248183       -4.55312554089081        0.75272041409898
C           -1.03879397433739       -4.51207201318188        0.52021506833759
N            4.93253607555610        3.76406036792905       -0.15021086141360
N            5.76767786219583        1.62432998839666        0.01965223333739
N           -4.95528516954900        3.88190989304312        0.05548573601905
N           -5.49233284482027        0.64834065473255       -0.22772365034423
N            2.01718372557741       -3.96850460665495        0.53798225685009
N           -2.06764185078314       -3.92053174094796        0.04954204586281
C            6.00900797069519        2.97262290471824       -0.38967659514826
C           -6.03886133341702        3.44212892039142        0.37855917427174
C           -0.01117753634399       -5.45535935715825        0.09380765545156
N            7.12044552448647        3.25263094780565       -0.89062595653718
N           -7.13454310407437        3.33835133743685        0.85030435626202
N            0.12000376456923       -6.55929775763100       -0.50013439123571
C            2.77656983430011        4.22276033756989        0.58398797302257
C           -2.68374019735932        4.32494647761848       -0.13491874147789
C            2.29660614248824       -2.75443066550364        0.88296063246249
C           -2.40402554932601       -2.69708557713137        0.34531286342554
C            1.58424823805152        4.76678495716327        0.65610721375340
C           -1.44040296360809        5.08891833290279       -0.24777276546719
N            2.63850407340452        5.70648121890719        0.78032847246764
N           -2.57927021606022        5.72212133794142       -0.17524385357530
H            7.25430336154462        4.19232237166359       -1.23494075475519
H           -7.96116536898609        2.91074924988493        0.48746229394091
H           -0.73897067577136       -6.97112912203143       -0.84780513098388
H            2.80708411607592        6.29212116693919       -0.04104014921500
H           -3.10762144789569        6.57242764222072       -0.15658838292652
H            0.51984283677414        4.72400876916057        0.59384098305957
C           -3.05735766004730        0.25620516913286        5.80028303310817
C           -3.51796094230766        1.26744881259458        6.25698670682522
C           -4.15324188875310        2.47744635433121        6.62217082009332
C           -4.53961251134992        3.33865063238537        5.61349684280260
C           -5.27311370321977        4.50052314990301        5.84874283910468
C           -5.66019891253470        4.79110892235651        7.12741789274159
C           -5.29873788810073        3.95437280705981        8.20400152910595
C           -5.74475360791742        4.23379916761180        9.51036126543212
C           -5.41919926742836        3.40779494506202       10.55673259847178
C           -4.56689305082755        2.31047733512848       10.33383327801948
C           -4.08950354157271        2.03053046478647        9.08039969252779
C           -4.49101118055605        2.80938364523750        7.96402835627204
C           -3.08620092837330        0.95476158416726        8.94796849511252
N           -3.44198003751486       -0.28454386649858        9.30810927196080
C           -2.58617667617835       -1.26425173780032        9.16559496638638
C           -1.29053649361183       -1.10180470138774        8.65723919268136
C           -0.82595989988642        0.22961935513454        8.46748171839429
C           -1.78681895220928        1.25128270543704        8.58673268688333
F           -1.41999757747735        2.53078738931205        8.37534873791014
N            0.46368942687586        0.52178190832160        8.22544171176064
C            1.29537343957185       -0.49679627687603        8.24348683986262
N            0.96964238188419       -1.78845651077237        8.29236057204897
C           -0.30929859703022       -2.12683384589530        8.39318643823483
N           -0.62514816110834       -3.42581272715703        8.26161566536338
C           -1.88039689702101       -3.89461025295498        7.71781623328273
C           -1.62641999690306       -4.55032626549467        6.34587722842869
C           -0.81562808515580       -3.59820039412533        5.43482683525771
C            0.64580222421230       -3.96691035301646        5.74048710780001
C            0.51406174283590       -5.06090926777671        6.82129063385586
C            0.42363982037690       -4.42694462070023        8.21423541914078
N           -0.77203273226719       -5.70164674274522        6.58120787974142
O            2.60051962536196       -0.27739859238885        8.13318189123799
C            3.00675262845481        1.07606326352928        8.00478004875152
C            4.48756208723575        1.13455512838048        7.59858626556063
C            4.88439830938347        2.59050780706606        7.27473472357891
C            6.27712993673333        2.72815571126206        7.88464196782088
C            6.14676574872646        1.85075198368846        9.13283337222203
N            5.33272248832935        0.71761773435196        8.72796453669794
C            6.04958931150882       -0.49660275050442        8.38992044582590
C            5.29265182599041       -1.09027929772432        7.20157933562576
C            4.78571885733740        0.14568721559077        6.46307679693203
F            6.12921593283729       -1.84644270578071        6.41417731716160
O           -5.85533823055800        3.60832082831903       11.82318713728964
F           -4.22008557457015        3.04678665654323        4.32680932728484
H           -2.64839430106324       -0.64551213330799        5.45254744210462
H           -5.54206399396305        5.12856022803614        5.01417195393077
H           -6.25864188864191        5.66711315421041        7.32798259498040
H           -6.36049192493856        5.10869902752843        9.67391180159353
H           -4.27625906823180        1.70388862719247       11.17643998497278
H           -2.93193195323696       -2.22449145934211        9.52350993676420
H           -2.57645453509068       -3.06715305157904        7.59535488032482
H           -2.31325675322342       -4.64409637247134        8.38764042261312
H           -2.58381953906521       -4.84851069108196        5.91471704366545
H           -1.05787879103761       -3.77556075143349        4.38624519440524
H           -1.02809103746337       -2.55429229382367        5.66491678579531
H            1.14244247556108       -4.36454450326600        4.85545968243707
H            1.22147601520626       -3.12188789058188        6.11175895247506
H            1.32671033332562       -5.78790121769116        6.80342050680415
H            1.36186330179922       -3.94895639988318        8.48868220154323
H            0.17050744148323       -5.21047171799595        8.93561206710435
H           -0.72954531686851       -6.29099179617834        5.75549113470610
H            2.38490483230143        1.57289990858420        7.25191198649973
H            2.86345049940651        1.58773374371210        8.96234904627428
H            4.86329000477000        2.78646203143780        6.20475029927046
H            4.19505273974937        3.27775911729043        7.76677461940059
H            7.03109327681092        2.31400130185926        7.21266637030834
H            6.54108849402198        3.75804576149631        8.11369531335633
H            5.61412912654421        2.39767162453625        9.91843959559169
H            7.10470719188812        1.51758258215512        9.53251645870653
H            7.08635487717195       -0.30203503563241        8.07533710051707
H            6.06975890544580       -1.17027089572330        9.25007844361164
H            4.47338939099073       -1.74133101416046        7.51704171249579
H            3.91332785588941       -0.06242522096056        5.84873182547131
H            5.58857605453859        0.52048730321558        5.82568039042490
H           -6.42483837436425        4.38642737388314       11.86369308227590
123
 energy: -235.298502494185 gnorm: 0.006207396762 xtb: 6.7.1pre (5071a88)
N           -0.04388406008821        0.05325859123133        0.66052751316998
C           -0.00121794748453        1.44534473437587        0.36497792193603
C            1.17050355954848       -0.62301060532844        0.73624926320477
C           -1.25478114803322       -0.59235601107207        0.52978823279295
N            1.15114722240992        2.04484345872405        0.23921230553146
N           -1.13153026429557        2.09990189680429        0.21065239897157
N            2.30187470430691        0.00090872157993        0.59754873494244
N            1.11012694644726       -1.95309195707302        0.95023815525328
N           -2.34404118362175        0.05903493489186        0.25371703531931
N           -1.25867637074710       -1.93464305584063        0.69820034789498
C            2.26346869096325        1.31682634311256        0.37389773033304
C           -0.11413055889932       -2.53381009774725        1.20042125498204
C           -2.25538499169706        1.39783998060413        0.18658283567992
N            3.47721002111194        1.91545509865324        0.24611077563501
N           -0.17996666974949       -3.85293505423222        1.62403751067991
N           -3.45045590201291        2.02636042975528        0.05266813701529
C            3.75414185569613        3.32392952461354        0.19391383478608
C            4.63218113544115        1.19800799285549        0.24368273097342
C           -3.66329608008782        3.44200848147463        0.02823122327361
C           -4.53518411946634        1.25135622615675       -0.06127816521977
C            0.89876944811261       -4.55019053304425        0.81097773754137
C           -1.04013648849189       -4.51040735396812        0.56243789950364
N            4.92580661305933        3.75625321737775       -0.15017177750110
N            5.76157927076927        1.61839360101059        0.04033493511030
N           -4.95864141272529        3.88422892282560        0.10738009328175
N           -5.49718707033673        0.64827453641938       -0.19399023208417
N            2.01521475286925       -3.96526811586649        0.60127027765732
N           -2.06503542909398       -3.91993626510112        0.08207221082563
C            6.00076784548700        2.96146239400708       -0.38609706346780
C           -6.03984731556984        3.44277755980435        0.43583842439450
C           -0.00868969958681       -5.45254529616700        0.14333761027441
N            7.10898061752769        3.23645965802991       -0.89700216618501
N           -7.13212832574486        3.33347878198831        0.91431088695234
N            0.12788763456237       -6.55706816239259       -0.44809600711067
C            2.77455235296668        4.22410784960206        0.59126335172570
C           -2.68798525255442        4.32230688718196       -0.11226817800731
C            2.29135989224436       -2.74959156525871        0.94456700399968
C           -2.40365513291051       -2.69618473431897        0.37392779940491
C            1.58316449150687        4.77066338469295        0.66124454868023
C           -1.44265879244396        5.08072486099541       -0.23838486893709
N            2.63879470194672        5.71026946800329        0.77059664916416
N           -2.57788984218362        5.71942285067057       -0.15456163996047
H            7.23969168463272        4.17259431759297       -1.25243853809455
H           -7.96125659256307        2.90821799148964        0.55086551126270
H           -0.72886290274472       -6.96849557135711       -0.80224471715299
H            2.80539821516225        6.28619048662150       -0.05823017233362
H           -3.10264343374625        6.57178941360296       -0.13352173156670
H            0.51832396298111        4.72872583629823        0.60305309383082
C           -3.04594117425274        0.24030349220593        5.78514003017573
C           -3.50176272047022        1.25623625905169        6.23651192663984
C           -4.13305549676593        2.47066681484691        6.59315483209259
C           -4.51056402991513        3.33006138923178        5.57939275229087
C           -5.24344707175820        4.49395074262087        5.80537935328485
C           -5.63807179861497        4.78943959735418        7.08078697437106
C           -5.28406143768980        3.95636065292904        8.16256289007706
C           -5.73636913532291        4.24233304786492        9.46548704884539
C           -5.42205841665510        3.41781475453460       10.51608090917527
C           -4.57364145173811        2.31545589714326       10.30217378376966
C           -4.08734349229166        2.03109443893786        9.05333450697580
C           -4.47825196759576        2.80828000018593        7.93184505778878
C           -3.08569038075342        0.95302653275439        8.92878505849818
N           -3.44464905520642       -0.28632010789723        9.28606744402341
C           -2.58947727946409       -1.26668380863336        9.14436900975266
C           -1.29256807688630       -1.10584435265998        8.63869045744382
C           -0.82424896330797        0.22540045496219        8.45490444546995
C           -1.78402550055694        1.24808761560624        8.57464188232929
F           -1.41480988340327        2.52766920218272        8.36890611422012
N            0.46614776410760        0.51549451440187        8.21567193487417
C            1.29515217523199       -0.50537381857113        8.23092605878798
N            0.96663917619902       -1.79606091316217        8.27557016638139
C           -0.31361169261163       -2.13192895967203        8.37161086483790
N           -0.63065214239760       -3.42949374480686        8.22985763845271
C           -1.88777878211476       -3.89380623425682        7.68689382506081
C           -1.63741069887984       -4.53727511998721        6.30857337739885
C           -0.82826013454402       -3.57535986689866        5.40585660668165
C            0.63345696458486       -3.95152469521625        5.69941066357618
C            0.50433890310721       -5.05293232416940        6.77293531742370
C            0.41757337792190       -4.43046646463258        8.17141304079415
N           -0.78281350967269       -5.69083961158296        6.53141692299383
O            2.60113959846066       -0.28872196038360        8.12069160322818
C            3.00971597926571        1.06484188588392        8.00285590797698
C            4.49180776545652        1.12679379125459        7.60091023905088
C            4.88184798078893        2.58255971544129        7.26762848931402
C            6.27374408007890        2.72918065824736        7.87631009072781
C            6.14187029802299        1.86500376950234        9.13342730357271
N            5.33597130583494        0.72335481027666        8.73611483832797
C            6.06167742962262       -0.48838341770836        8.40885617212894
C            5.30964944792188       -1.09564702619640        7.22411267557763
C            4.79997832419381        0.13175667146527        6.47367647664700
F            6.14995711105577       -1.85732853987790        6.44587342250537
O           -5.86530480562875        3.62388856073593       11.77895978978261
F           -4.18266165491090        3.03355584595947        4.29615807472943
H           -2.63985925857095       -0.66555432903266        5.44569638899063
H           -5.50629482464166        5.11919715217497        4.96677378606796
H           -6.23745007855544        5.66624997653212        7.27425502075649
H           -6.34844952060281        5.12101596633119        9.62239759012149
H           -4.29281915292600        1.70929751894859       11.14832152567457
H           -2.93713345780341       -2.22703675718890        9.50018322589766
H           -2.58437701553793       -3.06550485645376        7.57340347632514
H           -2.31854520844802       -4.64856525730064        8.35202893855787
H           -2.59546943363274       -4.83152347662303        5.87611058461848
H           -1.07586758343359       -3.73718354125436        4.35622115414861
H           -1.03612442742338       -2.53434155920576        5.65223543500838
H            1.12196424991043       -4.34557109268766        4.80824586300754
H            1.21557182642873       -3.11150437513332        6.07198528445726
H            1.31690767922622       -5.77990888805529        6.74713116474660
H            1.35663347432106       -3.95521760816370        8.44788309666980
H            0.16575441057269       -5.22029658273577        8.88617559753985
H           -0.74389554812058       -6.27468101666964        5.70169757124379
H            2.39031243413193        1.56770814605731        7.25204081463854
H            2.86509532977652        1.56986255472115        8.96376955838139
H            4.85812905217636        2.77180663748334        6.19651012003166
H            4.19015525348665        3.26955346242906        7.75694733062303
H            7.02845723750697        2.30748004752514        7.20976205509190
H            6.53711058057978        3.76154369429095        8.09414166971576
H            5.60110932920599        2.41776031440665        9.90947666388249
H            7.09895777093903        1.54169974167262        9.54286309776969
H            7.09779902997639       -0.28965629103057        8.09488264305317
H            6.08487400345414       -1.15593077381954        9.27387510870340
H            4.49135337419422       -1.74547520836097        7.54457270152595
H            3.93167857497290       -0.08558797452164        5.85687337779729
H            5.60385480539011        0.50648435926615        5.83752016536574
H           -6.43334446778709        4.40337581313204       11.81414029351540
123
 energy: -235.299019716255 gnorm: 0.005673124542 xtb: 6.7.1pre (5071a88)
N           -0.04922791684579        0.05537166340939        0.70408220148349
C           -0.00681484560273        1.44577727904052        0.40499374020103
C            1.16428466545103       -0.62121981213452        0.78288211245304
C           -1.25971821739305       -0.59115056154258        0.57406531021014
N            1.14573188875394        2.04454827041258        0.27363669554145
N           -1.13733464073725        2.10042663289221        0.25149591838302
N            2.29615963223748        0.00141739033550        0.63885081072122
N            1.10426775825429       -1.95032551605454        1.00307201593175
N           -2.34950984462054        0.05993213029578        0.29914626909759
N           -1.26262152035804       -1.93354205006736        0.74113293196821
C            2.25777139067486        1.31570270422791        0.40790783495723
C           -0.12070546135010       -2.53187641741756        1.25078893755551
C           -2.26124943018165        1.39792888035183        0.22977263048951
N            3.47156195815160        1.91205079319026        0.26958803183903
N           -0.18800792426261       -3.85071332309399        1.67406806316587
N           -3.45612481981720        2.02662510857352        0.09569615395726
C            3.74886346526176        3.31938923598372        0.20474478455680
C            4.62623320707343        1.19369624085859        0.27021657858429
C           -3.66827817081164        3.44268019846280        0.06886452351885
C           -4.54099272387721        1.25267999349289       -0.02475838698178
C            0.89646083397343       -4.54822972943570        0.87099907627596
C           -1.04127151199795       -4.50939506872528        0.60746021661135
N            4.91906422767933        3.74769174789456       -0.14884247386828
N            5.75505877374346        1.61192357378153        0.05804888428852
N           -4.96161665374581        3.88736751376485        0.16493508372620
N           -5.50282642085278        0.64998945992705       -0.16118215560162
N            2.01308907103533       -3.96216701655271        0.66541488102441
N           -2.06234574227623       -3.91939345790601        0.11835429712393
C            5.99250452013157        2.94979003100973       -0.38248404653168
C           -6.04003307709891        3.44161946932047        0.49618933215342
C           -0.00607427593093       -5.45033386661008        0.19432422962046
N            7.09770125203488        3.22146093753693       -0.90153268309701
N           -7.12973442576084        3.32577462395952        0.97849274202540
N            0.13497112382438       -6.55455684119076       -0.39642047139792
C            2.77218695385144        4.22470753251425        0.59788609588352
C           -2.69281127663072        4.31987985122033       -0.08873688284113
C            2.28553671449241       -2.74517389716942        1.00806683612943
C           -2.40336784306508       -2.69610514197514        0.40953548053046
C            1.58223650769442        4.77483720185654        0.66508923811863
C           -1.44514461541369        5.07118908115756       -0.23307724911454
N            2.63976965448629        5.71312465465451        0.76119721377085
N           -2.57574644201300        5.71657885979111       -0.13361943892899
H            7.22400777877706        4.15507337353102       -1.26405459073999
H           -7.96034251662907        2.90820645822723        0.61033951702781
H           -0.71933212581971       -6.96476326668958       -0.75804482435231
H            2.80533808998691        6.27927377699595       -0.07444084816927
H           -3.09572304221697        6.57157111557495       -0.10688249062012
H            0.51706996872085        4.73440048666771        0.60986769427175
C           -3.03556032740876        0.22578513746495        5.76760210475117
C           -3.48608228911545        1.24590075449787        6.21470137806876
C           -4.11354879023067        2.46454784437009        6.56308021395830
C           -4.48147966954597        3.32208169869984        5.54389213186289
C           -5.21493567293004        4.48734936560496        5.76143167636267
C           -5.61863909968763        4.78670382322005        7.03308255402771
C           -5.27167409134324        3.95741500198807        8.12002212685423
C           -5.72941785947004        4.25024169145484        9.41973143102028
C           -5.42364151713884        3.42863528063817       10.47471303349491
C           -4.57921067576406        2.32140888147191       10.26958722465410
C           -4.08547361862639        2.03204395889023        9.02499830526691
C           -4.46695047429593        2.80702258805745        7.89858387316180
C           -3.08543514755001        0.95190552641267        8.90786160537140
N           -3.44744960703222       -0.28740512804499        9.26271168283968
C           -2.59326176725214       -1.26864114444503        9.12157062191570
C           -1.29525666517043       -1.10964385900975        8.61800281879831
C           -0.82349082289501        0.22144893447316        8.43973301442454
C           -1.78173952571615        1.24546079628170        8.55988408667852
F           -1.41001498630439        2.52486130844437        8.35876967081081
N            0.46777351076158        0.50932712173649        8.20327705222097
C            1.29459482979899       -0.51310911188119        8.21662478926108
N            0.96347932590316       -1.80321969364667        8.25740506680250
C           -0.31806780262598       -2.13640894853699        8.34841416669239
N           -0.63560901701118       -3.43274320846815        8.19728590997646
C           -1.89407809800042       -3.89347245400722        7.65503288868226
C           -1.64659788316437       -4.52495013064077        6.27063994661336
C           -0.83976215918737       -3.55334304577827        5.37580031100261
C            0.62246156037900       -3.93488392411342        5.65832976511100
C            0.49681194197243       -5.04377448827507        6.72455011638941
C            0.41288098840433       -4.43264104266792        8.12840172097076
N           -0.79085921088186       -5.67997751692038        6.48158977442510
O            2.60116485170827       -0.29930293999604        8.10738117007684
C            3.01208278464332        1.05444736900127        7.99990656092098
C            4.49512403538125        1.11890781977323        7.60231954714940
C            4.88060292629139        2.57353922776499        7.25947191193620
C            6.27068541447612        2.72837132420135        7.86907909706726
C            6.13563502494575        1.87744058972363        9.13464668714224
N            5.33706068120856        0.72807398408023        8.74431673033782
C            6.07101551973315       -0.48172876625031        8.42785752479929
C            5.32435322553869       -1.10161368671604        7.24654830368481
C            4.81344642824495        0.11703677968006        6.48401392766279
F            6.16910191319424       -1.86913181625834        6.47779532638964
O           -5.87125412995124        3.64224170497524       11.73483576213815
F           -4.14224520479144        3.02273755710451        4.26512167112402
H           -2.63207668054110       -0.68406775762767        5.43650661005471
H           -5.47118597608007        5.10993711421213        4.91875424605550
H           -6.21976513565362        5.66378149151724        7.21934988298363
H           -6.33861509086567        5.13201722645704        9.56996596967461
H           -4.30694890474064        1.71644804463248       11.11918545252496
H           -2.94258634422786       -2.22925662886566        9.47505980517772
H           -2.59184385182403       -3.06491496956782        7.55004346244738
H           -2.32250971405627       -4.65344065890041        8.31572257416522
H           -2.60494407778111       -4.81638600278721        5.83686308125428
H           -1.09179989349069       -3.70094274808417        4.32543739479582
H           -1.04433143697462       -2.51552715585564        5.63746532793672
H            1.10413187166011       -4.32410474506619        4.76141100277172
H            1.20932140123089       -3.09903922562645        6.03289535016528
H            1.30976734019791       -5.77008272850129        6.69099007511046
H            1.35244388545452       -3.95929791831352        8.40662229794441
H            0.16308875243590       -5.22844359921035        8.83712309398634
H           -0.75471362507519       -6.25780118389697        5.64755940354430
H            2.39465462163764        1.56306126911452        7.25145886937983
H            2.86602945489506        1.55257703784342        8.96419676235553
H            4.85660999271313        2.75488601678731        6.18703033808330
H            4.18634493795583        3.26157903103140        7.74383783982371
H            7.02732638297176        2.30011823262829        7.20907703485685
H            6.53273006558694        3.76292503298400        8.07692863932463
H            5.58652581553022        2.43590099007173        9.90064061264452
H            7.09093569493439        1.56301393279655        9.55425578582460
H            7.10640648481325       -0.27861227903801        8.11536891411903
H            6.09615537684077       -1.14313192147423        9.29765051306805
H            4.50695232965123       -1.75058626564796        7.57081477247648
H            3.94955235569813       -0.10902936729689        5.86433274998421
H            5.61876781353867        0.49120994412333        5.84938505040192
H           -6.43587264681341        4.42452432317248       11.76422998360606
123
 energy: -235.299581579003 gnorm: 0.005443736225 xtb: 6.7.1pre (5071a88)
N           -0.05518636809893        0.05730877982359        0.74983150488018
C           -0.01274460224025        1.44620529822529        0.44640825328698
C            1.15771018988441       -0.61963226827740        0.83064899718377
C           -1.26565701662274       -0.58987938852099        0.62332991788764
N            1.13995178764537        2.04378968223198        0.30913246639924
N           -1.14348812605818        2.10093418911611        0.29324625526387
N            2.29014603345312        0.00131063785946        0.67961460753327
N            1.09845758542918       -1.94771441117206        1.05728263309811
N           -2.35636221567453        0.06115060430855        0.35116760392584
N           -1.26737014733729       -1.93238860969024        0.78959059192376
C            2.25191931622888        1.31394089037165        0.44192861291921
C           -0.12707185956515       -2.52950025158715        1.30549350500485
C           -2.26753507287582        1.39816685210780        0.27638269589368
N            3.46562234517647        1.90812953558295        0.29334380334938
N           -0.19537627548997       -3.84926598196996        1.72600851516055
N           -3.46188888571545        2.02742381614011        0.13993689070832
C            3.74302068285588        3.31430862955041        0.21540683928615
C            4.62005447690415        1.18873150425174        0.29719706165301
C           -3.67275523630614        3.44372960330357        0.11119401000411
C           -4.54711441331742        1.25514655235081        0.01251932254740
C            0.89444400271900       -4.54740867803518        0.93312184047276
C           -1.04195832525585       -4.50894904986023        0.65535498823794
N            4.91205040950979        3.73903993693736       -0.14658610555921
N            5.74831101241461        1.60504255703006        0.07667212158381
N           -4.96326068602837        3.89252670869832        0.22595625078351
N           -5.50913787680207        0.65387875809233       -0.12912737927001
N            2.01094549431023       -3.95952832424252        0.73120084516221
N           -2.05951132340950       -3.91905706970889        0.15836465937548
C            5.98423525844800        2.93787853437886       -0.37740106673055
C           -6.03954489395752        3.44198727178852        0.55761806662281
C           -0.00318015817802       -5.44913336483851        0.24774215773913
N            7.08658824218397        3.20715608342911       -0.90457549727947
N           -7.12656910966307        3.31947219132703        1.04499150668227
N            0.14156620222791       -6.55246068596138       -0.34370604420853
C            2.76907208038995        4.22493077991066        0.60362404727492
C           -2.69753759052266        4.31789026922552       -0.06350904694616
C            2.27918759314012       -2.74145180675415        1.07380813683080
C           -2.40362760593077       -2.69693138550514        0.45162462934943
C            1.58077497833197        4.77897181544468        0.66798426868615
C           -1.44759506915779        5.06095818285382       -0.23018063275473
N            2.64069251088378        5.71579117421705        0.75074392138069
N           -2.57265878055737        5.71366100304786       -0.11206018977644
H            7.20691855119052        4.13914302561458       -1.27540206535695
H           -7.95813683542328        2.90502772125013        0.67503112447993
H           -0.70987066567978       -6.96090584323479       -0.71394315362936
H            2.80529117917901        6.27174005893299       -0.09191810889916
H           -3.08689914429689        6.57172044075099       -0.07610476433456
H            0.51529554069271        4.73993966718874        0.61544848382413
C           -3.02729698832698        0.21090516317244        5.74749327696238
C           -3.47034137809532        1.23632229079223        6.19073640867958
C           -4.09439983618359        2.45889773936185        6.53130695170903
C           -4.45178162074814        3.31470093385696        5.50652366130635
C           -5.18691945470422        4.48072179268097        5.71623184846842
C           -5.60134830974984        4.78288814786674        6.98365674413136
C           -5.26142010873415        3.95736479791410        8.07578791823765
C           -5.72410315312274        4.25708659067704        9.37241744945326
C           -5.42392902466593        3.43989655337385       10.43223006456404
C           -4.58303506188237        2.32837167450568       10.23569490819992
C           -4.08365079033476        2.03315947164510        8.99482061762934
C           -4.45692265197863        2.80534485758038        7.86356508865896
C           -3.08502170788358        0.95119785487077        8.88477190246474
N           -3.44975324149703       -0.28781192279050        9.23825336492292
C           -2.59685997457528       -1.27021199566601        9.09778719816010
C           -1.29797602069840       -1.11321173565856        8.59570466558912
C           -0.82327363344549        0.21762815404433        8.42172779950739
C           -1.77967202762643        1.24320665136887        8.54157687368081
F           -1.40540788858536        2.52215072021331        8.34318221422238
N            0.46896915629834        0.50332586283165        8.18813485128235
C            1.29421216461269       -0.51999547243335        8.20124088624357
N            0.96068178431475       -1.80983823144578        8.23821626163373
C           -0.32205877556904       -2.14042544258801        8.32392837994156
N           -0.64007890360073       -3.43557136590769        8.16380176810864
C           -1.89964379333607       -3.89265691222881        7.62147502025154
C           -1.65489691261144       -4.51270770334449        6.23130458691499
C           -0.85029372816784       -3.53215391976940        5.34394056645667
C            0.61262486288956       -3.91723001288034        5.61733493384669
C            0.49023946834679       -5.03415636788337        6.67570743422262
C            0.40888869544885       -4.43430615858334        8.08491815023531
N           -0.79780707300285       -5.66901698283260        6.43085902065902
O            2.60118394157301       -0.30875024405374        8.09513065574381
C            3.01405405616290        1.04519153626916        7.99595273445324
C            4.49779871497028        1.11105896388101        7.60284650780103
C            4.88071699970089        2.56375232405523        7.24984971338682
C            6.26783718930232        2.72708459474486        7.86334218762345
C            6.12848320619189        1.88850480992007        9.13643639831803
N            5.33642927981303        0.73216932185295        8.75244015943283
C            6.07771053980376       -0.47659804568027        8.44737439369420
C            5.33696262632500       -1.10845622181411        7.26919486043562
C            4.82560871249806        0.10130613972699        6.49425869038416
F            6.18700835373066       -1.88135663064194        6.51016100648519
O           -5.87358557434349        3.66263773382920       11.69035016747012
F           -4.09850806240077        3.01409237946342        4.23282576037451
H           -2.62517631517477       -0.70204379408574        5.42420506737792
H           -5.43587372009438        5.10105997898690        4.86955964627600
H           -6.20466542328588        5.65991920706932        7.16265522026330
H           -6.33155703892196        5.14109681669852        9.51593762902563
H           -4.31747436340979        1.72570441028441       11.08886330830557
H           -2.94757372343960       -2.23098309915773        9.44947825128643
H           -2.59855627114336       -3.06379280736696        7.52465535450115
H           -2.32607994098524       -4.65777712918234        8.27758964531258
H           -2.61355424041788       -4.80162713589827        5.79630740986424
H           -1.10558587907554       -3.66781079893518        4.29307690160410
H           -1.05272087467290       -2.49739690943033        5.61870881932108
H            1.08939677872426       -4.30023669184995        4.71522531572588
H            1.20237247468033       -3.08482298440225        5.99538047656830
H            1.30360806116980       -5.75971662621062        6.63448826771296
H            1.34890726579115       -3.96264026231294        8.36490765467052
H            0.16126057485615       -5.23585154264216        8.78795882421712
H           -0.76370304408970       -6.24000285771508        5.59196549153046
H            2.39812533142750        1.55813363477142        7.24939608842143
H            2.86627989381316        1.53759776472349        8.96286262824136
H            4.85959211979815        2.73570449576545        6.17578132009050
H            4.18308818198739        3.25417459780343        7.72616868277754
H            7.02815349963642        2.29413241746826        7.21100386550017
H            6.52684641896876        3.76392963342662        8.06278753037853
H            5.57144589385949        2.45221142880329        9.89258630491874
H            7.08159316586134        1.58194239131609        9.56587494429890
H            7.11243287973368       -0.26947141305686        8.13696827886547
H            6.10360994448265       -1.13137466750510        9.32226376893074
H            4.52057958594868       -1.75731896115332        7.59602072318924
H            3.96601725041776       -0.13314727179877        5.87175794690087
H            5.63255236269900        0.47410706109385        5.86091783435586
H           -6.43297809418432        4.44896378455864       11.71361366641424
123
 energy: -235.300157621194 gnorm: 0.005949430045 xtb: 6.7.1pre (5071a88)
N           -0.06140626809594        0.05881384114010        0.79745686824189
C           -0.01864378359329        1.44668796545702        0.48962458458641
C            1.15130836719612       -0.61829157109030        0.87876883349183
C           -1.27223653546494       -0.58858929748109        0.67630866741886
N            1.13404456867394        2.04271122995848        0.34636964174052
N           -1.14954749448665        2.10145777602093        0.33645284578195
N            2.28411801469273        0.00072299257929        0.71929057391507
N            1.09305214822279       -1.94531263301493        1.11161503927030
N           -2.36390158013591        0.06253087413452        0.40740732748779
N           -1.27276037990677       -1.93124337560330        0.84253698594620
C            2.24615692545099        1.31184920938416        0.47565303734319
C           -0.13283286425920       -2.52674004026725        1.36240427316077
C           -2.27370015185009        1.39870006749416        0.32534968059758
N            3.45951282370504        1.90409202057245        0.31643845783165
N           -0.20161157066600       -3.84848379302126        1.77836919513426
N           -3.46718658160657        2.02879577167957        0.18441033343246
C            3.73700113289807        3.30888916862644        0.22584981106897
C            4.61344468637808        1.18359375940134        0.32045858878530
C           -3.67629202079579        3.44517340006921        0.15531622844015
C           -4.55284088974696        1.25856109244551        0.05028232049355
C            0.89237011287879       -4.54735116855105        0.99417139491912
C           -1.04243551088354       -4.50873912346898        0.70490840625263
N            4.90515318833770        3.73038247580135       -0.14284561806554
N            5.74103055564413        1.59809162638223        0.09107085228416
N           -4.96351065308696        3.89830356292084        0.29190725121638
N           -5.51530038530207        0.65948128686724       -0.09757041780815
N            2.00862397643390       -3.95735768349925        0.79574667770511
N           -2.05725582967185       -3.91876079299544        0.20232075592709
C            5.97579302828984        2.92615554216112       -0.37304304978043
C           -6.03769438659403        3.44119638329856        0.62164852174497
C           -0.00084431777273       -5.44875951503880        0.30204596107987
N            7.07589631317803        3.19378557637626       -0.90574848582778
N           -7.12252813018306        3.31205391398116        1.11180171917887
N            0.14653390090830       -6.55075407794141       -0.29110117401386
C            2.76514023357453        4.22456585648437        0.60821992374237
C           -2.70208213336969        4.31679400070810       -0.03745994498684
C            2.27281861731967       -2.73861152288189        1.13869465310104
C           -2.40495248683171       -2.69834201175377        0.49966091357349
C            1.57865545443621        4.78276849458229        0.66855225124525
C           -1.45046469086540        5.05132096732758       -0.23046796446083
N            2.64082883724588        5.71732928583147        0.74103394729486
N           -2.56944254177849        5.71108509827338       -0.09124102312640
H            7.19115140152577        4.12479832570278       -1.27833547326553
H           -7.95409841529918        2.90242271565803        0.73807286927012
H           -0.70180262303296       -6.95757332371950       -0.66953164357934
H            2.80565536941392        6.26390410018557       -0.10727073833353
H           -3.07750571341027        6.57229207073311       -0.04391700985944
H            0.51310783957643        4.74505495221989        0.61722881624595
C           -3.01959994335767        0.19894632162132        5.72349752253446
C           -3.45711958244944        1.22722253435654        6.16517804189261
C           -4.07808732843927        2.45343730348618        6.49855024016500
C           -4.42493534797697        3.30752787748441        5.46850399678151
C           -5.16127390133642        4.47449485268433        5.67123210894323
C           -5.58599799142815        4.77931459626544        6.93435344995232
C           -5.25321643530491        3.95713733963812        8.03135615774228
C           -5.72009522664786        4.26335659303494        9.32508147794478
C           -5.42289658116256        3.45144418034296       10.38979788255319
C           -4.58484882767544        2.33649161726717       10.20116941943796
C           -4.08228330098098        2.03463699364659        8.96323993040346
C           -4.44905933753482        2.80357114938014        7.82760364208657
C           -3.08497886155213        0.95096298534460        8.85939583032266
N           -3.45230469571217       -0.28766678623759        9.21153610491128
C           -2.60084309923905       -1.27146329500693        9.07216459182104
C           -1.30086475531271       -1.11639822561561        8.57207768474427
C           -0.82375320263073        0.21416428559546        8.40166641868702
C           -1.77811381463679        1.24148546611261        8.52047190777371
F           -1.40097712961357        2.51984533125803        8.32383610158476
N            0.46953129479410        0.49823218274607        8.17144569918139
C            1.29376136534270       -0.52549450954302        8.18508940425845
N            0.95795901507930       -1.81527503102671        8.21748411737770
C           -0.32562323349601       -2.14382904518769        8.29830776292083
N           -0.64385923953035       -3.43789777318221        8.13059850306088
C           -1.90397439600713       -3.89223675963983        7.58768567976311
C           -1.66129586699290       -4.50136205103675        6.19220394585032
C           -0.85915508330766       -3.51269969422347        5.31163326493813
C            0.60466560019764       -3.89942004687728        5.57782400121918
C            0.48545021135618       -5.02419476031925        6.62828903043504
C            0.40602918041838       -4.43508823682763        8.04238638444835
N           -0.80251835795825       -5.65845119677134        6.38107971720292
O            2.60099355833535       -0.31633742694571        8.08422272263882
C            3.01548014602025        1.03770171493816        7.99023081626316
C            4.50007221504721        1.10353572843210        7.60246455215288
C            4.88287540734621        2.55348007990343        7.23949059015985
C            6.26608808809433        2.72450368590598        7.85939272315651
C            6.12078796621443        1.89709978084530        9.13889300771237
N            5.33400429030701        0.73521924233093        8.76003478356146
C            6.08148235004820       -0.47314420951522        8.46632902983539
C            5.34700043101310       -1.11603497301193        7.29094161231360
C            4.83628264274261        0.08537202400053        6.50394979955718
F            6.20270282026666       -1.89345634977961        6.54150845529440
O           -5.87291579475185        3.68373285334514       11.64648808902897
F           -4.05794924040987        3.00593421891924        4.19973794432726
H           -2.61899907984372       -0.71676816641067        5.40667830228473
H           -5.40297258162895        5.09296871365543        4.82097968032534
H           -6.19063352078783        5.65679636045792        7.10653177065771
H           -6.32672522687797        5.14882409299789        9.46236940840653
H           -4.32365743752634        1.73716443805392       11.05790363304923
H           -2.95330970550218       -2.23222453580021        9.42213677073796
H           -2.60453060128774       -3.06370788565056        7.49860974553922
H           -2.32797289572979       -4.66268673774697        8.23925221271589
H           -2.62018606858791       -4.78821702944251        5.75626519953066
H           -1.11659395782997       -3.63894576612829        4.26037418847422
H           -1.06075906957006       -2.48070590138499        5.59704680896282
H            1.07837818291271       -4.27547358930653        4.67125866642291
H            1.19549125524796       -3.06959943655639        5.96016432888654
H            1.29938833482335       -5.74865763077640        6.58002337513410
H            1.34624547933680       -3.96454623829816        8.32387646999731
H            0.16083165269928       -5.24190064071873        8.74031871536177
H           -0.76923275328498       -6.22171953158005        5.53684406293541
H            2.40137636596219        1.55282002119829        7.24380379475599
H            2.86491266325427        1.52686123983883        8.95826640440601
H            4.86763124620621        2.71559165958109        6.16377886876847
H            4.18153872808049        3.24726278758700        7.70552523219637
H            7.03119600944213        2.28812365715289        7.21534597738437
H            6.52137392225042        3.76347513294553        8.05193938157904
H            5.55666384603367        2.46572852793773        9.88574810042813
H            7.07125293498022        1.59668252196175        9.57760111350252
H            7.11569407984776       -0.26265535578966        8.15811084725315
H            6.10724779218273       -1.12100024169765        9.34634038429640
H            4.53143982946654       -1.76513620490948        7.61913202486707
H            3.98067696543406       -0.15657573324139        5.87890469487722
H            5.64515224515677        0.45570054429949        5.87164739624513
H           -6.42606019921221        4.47466488588137       11.66378062773239
123
 energy: -235.300735889331 gnorm: 0.006439120752 xtb: 6.7.1pre (5071a88)
N           -0.06761072429479        0.05965944987302        0.84592464703751
C           -0.02426899585881        1.44689347725533        0.53344526158976
C            1.14528667247564       -0.61737994377073        0.92716968801254
C           -1.27907022428830       -0.58742719154399        0.73083572816194
N            1.12832332754499        2.04114441217974        0.38469352127550
N           -1.15517299652771        2.10162701264203        0.37964329663699
N            2.27832253248615       -0.00033883156512        0.75923564538379
N            1.08813288905109       -1.94329212516541        1.16606429035871
N           -2.37152276515233        0.06384349247675        0.46493230938492
N           -1.27859369430298       -1.93027859473430        0.89777050752207
C            2.24068668974973        1.30944290694756        0.51022751837560
C           -0.13811026533856       -2.52389220241530        1.42003117131902
C           -2.27953608468974        1.39934492937687        0.37468478237001
N            3.45356381687291        1.90004206367550        0.34132309020027
N           -0.20710723460184       -3.84814932587167        1.83115822574092
N           -3.47187283487131        2.03053394586897        0.22804551632762
C            3.73069560569481        3.30372533409168        0.23669764684623
C            4.60705723217265        1.17828685153157        0.34614825412441
C           -3.67861397966330        3.44696002626632        0.19981882816402
C           -4.55822089038888        1.26266263656750        0.08882437045220
C            0.89025991835387       -4.54769382002788        1.05398766725005
C           -1.04264354511910       -4.50830171789643        0.75498227042052
N            4.89797029295458        3.72246846979345       -0.13831498108570
N            5.73389214629990        1.59111682508797        0.10861081739418
N           -4.96208952411225        3.90448250753359        0.35863839190444
N           -5.52177034533277        0.66662992402883       -0.06503270640775
N            2.00646697797773       -3.95576289270163        0.85937058992979
N           -2.05562805168054       -3.91838986914728        0.24848999536297
C            5.96764578369151        2.91492718583317       -0.36569568768736
C           -6.03451230831958        3.44068994165116        0.68570747769307
C            0.00105720675736       -5.44903202867893        0.35697629995406
N            7.06567451882147        3.18063764027827       -0.90500351098975
N           -7.11611787114753        3.30430492382859        1.18212178212596
N            0.15049492186162       -6.54986930600171       -0.23773500108594
C            2.76017586669709        4.22416116973411        0.61188827507231
C           -2.70597172397148        4.31630418805823       -0.01022344048763
C            2.26684676040653       -2.73647498266001        1.20226099983019
C           -2.40730765736997       -2.69985319810992        0.55044875862161
C            1.57516646547396        4.78566915632599        0.66801907941322
C           -1.45372732947422        5.04274623863429       -0.23023428934484
N            2.63935971466995        5.71908594371379        0.72981928267101
N           -2.56634449479631        5.70881789686920       -0.07037359006246
H            7.17538652406717        4.11095744744099       -1.28573951854673
H           -7.94986638188657        2.90159549930732        0.80685357517791
H           -0.69469512310410       -6.95540576777337       -0.62381292998382
H            2.80415143996948        6.25621352573274       -0.12458213965344
H           -3.06807695190496        6.57302380402510       -0.01014345804979
H            0.50952674881771        4.74829368728702        0.61762667087898
C           -3.01359153134770        0.18716803510110        5.69662163193906
C           -3.44479863973370        1.21878707259142        6.13739403539602
C           -4.06351316197571        2.44804623579255        6.46433041759054
C           -4.40016861632086        3.30062702119978        5.42961200761383
C           -5.13717390796141        4.46868369357732        5.62577482138560
C           -5.57165191821677        4.77597421712765        6.88475611328524
C           -5.24613788971635        3.95670927575221        7.98632661133433
C           -5.71683462841905        4.26890932243223        9.27727937619265
C           -5.42078853595417        3.46284228556051       10.34701357918952
C           -4.58468685800221        2.34533749313568       10.16573561934050
C           -4.08081843215519        2.03625920738178        8.93005336424888
C           -4.44235704596859        2.80162441265738        7.79029469946573
C           -3.08472931566967        0.95090192994691        8.83189178575294
N           -3.45431409691598       -0.28711241162682        9.18345140540122
C           -2.60418777032180       -1.27240207057009        9.04589499857821
C           -1.30309237529108       -1.11919869138282        8.54800556292282
C           -0.82408922167848        0.21094354499318        8.37982087453978
C           -1.77661612803690        1.23993233888840        8.49642482697022
F           -1.39671440627004        2.51759053449142        8.30010416762385
N            0.47024492708482        0.49384899550597        8.15347610967271
C            1.29385987052281       -0.53006486074462        8.16926101664928
N            0.95597163413134       -1.81977060052596        8.19657865202158
C           -0.32820144567473       -2.14686393182871        8.27258015520530
N           -0.64711634735207       -3.43984937267830        8.09785735572890
C           -1.90776679319736       -3.89108681883783        7.55361325559620
C           -1.66710052500432       -4.48987909505753        6.15318550287500
C           -0.86698999895788       -3.49446985183317        5.27874431067795
C            0.59766617526054       -3.88189139202269        5.54000651512997
C            0.48082016739229       -5.01473104497481        6.58215498434594
C            0.40322526702430       -4.43613707382803        8.00093440271506
N           -0.80717247555661       -5.64803479581487        6.33181871120592
O            2.60138797938281       -0.32226862332673        8.07612480953406
C            3.01684012341316        1.03175987276640        7.98323004504336
C            4.50256263424541        1.09635748250100        7.60136406381892
C            4.88653581302527        2.54329246685480        7.22834053286291
C            6.26494179851788        2.72229853755312        7.85713511471949
C            6.11314222991585        1.90432039486497        9.14184019336134
N            5.33089938698207        0.73786881793176        8.76692462620600
C            6.08336364930212       -0.47081988094282        8.48511426103070
C            5.35549460390416       -1.12440069001536        7.31202987708756
C            4.84567923659566        0.06919366216886        6.51316745740286
F            6.21713089320818       -1.90534302469806        6.57214278174298
O           -5.87038675908296        3.70441631721602       11.60252284242746
F           -4.02069732408903        2.99792478217748        4.16520244904485
H           -2.61454505576147       -0.73093422806817        5.38486201175974
H           -5.37165286088643        5.08581294373857        4.77240890951658
H           -6.17687658538600        5.65428384180987        7.05061022542252
H           -6.32341704500680        5.15524500365661        9.40880983261349
H           -4.32575450469163        1.75026566560819       11.02613236808745
H           -2.95854866044993       -2.23280795724864        9.39492832719415
H           -2.60950572932269       -3.06264137334418        7.47184795698757
H           -2.32979525779295       -4.66669372971133        8.20043750250981
H           -2.62649960637175       -4.77418431730644        5.71651974669329
H           -1.12548967094101       -3.61419615848013        4.22714424824799
H           -1.06858790792087       -2.46460263009051        5.57178901280244
H            1.07018919330941       -4.25026715439537        4.62966450814509
H            1.18819922984054       -3.05424634370217        5.92792629722229
H            1.29500360586158       -5.73846620724611        6.52716453642543
H            1.34376124382452       -3.96704992461119        8.28411505649030
H            0.15981706302074       -5.24789949822699        8.69387945587208
H           -0.77412964096391       -6.20298971040570        5.48191235798751
H            2.40495482449668        1.54639657415699        7.23472855279481
H            2.86258759419560        1.52098477097915        8.95057228690817
H            4.87981905773136        2.69503292711274        6.15092322630334
H            4.18069799922666        3.24093290704949        7.68187645590203
H            7.03615137510457        2.28422569211856        7.22182680403256
H            6.51523587768913        3.76347605363700        8.04434865376593
H            5.54296848399046        2.47725658865826        9.88049518114374
H            7.06115355593910        1.60889761375900        9.58883620996557
H            7.11755677559346       -0.25841726364892        8.17927508068211
H            6.10785400390878       -1.11136820209563        9.37044648544050
H            4.54063544988367       -1.77403082223797        7.64085558698819
H            3.99335982750890       -0.17977162937707        5.88634236362123
H            5.65640802289995        0.43596176850956        5.88118867789456
H           -6.41730895411129        4.49975036449855       11.61430917665535
123
 energy: -235.301305757481 gnorm: 0.006687116507 xtb: 6.7.1pre (5071a88)
N           -0.07341986384755        0.05999619811620        0.89566001766723
C           -0.02949701910955        1.44706667317772        0.57923611522721
C            1.14001116018945       -0.61672103971995        0.97565420625598
C           -1.28561901914645       -0.58634198764143        0.78618513729045
N            1.12280923613309        2.03954290551419        0.42518516073721
N           -1.16034058261954        2.10166808490957        0.42494308043170
N            2.27290029445606       -0.00148609315981        0.79928763845698
N            1.08385965950489       -1.94153872471962        1.21986935261304
N           -2.37852308548520        0.06498035458344        0.52228647302859
N           -1.28439831910835       -1.92940620375505        0.95443309265253
C            2.23550312415265        1.30720694761274        0.54557249578708
C           -0.14254689483706       -2.52116675200008        1.47652822658372
C           -2.28487037360230        1.40014479168251        0.42482612287150
N            3.44766700679056        1.89630735399694        0.36639244639151
N           -0.21140926611999       -3.84795428693728        1.88338932065138
N           -3.47591906803509        2.03235512614484        0.27185926045306
C            3.72450108295345        3.29866636881788        0.24816815626847
C            4.60037496482382        1.17322066482698        0.36847743771226
C           -3.67993364718224        3.44888716314998        0.24579145970422
C           -4.56296754187999        1.26679710390422        0.12887527197959
C            0.88786973912906       -4.54779955792562        1.11040151579407
C           -1.04303814196999       -4.50735946004051        0.80525808492151
N            4.89089830304986        3.71474329353538       -0.13221505506579
N            5.72624927202304        1.58429485418722        0.12160839705047
N           -4.95919309130668        3.91052674061998        0.42843865585884
N           -5.52734687726236        0.67396884992116       -0.03159027468640
N            2.00429313361268       -3.95445239207056        0.91990163873801
N           -2.05552297449364       -3.91776114094978        0.29780272756122
C            5.95908842396883        2.90431472418391       -0.35991093000803
C           -6.03020567813227        3.44020584489157        0.75183036550183
C            0.00164129921572       -5.44935599591285        0.41132786700528
N            7.05572441934636        3.16806824291810       -0.90277034437726
N           -7.10866454981675        3.29758564579648        1.25346709550861
N            0.15228642104084       -6.54942996781879       -0.18434643401607
C            2.75424347440322        4.22321415060827        0.61480245797854
C           -2.70933743766658        4.31604595188358        0.01737556113703
C            2.26175092768179       -2.73489618680027        1.26239519488537
C           -2.41085988660046       -2.70103334664655        0.60416611834752
C            1.57048056717698        4.78755064890474        0.66484949182609
C           -1.45756721028788        5.03492155649448       -0.23196694664180
N            2.63585069317838        5.71955689194755        0.71982685953981
N           -2.56360392416157        5.70662965342162       -0.05011219241803
H            7.16327879918129        4.09765360309634       -1.28195627033959
H           -7.94423450882505        2.90052642552737        0.87670552619014
H           -0.69016222573896       -6.95451550816412       -0.57580208813678
H            2.80207214396483        6.24858940260656       -0.13895601106607
H           -3.05890639634996        6.57363219552083        0.02326861348260
H            0.50496419877853        4.75009403136066        0.61344989682545
C           -3.00814155272258        0.17844321592030        5.66554105732056
C           -3.43557487788952        1.21104269419537        6.10755098482160
C           -4.05268319792074        2.44273727397891        6.42885412283783
C           -4.38066849013770        3.29372496381680        5.39032185370322
C           -5.11660288185990        4.46361691049724        5.58063193632161
C           -5.55818716078523        4.77411884890405        6.83607736937851
C           -5.23975089366551        3.95718908001087        7.94156980340078
C           -5.71343050989630        4.27469735389306        9.22999541545838
C           -5.41767836679971        3.47416567654186       10.30431078937722
C           -4.58287460236354        2.35486559177303       10.12939605882528
C           -4.07963693091849        2.03837013891659        8.89528315233123
C           -4.43733298190327        2.80009784551639        7.75199949518915
C           -3.08492236989163        0.95117590431338        8.80182974684764
N           -3.45685712657719       -0.28626454264733        9.15224640746973
C           -2.60782317313407       -1.27301671163167        9.01728631419324
C           -1.30513494588601       -1.12148702788386        8.52294558104445
C           -0.82452577535223        0.20822506237676        8.35659567042335
C           -1.77549851898805        1.23875841864579        8.47020131666077
F           -1.39266635916832        2.51577243651448        8.27425016188872
N            0.47084313246796        0.49065008007524        8.13493473538530
C            1.29402838043037       -0.53348731011455        8.15331370066190
N            0.95422340588575       -1.82298998062451        8.17477547169845
C           -0.33020998063943       -2.14937739155790        8.24646394416027
N           -0.64964304570489       -3.44136229419210        8.06619132216512
C           -1.91045961778773       -3.89039225417004        7.52044788283356
C           -1.67136737242733       -4.47935352249115        6.11564329783768
C           -0.87328691570690       -3.47779098497436        5.24705136122471
C            0.59233285341895       -3.86474906944199        5.50451017526713
C            0.47749236201785       -5.00530243646292        6.53832151296824
C            0.40119943374866       -4.43668471439912        7.96125104479272
N           -0.81016206664059       -5.63814316923785        6.28444547370391
O            2.60189994651882       -0.32645452787865        8.06947161817719
C            3.01803905497750        1.02738261333597        7.97392892134427
C            4.50553585010995        1.08946221802289        7.59948166142282
C            4.89234382340028        2.53312902184384        7.21733257629806
C            6.26530311412886        2.71917584119897        7.85648879301066
C            6.10557171448235        1.90912695263980        9.14522047121156
N            5.32693773415872        0.73939376953982        8.77285912317226
C            6.08338854339608       -0.46983169273441        8.50283439768618
C            5.36231062451281       -1.13316346281880        7.33151140173755
C            4.85425852822867        0.05352812091219        6.52135714738143
F            6.22961461874685       -1.91690717754519        6.60109796980820
O           -5.86677670867266        3.72374503739728       11.55866150936141
F           -3.99264235348430        2.98862196647033        4.12914505874216
H           -2.61087637487192       -0.74154808037697        5.35698960734764
H           -5.34472181871670        5.07966835695405        4.72479427343635
H           -6.16218267859665        5.65429035230480        6.99660269583155
H           -6.32019652765036        5.16157648926075        9.35667372507987
H           -4.32444888266153        1.76447642386163       10.99325148483126
H           -2.96472116216930       -2.23278413078004        9.36552154914118
H           -2.61374453710784       -3.06266372041253        7.44554530562742
H           -2.32998586189549       -4.67126949427626        8.16256976609349
H           -2.63125486444866       -4.76117977537786        5.67845502051334
H           -1.13230387112205       -3.59315194737337        4.19516844216801
H           -1.07578962272978       -2.44958799516930        5.54556481672709
H            1.06475495327018       -4.22546842944554        4.59099845338612
H            1.18167640185653       -3.03887994275669        5.89818007161558
H            1.29204977601898       -5.72802063291153        6.47720726213649
H            1.34188985963058       -3.96892408113587        8.24613494398305
H            0.15927272837612       -5.25305382371397        8.64934489509358
H           -0.77647241189168       -6.18434706766991        5.42879633663454
H            2.40959398018657        1.53906590454814        7.22052043349055
H            2.85861022630688        1.52020379735092        8.93860428929453
H            4.89599618834714        2.67519044989761        6.13855671043119
H            4.18200097573935        3.23463899064724        7.65758174994565
H            7.04291983609481        2.27987520547197        7.23002626936739
H            6.51086827948414        3.76227577522436        8.03940063176523
H            5.53023556871917        2.48606555394869        9.87653599087582
H            7.05093704317655        1.61716814189417        9.59994103964963
H            7.11803431516774       -0.25669152513362        8.19934446622663
H            6.10581309138806       -1.10314033290641        9.39322772685913
H            4.54758020690741       -1.78292267461712        7.66034426410665
H            4.00470782577835       -0.20144484300251        5.89322548770908
H            5.66711020938098        0.41574072751049        5.88949985054131
H           -6.40836395670837        4.52263976257799       11.56579263699448
123
 energy: -235.301425225229 gnorm: 0.004157641052 xtb: 6.7.1pre (5071a88)
N           -0.07343184524410        0.05953321862840        0.90041299211988
C           -0.02947023777169        1.44687068518529        0.58406103151734
C            1.14025904593203       -0.61690934690246        0.97992174297320
C           -1.28579133961454       -0.58628083216381        0.79037923304622
N            1.12269554530091        2.03937764588740        0.42991480585155
N           -1.16000146315791        2.10146621081521        0.42963564635121
N            2.27284072933265       -0.00147370989219        0.80383279573919
N            1.08402346961686       -1.94158385741940        1.22409586160910
N           -2.37828715787454        0.06488917670411        0.52479690829240
N           -1.28489462657923       -1.92938593067493        0.95923599916029
C            2.23530820513317        1.30738287081479        0.55005627816637
C           -0.14220182625361       -2.52117746202965        1.47944811804885
C           -2.28483970510633        1.40049639943642        0.42826054126764
N            3.44734246359567        1.89652280072659        0.37043089423818
N           -0.21089646539246       -3.84747230981681        1.88824162792710
N           -3.47570507129586        2.03304574116516        0.27608738780406
C            3.72401499958997        3.29889369080535        0.25060351785256
C            4.59972327147552        1.17288111452801        0.37121147935434
C           -3.67863287314555        3.44981403881391        0.25144368795322
C           -4.56370912385847        1.26823727691029        0.13696366772402
C            0.88725820998709       -4.54688322926380        1.11191272342021
C           -1.04384004445313       -4.50612398130143        0.80987637667374
N            4.89005710368625        3.71485353890954       -0.13042599726432
N            5.72531154343258        1.58349878937113        0.12343286551598
N           -4.95751849707893        3.91076996269456        0.43434989599392
N           -5.52671385958322        0.67430806431416       -0.02721569966386
N            2.00409949496858       -3.95460858707144        0.92174412910438
N           -2.05795054687325       -3.91711668595833        0.30477940630961
C            5.95846862880998        2.90435871468084       -0.35713611112169
C           -6.02911546134034        3.44126353543249        0.75784062672842
C           -0.00013384490707       -5.44865136848142        0.41550788336009
N            7.05518080483095        3.16691048444225       -0.90067187079163
N           -7.10518531156173        3.29743712848832        1.26433156307998
N            0.15005261693890       -6.54947942585123       -0.17861519811024
C            2.75253175576155        4.22294463013352        0.61469780055866
C           -2.70824728068298        4.31635235147054        0.02137339473486
C            2.26260594888410       -2.73501317410167        1.26301039555702
C           -2.41272726151260       -2.70000599250184        0.60968082496548
C            1.56826976130872        4.78629712384752        0.66222395549720
C           -1.45814900471873        5.03519389319542       -0.23234568676065
N            2.63308323852082        5.71922898819515        0.71903176299600
N           -2.56320607021144        5.70677441821355       -0.04781363482341
H            7.16456819359757        4.09621418625064       -1.28181749679551
H           -7.94422307218820        2.90519279343804        0.88948478119569
H           -0.69339960601153       -6.95609325944850       -0.56685482805377
H            2.80084008258155        6.24869663786728       -0.13951521459481
H           -3.05809509251100        6.57385832933530        0.02580204054530
H            0.50274140284533        4.74795298542069        0.60930636836805
C           -3.00147372077486        0.18220939268439        5.65799374512105
C           -3.43709801817045        1.20994504565250        6.10341713412911
C           -4.05490794768583        2.44140770644806        6.42443961068627
C           -4.38304986389939        3.29290385534630        5.38661008920195
C           -5.11787369709861        4.46318526393504        5.57654802726826
C           -5.55734328793250        4.77476170875483        6.83272858253464
C           -5.23904197525779        3.95762128495298        7.93801116963894
C           -5.71262044992380        4.27468236095567        9.22643724255932
C           -5.41709790998762        3.47380985241362       10.30070272376263
C           -4.58168074285169        2.35494212715707       10.12532440832136
C           -4.07974903201871        2.03792240182983        8.89071753257853
C           -4.43795468618865        2.79962774295227        7.74766034813321
C           -3.08505098699048        0.95052560904025        8.79670135215821
N           -3.45681002578691       -0.28676983750935        9.14730713083902
C           -2.60731776490306       -1.27336062342475        9.01343290369251
C           -1.30419232382442       -1.12152540505498        8.52049455434073
C           -0.82397322862098        0.20809677682189        8.35326779724254
C           -1.77566953050167        1.23816704123220        8.46534880455997
F           -1.39303938258557        2.51534457245330        8.26950819297559
N            0.47127386433161        0.49128261133865        8.13270704767207
C            1.29450450461971       -0.53310536550123        8.15231710807353
N            0.95503883062526       -1.82230073321015        8.17313465963228
C           -0.32911058176801       -2.14966833002018        8.24471359983886
N           -0.64882116984189       -3.44165613297804        8.06457744582770
C           -1.90971988321183       -3.89051500017494        7.51851072810950
C           -1.67052520645937       -4.47877748308121        6.11370816070362
C           -0.87243097163409       -3.47729014231850        5.24548552538692
C            0.59315641603792       -3.86400063277567        5.50387530791998
C            0.47783711312705       -5.00530770432605        6.53642023881871
C            0.40144472679590       -4.43753657200283        7.95937030836833
N           -0.80968979788386       -5.63774717377690        6.28140690845474
O            2.60252199963717       -0.32521199307404        8.07032253648007
C            3.01844264309620        1.02842212930126        7.97073265543532
C            4.50684484706965        1.08945866662556        7.59841019026781
C            4.89404869538378        2.53335181447627        7.21626519428774
C            6.26602157711890        2.72025018083225        7.85762911030448
C            6.10529700154436        1.90859759816829        9.14550214085847
N            5.32664420363496        0.73937303333531        8.77204615775207
C            6.08252541573254       -0.47001678307613        8.50330016960569
C            5.36242721585321       -1.13397602869047        7.33124122021662
C            4.85472667403036        0.05322297755587        6.52061153789383
F            6.22994490540381       -1.91725603217025        6.60189647197284
O           -5.86710052312640        3.72217034801627       11.55469279885272
F           -4.00088396298220        2.98501142762309        4.12328873579007
H           -2.61725964009980       -0.74373251740972        5.34912609381803
H           -5.34694650162259        5.07912041940414        4.72096517847691
H           -6.16039000950147        5.65555517340501        6.99377469791527
H           -6.31938293857421        5.16158790453705        9.35361284090184
H           -4.32170212380028        1.76516268984089       10.98933997725729
H           -2.96458510951325       -2.23267800808406        9.36260476314491
H           -2.61258452549822       -3.06268569384837        7.44385975904363
H           -2.32929510980995       -4.67183162806673        8.15984308702991
H           -2.63063546908270       -4.75964467513545        5.67664706897743
H           -1.13130132626593       -3.59442692675798        4.19346561891801
H           -1.07561823479565       -2.44846371163101        5.54215840340974
H            1.06662587607576       -4.22427697294254        4.59063042226037
H            1.18193268661548       -3.03837827899845        5.89847619594854
H            1.29232646710987       -5.72795977363810        6.47501101183604
H            1.34208807793557       -3.97038550662203        8.24484057821721
H            0.15872482182348       -5.25437247905771        8.64639442323328
H           -0.77567290925008       -6.18306438579784        5.42537336243692
H            2.41154902261422        1.53756079431582        7.21421529030936
H            2.85760094579900        1.52514321353648        8.93330095343630
H            4.89984351794899        2.67559435478019        6.13763812747367
H            4.18265172481503        3.23433277964175        7.65491334191031
H            7.04452369179823        2.28146222179662        7.23173147737603
H            6.51111145082851        3.76357743252632        8.04098040788397
H            5.53055146627619        2.48532043510632        9.87769971649751
H            7.05102756198345        1.61590921509144        9.59986511844784
H            7.11820426305928       -0.25906699812869        8.19991940013469
H            6.10368835152373       -1.10279181079729        9.39397616689060
H            4.54698720173793       -1.78316214100519        7.65971716455280
H            4.00465363029084       -0.20138632857612        5.89289009648411
H            5.66792517229015        0.41433564510456        5.88856443005670
H           -6.41002182190853        4.52011572786848       11.56253624444209
123
 energy: -235.301666827345 gnorm: 0.007289101817 xtb: 6.7.1pre (5071a88)
N           -0.07312334008199        0.05793457370681        0.91832899474670
C           -0.02922008777380        1.44631949081214        0.60274630687789
C            1.14151907132515       -0.61758032633342        0.99607738065191
C           -1.28586855039867       -0.58621975530409        0.80531374889778
N            1.12247997031144        2.03899388435295        0.44849867836632
N           -1.15875505625856        2.10090195012615        0.44827907989492
N            2.27295399123396       -0.00129688666898        0.82152139339132
N            1.08472830646642       -1.94191981574643        1.23970633909932
N           -2.37669943620475        0.06421967594002        0.53313279654482
N           -1.28632202794990       -1.92932892965550        0.97699760288220
C            2.23486570537545        1.30821951820760        0.56760646243237
C           -0.14075548086611       -2.52148970356973        1.48982844745563
C           -2.28438074149262        1.40148720956503        0.44134648085986
N            3.44637125219077        1.89743937943022        0.38606153047459
N           -0.20894335805839       -3.84575849334429        1.90618303378666
N           -3.47455787224901        2.03446228882476        0.28991927821983
C            3.72236939870045        3.29980999168449        0.25975865337967
C            4.59772464019480        1.17198655050520        0.38192866480207
C           -3.67449322760585        3.45215792806064        0.27047833679359
C           -4.56356000453247        1.27018014609100        0.15727306440810
C            0.88486632938344       -4.54364045173736        1.11736163963870
C           -1.04716043460158       -4.50203672096320        0.82779479646700
N            4.88729211920337        3.71521377128405       -0.12348803802369
N            5.72233152506470        1.58093541607184        0.13033315242334
N           -4.95127246215894        3.91102891393142        0.45996586496739
N           -5.53056952765826        0.68080031335410        0.00149607377367
N            2.00327916878382       -3.95509775677913        0.92830364987026
N           -2.06752684204761       -3.91531575226937        0.33220856864308
C            5.95610151236652        2.90450400527505       -0.34779396020623
C           -6.02329645747289        3.44477205054329        0.78843804898990
C           -0.00722977773874       -5.44648135172145        0.43132101896975
N            7.05322652872595        3.16281944108414       -0.89279270267878
N           -7.09637814408471        3.30471391109589        1.30243874128060
N            0.14094248608464       -6.55035884658350       -0.15717219490583
C            2.74646373682088        4.22225764024664        0.61476739442319
C           -2.70448006517582        4.31685458645973        0.03570022762697
C            2.26604506874741       -2.73562927817689        1.26581680336059
C           -2.41976749841733       -2.69651094874795        0.63168575528457
C            1.56030661798023        4.78188853192242        0.65356918136728
C           -1.45980527841389        5.03620212549805       -0.23113475498776
N            2.62289658923924        5.71824589565912        0.71680972308886
N           -2.56206281938958        5.70714276384973       -0.03802047301178
H            7.16986906798164        4.09081855444014       -1.27993410510747
H           -7.94227152037636        2.91921622530091        0.93383721855957
H           -0.70613487945435       -6.96197471170742       -0.53397647704748
H            2.79584156517235        6.24902266016861       -0.14085993288255
H           -3.05549768560631        6.57455554085460        0.03712285662031
H            0.49479015813561        4.74034123040316        0.59428865994802
C           -3.02214521725908        0.17232970848578        5.63863057886188
C           -3.44493366920157        1.20599908520520        6.08233418362884
C           -4.05965673134529        2.43830454890105        6.40631407266405
C           -4.39113839949931        3.29060605278909        5.37105934377736
C           -5.12081876702711        4.46292446025313        5.56036705132107
C           -5.55193658174952        4.77832968608848        6.81930838851778
C           -5.23469477659408        3.95957404466660        7.92337657787756
C           -5.70838395951488        4.27473695921612        9.21177858188115
C           -5.41463546247007        3.47216455336735       10.28568097846718
C           -4.57726527125275        2.35476269351037       10.10861728792717
C           -4.07928233828049        2.03631575262759        8.87251471835742
C           -4.43781090370572        2.79861489145832        7.73011785958972
C           -3.08506680497717        0.94792600818396        8.77748044622057
N           -3.45663459186431       -0.28882656018676        9.12870984937489
C           -2.60534440368488       -1.27485745372363        8.99956943856857
C           -1.30065153634287       -1.12219325652524        8.51155032142110
C           -0.82166244556116        0.20707605402932        8.34083951430043
C           -1.77573413071708        1.23566040590999        8.44751981594361
F           -1.39389067809306        2.51327932403926        8.25102856480502
N            0.47322304358544        0.49282020955451        8.12418817172418
C            1.29671168471012       -0.53235494196008        8.14898330362294
N            0.95844155042275       -1.82055341782983        8.16783590568272
C           -0.32484674644393       -2.15119341395994        8.23872767243095
N           -0.64552961677392       -3.44309620568451        8.05943727202246
C           -1.90659353623331       -3.89130287435046        7.51190902803144
C           -1.66714501804110       -4.47702317762919        6.10689571845749
C           -0.86878319187151       -3.47614384820681        5.23961381073227
C            0.59667444420122       -3.86123992264362        5.50177835342841
C            0.47957590054335       -5.00538037695339        6.52996552254263
C            0.40264623669410       -4.44104584575036        7.95344512210858
N           -0.80754571688929       -5.63657938260595        6.27105760856087
O            2.60522251752323       -0.32094754243876        8.07426032355597
C            3.01934001714739        1.03210445236859        7.95898889349356
C            4.51080825817886        1.09004594050671        7.59361765447974
C            4.89906911292102        2.53489356826760        7.21200011649892
C            6.26732769437464        2.72459209586685        7.86161453032153
C            6.10380853531077        1.90708550967410        9.14626914978823
N            5.32540631077582        0.73982062767387        8.76787405733767
C            6.07907695473721       -0.47029470469510        8.50381891675026
C            5.36249454465504       -1.13615003784116        7.32898656576364
C            4.85607552420818        0.05284884185441        6.51682570769297
F            6.23105554338819       -1.91740772329304        6.60337074771847
O           -5.86833889762722        3.71588133264798       11.53830014128246
F           -4.02881364586660        2.97365896582440        4.10032105728142
H           -2.60949615184485       -0.73842114990180        5.31821189377953
H           -5.35292281122495        5.07883485775572        4.70591276677151
H           -6.15055232596976        5.66193398268724        6.98266657594214
H           -6.31486932679742        5.16187058802598        9.34078751191452
H           -4.31283528582117        1.76653861783383       10.97296628767492
H           -2.96418671846020       -2.23256398471573        9.35175559145046
H           -2.60824374032256       -3.06322609921545        7.43805897640848
H           -2.32621046005633       -4.67400402017678        8.15085688101055
H           -2.62807494384113       -4.75473991388528        5.67020484759359
H           -1.12611560011203       -3.59973206667943        4.18705326630178
H           -1.07457706074773       -2.44524571326683        5.52943559749828
H            1.07409454448503       -4.21893358140261        4.58925553015226
H            1.18283756291434       -3.03621209545564        5.90028526323433
H            1.29379027695887       -5.72794122695522        6.46745484095803
H            1.34329086836451       -3.97631348149338        8.24130127818885
H            0.15673237168135       -5.25940649678303        8.63688599022435
H           -0.77228901289645       -6.17876500915493        5.41356042352075
H            2.41762132501345        1.53065383586091        7.19077303698288
H            2.85258798794568        1.54359066386432        8.91335169846949
H            4.91277925386065        2.67746786479243        6.13378279610396
H            4.18362339559456        3.23403645025231        7.64493836731104
H            7.04961482327123        2.28893385512168        7.23768334367060
H            6.50968311737608        3.76857238816534        8.04769386411062
H            5.53110273945501        2.48218727804758        9.88205844143126
H            7.05081543702002        1.61182900964632        9.59891744301187
H            7.11816628048163       -0.26630841016980        8.20142524568362
H            6.09581682058613       -1.10143884866518        9.39541909237090
H            4.54474027317489       -1.78361036661988        7.65599481720011
H            4.00420168444464       -0.20076600947970        5.89077951371945
H            5.67013356371279        0.41016251339729        5.88373357296110
H           -6.41606195601361        4.51044504687032       11.54873730972854
123
 energy: -235.301853724338 gnorm: 0.008667447268 xtb: 6.7.1pre (5071a88)
N           -0.07292556728963        0.05763038850223        0.93223912637262
C           -0.02941108830796        1.44640503599021        0.61714364925070
C            1.14222248145956       -0.61767543190622        1.00860756228372
C           -1.28573228912858       -0.58606173149409        0.81724430645437
N            1.12214798336790        2.03909666776119        0.46245658546230
N           -1.15877716966078        2.10098905443768        0.46354338937639
N            2.27303876155754       -0.00089149308347        0.83535607727794
N            1.08471517768821       -1.94218283253208        1.25124430410491
N           -2.37579976154148        0.06386837582580        0.54241957689338
N           -1.28705865898320       -1.92885405458724        0.99161325821382
C            2.23458532264283        1.30894660012306        0.58093923722825
C           -0.14006730563462       -2.52183572617044        1.49866189206823
C           -2.28446336541606        1.40190706011657        0.45421817391308
N            3.44575426361798        1.89800419694768        0.39770328651377
N           -0.20787052176794       -3.84446580136234        1.92003150379420
N           -3.47429239866952        2.03461669339309        0.30290013197083
C            3.72120605864175        3.30019791653309        0.26597695497987
C            4.59692596778959        1.17203434213651        0.39173069133413
C           -3.67334860123127        3.45295594676852        0.28477199902518
C           -4.56364134811063        1.27023101758330        0.17398601159817
C            0.88261219322827       -4.54202772688022        1.12388113639381
C           -1.05069904395896       -4.50056404406920        0.84440306928035
N            4.88605669064500        3.71486354122224       -0.11795186247899
N            5.72129034281791        1.58001001681165        0.13729099020842
N           -4.94784751162790        3.91228319627051        0.48503034216224
N           -5.53476774481613        0.68500567530081        0.02707874507617
N            2.00177961157303       -3.95511672634063        0.93421287997195
N           -2.07522342752956       -3.91517788207700        0.35613171007946
C            5.95451839439541        2.90403535486426       -0.34213632911372
C           -6.01828579991890        3.44936459367274        0.82218685532556
C           -0.01342830038600       -5.44603576806774        0.44520808830299
N            7.05224727736187        3.16018526184557       -0.88595153751508
N           -7.09410021549703        3.32009113810033        1.33275597704936
N            0.13243268403180       -6.55221587853536       -0.14028522262030
C            2.74292522936661        4.22253026473404        0.61520288811797
C           -2.70302374049742        4.31638449533248        0.04557084045262
C            2.26782535380275       -2.73623541576158        1.27105329290692
C           -2.42488053371345       -2.69488892227469        0.65290217106198
C            1.55562158615983        4.77997690683722        0.64895388754652
C           -1.46097262390670        5.03598712545424       -0.23159204130936
N            2.61652756670440        5.71830958536516        0.71491344471764
N           -2.56160776004841        5.70725581271373       -0.02971472790651
H            7.17358973541133        4.08664789485144       -1.27467628995764
H           -7.93803306133076        2.92555082632589        0.97001600957284
H           -0.71680912449077       -6.96538532343086       -0.51066956435270
H            2.79173556313480        6.24843681477114       -0.14264785520320
H           -3.05354705134309        6.57526293908723        0.04875678672750
H            0.49027901398787        4.73673882597428        0.58386313122411
C           -3.00887945911265        0.17940858097293        5.61653375233187
C           -3.44761769269992        1.20400942114626        6.06600827712235
C           -4.06663197692917        2.43401036024903        6.39038133812194
C           -4.40211089682327        3.28541126255858        5.35592371628712
C           -5.12452370503347        4.46182433245087        5.54632118891910
C           -5.54949150121445        4.78009173515290        6.80684109665850
C           -5.23310862445979        3.95986428109958        7.91000038385821
C           -5.70525253395869        4.27466359106901        9.19895368260017
C           -5.41255312065761        3.47075558711074       10.27225815282105
C           -4.57420901894156        2.35426025219494       10.09408392529865
C           -4.07845779160743        2.03548729939238        8.85730496150984
C           -4.43892872125740        2.79710355241044        7.71513374166847
C           -3.08477461269226        0.94654199040884        8.76218524496238
N           -3.45639324638942       -0.28978916124518        9.11471315538637
C           -2.60392173199656       -1.27546588886514        8.98931882435392
C           -1.29851223372091       -1.12288528872978        8.50345888028994
C           -0.82005998287417        0.20618161324841        8.32983097500535
C           -1.77537669424551        1.23420738639001        8.43278988002436
F           -1.39413715313225        2.51181215877194        8.23392001687074
N            0.47497493858163        0.49274368350844        8.11529633120818
C            1.29898040999187       -0.53242543905781        8.14503924128651
N            0.96135175582072       -1.82042517759766        8.16401969149998
C           -0.32186889924228       -2.15213149671271        8.23352071583106
N           -0.64286824349568       -3.44382681089659        8.05526314290500
C           -1.90375883642270       -3.89150902327117        7.50635868165315
C           -1.66431411777299       -4.47577816200325        6.10081120328590
C           -0.86552276805507       -3.47537617146667        5.23374207383571
C            0.59990930897442       -3.85828661453631        5.49869818179322
C            0.48198634723020       -5.00462156455567        6.52450276229087
C            0.40428034239770       -4.44290787338880        7.94918680484379
N           -0.80500986985474       -5.63553033131676        6.26374138796872
O            2.60773810801098       -0.31869613872547        8.07571876448610
C            3.01974732442429        1.03402152093634        7.95006621593455
C            4.51281238137040        1.09064943246734        7.58871367747694
C            4.90254265788715        2.53571703737864        7.20821519806931
C            6.26780267546170        2.72612002698190        7.86423418072670
C            6.10234181995834        1.90579917056656        9.14691758721866
N            5.32436144217717        0.74007512213355        8.76384081791058
C            6.07610880562375       -0.47135347719477        8.50374240346287
C            5.36226454901972       -1.13732516478755        7.32673339957522
C            4.85816868554721        0.05235965707880        6.51306328556404
F            6.23227475698428       -1.91790282894945        6.60399156472822
O           -5.86774417654068        3.71186837850642       11.52446177928669
F           -4.04299613327931        2.96784590533678        4.08320328408697
H           -2.62889762509254       -0.74530391354559        5.29665716869307
H           -5.35625296088207        5.07891539686215        4.69277651768590
H           -6.14276885500456        5.66701325497655        6.97206018731604
H           -6.31091604252035        5.16220305599438        9.32924587132190
H           -4.30848779781769        1.76599118902139       10.95798018639591
H           -2.96354662232422       -2.23232492858452        9.34291543445342
H           -2.60543601198375       -3.06353925222900        7.43272523037852
H           -2.32316833763270       -4.67468904993588        8.14479191546276
H           -2.62562361267402       -4.75240293000632        5.66399310557797
H           -1.12029066496629       -3.60197160970040        4.18090078315694
H           -1.07332746189399       -2.44401739300016        5.52027182690512
H            1.08003354218996       -4.21245967048696        4.58619082065131
H            1.18356864253396       -3.03313875362288        5.90073665608846
H            1.29607445562414       -5.72732996692760        6.46113711551515
H            1.34528231548115       -3.98000274813306        8.23901170078251
H            0.15606173618740       -5.26193099738999        8.63107989552114
H           -0.76895760218012       -6.17599676098686        5.40516425115400
H            2.42087408096969        1.52431678376810        7.17419888776081
H            2.84772121664014        1.55478018972163        8.89857058199665
H            4.92214683566525        2.67736118265835        6.12992229384062
H            4.18445960587790        3.23480725395573        7.63698518710736
H            7.05371458025062        2.29398894876364        7.24231816559677
H            6.50698721837425        3.77008768124300        8.05390355332441
H            5.52994058798567        2.47897388688010        9.88442052184013
H            7.04916116354433        1.60894968709935        9.59904864428723
H            7.11670854747335       -0.26969366687958        8.20428100227543
H            6.08930208901663       -1.10189774306314        9.39590529192816
H            4.54313157089648       -1.78402293083528        7.65196653245040
H            4.00619928024326       -0.20113527076313        5.88723862921903
H            5.67285823383480        0.40740324518487        5.87959878508743
H           -6.41859391929990        4.50428029709116       11.53628315198265
123
 energy: -235.302084274532 gnorm: 0.007648118086 xtb: 6.7.1pre (5071a88)
N           -0.07302493206571        0.05814121898279        0.94784071899978
C           -0.03005221921654        1.44681714796160        0.63284873508770
C            1.14246891677146       -0.61751012392960        1.02233663841510
C           -1.28590757742297       -0.58569399796050        0.83217714192891
N            1.12150822496873        2.03930728081767        0.47678769478144
N           -1.15974809254406        2.10149015246794        0.48100689821810
N            2.27289748090863       -0.00047562304947        0.85008005259602
N            1.08405896706345       -1.94251132981297        1.26333137921023
N           -2.37591317241975        0.06400030169606        0.55757456806347
N           -1.28782657400078       -1.92789046006377        1.00935702081112
C            2.23418251094198        1.30948958890999        0.59465369138804
C           -0.13980283314538       -2.52224895074572        1.50994149586764
C           -2.28524942364446        1.40229984809326        0.47194668966717
N            3.44510731862240        1.89827628084522        0.40967480977990
N           -0.20680205047586       -3.84321856003546        1.93521701239436
N           -3.47489194601938        2.03518800932538        0.32286623533882
C            3.71995129634699        3.30011980642533        0.27225456764101
C            4.59651082275297        1.17253191769986        0.40399473766042
C           -3.67312180733931        3.45407110839550        0.30428548082095
C           -4.56717489871348        1.27313308985971        0.20443320740750
C            0.87998223819117       -4.54140513114049        1.13368413407060
C           -1.05540805455010       -4.50049312253243        0.86541414884059
N            4.88539224740496        3.71385408442725       -0.11128508336048
N            5.72100611474565        1.57971362727784        0.14728719663590
N           -4.94573332455637        3.91567498052210        0.51165866142284
N           -5.53379779631667        0.68424650564546        0.04426900289385
N            1.99935887380645       -3.95529761977819        0.94177654029277
N           -2.08375828792551       -3.91581686072804        0.38490370282097
C            5.95355285961855        2.90311010078608       -0.33509476964595
C           -6.01611084878334        3.45741266727244        0.85332088793344
C           -0.02057600201915       -5.44641195004883        0.46187217730455
N            7.05201912392224        3.15782717745190       -0.87677840342806
N           -7.08714739449687        3.33051964305513        1.37397694013424
N            0.12194076226615       -6.55452508007834       -0.12193898800970
C            2.74034961068718        4.22342218349945        0.61623159851271
C           -2.70219906427953        4.31545589191276        0.05804423501551
C            2.26859071829034       -2.73733406676955        1.27966485928533
C           -2.43024187738213       -2.69408994327483        0.68071845659351
C            1.55227887401150        4.77942048364440        0.64581887794185
C           -1.46279023563361        5.03412104580696       -0.23739452537039
N            2.61162378487932        5.71914804665391        0.71236298315427
N           -2.56054160952703        5.70704925964177       -0.01921992733986
H            7.17672899909289        4.08216330079928       -1.26612539846055
H           -7.93517596071548        2.93730410814256        1.02077808754326
H           -0.72942358321026       -6.96766796375684       -0.48661002146575
H            2.78756719592751        6.24716406629456       -0.14579876789102
H           -3.04999367429354        6.57613027998818        0.06496090358406
H            0.48722519826181        4.73509871677818        0.57484623242996
C           -3.01169487240652        0.17857783029190        5.59472764422687
C           -3.45366057080172        1.20120134319764        6.04566760286981
C           -4.07247511190883        2.43085829007111        6.37119385980895
C           -4.41298276145545        3.28044639015340        5.33672132026567
C           -5.12899487712110        4.46071771516475        5.52927506374654
C           -5.54823865041246        4.78125165363749        6.79095396136415
C           -5.23214797360248        3.95953563764746        7.89315532877280
C           -5.70199194662879        4.27448030771896        9.18305272795954
C           -5.41016793858890        3.46906195772780       10.25538575526733
C           -4.57185496366848        2.35286290438337       10.07602546115427
C           -4.07732020649911        2.03469283203704        8.83888473387477
C           -4.43982360582459        2.79573513686425        7.69699487038959
C           -3.08409168165424        0.94555451368275        8.74436551099386
N           -3.45576854823975       -0.29015886890319        9.09960178727589
C           -2.60238904300121       -1.27557326913009        8.97817156849965
C           -1.29666103172055       -1.12371154152036        8.49320645889325
C           -0.81858715232695        0.20512904176929        8.31589057721463
C           -1.77465531264565        1.23300500743008        8.41477584696434
F           -1.39404557132959        2.51023533606727        8.21187144840635
N            0.47689644209006        0.49143825147804        8.10283081343109
C            1.30176210830224       -0.53299620753997        8.13909545275020
N            0.96471841173656       -1.82130823727882        8.16019499915344
C           -0.31888716127572       -2.15284269731598        8.22715555529150
N           -0.63971000279001       -3.44435982132594        8.05015476842600
C           -1.90013318842504       -3.89167676728596        7.49977777102432
C           -1.66050399156094       -4.47508776004854        6.09368001683036
C           -0.86172979050396       -3.47425322147661        5.22707242098208
C            0.60385278551034       -3.85441881234538        5.49474146092083
C            0.48611197205761       -5.00339598650412        6.51826445185512
C            0.40707819308037       -4.44395604827673        7.94442521837975
N           -0.80068975989165       -5.63473512369835        6.25628615284368
O            2.61055190389521       -0.31734353863219        8.07475989210107
C            3.01988388746908        1.03508684972714        7.93990421042795
C            4.51391533538834        1.09140299686233        7.58234967789126
C            4.90592960715004        2.53618088944329        7.20351375071209
C            6.26765136128323        2.72731165591590        7.86645630311091
C            6.09971633634134        1.90449080120237        9.14695673784559
N            5.32247132126094        0.74004663623737        8.75909343872528
C            6.07243550499043       -0.47312564856707        8.50295826241401
C            5.36190001889254       -1.13784513708667        7.32337903776168
C            4.86110084918417        0.05189931864392        6.50804322844751
F            6.23408415239700       -1.91856173777561        6.60340484378464
O           -5.86573486080007        3.70826256728538       11.50778701318362
F           -4.05362315877984        2.96385146448715        4.06417715724708
H           -2.63660021886724       -0.74646091654265        5.27157438689257
H           -5.36038561725622        5.07869168409642        4.67630551269494
H           -6.13529981652253        5.67189284451558        6.95820577186489
H           -6.30666934009311        5.16241852515739        9.31445108046047
H           -4.30646024168779        1.76347930657126       10.93892696034156
H           -2.96197077215630       -2.23170483877767        9.33356587422745
H           -2.60260220203888       -3.06410437982788        7.42612191747658
H           -2.31928162323852       -4.67511833939846        8.13828763983028
H           -2.62184575775783       -4.75180875273775        5.65640674026819
H           -1.11344233519982       -3.60253654730064        4.17418792795158
H           -1.07193172874821       -2.44335650485816        5.51213641352125
H            1.08702494992508       -4.20406606595247        4.58225035907184
H            1.18448114913806       -3.02880055031180        5.90093491050628
H            1.30038946712932       -5.72602541610016        6.45392452707278
H            1.34847067601126       -3.98266731279480        8.23650154061382
H            0.15692951558790       -5.26350888361207        8.62531812552993
H           -0.76381037671493       -6.17382662376452        5.39660241162762
H            2.42294900704309        1.51721156890749        7.15767573373445
H            2.84232303295450        1.56325275230072        8.88291707166164
H            4.93173820521690        2.67621525614543        6.12497164679982
H            4.18531562486726        3.23619718464485        7.62752946334369
H            7.05788320713841        2.29962229613059        7.24717178880527
H            6.50254619141566        3.77114504632787        8.06070553245852
H            5.52638215236253        2.47529290729527        9.88516081813667
H            7.04543582302690        1.60638370188051        9.59943547029347
H            7.11386528167735       -0.27167037795851        8.20839157124465
H            6.08137901951989       -1.10376849333277        9.39536159671918
H            4.54168872343862       -1.78439911913450        7.64588799815293
H            4.01028615212987       -0.20173194708156        5.88096095213412
H            5.67675218665707        0.40561044321984        5.87522706390149
H           -6.41892169075525        4.49906351092982       11.52046251227138
123
 energy: -235.302431776072 gnorm: 0.006782188606 xtb: 6.7.1pre (5071a88)
N           -0.07316944301665        0.05953516141818        0.96853680441298
C           -0.03090248252737        1.44770194265623        0.65375192652415
C            1.14246437307095       -0.61717538587904        1.04010568728550
C           -1.28613748509122       -0.58519641106424        0.85376043859605
N            1.12071931066163        2.03974532418907        0.49498599698806
N           -1.16137380113436        2.10276402528693        0.50525793278160
N            2.27267326288584       -0.00016784697784        0.86816902062242
N            1.08291925927218       -1.94305042363919        1.27822956611000
N           -2.37649720870146        0.06445017024790        0.58112390931901
N           -1.28858057161721       -1.92635146535847        1.03430642174342
C            2.23372024216313        1.30979055355173        0.61148348652853
C           -0.13966525555512       -2.52273192123605        1.52703716109115
C           -2.28615316262311        1.40251975182945        0.49750266682849
N            3.44438969378829        1.89827093233396        0.42427083250602
N           -0.20502355233401       -3.84203404100184        1.95470872512176
N           -3.47579822041089        2.03513590470692        0.34978021873920
C            3.71828230859883        3.29952530650897        0.28032223391650
C            4.59639768512679        1.17359813884497        0.42171683348677
C           -3.67397728196539        3.45428552023435        0.33009864922187
C           -4.56864563874783        1.27386634917322        0.23206640462871
C            0.87680582094089       -4.54213306624159        1.14914624461875
C           -1.06206620820713       -4.50180667495704        0.89519362945718
N            4.88491333755167        3.71216565100482       -0.10180931966478
N            5.72126513433661        1.58015196100979        0.16367944805919
N           -4.94370861396560        3.91991840642559        0.54928015943608
N           -5.54346136780579        0.69366241637258        0.08814761054351
N            1.99569042906154       -3.95630844199837        0.95246100758533
N           -2.09438195171541       -3.91687980495997        0.42405260949727
C            5.95338734779168        2.90180937347859       -0.32322382011872
C           -6.01323732294844        3.46685201077908        0.89846424901550
C           -0.02973538150637       -5.44745025490320        0.48430814724847
N            7.05272965165590        3.15557461781248       -0.86248904689398
N           -7.07682797874480        3.34129745261743        1.43477290000501
N            0.10741063948470       -6.55689969921751       -0.09939362979411
C            2.73833203181072        4.22509208420751        0.61844402476422
C           -2.70245925267725        4.31314548674967        0.07500026454553
C            2.26832589114884       -2.73962455143061        1.29317407428137
C           -2.43648857923589       -2.69388102612604        0.72111080255762
C            1.54982925666320        4.78037747746104        0.64357453746097
C           -1.46522056684308        5.02992108370176       -0.24083536999789
N            2.60765332946938        5.72112689866506        0.70820193334172
N           -2.55948136436727        5.70534892052930       -0.00504378304184
H            7.17908009341778        4.07702179184202       -1.25320336236176
H           -7.93300950062383        2.95827260678483        1.09181025471351
H           -0.74692273390138       -6.96869886985087       -0.45710043567833
H            2.78311175218130        6.24503464635396       -0.15175380044699
H           -3.04545407426601        6.57590342732502        0.08618515923209
H            0.48521390253735        4.73522579324900        0.56737940313641
C           -3.02028238019110        0.17502721518970        5.56678515423941
C           -3.46170540578254        1.19803700330917        6.01722133569205
C           -4.07782546527193        2.42850055298218        6.34419331924264
C           -4.42245819940679        3.27622250129851        5.30895817667560
C           -5.13394983104428        4.45943270572455        5.50470777445180
C           -5.54784302221462        4.78172673183359        6.76714305341297
C           -5.23146771895848        3.95866586934796        7.86846217931468
C           -5.69804198449793        4.27448801963786        9.15972623109159
C           -5.40706072945198        3.46717477231483       10.23059987936647
C           -4.57046795157147        2.35011744394260       10.04980318081682
C           -4.07637000809868        2.03331970631980        8.81240755472822
C           -4.44119810269258        2.79400766125129        7.67105999900710
C           -3.08322059523742        0.94458611923294        8.71910681711122
N           -3.45456867493406       -0.28991854083981        9.08008243294174
C           -2.60055319784800       -1.27518192872244        8.96356742325646
C           -1.29489472514569       -1.12487441784001        8.47823779705378
C           -0.81736783799893        0.20358978127810        8.29510309877274
C           -1.77390640547241        1.23159161068685        8.38796471737364
F           -1.39406809227138        2.50797921890923        8.17867908523348
N            0.47887186180918        0.48842532646020        8.08312861701194
C            1.30513310635642       -0.53421278082613        8.12925648914146
N            0.96889522025280       -1.82341735353527        8.15575122934725
C           -0.31552127356116       -2.15359194047950        8.21828125353224
N           -0.63551242726770       -3.44514861935780        8.04279807148485
C           -1.89507429559735       -3.89251979758891        7.49088206829680
C           -1.65458456811620       -4.47528169999741        6.08431397632486
C           -0.85668920169302       -3.47226518804492        5.21919158838308
C            0.60939624099152       -3.84878261111003        5.48952220906366
C            0.49314484904101       -5.00138840158141        6.51007799957535
C            0.41176626851763       -4.44437416632871        7.93792776412558
N           -0.79300876362001       -5.63425964211853        6.24691302767611
O            2.61365710062752       -0.31702832005571        8.06979054927500
C            3.01974210709382        1.03512364976941        7.92613797340271
C            4.51429130368314        1.09198288347066        7.57355363145127
C            4.90962778519967        2.53591816575663        7.19706293367396
C            6.26649871224086        2.72862448978553        7.86891401315675
C            6.09456472264242        1.90264541647912        9.14644499742568
N            5.31861038470500        0.73914772117328        8.75348053882706
C            6.06724917999066       -0.47610245587704        8.50126443745164
C            5.36165318539624       -1.13788078779332        7.31798647045791
C            4.86565605334384        0.05140055434099        6.50076770722098
F            6.23730364563198       -1.91959397289796        6.60094520132284
O           -5.86127114793914        3.70554533042339       11.48402363117411
F           -4.06242963365549        2.96026692658737        4.03845578809863
H           -2.64592910551841       -0.74827931773111        5.24009797663008
H           -5.36575883445998        5.07741114148502        4.65170152865111
H           -6.12821308721847        5.67618064126501        6.93648670096789
H           -6.30096311404467        5.16324869453170        9.29210953881490
H           -4.30661840234633        1.75867331185359       10.91126630004147
H           -2.95878250325820       -2.23042130904903        9.32253000951120
H           -2.59903774926585       -3.06570478781047        7.41690097722736
H           -2.31408670034534       -4.67627267567688        8.12953866155384
H           -2.61535572155463       -4.75345728312567        5.64608458421150
H           -1.10516037450615       -3.60105607880581        4.16650118173372
H           -1.07030151878437       -2.44279919534452        5.50492428022848
H            1.09660046063757       -4.19259617022581        4.57726945988725
H            1.18604517373661       -3.02243107665866        5.90100408649434
H            1.30827776783915       -5.72314532840226        6.44439355423545
H            1.35323296275837       -3.98428574382716        8.23291524406563
H            0.16016501542365       -5.26474679679630        8.61773518184019
H           -0.75495352048553       -6.17187696466733        5.38590850575787
H            2.42431385437362        1.50877753168276        7.13820479253127
H            2.83608089201630        1.56941024273874        8.86367378048833
H            4.94315014145740        2.67387528097648        6.11822214283763
H            4.18593602130294        3.23761499707584        7.61454051615871
H            7.06247954950986        2.30686869789141        7.25342846357008
H            6.49530871455176        3.77243767986379        8.06904623024428
H            5.51855354845477        2.47061932595324        9.88409811221400
H            7.03818385227690        1.60350709163743        9.60067395860543
H            7.10936702272852       -0.27343075782508        8.21440788562633
H            6.06993317762752       -1.10776415459858        9.39333953008085
H            4.54044542735453       -1.78512266749592        7.63588642083981
H            4.01768675000549       -0.20222473624430        5.86998421266607
H            5.68331151803974        0.40501957807096        5.87065208064824
H           -6.41556305921358        4.49554477466152       11.49694191761586
123
 energy: -235.302858247677 gnorm: 0.008355189824 xtb: 6.7.1pre (5071a88)
N           -0.07410664881715        0.06121448171963        0.99445674375418
C           -0.03244030822460        1.44833912711488        0.67848073797547
C            1.14159694471950       -0.61693486888807        1.06160369483278
C           -1.28767247554372       -0.58452363391703        0.88451903690470
N            1.11915620061980        2.03975558958914        0.51538547036974
N           -1.16373068892936        2.10389567890825        0.53336158725020
N            2.27165300272353       -0.00029172119380        0.88825667172090
N            1.08138246576828       -1.94366944483515        1.29623024223409
N           -2.37904357355479        0.06536154372964        0.61579132082236
N           -1.29029367882292       -1.92446793927638        1.06818120422593
C            2.23246683364486        1.30953372722833        0.63036197555461
C           -0.13963503003933       -2.52297604076863        1.55165061502258
C           -2.28806729983769        1.40267992454207        0.53000696937965
N            3.44294837073809        1.89788289867793        0.44100539855546
N           -0.20211325193953       -3.84127656793560        1.97918186877726
N           -3.47794034294001        2.03586139982705        0.38631297574675
C            3.71584506076357        3.29841616253856        0.29066458645866
C            4.59571089599310        1.17485043320832        0.44477902929236
C           -3.67507132521260        3.45491309880853        0.36334299476340
C           -4.57429863527349        1.27806164960589        0.27778430056878
C            0.87332612081191       -4.54382912973547        1.16944363979341
C           -1.07012741429643       -4.50346191366406        0.93266355452391
N            4.88382815664362        3.70998737219488       -0.08959707971173
N            5.72097300433103        1.58096805849106        0.18747079075657
N           -4.93944970964826        3.92560099599896        0.60673920130794
N           -5.55055452956953        0.70075462186392        0.13403906551730
N            1.99097410390250       -3.95821549664058        0.96528960383103
N           -2.10649604778969       -3.91704166425571        0.47216074720486
C            5.95365448519859        2.90004061134449       -0.30490786867611
C           -6.00464201741041        3.47645000134005        0.97442357096999
C           -0.04041172736821       -5.44825780530408        0.51148685809741
N            7.05412723474901        3.15292472702211       -0.84219055685794
N           -7.06813770639317        3.36347487050928        1.51333633450745
N            0.08953704428175       -6.55806727807616       -0.07363656254472
C            2.73617680759770        4.22699782913421        0.62189273645797
C           -2.70400059095655        4.31028148771320        0.09374969256067
C            2.26688665958711       -2.74278146366206        1.30922938656339
C           -2.44380174695408       -2.69362141988994        0.77308900910775
C            1.54758246581139        4.78251797828124        0.64130979150404
C           -1.46788346622905        5.02383275672917       -0.23667151372879
N            2.60440257498828        5.72383818857250        0.70195367057347
N           -2.55855924355560        5.70218146630881        0.00851035642429
H            7.18032371045023        4.07166037514006       -1.23662758107058
H           -7.92705002377601        2.98240449424052        1.17725038789332
H           -0.76905615854022       -6.96838501888568       -0.42205785484002
H            2.77972388148582        6.24200395521089       -0.16110329361834
H           -3.03995951042109        6.57448730268923        0.10744505958923
H            0.48334435247782        4.73656512526643        0.56268821857679
C           -3.03951460771728        0.16582305147265        5.53469270018624
C           -3.46935503164799        1.19598007352280        5.97963192756252
C           -4.08145822105684        2.42775719587811        6.30911537341632
C           -4.42773886335782        3.27455463607178        5.27299446917335
C           -5.13855451007465        4.45828523559803        5.47211998903454
C           -5.54826381903147        4.78149734350443        6.73509478723342
C           -5.23061499115184        3.95780581746839        7.83581201902653
C           -5.69410916449336        4.27463336943672        9.12838845949201
C           -5.40376093734944        3.46533229619074       10.19761511534006
C           -4.57041556221249        2.34627461860740       10.01512737531992
C           -4.07627954446444        2.03104996955625        8.77730687898085
C           -4.44251320711618        2.79240363315476        7.63690521994103
C           -3.08270226191995        0.94319114478558        8.68552430976710
N           -3.45291806076152       -0.28928375804430        9.05566397340359
C           -2.59845672098834       -1.27454242297836        8.94522214823117
C           -1.29312840947815       -1.12635162561703        8.45859907322148
C           -0.81677572800819        0.20148711621468        8.26681200292039
C           -1.77384089038897        1.22950253650140        8.35124451371675
F           -1.39505659509519        2.50468442621359        8.13358667162432
N            0.48018479953976        0.48434099985147        8.05563993725096
C            1.30817920649892       -0.53565527714817        8.11465520597947
N            0.97328062064976       -1.82599541988940        8.15011705782678
C           -0.31188428394916       -2.15474746029499        8.20714356881810
N           -0.63045358861381       -3.44686230024831        8.03346421025237
C           -1.88890076333660       -3.89527805333358        7.48052876015680
C           -1.64652829823829       -4.47652421612521        6.07354255705245
C           -0.85051587098891       -3.46941497597551        5.21132685589170
C            0.61650124726217       -3.84153793920509        5.48333433801508
C            0.50278697987263       -4.99825602962886        6.50018150385618
C            0.41818262620207       -4.44462102593408        7.92963668591369
N           -0.78180088798078       -5.63391835614844        6.23514743418856
O            2.61621056276434       -0.31744845589804        8.05949757266157
C            3.01943043991464        1.03452592983146        7.90827285660899
C            4.51455243293625        1.09188516130529        7.56270866725894
C            4.91335741284825        2.53483244443048        7.18881235032365
C            6.26434618996768        2.72982081361127        7.87162451840238
C            6.08647523614616        1.90017631079859        9.14584850086273
N            5.31232769016334        0.73720355474995        8.74775866491178
C            6.06084782138239       -0.47976837352825        8.49883371716952
C            5.36211340382341       -1.13793475384358        7.31062605610157
C            4.87226122582518        0.05097606311122        6.49142372909947
F            6.24246949853116       -1.92092540987592        6.59690222750765
O           -5.85473580586049        3.70431542323403       11.45274232784269
F           -4.07022941146616        2.95721008480541        4.00479336292633
H           -2.65358074816764       -0.75071123849348        5.20409225608318
H           -5.37257751777041        5.07489596026817        4.61844824844178
H           -6.12513613380377        5.67759564760835        6.90595329049582
H           -6.29438550779134        5.16486015099012        9.26169200350996
H           -4.30798850099486        1.75270378347197       10.87528934173905
H           -2.95415531809166       -2.22849092575643        9.31024708202560
H           -2.59444673756663       -3.06947208829036        7.40608113201103
H           -2.30789930867337       -4.67967518833253        8.11872692590201
H           -2.60599162217679       -4.75717657765505        5.63387948399141
H           -1.09665910145070       -3.59761253871649        4.15878170601809
H           -1.06823948906852       -2.44176362407517        5.49951187953388
H            1.10788183318784       -4.17925131543931        4.57131297316459
H            1.18874999591178       -3.01442813868346        5.90010206279501
H            1.31972827444191       -5.71776931333543        6.43273616535386
H            1.35883870775622       -3.98455033288089        8.22776632442731
H            0.16607399820144       -5.26651643432059        8.60760224209679
H           -0.74204457155046       -6.16955402561550        5.37266744383375
H            2.42596161958763        1.50079251766907        7.11491587075584
H            2.82973380808083        1.57387359490142        8.84107265014247
H            4.95603818057089        2.67107648627940        6.10987678145760
H            4.18580425815821        3.23788110313900        7.59822179695320
H            7.06710878223781        2.31450150286091        7.26099593815960
H            6.48633242709503        3.77389394380004        8.07777223643479
H            5.50618735238152        2.46579350230564        9.88160516773363
H            7.02749802074294        1.60026155583349        9.60372592486712
H            7.10446116975777       -0.27653059541790        8.22148365883930
H            6.05505308924501       -1.11301542706443        9.38999282483130
H            4.53966885288121       -1.78653327006629        7.62200260218403
H            4.02854068739438       -0.20186194818424        5.85444439768887
H            5.69360898852230        0.40557297479940        5.86664702789896
H           -6.40824007169835        4.49479033600644       11.46549409785613
123
 energy: -235.303361318523 gnorm: 0.009607878702 xtb: 6.7.1pre (5071a88)
N           -0.07555904159523        0.06220485177852        1.02453411566765
C           -0.03449410387760        1.44840387523628        0.70701148119546
C            1.14022887718104       -0.61718233617850        1.08521620094652
C           -1.29032248715664       -0.58381862917343        0.92291352956650
N            1.11678686927688        2.03934468907957        0.53837679290533
N           -1.16632373903836        2.10472511420146        0.56683343916604
N            2.26993195964491       -0.00090804556537        0.90855238495620
N            1.08028405758456       -1.94446251327165        1.31630089410861
N           -2.38294461051840        0.06665144546363        0.65919642364623
N           -1.29294103117709       -1.92278793191005        1.10879032246363
C            2.23032034346005        1.30895181955521        0.65086719019413
C           -0.13910591587064       -2.52294946984052        1.58211993081770
C           -2.29083529450583        1.40331938040828        0.57009558420405
N            3.44064899505556        1.89736893007178        0.45950610305447
N           -0.19798656750146       -3.84127857917564        2.00750752620292
N           -3.48089521346781        2.03772552451658        0.43109290898177
C            3.71291042424127        3.29717844682829        0.30330905936907
C            4.59406860448436        1.17584907835910        0.47130068678958
C           -3.67533394643548        3.45678769923496        0.40604858375674
C           -4.57989516789205        1.28334724333135        0.32652727364450
C            0.86983260339462       -4.54561734481843        1.19109136730735
C           -1.07824916131373       -4.50429995161283        0.97337400652280
N            4.88188594608090        3.70773246456121       -0.07571241916991
N            5.71972837404569        1.58170116189203        0.21647625655080
N           -4.93383603323079        3.93384211181633        0.66690338807032
N           -5.56285460836453        0.71424132577638        0.19459688893763
N            1.98583569443853       -3.96054511791066        0.97746271026674
N           -2.11859374896555       -3.91555641985890        0.52405868051110
C            5.95365799183493        2.89778194205881       -0.28213058454180
C           -5.99688066274757        3.49052107176480        1.04788810156776
C           -0.05171565811237       -5.44842919502730        0.54055913620111
N            7.05557017359891        3.14951100792936       -0.81764702383246
N           -7.04998116212180        3.37909033691296        1.60846273222701
N            0.07016374081261       -6.55811186850450       -0.04636932684271
C            2.73333119193527        4.22848875904975        0.62666729310977
C           -2.70563697000815        4.30791996146328        0.11880216963246
C            2.26512225761540       -2.74610617219613        1.32343283739788
C           -2.45131405608909       -2.69252571533573        0.83017781518232
C            1.54484042750856        4.78488043138281        0.63867417509306
C           -1.47171849424888        5.01614868507107       -0.23205411349859
N            2.60143213511209        5.72640040500649        0.69431676290462
N           -2.55674006625940        5.69852729803018        0.02470294294515
H            7.18070950650273        4.06649048283879       -1.21761168510790
H           -7.92016555035924        3.01012593151854        1.28578725392585
H           -0.79339759695183       -6.96737000785532       -0.38422935623028
H            2.77858857237699        6.23770898917983       -0.17274443445515
H           -3.03261227215450        6.57294584096068        0.13069330388468
H            0.48065962168116        4.73812998009463        0.55989495625790
C           -3.05577127752587        0.15733012008488        5.49787492974423
C           -3.47674950479329        1.19359394402166        5.93746980886569
C           -4.08437611759983        2.42729660867930        6.26865527298724
C           -4.43044226035379        3.27397886069411        5.23194210777077
C           -5.14253614247944        4.45688167353519        5.43344724253277
C           -5.54929606836957        4.78064969048133        6.69702079242165
C           -5.22955179386557        3.95737533664834        7.79758751601025
C           -5.69069157207628        4.27499523508774        9.09105070339810
C           -5.40070463225008        3.46407944523402       10.15899329299743
C           -4.57114444189689        2.34256996565425        9.97480821941549
C           -4.07718063498192        2.02824712241448        8.73638017444906
C           -4.44327014970309        2.79132019478020        7.59711435872732
C           -3.08312135044761        0.94104212396449        8.64623477602670
N           -3.45148953191926       -0.28872817281328        9.02757290261616
C           -2.59643989808654       -1.27407614679693        8.92439793257621
C           -1.29144330437160       -1.12815268550738        8.43631418098223
C           -0.81697321142953        0.19877469661286        8.23336654950682
C           -1.77503010184816        1.22634319440241        8.30768018925495
F           -1.39769291224319        2.50014987465148        8.08002201098491
N            0.48032082245775        0.48031170182354        8.02270394175269
C            1.31001232830913       -0.53689827495785        8.09606655975491
N            0.97701521968555       -1.82803411920406        8.14271007207500
C           -0.30830389633205       -2.15671947309963        8.19496378716957
N           -0.62507719927919       -3.44989284109874        8.02384645220054
C           -1.88232783769584       -3.90055090835338        7.47057613757803
C           -1.63725431678644       -4.47854609340021        6.06294891065137
C           -0.84399212003851       -3.46596216513207        5.20477925724176
C            0.62419784677880       -3.83353755300644        5.47680772549090
C            0.51372157148597       -4.99424565524261        6.48956831095444
C            0.42555964764791       -4.44531055092151        7.92049674498805
N           -0.76842738655793       -5.63347153263292        6.22170905318367
O            2.61754466090970       -0.31790425301419        8.04451751630671
C            3.01904876573067        1.03396247708253        7.88715992451824
C            4.51539418376320        1.09109826067964        7.55051785459681
C            4.91707615938463        2.53353753845351        7.17949749362012
C            6.26183576898426        2.73052286277445        7.87447257145130
C            6.07636119544128        1.89732968967848        9.14558066784233
N            5.30455458060774        0.73472910621241        8.74174723487737
C            6.05399617066239       -0.48323855815682        8.49606382167101
C            5.36360720003741       -1.13854350631608        7.30201095863492
C            4.88060680847705        0.05078210153292        6.48077693396890
F            6.24946255537340       -1.92203066995875        6.59246285255205
O           -5.84775376677692        3.70452794182074       11.41580969680871
F           -4.07803087171129        2.95398436253896        3.96462955746996
H           -2.66511974365165       -0.75670728251306        5.16496206822488
H           -5.37963777743723        5.07168927761354        4.57905862636817
H           -6.12693046029860        5.67587898365742        6.86848970459007
H           -6.28791475341745        5.16708443879075        9.22529082585578
H           -4.30932644219894        1.74743514474791       10.83416299058255
H           -2.94940001762860       -2.22614963822596        9.29736685387393
H           -2.58929898091792       -3.07599261920424        7.39602610730271
H           -2.30080268957836       -4.68615390855174        8.10757518833261
H           -2.59496870935145       -4.76181768100987        5.62150286716333
H           -1.08915932874909       -3.59265307833438        4.15206602589279
H           -1.06578770615874       -2.43987271919612        5.49603613142900
H            1.11842178412971       -4.16581876719892        4.56440681609541
H            1.19257741266368       -3.00584771024678        5.89749633640007
H            1.33327252341602       -5.71037305189934        6.42003692881325
H            1.36451153621373       -3.98394032832841        8.22154174769009
H            0.17387747938778       -5.26950848482580        8.59563975086663
H           -0.72652651017325       -6.16638366268191        5.35764236779205
H            2.42875272794924        1.49455908957404        7.08805942074585
H            2.82349463309372        1.57809416309629        8.81612000544244
H            4.96980023633951        2.66895237989729        6.10081312274648
H            4.18515032608541        3.23679949435760        7.58058164616830
H            7.07147718421336        2.32070966184540        7.26931810652802
H            6.47784235021848        3.77494007076615        8.08580601618752
H            5.49100492271395        2.46145108558249        9.87865844578094
H            7.01475287179826        1.59686268503342        9.60878781618620
H            7.10025053737024       -0.28127373307220        8.22838341546767
H            6.03871124596076       -1.11780349238609        9.38617135088417
H            4.53946352891428       -1.78860753030491        7.60579230080584
H            4.04177102083851       -0.20036844628702        5.83632245147699
H            5.70710946062763        0.40649694698918        5.86321041216515
H           -6.39881305440668        4.49665075565402       11.42859088768146
123
 energy: -235.303991604821 gnorm: 0.009204940765 xtb: 6.7.1pre (5071a88)
N           -0.07756809087176        0.06232942641044        1.05811647511041
C           -0.03726535448992        1.44779790701234        0.73836975575580
C            1.13817964626308       -0.61794638347042        1.10981236080764
C           -1.29426221905808       -0.58284590615260        0.96937158423391
N            1.11337238272488        2.03845494012535        0.56275487775622
N           -1.16920109184702        2.10491225725965        0.60389463070770
N            2.26731273011066       -0.00202394375910        0.92727240191540
N            1.07982472759936       -1.94545865436164        1.33751955110876
N           -2.38856089801628        0.06863116908166        0.71302406416130
N           -1.29649009835940       -1.92138772257976        1.15583150004767
C            2.22703809475708        1.30806215104950        0.67176723515728
C           -0.13788279716904       -2.52258366088524        1.61829237126678
C           -2.29479413373824        1.40463061801864        0.61773732214393
N            3.43729267005540        1.89671718272987        0.47906032836688
N           -0.19264819012165       -3.84249936648787        2.03879965119951
N           -3.48481956214879        2.04123905618721        0.48517071003279
C            3.70943019279947        3.29580833518679        0.31784371805655
C            4.59128969909042        1.17645437953172        0.50108331250004
C           -3.67465441436680        3.46039562950265        0.45729999190585
C           -4.58721187053774        1.29133999431454        0.38626602465103
C            0.86629849265676       -4.54736326231721        1.21250750367157
C           -1.08556137673913       -4.50413645901444        1.01497342254604
N            4.87909254931072        3.70532697839770       -0.06036300671129
N            5.71760191612575        1.58230670537470        0.25075780829009
N           -4.92608098207205        3.94368808014598        0.73743645669665
N           -5.57505771595198        0.72903386535657        0.26297998859972
N            1.98005708003241       -3.96287078505643        0.98698268170033
N           -2.12902834323900       -3.91216874285377        0.57661440634857
C            5.95325430463893        2.89479500331083       -0.25519281264581
C           -5.98486391926470        3.50501066314701        1.13638516925297
C           -0.06309343157362       -5.44806287748736        0.56982395930837
N            7.05695101918660        3.14530126062294       -0.78874547494215
N           -7.02878396089327        3.39794889230757        1.71498334253359
N            0.05028899598787       -6.55717896535410       -0.01905230825108
C            2.72948753994074        4.22919323954895        0.63269164588737
C           -2.70820153938610        4.30677773246935        0.14641985522122
C            2.26281779439179       -2.74905548117373        1.33323735395195
C           -2.45775021229797       -2.69039205882043        0.88948842721297
C            1.54150539737224        4.78726065874363        0.63560410513474
C           -1.47702408896519        5.00717648473763       -0.22845400751620
N            2.59889168393705        5.72826372388126        0.68511309837030
N           -2.55448891575809        5.69507488259466        0.04085234927405
H            7.17951762944707        4.06154188963114       -1.19500358453649
H           -7.90743185678971        3.03676937372965        1.40486310237085
H           -0.81807147586101       -6.96527740784230       -0.34682393193677
H            2.78034061371746        6.23122649603516       -0.18672666713898
H           -3.02372773757280        6.57203165754153        0.15419842381589
H            0.47706507546216        4.74002569523370        0.55877127841243
C           -3.06705747517030        0.15049449251369        5.45701087622843
C           -3.48432352022154        1.19000839937140        5.89221211501766
C           -4.08656960250851        2.42657477499070        6.22357785492523
C           -4.43079879700296        3.27394538653419        5.18672998449294
C           -5.14652651921468        4.45448203283924        5.38881845327069
C           -5.55276503143910        4.77795795696523        6.65278666376574
C           -5.22968560352551        3.95661890675525        7.75384721347042
C           -5.68870157867335        4.27531479346497        9.04777966623466
C           -5.39825742288320        3.46389236007232       10.11525476716008
C           -4.57272585271394        2.33974258872440        9.92963627130697
C           -4.07928441998826        2.02522975977393        8.69059843008189
C           -4.44399707626648        2.79038293750364        7.55226086012882
C           -3.08487939800003        0.93823830135008        8.60257024286124
N           -3.45069443443484       -0.28811130208785        8.99686064428804
C           -2.59489370911130       -1.27360425121000        8.90187591775059
C           -1.29031833723312       -1.13015441874236        8.41197568510365
C           -0.81830591246942        0.19544711252606        8.19531083865458
C           -1.77790932974439        1.22199654740728        8.25824234997434
F           -1.40244497951062        2.49416071619787        8.01836316086184
N            0.47881492607422        0.47673510397831        7.98415392306079
C            1.30997646963259       -0.53772970323604        8.07250158015574
N            0.97930983910206       -1.82900016211928        8.13230995572740
C           -0.30538643469053       -2.15943066677020        8.18171025989497
N           -0.61973740697557       -3.45418102070877        8.01498151962510
C           -1.87568984850891       -3.90873834085105        7.46226779204970
C           -1.62726650266193       -4.48155447079095        6.05360899644121
C           -0.83826121628032       -3.46130628293338        5.20100941922245
C            0.63140339564364       -3.82499419282860        5.47004248849063
C            0.52570529953244       -4.98943096747674        6.47856537586900
C            0.43401947392490       -4.44599226919924        7.91075855275354
N           -0.75319827642659       -5.63300205262990        6.20737229248823
O            2.61709816761982       -0.31839015226810        8.02291099145499
C            3.01873489474349        1.03328052748591        7.86278386494032
C            4.51710112273930        1.08966449363849        7.53708576293855
C            4.92146273571687        2.53220245650542        7.16958593653856
C            6.25990902480837        2.73032105690572        7.87700199162036
C            6.06447620502275        1.89435523950397        9.14530049958254
N            5.29570630493388        0.73185071027148        8.73522502055713
C            6.04707065123432       -0.48626669830798        8.49339766583677
C            5.36654520057036       -1.13981091821229        7.29266040909863
C            4.89091321305451        0.05077558354898        6.46923777854055
F            6.25859311583707       -1.92269774428709        6.58859421760663
O           -5.84109920135396        3.70666883154590       11.37344961723262
F           -4.08329739186715        2.95156550294194        3.91887164362168
H           -2.67784167195212       -0.76478591289331        5.12368862623789
H           -5.38722781555594        5.06733556402930        4.53387829708483
H           -6.13530981410812        5.67012745475009        6.82383685658578
H           -6.28323476325537        5.16914673562907        9.18277791473836
H           -4.31103708387728        1.74363737857120       10.78870217302555
H           -2.94522056884970       -2.22300950106845        9.28451903795955
H           -2.58464277637212       -3.08613076333188        7.38860566502977
H           -2.29204747637148       -4.69655965620996        8.09744269353260
H           -2.58289706267868       -4.76746619766735        5.61000965792215
H           -1.08467554171968       -3.58455052783025        4.14800030416356
H           -1.06370579373255       -2.43677820707300        5.49674342879717
H            1.12572237551610       -4.15336977251516        4.55620895382837
H            1.19761327509316       -2.99707533629883        5.89213076588586
H            1.34875130396865       -5.70108403750957        6.40660124714115
H            1.37045489689902       -3.98176971488759        8.21418499679448
H            0.18427525865973       -5.27334087813313        8.58223226718288
H           -0.70887883557662       -6.16240917458013        5.34156858605966
H            2.43295485195494        1.49141111935569        7.05872427425982
H            2.81782407813799        1.58033762938507        8.78944896101038
H            4.98452795587814        2.66785666508552        6.09161122674552
H            4.18536072307203        3.23469882863772        7.56297395927884
H            7.07550292012943        2.32329736961947        7.27802603616348
H            6.47219194692136        3.77496375731552        8.09175210094324
H            5.47322770771879        2.45812131476729        9.87450679348853
H            6.99982789169621        1.59375405790173        9.61596226020049
H            7.09667173433028       -0.28678422442832        8.23498295446575
H            6.02226171843849       -1.12158560443050        9.38249119034440
H            4.54023721194067       -1.79113763775319        7.58808506878512
H            4.05783802249007       -0.19800721383984        5.81607846271082
H            5.72398772556994        0.40747389133090        5.86076301131415
H           -6.38765911399906        4.50189698420930       11.38665022621313
123
 energy: -235.304729741126 gnorm: 0.007991955884 xtb: 6.7.1pre (5071a88)
N           -0.07974590596051        0.06161070721712        1.09373498507069
C           -0.04067596369396        1.44686734939133        0.77197367692740
C            1.13563277810884       -0.61910350298686        1.13358063598596
C           -1.29892189737069       -0.58125996047315        1.02173140996465
N            1.10900722245311        2.03748786429063        0.58825953336507
N           -1.17224913717737        2.10467679863579        0.64404453754871
N            2.26394898638231       -0.00343109089825        0.94265373990523
N            1.08021766545136       -1.94674509905811        1.35799599929902
N           -2.39533125371549        0.07170247411108        0.77616548816372
N           -1.30028389045775       -1.92033062861255        1.20623746294683
C            2.22275215831295        1.30717722478738        0.69204323883135
C           -0.13562899825616       -2.52204353987506        1.65737863465319
C           -2.29984045578808        1.40705393354155        0.67243722481532
N            3.43299394016506        1.89613954892204        0.49892183163173
N           -0.18624043328922       -3.84529938432558        2.07036589887803
N           -3.48924307659546        2.04678533390467        0.54736937023711
C            3.70543011029780        3.29455051118326        0.33350798783707
C            4.58738612090126        1.17654638885985        0.53282222139298
C           -3.67260937022677        3.46635820653115        0.51576877283557
C           -4.59546497308496        1.30196833465051        0.45602977458877
C            0.86275376263417       -4.54882317147983        1.23057257964839
C           -1.09097946726242       -4.50288015069102        1.05315105396595
N            4.87559662696979        3.70289662896355       -0.04392445273629
N            5.71473670853142        1.58263529163514        0.28829402006818
N           -4.91627799605279        3.95611680730073        0.81465894117668
N           -5.58665423017434        0.74442578970232        0.33948952947377
N            1.97357213086090       -3.96458742508217        0.99112317724017
N           -2.13633373082933       -3.90704021773681        0.62483103202383
C            5.95201973913775        2.89103749446142       -0.22592113706752
C           -5.96940109176897        3.52118414884513        1.23308152648876
C           -0.07373900193316       -5.44736574090588        0.59595674420764
N            7.05778233847812        3.14046396479943       -0.75702317329534
N           -7.00356950633343        3.41785182332707        1.82968937792392
N            0.03151373629114       -6.55578166739183        0.00550530038228
C            2.72409242415771        4.22898841844250        0.63930863613136
C           -2.71110006307483        4.30712166102118        0.17624974227750
C            2.25997429644940       -2.75103529826972        1.33572791574032
C           -2.46176604364643       -2.68706026651310        0.94590002791164
C            1.53696836180163        4.78918727118641        0.63149608655096
C           -1.48298503428091        4.99634490682299       -0.22689915910089
N            2.59594662139924        5.72898495234830        0.67483366105411
N           -2.55059282251971        5.69222987609923        0.05698643236548
H            7.17646589499169        4.05697868419035       -1.16840495263297
H           -7.88779930860923        3.05803585488098        1.53316864328445
H           -0.84073333581890       -6.96271952962208       -0.31391375310735
H            2.78412153182858        6.22254496099574       -0.20182390854773
H           -3.01203247475917        6.57236226028936        0.17660585573719
H            0.47213273279344        4.74183940481236        0.55734186933021
C           -3.07197514643580        0.14510139915644        5.41398038856338
C           -3.48819408829185        1.18692069312218        5.84439947718001
C           -4.08871639642467        2.42463390259439        6.17536354793044
C           -4.43037595134750        3.27335937777611        5.13920391912264
C           -5.15129415355211        4.45048166532469        5.33960532334009
C           -5.55978751672787        4.77266558495540        6.60364581193170
C           -5.23247130989676        3.95453935598251        7.70575249358790
C           -5.68934290748483        4.27500467590004        8.99972426215665
C           -5.39723447346895        3.46492997293526       10.06800658964600
C           -4.57493150219758        2.33869215289774        9.88166488574318
C           -4.08259435554498        2.02245130627595        8.64217580265630
C           -4.44588750179318        2.78854962112416        7.50391787745021
C           -3.08811176161606        0.93512021362494        8.55720978095106
N           -3.45093321654491       -0.28723903446505        8.96531843979500
C           -2.59410199914701       -1.27282093346649        8.87910654645098
C           -1.29004844894218       -1.13211126359269        8.38709283203656
C           -0.82076004639208        0.19169519872120        8.15474642874065
C           -1.78250939081374        1.21665359120902        8.20588533310272
F           -1.40925306559297        2.48684978689548        7.95158783345218
N            0.47568134649717        0.47410007485714        7.94152547535230
C            1.30800106888072       -0.53798843216641        8.04396728225129
N            0.97975535436706       -1.82848176376727        8.11783491418833
C           -0.30358635751872       -2.16258285220837        8.16758697199183
N           -0.61485891012528       -3.45940466523146        8.00862297270478
C           -1.86950426949180       -3.91992338753809        7.45764774922993
C           -1.61792732938510       -4.48532598189123        6.04712852306893
C           -0.83469126084336       -3.45544867367564        5.20125681931374
C            0.63689258484246       -3.81626523728062        5.46296495984734
C            0.53756088486383       -4.98365570648953        6.46786924063060
C            0.44324363769438       -4.44632508706939        7.90145119404584
N           -0.73760442402265       -5.63236248071495        6.19374848268904
O            2.61501588003264       -0.31871371211954        7.99450787924628
C            3.01870892564703        1.03270054533421        7.83620771357756
C            4.51997386728956        1.08786634770099        7.52305787534871
C            4.92693074603146        2.53109103969521        7.15962152244842
C            6.25949048580156        2.72831433107783        7.87876913548729
C            6.05193854204375        1.89167543937997        9.14514889025041
N            5.28693704480315        0.72920439859631        8.72808938918850
C            6.04072572005084       -0.48831159677787        8.49139832629832
C            5.37106428701674       -1.14166715778688        7.28371296044322
C            4.90303813675613        0.05083220765149        6.45766866784899
F            6.26945171117340       -1.92287356557706        6.58677576251698
O           -5.83590002478966        3.71097999327813       11.32694959574193
F           -4.08400463828136        2.95065512915991        3.86962217073448
H           -2.69006609223628       -0.77518830451816        5.08377646860751
H           -5.39549723222040        5.06159183765073        4.48449387932964
H           -6.15040968959437        5.66019526437530        6.77333020456227
H           -6.28213232612212        5.17007861996631        9.13508130445613
H           -4.31275725369395        1.74263544578664       10.74105976171338
H           -2.94255171009910       -2.21870293672246        9.27227513434190
H           -2.58196215849818       -3.10060508775947        7.38656354874323
H           -2.28086151992043       -4.71142974571766        8.09079028919092
H           -2.57146498258260       -4.77376831093019        5.60132928743473
H           -1.08498099888044       -3.57231076408076        4.14800432910775
H           -1.06282650590046       -2.43291713950012        5.50391243180297
H            1.12718180619996       -4.14287045054708        4.54606683991087
H            1.20369332880396       -2.98850759505437        5.88318837605455
H            1.36473608227106       -5.69011154817003        6.39315259499755
H            1.37676445287089       -3.97791867074629        8.20625273073186
H            0.19725114783787       -5.27744761188342        8.56897520926550
H           -0.69097192318537       -6.15755343585162        5.32595203158502
H            2.43901880866887        1.49212453981026        7.02814755108013
H            2.81276138040344        1.58011243244058        8.76233340399365
H            4.99966467982452        2.66800992283413        6.08271353356775
H            4.18746296456428        3.23220444373696        7.54706057779332
H            7.07934140531155        2.31982939475950        7.28661012828437
H            6.47164496986224        3.77286239436821        8.09450959536542
H            5.45404681632959        2.45627295101534        9.86902536230004
H            6.98349838740946        1.59129040469748        9.62527110455773
H            7.09374465337808       -0.29161660141287        8.24114914235907
H            6.00747698237954       -1.12366973023262        9.37974351480333
H            4.54205976174762       -1.79346486628844        7.57080811089539
H            4.07639088052315       -0.19564851323764        5.79543189476274
H            5.74338821621737        0.40782749693083        5.85916291176082
H           -6.37629653429636        4.51048148903071       11.34112065761376
123
 energy: -235.305467236506 gnorm: 0.007394440949 xtb: 6.7.1pre (5071a88)
N           -0.08135128011385        0.06067619456025        1.12932042581189
C           -0.04413338724379        1.44641596937950        0.80702913638982
C            1.13326313328095       -0.62024654471911        1.15528103043571
C           -1.30289698042360       -0.57890884641581        1.07454828573202
N            1.10446647298404        2.03718916686427        0.61537696333004
N           -1.17515805563547        2.10473952500699        0.68634694138550
N            2.26058527314356       -0.00467014733171        0.95513742004368
N            1.08123951234427       -1.94836752920202        1.37592119916539
N           -2.40159041976781        0.07587218228184        0.84284521216991
N           -1.30313353968876       -1.91947709228179        1.25454812613628
C            2.21836942887006        1.30681261782425        0.71185891291319
C           -0.13230888450458       -2.52187793230970        1.69389903202174
C           -2.30502306334865        1.41060626443434        0.73070513465764
N            3.42858873693572        1.89602547847971        0.51899481777533
N           -0.17928577167791       -3.84934227080450        2.09840028401890
N           -3.49309335595571        2.05378600309771        0.61293787338279
C            3.70131095493649        3.29379446411671        0.34937437319236
C            4.58306040156653        1.17638545970743        0.56442980549841
C           -3.66943992015621        3.47413397110029        0.57628895243390
C           -4.60326129368290        1.31392969787103        0.53225061676968
C            0.85921147308608       -4.54988495993820        1.24277122185546
C           -1.09442240407070       -4.50103654301004        1.08467477397497
N            4.87214193821583        3.70073112399290       -0.02648256693114
N            5.71168200847817        1.58264796684900        0.32508418654352
N           -4.90542329002214        3.97022317069288        0.89455246723123
N           -5.59648293322741        0.75875025833796        0.42202482566342
N            1.96659410559176       -3.96527551214022        0.98897244540367
N           -2.14116008747872       -3.90140968779860        0.66583475650710
C            5.94997535825354        2.88701576760124       -0.19703680487285
C           -5.95153383903244        3.53777508350446        1.33325016691387
C           -0.08343091476461       -5.44677777869231        0.61631523843625
N            7.05777853253739        3.13555298910661       -0.72526710670993
N           -6.97611958518703        3.43754156300711        1.94679202723243
N            0.01465271879570       -6.55489333837026        0.02506331974143
C            2.71731302682625        4.22849848672399        0.64539995841656
C           -2.71360137084374        4.30833864094935        0.20630659356177
C            2.25688043445113       -2.75204749012737        1.33136834922106
C           -2.46341549609340       -2.68299903432980        0.99584969626196
C            1.53098610748971        4.79016585692955        0.62608995301593
C           -1.48852585701565        4.98368585768667       -0.22793742309473
N            2.59127384340424        5.72893526750369        0.66476442591525
N           -2.54444251326427        5.69011358167704        0.07321110067294
H            7.17269345572900        4.05268078261304       -1.13913205559638
H           -7.86356334412200        3.07465408217005        1.66343076872391
H           -0.86048928431760       -6.96100835840558       -0.28759469196799
H            2.78684858414348        6.21325160715298       -0.21581521510859
H           -2.99716841501433        6.57413599822851        0.19735956706723
H            0.46591494854320        4.74263755549322        0.55239992968130
C           -3.07097695568174        0.14090570948862        5.36974710574341
C           -3.49179190969729        1.18164523664967        5.79796008555649
C           -4.09092362225716        2.42053038840045        6.12723570749774
C           -4.43087738345577        3.27006718966641        5.09187959815640
C           -5.15675577781616        4.44412113627810        5.28846922207644
C           -5.56897347608295        4.76511836113192        6.55217188868534
C           -5.23779973441076        3.95074210802192        7.65576100803793
C           -5.69259769918582        4.27386136024811        8.94944131755365
C           -5.39793867293205        3.46703430457625       10.01983707089355
C           -4.57727634076563        2.33972708326457        9.83398916281790
C           -4.08648797198569        2.02037716931291        8.59444215303294
C           -4.44914196738845        2.78533864104882        7.45518726604046
C           -3.09214108360007        0.93236531091972        8.51361992176650
N           -3.45214545230598       -0.28593432162315        8.93497426494933
C           -2.59399431728114       -1.27143535795207        8.85758893154249
C           -1.29046643717757       -1.13378941053519        8.36352075164524
C           -0.82371546437218        0.18794283766578        8.11506219752188
C           -1.78788942941462        1.21112107545775        8.15512683593545
F           -1.41686420798529        2.47904343162422        7.88530054548026
N            0.47184669183758        0.47228907646288        7.89848457964534
C            1.30522707507115       -0.53793315945065        8.01297322121977
N            0.97907590134433       -1.82703573898878        8.09998521562645
C           -0.30270541657760       -2.16557876486503        8.15327920160239
N           -0.61049679110740       -3.46471702938545        8.00590958752534
C           -1.86388067331332       -3.93279171837949        7.45763533579761
C           -1.61046538207403       -4.48930668283530        6.04426497743589
C           -0.83429436346883       -3.44878607255900        5.20510477820174
C            0.63951084708920       -3.80790314185049        5.45600020709338
C            0.54809877438904       -4.97754689751204        6.45829492110864
C            0.45264900064365       -4.44606815744997        7.89364047832144
N           -0.72354810390484       -5.63171811248604        6.18264939820239
O            2.61251594666816       -0.31873509022669        7.96284318675772
C            3.01889343592677        1.03246418377658        7.80921714497195
C            4.52353452240765        1.08641650149156        7.50911172402561
C            4.93347485885328        2.53051842643773        7.15010215446773
C            6.26084124896153        2.72496252703116        7.87959843725359
C            6.04001036746607        1.88978597988122        9.14486478101396
N            5.27915551850439        0.72746702186215        8.72029694289655
C            6.03524806505949       -0.48913873764005        8.49012541721591
C            5.37643126261218       -1.14346278912599        7.27599263826185
C            4.91568927434520        0.05082685612663        6.44671825126443
F            6.28068229567157       -1.92268451886974        6.58746600906199
O           -5.83306168383992        3.71696768250240       11.27878105419857
F           -4.07987259516772        2.94894438628483        3.82070998997627
H           -2.69785721211925       -0.78489189162018        5.04346471430659
H           -5.40331001366465        5.05376555067345        4.43327891062699
H           -6.16678577158606        5.64866541393508        6.72001001429396
H           -6.28500491051471        5.16937975037863        9.08436149412793
H           -4.31406259098786        1.74493044152473       10.69421773079686
H           -2.94153404011495       -2.21321682410803        9.26119453396794
H           -2.58213485775867       -3.11848819547875        7.39128299021401
H           -2.26683017833915       -4.72956019013952        8.08904242469011
H           -2.56241333630168       -4.78005799714509        5.59688742346979
H           -1.09023920679520       -3.55675251116402        4.15193955952340
H           -1.06403647347739       -2.42905650372023        5.51732857918762
H            1.12227329383133       -4.13427037392160        4.53463123067248
H            1.20939727210260       -2.98046880399987        5.87192550142314
H            1.37939031129478       -5.67890650539584        6.38051846653607
H            1.38364537396866       -3.97325452900893        8.19875106201634
H            0.21171100546706       -5.28103986968328        8.55771472772653
H           -0.67519503240385       -6.15226440832541        5.31245844188066
H            2.44638160672119        1.49492416159238        6.99738294512945
H            2.80735762999617        1.57876733847156        8.73541252419487
H            5.01457409665637        2.66917973709607        6.07427047054574
H            4.19162200007774        3.23053957929665        7.53354809458845
H            7.08337564050208        2.31140734349635        7.29446545415242
H            6.47596681162670        3.76910116795851        8.09460939834562
H            5.43527609679590        2.45572316501730        9.86246657456581
H            6.96696624280456        1.58964144355715        9.63510988616813
H            7.09098960037398       -0.29400644006591        8.24702445021228
H            5.99528623348154       -1.12415399431731        9.37811689043916
H            4.54439559484914       -1.79469823902651        7.55568020284357
H            4.09544965092182       -0.19436674572896        5.77631063963871
H            5.76261944486795        0.40735905761497        5.85727615261692
H           -6.36744761861278        4.52057201966598       11.29410739262750
123
 energy: -235.306145137924 gnorm: 0.007291121222 xtb: 6.7.1pre (5071a88)
N           -0.08210138711449        0.06035169663954        1.16468989684637
C           -0.04712784980462        1.44714405015122        0.84409105243621
C            1.13147505959620       -0.62088682894115        1.17594718378565
C           -1.30536903343462       -0.57593647954291        1.12451053427276
N            1.10046141836080        2.03812394742774        0.64570954271619
N           -1.17778478288043        2.10588414751199        0.73131849390477
N            2.25770362523114       -0.00532296644434        0.96763291649847
N            1.08224019907430       -1.95013165809732        1.39160776405717
N           -2.40617565980461        0.08079412677316        0.90829889012093
N           -1.30454695821654       -1.91848487001253        1.29820392903674
C            2.21461240893586        1.30735722849132        0.73309059776100
C           -0.12844703854613       -2.52248973424845        1.72467019869185
C           -2.30945994456850        1.41496892208478        0.79003053141764
N            3.42473833012504        1.89668734350381        0.54052482762419
N           -0.17240396784120       -3.85372261262356        2.12143397987827
N           -3.49582987963874        2.06130570522191        0.67869132228248
C            3.69737760127811        3.29377761911755        0.36556095851142
C            4.57893984862714        1.17653532402205        0.59551556755471
C           -3.66597630271756        3.48260585596671        0.63552604144527
C           -4.60975192917053        1.32578952496402        0.61198674755884
C            0.85545876584520       -4.55068934476510        1.24970571667875
C           -1.09721826165881       -4.49912348523521        1.11077711698786
N            4.86927699665915        3.69908902048214       -0.00748105465092
N            5.70880888228802        1.58253661453818        0.35933197217988
N           -4.89448163669140        3.98528760915093        0.97339621161644
N           -5.60440765330246        0.77150498258228        0.50968631189402
N            1.95931746339452       -3.96520612789135        0.98246157806887
N           -2.14583505956724       -3.89622679489524        0.70204326219313
C            5.94759523370971        2.88341300514212       -0.16921066249853
C           -5.93310666470442        3.55525244240003        1.43186987942319
C           -0.09312189045041       -5.44645488755478        0.63167430322721
N            7.05720486295021        3.13102730931190       -0.69445272865099
N           -6.94724659472914        3.45710886304530        2.06370148779461
N           -0.00150305624793       -6.55482086913187        0.04020941098660
C            2.70979398097814        4.22863155453851        0.65030967922494
C           -2.71538330990815        4.30922104206856        0.23646279136882
C            2.25387732373923       -2.75270042906055        1.32368207808429
C           -2.46434007997333       -2.67889990696262        1.04136459090078
C            1.52376134925675        4.79016863983808        0.61924998172717
C           -1.49317640582605        4.96940879443799       -0.22853780596485
N            2.58397866281281        5.72910038931217        0.65535441142513
N           -2.53650320474694        5.68801729800968        0.08971267900695
H            7.16990585680944        4.04817304240462       -1.10898477790116
H           -7.83754561202099        3.08989332661657        1.79429733008424
H           -0.87918251045249       -6.96055847146994       -0.26572967773923
H            2.78583171271790        6.20511891478101       -0.22809319641245
H           -2.97996995591169        6.57651944302387        0.21567385755997
H            0.45878329054073        4.74165994988609        0.54218664452104
C           -3.06851643026047        0.13569939429238        5.32509314334580
C           -3.49251012049405        1.17597532433306        5.75155898206285
C           -4.09388355515877        2.41385491336553        6.07981416638631
C           -4.43296392294882        3.26344000959302        5.04497342929577
C           -5.16222986346664        4.43562653559131        5.23683525375693
C           -5.57817380790538        4.75616825427926        6.49978216406652
C           -5.24456704986412        3.94512983632319        7.60501507242201
C           -5.69751420966754        4.27173415769312        8.89823038911097
C           -5.40001002180979        3.46938885823639        9.97149441128410
C           -4.57931557296844        2.34198668844779        9.78742431653802
C           -4.09024914484116        2.01868884871119        8.54818717954175
C           -4.45393500409628        2.78009278450085        7.40699357620891
C           -3.09587412877677        0.93024346338260        8.47225655088344
N           -3.45352711135560       -0.28423830171354        8.90599538211936
C           -2.59386525070498       -1.26940161085160        8.83745744400619
C           -1.29083258429074       -1.13512244144061        8.34150245271907
C           -0.82629685652752        0.18451054733625        8.07756184660342
C           -1.79278930409441        1.20609763756740        8.10737010935268
F           -1.42380433475932        2.47152599099909        7.82227613827099
N            0.46850671391317        0.47067496472624        7.85732658786938
C            1.30314247337338       -0.53787283623514        7.98202444374111
N            0.97865713036752       -1.82560350663952        8.08031795473629
C           -0.30186445274270       -2.16793911618819        8.13901710886693
N           -0.60611431483025       -3.46940936233872        8.00592207567253
C           -1.85834911226791       -3.94578219356836        7.46109789541857
C           -1.60518552857704       -4.49301511045445        6.04411145842306
C           -0.83669858300838       -3.44208137145913        5.21070831167009
C            0.63950784067794       -3.79986801029172        5.44919378696436
C            0.55693524966210       -4.97147535731403        6.44962931847674
C            0.46196068988475       -4.44526217900456        7.88719655715293
N           -0.71182735180005       -5.63114353765345        6.17415071209591
O            2.61087005420596       -0.31829582215283        7.93172638114698
C            3.01913650802720        1.03271688536119        7.78224316671301
C            4.52715100364353        1.08575557358379        7.49528676144410
C            4.94087596450387        2.53037805605064        7.14070373109999
C            6.26333594011186        2.72112644049398        7.87982039157443
C            6.02902233312346        1.88860847999551        9.14429719052504
N            5.27197504759005        0.72665060281406        8.71230425507940
C            6.03016058626024       -0.48917423598488        8.48928079919201
C            5.38175732745410       -1.14467696495028        7.26941090742227
C            4.92793607440393        0.05060277885527        6.43627129054009
F            6.29135272007111       -1.92263929544874        6.58986247001038
O           -5.83233587824047        3.72354525061210       11.22998626177232
F           -4.07227253116176        2.94454094077573        3.77377748768660
H           -2.70140283241807       -0.79366131862602        5.00257850001449
H           -5.40962914107875        5.04380801579885        4.38119637376386
H           -6.17979795049457        5.63764289455500        6.66575304064120
H           -6.29053846016497        5.16712240994915        9.03177288201235
H           -4.31460792889522        1.74955072112177       10.64882709686131
H           -2.94103731408097       -2.20691238832143        9.25105507389340
H           -2.58445174263297       -3.13801436997553        7.40142332009836
H           -2.25016805196383       -4.74898747221065        8.09123510305541
H           -2.55629990357056       -4.78597680977082        5.59633244917640
H           -1.09889688336574       -3.54010687872851        4.15814855827439
H           -1.06747225803783       -2.42598627029319        5.53422204997942
H            1.11337339039509       -4.12617711831137        4.52284676986385
H            1.21342779318579       -2.97264541615044        5.86012641083934
H            1.39189201399721       -5.66826667854466        6.36835744946639
H            1.39130601222228       -3.96884387084066        8.19181790116107
H            0.22650419656254       -5.28375419776868        8.54864059309418
H           -0.66254656761866       -6.14686084827753        5.30114204904490
H            2.45420537778665        1.49694498603322        6.96583737429382
H            2.80053361042349        1.57845752256636        8.70744648804292
H            5.02947946806663        2.67063322055083        6.06572426126172
H            4.19730568899478        3.23030577214097        7.52101179370384
H            7.08801412902849        2.30136151561525        7.30174899074571
H            6.48248849645796        3.76464986354853        8.09380725698054
H            5.41771347181464        2.45588075799805        9.85525116869129
H            6.95074373841720        1.58831569367752        9.64423438932851
H            7.08779113771321       -0.29381802572858        8.25331949249020
H            5.98454433813715       -1.12399525625839        9.37713219034376
H            4.54662228846477       -1.79469277374288        7.54263883998845
H            4.11363522757763       -0.19459235473407        5.75898202615177
H            5.78012185128886        0.40631062037693        5.85417571290893
H           -6.36277306964264        4.52974382391186       11.24592071365787
123
 energy: -235.306722221027 gnorm: 0.006964927921 xtb: 6.7.1pre (5071a88)
N           -0.08191309863937        0.06103036783526        1.19872780226978
C           -0.04917708617345        1.44938530444778        0.88232283956733
C            1.13053448496208       -0.62079814532903        1.19523430817592
C           -1.30607843061463       -0.57257152072407        1.16887081263143
N            1.09757614112113        2.04053635598872        0.67902750861125
N           -1.17976232288978        2.10853679678793        0.77781875690227
N            2.25564270539239       -0.00518713656192        0.98088076574517
N            1.08288021250431       -1.95180213644962        1.40427278257354
N           -2.40852495199608        0.08613679777125        0.96839203341162
N           -1.30446962155785       -1.91721960595319        1.33469841886733
C            2.21199756568137        1.30899280885344        0.75589286253635
C           -0.12451208260296       -2.52401890439191        1.74706346815739
C           -2.31245042752325        1.41992991555733        0.84737326945581
N            3.42195161884955        1.89831452834511        0.56313516975248
N           -0.16601370733113       -3.85794384979975        2.13740795592583
N           -3.49718064641887        2.06870002656502        0.74123194382852
C            3.69405822874421        3.29464511228512        0.38156141514333
C            4.57557203332277        1.17723460180259        0.62462411361572
C           -3.66301746298830        3.49084656835820        0.68951316706858
C           -4.61410715282640        1.33635452339219        0.69119843747369
C            0.85167736633689       -4.55124617294442        1.25083297981830
C           -1.09980939426179       -4.49726319584663        1.13060852104119
N            4.86732325635001        3.69831816741896        0.01212337694729
N            5.70653367104593        1.58249001954584        0.38890728033650
N           -4.88461727863138        4.00005704740646        1.04411813355517
N           -5.61018879532443        0.78219376962009        0.60047228684875
N            1.95217490209337       -3.96452256923363        0.97210575202546
N           -2.15106215351132       -3.89179368140584        0.73283128786471
C            5.94533979560809        2.88078275582361       -0.14397251852331
C           -5.91566818497646        3.57279221920427        1.52138091735246
C           -0.10277762521953       -5.44615410580169        0.64105535532012
N            7.05629995398255        3.12738037457713       -0.66669006515970
N           -6.91954838385546        3.47764012610735        2.17005578437912
N           -0.01684428534879       -6.55502224622398        0.04952928601693
C            2.70260459285428        4.22977189396662        0.65391916424370
C           -2.71667337671359        4.30922287817388        0.26568609771824
C            2.25121027303390       -2.75338818022072        1.31423540336762
C           -2.46528604075239       -2.67518800145065        1.08143002732079
C            1.51619463663136        4.78920782281100        0.61192286685200
C           -1.49708651258921        4.95430025347600       -0.22602407391372
N            2.57464633230043        5.72999518902052        0.64717649545094
N           -2.52800692416015        5.68549992385723        0.10587817215152
H            7.16880810746127        4.04355974059126       -1.08134843496643
H           -7.81116869979703        3.10363233440362        1.91503643046078
H           -0.89686643255183       -6.96075845143670       -0.24930382123615
H            2.78065944806844        6.19913946691980       -0.23827784719449
H           -2.96236440167847        6.57875269379536        0.23005792974743
H            0.45158406819605        4.73850426400694        0.52804816563013
C           -3.06469075241991        0.12969046412615        5.28181018655076
C           -3.49348345156116        1.16719469337411        5.71012466176744
C           -4.09599573350280        2.40463852022510        6.03696947887285
C           -4.43432416146816        3.25291964287140        5.00146367474664
C           -5.16574754918744        4.42446793349325        5.18738992880810
C           -5.58549364592362        4.74598978302021        6.44888784420151
C           -5.25153647774615        3.93802529578759        7.55628770680826
C           -5.70379060324900        4.26876901970632        8.84861743630592
C           -5.40354358991299        3.47193579209731        9.92537761143543
C           -4.58115989855637        2.34525618443263        9.74488042353057
C           -4.09344677254029        2.01727892270299        8.50650835637068
C           -4.45902166129709        2.77330077279402        7.36269082761840
C           -3.09858072564774        0.92898657193871        8.43572186893203
N           -3.45445583226870       -0.28217462530969        8.88021879488595
C           -2.59329975067527       -1.26669648793609        8.81994056058953
C           -1.29073844993981       -1.13585800351383        8.32219862307446
C           -0.82805695581251        0.18181609897537        8.04463414425506
C           -1.79643414259583        1.20216349266045        8.06568607571352
F           -1.42915372494983        2.46499380773833        7.76694801243836
N            0.46619240375406        0.46918664889229        7.82103794391122
C            1.30227963056344       -0.53768393900468        7.95342846368100
N            0.97897105991795       -1.82440636959346        8.06021858349972
C           -0.30072352635957       -2.16918344537966        8.12566886471106
N           -0.60165207741424       -3.47285687848432        8.00812397760909
C           -1.85301656479048       -3.95771549036546        7.46776132029827
C           -1.60262909130673       -4.49609325911947        6.04671871776713
C           -0.84210899213651       -3.43599350228868        5.21729197822158
C            0.63647392169962       -3.79260518645463        5.44291964931202
C            0.56327351819697       -4.96580443745573        6.44224011749445
C            0.47061176855252       -4.44381792909894        7.88218753945038
N           -0.70345206432323       -5.63064527149497        6.16878862434246
O            2.61036036534427       -0.31718957707369        7.90361396593394
C            3.01936253601834        1.03360680035106        7.75624539522580
C            4.53035980164533        1.08600265667468        7.48211381366273
C            4.94866300161908        2.53045817303549        7.13150191040323
C            6.26654053435457        2.71720691629392        7.87932305366277
C            6.01928923541559        1.88828409834130        9.14330514337792
N            5.26531525491209        0.72690047641874        8.70467921788746
C            6.02528139265524       -0.48845273198782        8.48882895545404
C            5.38644519408149       -1.14510661837179        7.26434428876469
C            4.93901783443516        0.05003047151465        6.42681429916766
F            6.30072005847295       -1.92318283887889        6.59366364290428
O           -5.83422901820553        3.73072897044834       11.18300123810592
F           -4.06070081409170        2.93433617026444        3.73271462766396
H           -2.69980541632023       -0.80023071970808        4.96019365342965
H           -5.41224953103960        5.03064054173582        4.33034589010052
H           -6.18756060021162        5.62744076309854        6.61248592857689
H           -6.29847673106910        5.16346358390207        8.97938880147757
H           -4.31456280027962        1.75650167822074       10.60798393281372
H           -2.94023161171721       -2.20008765820700        9.24275983224182
H           -2.58830813689648       -3.15762544694613        7.41645027926037
H           -2.23169438663423       -4.76799173944504        8.09712660546754
H           -2.55381567075855       -4.79113513775474        5.60016000565536
H           -1.11091812522372       -3.52422545954459        4.16593141171345
H           -1.07333281648091       -2.42403583534991        5.55262670316769
H            1.10123267179034       -4.11866801747399        4.51174807693730
H            1.21447444799988       -2.96536675020851        5.84880188481933
H            1.40116350447753       -5.65878029121647        6.35700167923036
H            1.39936864093018       -3.96497840990509        8.18533161388906
H            0.24065920519760       -5.28517662697871        8.54202514721822
H           -0.65428352304731       -6.14169061002793        5.29278121126027
H            2.46198876657553        1.49719902359042        6.93425426665508
H            2.79234338297474        1.58019803410636        8.67879178993006
H            5.04376236056135        2.67185137696663        6.05713523487734
H            4.20411523961487        3.23147365937086        7.50908102446469
H            7.09312047908736        2.29129773686370        7.30816087033908
H            6.48974417406853        3.76000312555605        8.09238094588699
H            5.40194678376530        2.45704099336267        9.84738839787796
H            6.93537730745041        1.58736557038386        9.65218439951608
H            7.08398678439073       -0.29128538362685        8.26016621474116
H            5.97487312988254       -1.12316952249107        9.37672576048798
H            4.54842742255803       -1.79356815661111        7.53221902888998
H            4.12979461687532       -0.19635288637810        5.74419636114537
H            5.79493241559672        0.40483419015606        5.85003095432002
H           -6.36385338125077        4.53734984359743       11.19810575966035
123
 energy: -235.307164455961 gnorm: 0.006475435331 xtb: 6.7.1pre (5071a88)
N           -0.08096364041328        0.06281697366181        1.23074710377554
C           -0.04996128103096        1.45302211806738        0.92055841185045
C            1.13053255714198       -0.61994980898998        1.21302829146884
C           -1.30544827927623       -0.56915653802275        1.20674248369570
N            1.09621056641093        2.04425101406702        0.71432649381997
N           -1.18075681063802        2.11268468127920        0.82402815572516
N            2.25461030553218       -0.00423922785979        0.99523793926868
N            1.08298125806833       -1.95311699708542        1.41350392449225
N           -2.40893994104468        0.09146046713955        1.02072437203103
N           -1.30350438461932       -1.91555940218346        1.36388929746455
C            2.21082195689653        1.31165530031538        0.78006276581224
C           -0.12103270158313       -2.52632049092013        1.76070582107654
C           -2.31370277137593        1.42514061998038        0.90012719906019
N            3.42054836342390        1.90092014183435        0.58635244073801
N           -0.16025052258171       -3.86163515006310        2.14586867925166
N           -3.49737253859946        2.07531049240774        0.79790944158444
C            3.69179836597960        3.29637984222128        0.39721611132406
C            4.57344042724671        1.17880645256038        0.65091209021521
C           -3.66135591546736        3.49791974578762        0.73439175265373
C           -4.61631372621638        1.34475969687920        0.76709890041724
C            0.84803699047749       -4.55153622585589        1.24616334285537
C           -1.10285677382261       -4.49538126206653        1.14467848369340
N            4.86640137237927        3.69862245088687        0.03125017771071
N            5.70507815282832        1.58282026906707        0.41311092268216
N           -4.87749971183191        4.01337342721023        1.09851242708411
N           -5.61364065630996        0.79027515404268        0.69179133885662
N            1.94562527040621       -3.96342094474232        0.95827354919744
N           -2.15768036712333       -3.88787684889696        0.75913345513491
C            5.94373220911288        2.87949145535001       -0.12211512789329
C           -5.90170875126539        3.59010211927671        1.59338985421885
C           -0.11260692022767       -5.44524779354286        0.64405844286508
N            7.05552147360826        3.12492815542782       -0.64308958426679
N           -6.89479959391062        3.49887206456849        2.26002551208268
N           -0.03193191683774       -6.55430888738755        0.05161762430331
C            2.69676315838603        4.23204196470883        0.65648941296994
C           -2.71740716676997        4.30810060193231        0.29161448250027
C            2.24924414844017       -2.75447380646382        1.30411008021810
C           -2.46723985951988       -2.67199972830453        1.11685935325761
C            1.50925712998061        4.78769627629410        0.60470400450178
C           -1.50019570529072        4.93944366115905       -0.22232239103507
N            2.56444583494623        5.73192352654856        0.64021371097072
N           -2.51996582498082        5.68232607459963        0.11988317079502
H            7.17007033763203        4.03932627064728       -1.05815007901772
H           -7.78813481127740        3.11780168220101        2.02155853493392
H           -0.91443755216425       -6.96016517381186       -0.23925698585793
H            2.77249178076595        6.19573287174809       -0.24683459357242
H           -2.94608167806950        6.58017755065601        0.23971027619810
H            0.44518710252757        4.73348133947817        0.51225917395395
C           -3.06103993475207        0.12114013613417        5.24350141501820
C           -3.49036095119074        1.15718476593407        5.67509176844478
C           -4.09607701665544        2.39298792366738        6.00124542271247
C           -4.43204024625344        3.23896579512219        4.96359989160982
C           -5.16479250520187        4.41079827623177        5.14244297927689
C           -5.58947209833516        4.73448905744418        6.40149644431233
C           -5.25760103831858        3.92956482871065        7.51187023219534
C           -5.71114882699146        4.26501218385547        8.80260323132642
C           -5.40872795341792        3.47448518036829        9.88336068659508
C           -4.58318373549571        2.34913918338039        9.70861983991228
C           -4.09577777035462        2.01581802509253        8.47180270396038
C           -4.46347186036418        2.76499680339838        7.32468583033611
C           -3.09970330825787        0.92855831912399        8.40604436352484
N           -3.45415468164752       -0.27989873972909        8.85962575814382
C           -2.59171994913283       -1.26354994799804        8.80652412041749
C           -1.28973052130683       -1.13587644480487        8.30666905772840
C           -0.82873115045296        0.18019394690445        8.01784283010571
C           -1.79837125912689        1.19973532610488        8.03192682883046
F           -1.43252028367809        2.46009659916302        7.72192938114080
N            0.46514035865310        0.46793160030569        7.79140201181215
C            1.30282464908238       -0.53714384399384        7.92905006486367
N            0.98034853118231       -1.82353532995148        8.04153422384626
C           -0.29891192228570       -2.16917266372966        8.11433003216090
N           -0.59701540169066       -3.47475716658207        8.01153635265662
C           -1.84801404510983       -3.96762072025209        7.47688840607461
C           -1.60290072466930       -4.49858185860283        6.05187478811992
C           -0.85028191606697       -3.43142759174610        5.22396941982694
C            0.63054103426986       -3.78655191314442        5.43746708229159
C            0.56675230757001       -4.96091063299660        6.43630384599257
C            0.47822215202554       -4.44185232694864        7.87839489503194
N           -0.69878070467143       -5.63037226245665        6.16668203426126
O            2.61092627016859       -0.31529644972097        7.88009723902693
C            3.01947863815277        1.03523375458499        7.73161282794455
C            4.53286182524068        1.08702648174037        7.46986060058503
C            4.95636659655312        2.53050443462674        7.12223224352358
C            6.26990626341024        2.71376528619468        7.87803587218284
C            6.01045278956679        1.88889921720342        9.14177666095570
N            5.25846182961732        0.72802334730991        8.69825539709000
C            6.02029052229605       -0.48716532285511        8.48888800884075
C            5.39004741018308       -1.14470259435823        7.26086850206222
C            4.94859108144860        0.04912569967360        6.41851132889465
F            6.30843240106347       -1.92443814003007        6.59830264330284
O           -5.83932852025304        3.73856865551597       11.13969695043887
F           -4.04359087002372        2.91765257413899        3.70024233643436
H           -2.69521063324069       -0.80724183357742        4.92048071658605
H           -5.40836961742297        5.01430324538733        4.28284140796672
H           -6.19043840543818        5.61705341990733        6.56151987169856
H           -6.30828683533469        5.15867036849690        8.92891614528737
H           -4.31466309554266        1.76545926491541       10.57422226818516
H           -2.93804532023921       -2.19332136353021        9.23756992396399
H           -2.59250912307627       -3.17552101492304        7.43478291856263
H           -2.21289070088201       -4.78465659553673        8.10600527561741
H           -2.55505224829463       -4.79563312700871        5.60837859435743
H           -1.12582326150199       -3.51150053316850        4.17426898290239
H           -1.08160468819247       -2.42347769277692        5.56993225276382
H            1.08716720336552       -4.11195423664529        4.50218187233512
H            1.21168795470273       -2.95891800331713        5.83882971605113
H            1.40679014216779       -5.65082628345823        6.34665010110926
H            1.40736548754345       -3.96171903109429        8.17896808679346
H            0.25344739327702       -5.28521850228795        8.53766655342218
H           -0.65087233641779       -6.13740351832834        5.28793470800298
H            2.46933101910385        1.49523864408335        6.90288771896984
H            2.78313139979851        1.58478917763243        8.64962751624365
H            5.05731659493175        2.67225984581191        6.04826356383952
H            4.21134084976099        3.23360690385055        7.49673042437011
H            7.09853972632055        2.28280220068828        7.31358012106747
H            6.49617444093159        3.75592278111066        8.09043114693619
H            5.38779848399908        2.45964485985045        9.83891416350197
H            6.92085140480805        1.58702401502807        9.65893146565858
H            7.07960149095844       -0.28744789981809        8.26767454799783
H            5.96536608885450       -1.12181592255818        9.37691180328693
H            4.54956183765432       -1.79176692414069        7.52417931369026
H            4.14352933773684       -0.19913238346424        5.73176198378452
H            5.80717335969471        0.40309246718985        5.84544814880787
H           -6.37160837451475        4.54336804417762       11.15163988799914
123
 energy: -235.307467129290 gnorm: 0.005958979570 xtb: 6.7.1pre (5071a88)
N           -0.07944350216423        0.06528393749926        1.25776487922033
C           -0.04929643558730        1.45731943744404        0.95459851517060
C            1.13144368908118       -0.61859643644899        1.22744711052487
C           -1.30402560594216       -0.56614263853941        1.23577335282972
N            1.09657893973193        2.04860825765743        0.74759372258713
N           -1.18036053640901        2.11756508987753        0.86424956474193
N            2.25471594165395       -0.00269029141767        1.00872967105814
N            1.08272313606613       -1.95385029704037        1.41798276622372
N           -2.40787552194786        0.09612220706752        1.06089985553578
N           -1.30228786165558       -1.91363654291604        1.38458917264354
C            2.21117344441811        1.31495149569068        0.80298941052282
C           -0.11839072523155       -2.52892325317886        1.76563312894700
C           -2.31304739752591        1.42994679529680        0.94239045787476
N            3.42067653614528        1.90423021621428        0.60773141375663
N           -0.15536751982219       -3.86472270869653        2.14622206908942
N           -3.49653521738467        2.08029665129533        0.84281248465119
C            3.69101745306870        3.29877521999844        0.41119327737192
C            4.57292436528007        1.18120926883931        0.67234221840693
C           -3.66118842048479        3.50271909821034        0.76549110605373
C           -4.61623973385492        1.35000334916003        0.83296108914643
C            0.84493559598127       -4.55133524824772        1.23522955727965
C           -1.10613786335197       -4.49325332619179        1.15144071642215
N            4.86656423334706        3.70006364856534        0.04759541157365
N            5.70476364265209        1.58376346850607        0.43082648059779
N           -4.87437238706180        4.02344233836720        1.13130431204422
N           -5.61517953646192        0.79525637226825        0.77807715887408
N            1.94030091850684       -3.96186380815661        0.94104744353126
N           -2.16489912417635       -3.88404664976122        0.77856675188806
C            5.94330113931744        2.87971635247359       -0.10514440654560
C           -5.89247340254799        3.60468825899906        1.64234721926787
C           -0.12175386705836       -5.44290913514765        0.63904975383253
N            7.05540193878289        3.12399705064260       -0.62534473296736
N           -6.87793772097493        3.52163492262387        2.31994454928703
N           -0.04579999001742       -6.55112092196622        0.04382301671209
C            2.69320737953691        4.23502155545607        0.65828108178985
C           -2.71751151798517        4.30584618419410        0.31050328095215
C            2.24826544577641       -2.75582386024447        1.29314848419740
C           -2.47006554473391       -2.66927234012550        1.14488073549486
C            1.50416975407958        4.78605536659147        0.59866929611846
C           -1.50203282202109        4.92654980483345       -0.21750584162977
N            2.55540863935760        5.73454249677755        0.63471378435803
N           -2.51389040507370        5.67835847455957        0.12776375501233
H            7.17363460229236        4.03648734071207       -1.04122703401310
H           -7.77008019632901        3.12975226035907        2.09701244493477
H           -0.93074953241158       -6.95682089728371       -0.23925438892050
H            2.76386262898612        6.19471446882694       -0.25373400979054
H           -2.93400588128047        6.57985276611706        0.24059367876983
H            0.44071342013787        4.72749125167099        0.49853559556287
C           -3.05565648778226        0.11112172140057        5.21477715410292
C           -3.48565731517160        1.14393878453186        5.65349806577295
C           -4.09194868691658        2.37989957330090        5.97776374767654
C           -4.42289822201496        3.22278089394069        4.93609995079001
C           -5.15681032999613        4.39533936951435        5.10660764697358
C           -5.58893107472857        4.72192733804667        6.36204858094256
C           -5.26168011885214        3.92049310228918        7.47646122372249
C           -5.71947232148146        4.26076986517023        8.76455765155048
C           -5.41595255365579        3.47712581600558        9.84985807890067
C           -4.58612633541399        2.35351327243692        9.68321493189860
C           -4.09716904282208        2.01437607819892        8.44882975921434
C           -4.46548046852396        2.75636386636844        7.29779751288136
C           -3.09920891478990        0.92889673328094        8.38773839054616
N           -3.45231714300501       -0.27764767333693        8.84808787116476
C           -2.58899553382584       -1.26036524636331        8.79996081115656
C           -1.28783428014662       -1.13506211349787        8.29726406713666
C           -0.82846644512657        0.17993475216590        8.00035541656458
C           -1.79869835460065        1.19904528805354        8.01023170020911
F           -1.43407440601408        2.45740718135382        7.69212543752617
N            0.46503229041918        0.46746607631740        7.77120337026558
C            1.30423659446360       -0.53587715325229        7.91113005150196
N            0.98239385058112       -1.82258319643898        8.02653728701128
C           -0.29662001813016       -2.16793584627173        8.10681298838086
N           -0.59266145190770       -3.47497491615829        8.01569853667146
C           -1.84405406924366       -3.97462522461243        7.48804730660757
C           -1.60614044095497       -4.50077200540467        6.05979918740246
C           -0.86090646033650       -3.42943470065524        5.23044078243301
C            0.62188426732857       -3.78272420029348        5.43344755511177
C            0.56688182456042       -4.95741038350154        6.43264914772238
C            0.48412660587814       -4.43952723579447        7.87612530859870
N           -0.69825030791413       -5.63060849583657        6.16850841519996
O            2.61193559404307       -0.31261528717338        7.86232216665911
C            3.01938513673543        1.03761543111704        7.70994635615272
C            4.53442188465489        1.08863755875479        7.45933437196127
C            4.96308486113178        2.53049356272203        7.11310689912639
C            6.27289805927856        2.71116702497320        7.87561217048464
C            6.00264695630323        1.89081155788147        9.13965900045535
N            5.25153774589059        0.73011617213085        8.69357849401516
C            6.01537680245414       -0.48512280066678        8.48953073625985
C            5.39225358363445       -1.14364771073013        7.25927666490061
C            4.95605143156872        0.04806228207371        6.41206929180671
F            6.31396030587446       -1.92615984277547        6.60340572171771
O           -5.84877222591893        3.74708957604425       11.10426622848770
F           -4.02038586340106        2.89552014103980        3.68004718838668
H           -2.68688380248221       -0.81412562278931        4.88696528494841
H           -5.39514368717992        4.99596620325398        4.24358793262762
H           -6.18932698620970        5.60563193512630        6.51663344619575
H           -6.31990003858784        5.15303280380549        8.88463087702103
H           -4.31623878903745        1.77613755804420       10.55232400195819
H           -2.93409059370259       -2.18740481219838        9.23764863670870
H           -2.59616845892173       -3.18960507716252        7.45468550842106
H           -2.19623162669385       -4.79695965848419        8.11760679253267
H           -2.56001333096983       -4.79972012208069        5.62108458504386
H           -1.14311943390266       -3.50437779275804        4.18256530367716
H           -1.09194606711176       -2.42447790285438        5.58397031257337
H            1.07188454318612       -4.10755692059738        4.49503660636269
H            1.20497586571235       -2.95426467889868        5.83076178637949
H            1.40825581214848       -5.64507832466281        6.33850526501600
H            1.41436031601932       -3.95879913675861        8.17286838871000
H            0.26403679433069       -5.28383498188474        8.53594472802858
H           -0.65277723559873       -6.13505293412896        5.28790437845512
H            2.47563230014318        1.49201857979649        6.87411313561365
H            2.77411405489203        1.59180474248483        8.62232736605385
H            5.06897564166673        2.67163875442035        6.03938087167522
H            4.21805485017374        3.23617919344715        7.48417224709034
H            7.10350007087860        2.27617063543561        7.31732123245911
H            6.50122658748932        3.75294171026108        8.08713078618094
H            5.37559334003629        2.46440115212319        9.82999101259995
H            6.90781850705321        1.58808274299996        9.66444434986305
H            7.07505539752735       -0.28308676253356        8.27497190017612
H            5.95637192555904       -1.11936752945700        9.37783740676299
H            4.54993013725987       -1.78971530289577        7.51898073959771
H            4.15414829471684       -0.20218867469657        5.72227417308492
H            5.81661428202420        0.40117246900324        5.84152865628791
H           -6.38647816701317        4.54836171717688       11.11032770148781
123
 energy: -235.307682910309 gnorm: 0.005559469936 xtb: 6.7.1pre (5071a88)
N           -0.07788888097237        0.06781217266062        1.27944926269627
C           -0.04772326870033        1.46110490129309        0.98201528899573
C            1.13285669655834       -0.61719379788112        1.23911645514762
C           -1.30282076364704       -0.56392470849342        1.25768275074165
N            1.09812536569584        2.05250763212289        0.77562664414189
N           -1.17901240471123        2.12198041813661        0.89524070757007
N            2.25561423892209       -0.00099835831469        1.02109832790602
N            1.08227345975118       -1.95391795192031        1.41963848421932
N           -2.40656665745849        0.09951535166245        1.08914624812185
N           -1.30180583887409       -1.91148791277846        1.40077462256970
C            2.21250221512171        1.31813139800804        0.82314165001127
C           -0.11682249176974       -2.53104145487854        1.76693652158739
C           -2.31130959552106        1.43360106863390        0.97260064095890
N            3.42185249805320        1.90759387233268        0.62609611948546
N           -0.15139249855143       -3.86690740646697        2.14322691196098
N           -3.49551179993490        2.08300822260562        0.87425721951881
C            3.69150040900271        3.30127001020375        0.42318407045270
C            4.57384133917408        1.18422026822521        0.68954603371841
C           -3.66219572019380        3.50445276064386        0.78223329009007
C           -4.61503962093211        1.35218137967708        0.88543319255941
C            0.84222428405776       -4.55051946247176        1.22222511569808
C           -1.11032932838522       -4.49083057785409        1.15545947603002
N            4.86742521450960        3.70212987429587        0.06029650280659
N            5.70545557613860        1.58545692597329        0.44438830273816
N           -4.87522304489055        4.02938770715646        1.14186773941832
N           -5.61427800203645        0.79707567419559        0.85035764223258
N            1.93619334168635       -3.96014974726334        0.92409515416657
N           -2.17308435499170       -3.87989571221666        0.79547362562522
C            5.94423671834162        2.88111064024378       -0.09197566691530
C           -5.88923896463971        3.61621608601354        1.66552733711779
C           -0.13056785029676       -5.43866650909987        0.63011546260420
N            7.05643528479166        3.12432404519953       -0.61195229870309
N           -6.86721626395892        3.54063724305502        2.35664952226460
N           -0.05953270488623       -6.54465146826944        0.02964593760735
C            2.69206979271592        4.23819196455719        0.66026857059874
C           -2.71666592904963        4.30229189315868        0.32129496301650
C            2.24829199828136       -2.75738540518756        1.28382164534438
C           -2.47432005225823       -2.66669105390576        1.16943717830707
C            1.50152922905731        4.78517608876265        0.59478956569769
C           -1.50240095470814        4.91608153059399       -0.21754843572557
N            2.54931313138916        5.73747532885744        0.63057033579831
N           -2.51008717653363        5.67341776870092        0.12839046215625
H            7.17889372331754        4.03532592925970       -1.02927443058213
H           -7.76159106604337        3.14366211178113        2.15036061864633
H           -0.94720421441026       -6.94945584443480       -0.24603141516235
H            2.75762509301505        6.19512648915414       -0.25943183590009
H           -2.92686850246729        6.57727317547159        0.23414599734085
H            0.43859704208084        4.72241449463708        0.49003389811907
C           -3.05088096288578        0.09946182110080        5.19725509316139
C           -3.47603859231918        1.13166302579299        5.64226549853308
C           -4.08400302336137        2.36748598078448        5.96448909153143
C           -4.40743997198904        3.20771792270385        4.91789550174794
C           -5.14199590543844        4.38104858117336        5.08077689484670
C           -5.58357458695764        4.71001018666784        6.33202553240689
C           -5.26280989758603        3.91191310953716        7.45073485600487
C           -5.72736884865445        4.25635883571404        8.73543655831528
C           -5.42457166999759        3.47893717028064        9.82514860214587
C           -4.59041698548049        2.35702117527420        9.66757590196171
C           -4.09772321199816        2.01259619454300        8.43619936192132
C           -4.46446103429103        2.74830548727294        7.28089179904889
C           -3.09746988204872        0.92931529557464        8.37956963555568
N           -3.44886104531385       -0.27592762048162        8.84531361440692
C           -2.58497525656386       -1.25789900014379        8.80005786470796
C           -1.28501005134050       -1.13391078209757        8.29358942956400
C           -0.82746015012236        0.18060665409483        7.99111947179795
C           -1.79789438309368        1.19949941372315        7.99890957525843
F           -1.43451528676387        2.45662506933300        7.67550442021192
N            0.46554781716160        0.46769270691312        7.75910647437191
C            1.30612731944348       -0.53405614509651        7.89995500042459
N            0.98510170357992       -1.82158390154016        8.01718052690383
C           -0.29367092730491       -2.16625533605719        8.10344061604089
N           -0.58851140620384       -3.47416960911273        8.01867160022434
C           -1.84106291990411       -3.97848583618654        7.49847046073595
C           -1.61068347813497       -4.50314412393030        6.06833377714722
C           -0.87184651132966       -3.43043275077800        5.23497756575055
C            0.61259461265217       -3.78102597460331        5.43050399422322
C            0.56507653858781       -4.95555495246358        6.43041486955701
C            0.48858789723221       -4.43748847531875        7.87435186694031
N           -0.70008179873348       -5.63156390614000        6.17246289483271
O            2.61303852864151       -0.30956017567907        7.85014065598365
C            3.01897937638873        1.04035969382182        7.69119213891085
C            4.53505082853042        1.09041423683833        7.45014793603220
C            4.96817871130749        2.53043507744709        7.10379121188866
C            6.27452334453924        2.71018229465463        7.87257259416713
C            5.99514322032331        1.89374084865301        9.13709914365173
N            5.24434427594508        0.73274808371291        8.69021534577937
C            6.01024507098638       -0.48277336715110        8.49044255457554
C            5.39307532252422       -1.14232516519408        7.25855800696255
C            4.96165559743994        0.04714421646508        6.40685456287562
F            6.31775617471974       -1.92775385685383        6.60781800955762
O           -5.86188695275862        3.75456196800653       11.07714204268009
F           -3.99545126578819        2.87379437531682        3.66856085866189
H           -2.67906258972242       -0.82279245519685        4.86413771488576
H           -5.37338726069524        4.97972503685184        4.21452688631923
H           -6.18528682451259        5.59388073295767        6.48002186377480
H           -6.33105389796271        5.14730389693562        8.84855097324427
H           -4.32054221956646        1.78595428842005       10.54074705626467
H           -2.92797744598384       -2.18328687821282        9.24289360316520
H           -2.59766244720775       -3.19813082979308        7.47156595663207
H           -2.18399764081351       -4.80358776082853        8.12920483718886
H           -2.56652453350687       -4.80398718878381        5.63524173554831
H           -1.15968344249110       -3.50461581129071        4.18866164080787
H           -1.10296606848984       -2.42672806801497        5.59138466099564
H            1.05856736097924       -4.10507769835512        4.49016795446747
H            1.19577706813697       -2.95129401520267        5.82493861612457
H            1.40725337569316       -5.64155772509383        6.33205174090610
H            1.42002446294522       -3.95632366612158        8.16670623118730
H            0.27232011255153       -5.28187419083400        8.53537185046345
H           -0.65770594414554       -6.13522627498338        5.29121544573026
H            2.48034451357796        1.48771321218075        6.84831641279532
H            2.76603787136845        1.60064370125870        8.59747611873427
H            5.07911015675773        2.66986452162181        6.03020852620654
H            4.22282248014850        3.23848988906691        7.47026951181337
H            7.10752051386942        2.27291903350245        7.31987537356374
H            6.50320589236970        3.75198774294600        8.08336867114084
H            5.36444209994529        2.47049121250638        9.82136943738284
H            6.89605790248040        1.59067823399426        9.66878731383271
H            7.07057696869130       -0.27971702109446        8.28163481339639
H            5.94688022680577       -1.11614798024687        9.37917025059532
H            4.54951156515247       -1.78813127513827        7.51497823601515
H            4.16239086573327       -0.20444004778749        5.71416886066227
H            5.82441593925794        0.39933044731038        5.83881667472883
H           -6.40592409560889        4.55177143532422       11.07546020724920
123
 energy: -235.307873747192 gnorm: 0.007563516324 xtb: 6.7.1pre (5071a88)
N           -0.07574705764898        0.07011033857866        1.29585263706905
C           -0.04508312719771        1.46430287348619        1.00314320141186
C            1.13493902119280       -0.61592743241582        1.24702967953299
C           -1.30120246033795       -0.56212720365408        1.27351101164185
N            1.10089389565234        2.05610930149738        0.79893427989442
N           -1.17633490070686        2.12574792403652        0.91723135590097
N            2.25734695947542        0.00069754529836        1.03043440035643
N            1.08219108871124       -1.95356097193728        1.41725194183662
N           -2.40442532784543        0.10217847017884        1.10755260663747
N           -1.30129583475746       -1.90920610665640        1.41248803965928
C            2.21481085705656        1.32126333412561        0.84007897140477
C           -0.11546614264710       -2.53278500291766        1.76453278593054
C           -2.30819193667562        1.43652334747123        0.99190455173162
N            3.42409351464936        1.91111059284734        0.64159157759546
N           -0.14790647839983       -3.86920557143296        2.13519362259112
N           -3.49365330919992        2.08404140261945        0.89387340109925
C            3.69330306311197        3.30398532280744        0.43359953348812
C            4.57606871625609        1.18766968536215        0.70322989767305
C           -3.66325906024570        3.50362792310124        0.78804319549187
C           -4.61191948067267        1.35180195282172        0.92835311020942
C            0.83968771300307       -4.54881853076249        1.20386306797513
C           -1.11446041404458       -4.48751944559139        1.15311072001315
N            4.86907792373692        3.70486141257846        0.07011958694102
N            5.70719855746276        1.58790199726765        0.45474482560607
N           -4.87847669577532        4.03117029920197        1.13848629027569
N           -5.61295147758484        0.79722481662028        0.92078271312239
N            1.93270951870298       -3.95779101797271        0.90394920771994
N           -2.18049356504414       -3.87444310631276        0.80611582067401
C            5.94636711509520        2.88348709644121       -0.08175052879428
C           -5.88819150062081        3.62256903162195        1.67388697212294
C           -0.13880313032293       -5.43181398461098        0.61337660465384
N            7.05846893740410        3.12600517906106       -0.60180639367940
N           -6.86542688909155        3.56124448514622        2.36322788171953
N           -0.07281934194117       -6.53368508440863        0.00459489543491
C            2.69291947977090        4.24123703572578        0.66288134860653
C           -2.71514384989251        4.29772923171825        0.32566727918432
C            2.24902859756924       -2.75867457768324        1.27212746210213
C           -2.47828066585899       -2.66349667590895        1.18796827865208
C            1.50114289946110        4.78476202596393        0.59347581890680
C           -1.50136412836849        4.90762713231861       -0.21533174769680
N            2.54618237572992        5.74013161677482        0.62795728922802
N           -2.50926480469932        5.66725357259720        0.12041218468049
H            7.18499400198752        4.03632872527935       -1.02004193532865
H           -7.75603159102404        3.15392882967489        2.16784090779857
H           -0.96294801031297       -6.93638748072014       -0.26552183511594
H            2.75415531228538        6.19609276630817       -0.26343050441438
H           -2.92590867570105        6.57215093812272        0.21513200209667
H            0.43861664136758        4.71815481220632        0.48724862124592
C           -3.04172537810897        0.08708596063956        5.19028888929168
C           -3.46328908531463        1.11717409802023        5.64395677013565
C           -4.07071549580453        2.35484291692247        5.96143417047587
C           -4.38397011817369        3.19244618862546        4.90884783014757
C           -5.11916219273335        4.36646371929985        5.06308874472081
C           -5.57384128716914        4.69738750235140        6.30908469765179
C           -5.26193601970570        3.90306492110038        7.43281493095670
C           -5.73672614656468        4.25134591311658        8.71282678899402
C           -5.43656220503077        3.48059129996816        9.80778721593261
C           -4.59729296236889        2.36076420343197        9.66131350792824
C           -4.09802414043855        2.01087666480426        8.43407960327701
C           -4.46020689356525        2.74053034816727        7.27338041914176
C           -3.09506312147052        0.93001618775412        8.38296491424393
N           -3.44411376336158       -0.27426744785974        8.85293089551212
C           -2.57980629145429       -1.25557844716495        8.80832097678779
C           -1.28160136439529       -1.13206995510428        8.29673718785481
C           -0.82607597638438        0.18226072214918        7.99078492833281
C           -1.79657719554039        1.20086379120712        7.99910001648512
F           -1.43450043694979        2.45731828654236        7.67268517249411
N            0.46607082656807        0.46923560787992        7.75451852805553
C            1.30779939837698       -0.53124179869880        7.89357784558648
N            0.98773455365374       -1.81954721939320        8.01166078657459
C           -0.29057287160299       -2.16388647012188        8.10428771389210
N           -0.58478022810481       -3.47230238394054        8.02219375021910
C           -1.83948491711355       -3.98012195611421        7.51103178629402
C           -1.61788565029105       -4.50629272177045        6.08001296053793
C           -0.88559349525568       -3.43456598950604        5.23969598782803
C            0.60048278120853       -3.78195286136690        5.42841063355286
C            0.56046668342071       -4.95516841567167        6.43015345588789
C            0.49196202505354       -4.43512680357094        7.87359493753697
N           -0.70518825110042       -5.63341961250306        6.18039247665824
O            2.61375408534335       -0.30590904504532        7.84022081901735
C            3.01847825063489        1.04362097732481        7.67411794252833
C            4.53529316312525        1.09243151287375        7.44180443740445
C            4.97237183240482        2.53052211828384        7.09383996350012
C            6.27555964208961        2.71005800317017        7.86809255171067
C            5.98757385947586        1.89840380625439        9.13377828329223
N            5.23704423059877        0.73656881252295        8.68752892784161
C            6.00504984171116       -0.47927676042985        8.49224745512998
C            5.39318895883676       -1.14096655364951        7.25952492722512
C            4.96630912508302        0.04613276197615        6.40311261108403
F            6.32053414354004       -1.92923146196101        6.61361847679771
O           -5.88164348161307        3.76212724566068       11.05619136950616
F           -3.96423611119955        2.85247899983412        3.66524090668326
H           -2.66896960833483       -0.83326206626003        4.85169196412445
H           -5.34120279419517        4.96409929014235        4.19368091090229
H           -6.17889003511263        5.58043833032731        6.44858423418933
H           -6.34455406397518        5.14053172346614        8.81745826768651
H           -4.32903535695163        1.79665954819952       10.53956333585482
H           -2.92008092778015       -2.17996752481104        9.25522289775870
H           -2.59845822523062       -3.20259133581409        7.48924367985021
H           -2.17494562023131       -4.80605289563498        8.14422929602994
H           -2.57620049962949       -4.80916937960753        5.65400891427015
H           -1.17944243131566       -3.51155835663819        4.19492346039075
H           -1.11662445788452       -2.43054940345436        5.59528664231056
H            1.04281953751843       -4.10618602697536        4.48652233909913
H            1.18340594086022       -2.95047536050695        5.81921873804163
H            1.40302541853125       -5.63993072191031        6.32754989196530
H            1.42479177155617       -3.95313186640760        8.15991431750204
H            0.27987481075979       -5.27870234737610        8.53691961668340
H           -0.66716467392836       -6.13822257968208        5.29973311660545
H            2.48445731815452        1.48387350341750        6.82468672017017
H            2.75897411535928        1.61026040449043        8.57436467039597
H            5.08813731543908        2.66724433062538        6.02045618138175
H            4.22688306185317        3.24086377039589        7.45518998405721
H            7.11047475504308        2.26982255913347        7.32092489650475
H            6.50486337522984        3.75216757138502        8.07689857435022
H            5.35352631719149        2.47912547073323        9.81174616579366
H            6.88459538225474        1.59579335802533        9.67251175180334
H            7.06610105129584       -0.27618350481930        8.28786784010385
H            5.93767615324801       -1.11080202822486        9.38182975964935
H            4.54874259180300       -1.78662429782691        7.51330254237148
H            4.16964124534377       -0.20657137366454        5.70765153944426
H            5.83156281367356        0.39680770400636        5.83777095416777
H           -6.43222493368499        4.55501801367820       11.04475096756777
123
 energy: -235.308057270418 gnorm: 0.007058325429 xtb: 6.7.1pre (5071a88)
N           -0.07378738530753        0.07173248458391        1.31209214984725
C           -0.04280645900490        1.46592751535779        1.02101269341302
C            1.13693972974801       -0.61526784282468        1.25585466540695
C           -1.30029021726305       -0.56090333556728        1.29180304090544
N            1.10333902412151        2.05839616438467        0.81831287841256
N           -1.17399800322087        2.12784961707922        0.93447310609915
N            2.25903054329505        0.00186339333587        1.03960822276082
N            1.08268689740838       -1.95316074216594        1.41661309017367
N           -2.40332441562806        0.10388620180091        1.12599329990773
N           -1.30146153693930       -1.90689566165846        1.42983586211817
C            2.21680700812110        1.32353101247622        0.85539472181924
C           -0.11385713462820       -2.53390823359236        1.76820841286406
C           -2.30579374275786        1.43828483748404        1.00896368052613
N            3.42615840405058        1.91391806441127        0.65613904316648
N           -0.14393600787501       -3.87199849532340        2.13118343731737
N           -3.49284193958699        2.08351573132016        0.91053935831064
C            3.69527453860169        3.30610040537114        0.44418538902015
C            4.57858786970611        1.19110891044343        0.71840255012216
C           -3.66406508270725        3.50065874025115        0.78917201572706
C           -4.60952197315452        1.35058575810600        0.96787936022154
C            0.83697065691486       -4.54662730958019        1.18765072218876
C           -1.11967463526335       -4.48373973227357        1.15449182726761
N            4.87060008324844        3.70704493236623        0.07897446488760
N            5.70926165707669        1.59090520435085        0.46863693871876
N           -4.88257437571588        4.03090312172907        1.12618300585835
N           -5.60808322208795        0.79524116940669        0.97906966088893
N            1.92926700855283       -3.95541321076919        0.88614450054396
N           -2.18870992943011       -3.86746201882097        0.82196024045571
C            5.94920032205081        2.88567343436736       -0.06984849496591
C           -5.89031885435122        3.62953212622388        1.67132270113283
C           -0.14790974679517       -5.42258747186357        0.59731213756946
N            7.06152763970540        3.12778494127884       -0.58955808478520
N           -6.86373757830947        3.57970067620636        2.37054863422851
N           -0.08864432574082       -6.51834225113769       -0.02329076273188
C            2.69463448918681        4.24392329913746        0.66767291475683
C           -2.71281054141020        4.29195186966194        0.32649776679941
C            2.25023799028596       -2.75994021454182        1.26243496133081
C           -2.48296014027534       -2.65939016468160        1.21288212394086
C            1.50230355637581        4.78611383297316        0.59484218606898
C           -1.49922476816519        4.89924122896911       -0.22039048768179
N            2.54636305767577        5.74261775530428        0.62538007836738
N           -2.50990037405319        5.65958666413152        0.10585951934828
H            7.19023349921551        4.03809531580744       -1.00915021293072
H           -7.75765690918542        3.16888226622636        2.19231628605497
H           -0.98196944002607       -6.91738310637890       -0.28849835788713
H            2.75503487848306        6.19569135033594       -0.26811830177286
H           -2.92825846438619        6.56479348976456        0.18985533418597
H            0.43986315468455        4.71710303288935        0.49063491160991
C           -3.03303060822841        0.07364084396338        5.18863276681116
C           -3.44715413848557        1.10428784775310        5.64782203540543
C           -4.05381194487165        2.34435028604490        5.95912329613932
C           -4.35593071919415        3.18003663607787        4.90091808601632
C           -5.09201723645259        4.35413652380031        5.04743491910523
C           -5.56061050570680        4.68625643969881        6.28812590784405
C           -5.25831506305734        3.89531917785435        7.41652379375811
C           -5.74518726871918        4.24626067336334        8.69130927015818
C           -5.45043601177359        3.48066981197481        9.79119152125508
C           -4.60698652292775        2.36254083832206        9.65560069984331
C           -4.09842619848999        2.00858687282258        8.43314163286711
C           -4.45300564672851        2.73394956999591        7.26680792815639
C           -3.09268535405334        0.93003967301999        8.38907050261781
N           -3.43834395783978       -0.27303699955198        8.86467364017711
C           -2.57343546721207       -1.25391414022628        8.82024845628708
C           -1.27752724725441       -1.13042688482050        8.30235019333032
C           -0.82449269594627        0.18385752424341        7.99250084448970
C           -1.79542535781262        1.20189233348404        8.00151173101905
F           -1.43500151955782        2.45819918917319        7.67238181112311
N            0.46643415742837        0.47113208702295        7.75056696706064
C            1.30930302874871       -0.52819535497077        7.88878473338909
N            0.99079914359127       -1.81708299373940        8.01001876086102
C           -0.28678349384832       -2.16199972610199        8.10722827113237
N           -0.58062908941455       -3.47059330080397        8.02352004079949
C           -1.83812680486008       -3.98030646199714        7.52172860932279
C           -1.62476889274616       -4.51066246512648        6.09102508010762
C           -0.89913278409669       -3.44112481623069        5.24216215396833
C            0.58866824078928       -3.78389318730971        5.42557560684382
C            0.55612138827311       -4.95567153224313        6.42919798705042
C            0.49572879654587       -4.43311526454711        7.87157068506029
N           -0.70989786749236       -5.63611963321619        6.18840544793997
O            2.61430123885602       -0.30242811262099        7.82980375767437
C            3.01785979960902        1.04667279738038        7.65587638449636
C            4.53550731586704        1.09422006479972        7.43213379361075
C            4.97574339440749        2.53071219880713        7.08190197323088
C            6.27484209766140        2.71155737183008        7.86332380287459
C            5.97829011279469        1.90400079219772        9.12992966413677
N            5.22906917240747        0.74088985553168        8.68379441586409
C            5.99896196983654       -0.47548668560109        8.49416193207840
C            5.39328221935627       -1.13988509182244        7.25987052208568
C            4.97171696352115        0.04529001584902        6.39849075948133
F            6.32421374553388       -1.93005018492203        6.61941165547207
O           -5.90559762198650        3.76700940388447       11.03535942770634
F           -3.93268921634106        2.83665021118715        3.66018197443854
H           -2.66222723058059       -0.84693070865112        4.84746850546121
H           -5.30454872879936        4.95164821512091        4.17551026088553
H           -6.17054042930127        5.56745774825301        6.41884885038502
H           -6.35659714169289        5.13394154334791        8.78761572278939
H           -4.34284456877711        1.80396201087917       10.53881831652802
H           -2.91007321196380       -2.17763789658540        9.27160690223405
H           -2.59678833935767       -3.20286010357855        7.50238457264684
H           -2.16961029995378       -4.80467684585864        8.15858619528375
H           -2.58536989070239       -4.81608634949905        5.67236290327480
H           -1.19816770079606       -3.52455903776899        4.19867027715695
H           -1.13101617683059       -2.43532555079059        5.59326063583103
H            1.02876483043968       -4.10805384429852        4.48251259973499
H            1.17013274005906       -2.95016531125819        5.81311754069340
H            1.39920677679593       -5.63904492320049        6.32231165181117
H            1.42947166362232       -3.94940354741451        8.15141713369928
H            0.28802839059457       -5.27560055111493        8.53749154697057
H           -0.67665671748284       -6.14359830440616        5.30932194103305
H            2.48794584999736        1.47977419798836        6.80012981311060
H            2.75265823521830        1.61991199827200        8.55040108208714
H            5.09827920631814        2.66375149422026        6.00880873380289
H            4.22885913424942        3.24265296181520        7.43606181211399
H            7.11261407044445        2.26918296665759        7.32227447500792
H            6.50365380465723        3.75427395330022        8.07020620883757
H            5.34030066273939        2.48817976553807        9.80176790331917
H            6.87185382430379        1.60278137826311        9.67604848696272
H            7.06147778110255       -0.27389106438530        8.29439083795090
H            5.92619532304619       -1.10446971346594        9.38488645910068
H            4.54788879215073       -1.78576848098178        7.51012073646036
H            4.17873842912065       -0.20783045102543        5.69866339478651
H            5.84098942894070        0.39410682589962        5.83780219236830
H           -6.46021286269796        4.55698666442673       11.01415367360763
123
 energy: -235.308222575248 gnorm: 0.007780663101 xtb: 6.7.1pre (5071a88)
N           -0.07127018779782        0.07242850322336        1.32394646089138
C           -0.04059698348985        1.46612274030950        1.03175653141948
C            1.13895800088027       -0.61525731922109        1.26223440113234
C           -1.29854836834529       -0.55984858566437        1.30738249043229
N            1.10562805067550        2.05948955478259        0.83025912317844
N           -1.17138569970304        2.12800790085084        0.94213394772700
N            2.26070769916973        0.00234558562641        1.04486443545019
N            1.08421264703245       -1.95307882171443        1.41607709574964
N           -2.40144461775008        0.10496552420902        1.13990190846536
N           -1.30053771274385       -1.90513014926477        1.44620898069969
C            2.21864130912603        1.32477755443873        0.86553998560086
C           -0.11117871803772       -2.53474419200600        1.77418696201809
C           -2.30330264826234        1.43911467333372        1.01847172070603
N            3.42817365152532        1.91563014367305        0.66716055527566
N           -0.14023037629907       -3.87595852189023        2.12759211524908
N           -3.49142960108137        2.08224617200521        0.91835738576102
C            3.69735791635251        3.30744271352197        0.45310104340287
C            4.58109566614307        1.19355524991893        0.73191187943761
C           -3.66334376395367        3.49693766995389        0.78515063885235
C           -4.60616208743958        1.34846521398130        0.99795589674028
C            0.83430895055053       -4.54382814239821        1.17131531200659
C           -1.12342992405162       -4.47946362531642        1.15222712203186
N            4.87212453893089        3.70831521863012        0.08608909290164
N            5.71156291911373        1.59362512763376        0.48242956050920
N           -4.88525049462147        4.02807357625474        1.11150600393452
N           -5.60733813373499        0.79493454538383        1.03939615897704
N            1.92594493744870       -3.95247761840988        0.86941944465300
N           -2.19383971443011       -3.85953303845309        0.83244291555173
C            5.95185076796025        2.88706624744912       -0.05896537244199
C           -5.89119413447080        3.63213029168454        1.66342301625144
C           -0.15545096520696       -5.41200833302711        0.57854598791199
N            7.06453908232510        3.12947157898164       -0.57786436704825
N           -6.86521376771973        3.59474553306245        2.36210806421344
N           -0.10244624768931       -6.50026953434075       -0.05565610539475
C            2.69650413134960        4.24538289429281        0.67396718055068
C           -2.71071035718744        4.28694950282978        0.32347145744916
C            2.25124779446391       -2.76010620176104        1.25184154370426
C           -2.48487986746361       -2.65431745426809        1.23281520594388
C            1.50446943356320        4.78810767737517        0.59929186493508
C           -1.49699459597078        4.89291636737495       -0.22523667969965
N            2.54930590741805        5.74372268353251        0.62433691654921
N           -2.51312697863090        5.65233592108405        0.08668635944931
H            7.19257606456601        4.04052326493296       -0.99758828920645
H           -7.75897540978460        3.18099633404579        2.19328448000111
H           -0.99818344919527       -6.89439156579074       -0.31978675409845
H            2.75920907850533        6.19330456952783       -0.27093552325022
H           -2.93554002109079        6.55685825311387        0.15840183274099
H            0.44176533711224        4.71866806908527        0.49866754887647
C           -3.02093957106233        0.06223366441788        5.19406286441068
C           -3.42895394613666        1.09393294160653        5.65639424414911
C           -4.03555341809278        2.33616536525307        5.96020642931873
C           -4.32737744581173        3.17066908813388        4.89824521820675
C           -5.06432729542234        4.34475458767209        5.03680473378585
C           -5.54641359582326        4.67757087314490        6.27238889715294
C           -5.25375995839319        3.88908030540340        7.40463408345723
C           -5.75337651700544        4.24135460016434        8.67396230934028
C           -5.46627100051348        3.47942710246873        9.77845511466189
C           -4.61894814486252        2.36306065753135        9.65290232046734
C           -4.09940599865981        2.00655608440489        8.43568004486458
C           -4.44486476917469        2.72874847081090        7.26387735866760
C           -3.09119845145050        0.92986186165713        8.39994698633114
N           -3.43315914303155       -0.27192690834853        8.88071588897784
C           -2.56729598808484       -1.25229584281784        8.83578076081051
C           -1.27385194030018       -1.12863942231243        8.31163339275595
C           -0.82303461405975        0.18545850920841        7.99866231114749
C           -1.79487698469178        1.20250138888037        8.00954348049307
F           -1.43599382882579        2.45897613216567        7.67884808401519
N            0.46634332558505        0.47383456275283        7.74967801131197
C            1.31001247457359       -0.52509681846759        7.88533848943226
N            0.99303308319583       -1.81364157213150        8.01031851711900
C           -0.28361325185167       -2.16024451678530        8.11210614987467
N           -0.57720983392805       -3.46871353033088        8.02535643561043
C           -1.83789632190147       -3.97922676668576        7.53277823227367
C           -1.63269029229795       -4.51569252652119        6.10311943578468
C           -0.91367070829399       -3.44952651689127        5.24448396847508
C            0.57578724920075       -3.78777533664953        5.42253964544520
C            0.55065379290029       -4.95711533183509        6.42910064974455
C            0.49907341744177       -4.43084470820152        7.87000481032099
N           -0.71599658957490       -5.63938965849159        6.19853435533701
O            2.61456897731340       -0.29946189076408        7.81834766583517
C            3.01767175112641        1.04918895762672        7.63957007339632
C            4.53636662405413        1.09576921038517        7.42296573410441
C            4.97862070809151        2.53129515742586        7.07017121837330
C            6.27373638830928        2.71375139890849        7.85799152837388
C            5.96956298173407        1.91063807891260        9.12571074864111
N            5.22280096549664        0.74602465012723        8.67922961482231
C            5.99381892274187       -0.47080553093689        8.49687153724491
C            5.39416729056233       -1.13931945382129        7.26134840004122
C            4.97748607279944        0.04423893775851        6.39479180629962
F            6.32852968563260       -1.93034273451163        6.62750726231698
O           -5.93349736880398        3.76856386088625       11.01757366013738
F           -3.89891473248796        2.82788239606376        3.65807727085230
H           -2.65705651172680       -0.86218702325752        4.85544361192384
H           -5.26808887256395        4.94247705959949        4.16296328216269
H           -6.16065338772522        5.55700801327224        6.39502801510893
H           -6.36811243022459        5.12754526378112        8.76266396828762
H           -4.36089650181300        1.80810596147595       10.54035674081153
H           -2.90072680693538       -2.17532811012527        9.29094156574747
H           -2.59494803444529       -3.20000345931433        7.51414027678337
H           -2.16752819676964       -4.80044240895056        8.17469976777212
H           -2.59565261694669       -4.82363283740196        5.69198246862066
H           -1.21772674335520       -3.54080253822459        4.20238753594486
H           -1.14613598074547       -2.44135848743298        5.58949838765399
H            1.01285531904449       -4.11309236744196        4.47819571305990
H            1.15660268598500       -2.95156666669862        5.80546291814163
H            1.39399368754676       -5.63953983903663        6.31840767673876
H            1.43363194308217       -3.94474698976307        8.14251272669760
H            0.29647396000678       -5.27174792816092        8.53935604669945
H           -0.68812913093324       -6.15086187863959        5.32175140829966
H            2.49140380673623        1.47771933092360        6.77928511087082
H            2.74832959939678        1.62686989595445        8.53009240341022
H            5.10760536268192        2.66048874280104        5.99751574712024
H            4.23014276581124        3.24427753435435        7.41754586799989
H            7.11349289639025        2.26780983428682        7.32278980522521
H            6.50324908434100        3.75702949511708        8.06179578099210
H            5.32780030580835        2.49752402848892        9.79190528439265
H            6.86013336126118        1.61156852707748        9.67837141480435
H            7.05767986260487       -0.27103472668329        8.30044228193937
H            5.91659940669697       -1.09651941391548        9.38922471991409
H            4.54770262337999       -1.78475097158764        7.50889294390709
H            4.18866400569554       -0.20969738314438        5.69071078372877
H            5.85080782924208        0.39062379754820        5.83899994855638
H           -6.48883034957347        4.55754201552987       10.98844651691405
123
 energy: -235.308350008380 gnorm: 0.011970413356 xtb: 6.7.1pre (5071a88)
N           -0.06831876519114        0.07250327054082        1.33433023856906
C           -0.03892147857168        1.46481610127880        1.03720277218822
C            1.14077459804675       -0.61587879943817        1.26843429907348
C           -1.29610245478977       -0.55901776342241        1.32471304129205
N            1.10728190822228        2.05922005398449        0.83552436399321
N           -1.16944884270019        2.12624551136605        0.94425564205061
N            2.26214573410817        0.00206770033967        1.04805611032080
N            1.08659446212791       -1.95351681955112        1.41798401220761
N           -2.39953405703812        0.10540208733282        1.15645967698884
N           -1.29847570237643       -1.90384308784313        1.46617669740523
C            2.22001654142907        1.32475555595083        0.87167351309556
C           -0.10718325306124       -2.53575682286954        1.78564526668968
C           -2.30171310732824        1.43883853103109        1.02809085887745
N            3.42991129048581        1.91594707862689        0.67620650660637
N           -0.13620675825339       -3.88158215655209        2.12667312322988
N           -3.49063432883930        2.08051968170641        0.92740544765959
C            3.69914536329128        3.30768044581286        0.46158031128515
C            4.58350542621725        1.19505532969631        0.74697938619898
C           -3.66154476001387        3.49286737817921        0.78125318035628
C           -4.60338394052616        1.34753163698937        1.02679729191194
C            0.83129300158540       -4.54063349217549        1.15685948871834
C           -1.12687962675752       -4.47493579019905        1.15044365237600
N            4.87359141862522        3.70816655705698        0.09334617384894
N            5.71421604681830        1.59619340778825        0.50002347949177
N           -4.88672058298146        4.02430109629098        1.09721982782080
N           -5.59716962729421        0.79033169864245        1.07467626486698
N            1.92214901494085       -3.94893220259075        0.85483029213019
N           -2.19776018695405       -3.85050188207609        0.84372136037464
C            5.95451727275677        2.88728591341765       -0.04602616635891
C           -5.89193832331257        3.63401757152448        1.65368789259155
C           -0.16283681074044       -5.39955414490775        0.55886692605084
N            7.06798630525727        3.13071734213118       -0.56331382500961
N           -6.87010082305278        3.61089312721838        2.34419640275989
N           -0.11665504633150       -6.47795554666575       -0.09250814620157
C            2.69849542468092        4.24584350420081        0.68273645233941
C           -2.70892907335788        4.28240777784720        0.31850384121655
C            2.25164046195418       -2.75940556040688        1.24254093873084
C           -2.48497817500568       -2.64831639249363        1.25556589570591
C            1.50770460604207        4.79140145002578        0.60742661611016
C           -1.49441090166864        4.88807901837774       -0.22784770866215
N            2.55516449716897        5.74392894932307        0.62435636337795
N           -2.51945951879166        5.64484360016556        0.06024077300969
H            7.19165378192564        4.04274957758242       -0.98317938553226
H           -7.76088262122739        3.19148993901296        2.18088756060129
H           -1.01484951490056       -6.86539880624315       -0.35835324123039
H            2.76642102391514        6.18826321476013       -0.27304923310229
H           -2.94848911336490        6.54756650709864        0.11657888267307
H            0.44448624343756        4.72373244967880        0.51191340842668
C           -3.00858876582483        0.05112383466939        5.20493733034129
C           -3.41063720670320        1.08514813762202        5.66752071919813
C           -4.01468509630108        2.33094979780847        5.96226548825069
C           -4.29658406222037        3.16507013256328        4.89827297616212
C           -5.03481255058267        4.33899456862635        5.02882913313485
C           -5.52960149697193        4.67214116592265        6.25933591953967
C           -5.24710132589820        3.88463523083164        7.39453006725740
C           -5.76071861124592        4.23644301114857        8.65807657785796
C           -5.48486906809617        3.47553785956313        9.76631700096607
C           -4.63455462913764        2.36059408259802        9.64990435683177
C           -4.10106605504326        2.00417243698781        8.43864407472667
C           -4.43511139239553        2.72514391914274        7.26207006578410
C           -3.09031860625774        0.92943853542988        8.41283903434713
N           -3.42806672674135       -0.27084540121991        8.89937054905982
C           -2.56080061804878       -1.25046842509458        8.85386952291024
C           -1.27011949143580       -1.12668077088020        8.32317477636348
C           -0.82134357942673        0.18715070259374        8.00725867171146
C           -1.79454505419560        1.20283429635229        8.02058003132169
F           -1.43718866712814        2.45972887313703        7.68903147896737
N            0.46620950473071        0.47686458538334        7.74972476101463
C            1.31056970219312       -0.52217205485496        7.88194456980705
N            0.99520408615199       -1.80969252192736        8.01252798258261
C           -0.28048981803010       -2.15845727922838        8.11811985118021
N           -0.57381745363552       -3.46640464769530        8.02651341440866
C           -1.83819445557269       -3.97625109997068        7.54331034773785
C           -1.64150594389850       -4.52184712645693        6.11581286154728
C           -0.92940277091858       -3.46057037240631        5.24546824214889
C            0.56169875176416       -3.79372910594961        5.41835700378313
C            0.54441670102983       -4.95965006108078        6.42901827071555
C            0.50262964533397       -4.42802379562165        7.86796420249798
N           -0.72315299960303       -5.64368840162723        6.21075368024052
O            2.61510393893743       -0.29731365160974        7.80419806101198
C            3.01794282537666        1.05089843273183        7.62282070385656
C            4.53784307533738        1.09711585312407        7.41259579455376
C            4.98118693860062        2.53202789418593        7.05684511369135
C            6.27145226213081        2.71736367740321        7.85187968544040
C            5.96009806000361        1.91877024606749        9.12062165827054
N            5.21745781951488        0.75227148797002        8.67298107002031
C            5.98883643212440       -0.46515888450104        8.50031298721201
C            5.39619999184714       -1.13896499381875        7.26343286106508
C            4.98481434401015        0.04270515724361        6.39076867515550
F            6.33456846718594       -1.93046555073503        6.63828683066433
O           -5.96670092736432        3.76486477842972       10.99955275323647
F           -3.86130714174759        2.82579026617782        3.65731732457522
H           -2.65213146523169       -0.87870176046868        4.87349622047582
H           -5.23076766965093        4.93663822270260        4.15324802832275
H           -6.14686798153703        5.55023699705078        6.37477307522269
H           -6.37787295490864        5.12155162765300        8.73990195681525
H           -4.38556802664111        1.80639050375259       10.54046461369464
H           -2.89085401735957       -2.17270779987360        9.31305450981413
H           -2.59179418469107       -3.19297158968875        7.52296397377362
H           -2.16907738681011       -4.79181048872251        8.19219551217562
H           -2.60696552533361       -4.83282404675214        5.71294261269586
H           -1.23820771498694       -3.56153670235861        4.20517458644007
H           -1.16243350097662       -2.44966390471022        5.58278564323667
H            0.99565847447955       -4.12078030869055        4.47297009762367
H            1.14178812943419       -2.95444860410889        5.79576349272191
H            1.38772779651795       -5.64151508165683        6.31473545618366
H            1.43797128580161       -3.93879782392921        8.13190001362796
H            0.30614551906840       -5.26659891175349        8.54200082276590
H           -0.70154692343591       -6.16088180916110        5.33718657819994
H            2.49490638314033        1.47668347411087        6.75930570647877
H            2.74540146588379        1.63125066521358        8.51064318632952
H            5.11751079619900        2.65671567654288        5.98473515351644
H            4.23014954051005        3.24567778041109        7.39638924635765
H            7.11353053999958        2.26779772044386        7.32309919447914
H            6.50135036733242        3.76128028217765        8.05223898525892
H            5.31388411974902        2.50728992960206        9.78112041771279
H            6.84779963871012        1.62273188893164        9.67956012819168
H            7.05414616995683       -0.26731308025818        8.30772117678974
H            5.90670890992842       -1.08698742974740        9.39476391458012
H            4.54834905992072       -1.78343862482988        7.50826683949511
H            4.20135108666994       -0.21275074717876        5.68158644233904
H            5.86271797572064        0.38651029304893        5.84092135287069
H           -6.51912096768873        4.55514503593524       10.96424605413161
123
 energy: -235.308461208434 gnorm: 0.005787029934 xtb: 6.7.1pre (5071a88)
N           -0.06588561410794        0.07278712311401        1.34704255310906
C           -0.03778336038671        1.46382354842673        1.04451679991262
C            1.14216258068493       -0.61626593261445        1.27850138640378
C           -1.29358161032302       -0.55833191576852        1.34305655107312
N            1.10829634697201        2.05850830219358        0.84121757993862
N           -1.16821946400533        2.12438306471608        0.94839992329791
N            2.26321593199972        0.00166015859090        1.05572887230755
N            1.08842244304198       -1.95432736967421        1.42616261671579
N           -2.39740873325812        0.10525564682639        1.17464215324496
N           -1.29635611151248       -1.90295647053871        1.48751958102698
C            2.22101330007197        1.32426295646597        0.87962457998502
C           -0.10350154172922       -2.53716329617655        1.79964687736430
C           -2.30048810531070        1.43785926296915        1.03901254640190
N            3.43106250484028        1.91554197125217        0.68684065004671
N           -0.13249905170904       -3.88586194494570        2.13263587338342
N           -3.48941147258277        2.07883046628216        0.93645406567825
C            3.69961185010120        3.30730781146956        0.47026172504736
C            4.58510038801516        1.19569360420941        0.76359887469068
C           -3.65992207412066        3.49016720953354        0.78003773812665
C           -4.60155076619292        1.34626825323272        1.05235179520145
C            0.82842026223900       -4.53841900093013        1.15209261756270
C           -1.13032629105793       -4.47185315713255        1.15752999702078
N            4.87433807320295        3.70710237488597        0.10240209857619
N            5.71623336022760        1.59761408514096        0.51848207065404
N           -4.88524483129728        4.02338900114379        1.09379490157331
N           -5.59922243282154        0.79146044152645        1.12462756469884
N            1.91863741517031       -3.94646632888753        0.84837190285529
N           -2.20308859981115       -3.84464349367234        0.86256614081976
C            5.95591822877235        2.88654380677628       -0.03213529686836
C           -5.89124548728316        3.64084285084382        1.65667666246397
C           -0.17008971263217       -5.39126012028798        0.55215802732329
N            7.07032492402688        3.13033176572714       -0.54765260537353
N           -6.86845036101076        3.62783567298248        2.35184538767442
N           -0.12941521700287       -6.46280335008144       -0.11107914139189
C            2.69865135105881        4.24598701785280        0.69035603647671
C           -2.70796586786257        4.27888713007694        0.31390242200401
C            2.25162976589545       -2.75903057127169        1.24014820022447
C           -2.48586363614780       -2.64384363546900        1.28261473371060
C            1.50859172509826        4.79345674324980        0.61317310392249
C           -1.49353119415338        4.88427868613043       -0.23335960574515
N            2.55753319827127        5.74407986308904        0.62447782174872
N           -2.52373560895577        5.63935477261091        0.04365961616446
H            7.19039027108137        4.04186913263043       -0.96920647972696
H           -7.76050698924351        3.20162991771447        2.20080223360974
H           -1.03022074979720       -6.84570088102341       -0.37629107524083
H            2.76953270040846        6.18329708611435       -0.27491145208192
H           -2.95652656250894        6.54069154727069        0.09366816346875
H            0.44513120074284        4.72722159633631        0.51875169954902
C           -3.00327055896382        0.04352508174744        5.20458929546906
C           -3.40214180188913        1.07942826534436        5.66569690926359
C           -4.00265925882873        2.32802060999327        5.95531612735177
C           -4.27919621933385        3.16239440233770        4.89106122008749
C           -5.01655584923315        4.33749413185091        5.01700981865397
C           -5.51663245305095        4.67150266343865        6.24478388794250
C           -5.24121450547165        3.88284231491258        7.38106336106709
C           -5.76337840414787        4.23335500046837        8.64122625408734
C           -5.49715641863199        3.47050122781279        9.75060312866973
C           -4.64566641737043        2.35606003423207        9.63894477710010
C           -4.10246871172120        2.00160916005207        8.43149541317649
C           -4.42919642344653        2.72293048014466        7.25307525868069
C           -3.08992925134442        0.92858645721807        8.41232183104854
N           -3.42502170721321       -0.27043984660186        8.90395330088100
C           -2.55622891095828       -1.24910215826055        8.86045400654830
C           -1.26710150698932       -1.12573812288355        8.32625004587862
C           -0.81965471146690        0.18784310522185        8.00682180142578
C           -1.79415058405735        1.20248280825239        8.01978473514839
F           -1.43797497434621        2.45943344374842        7.68622636988551
N            0.46682306595698        0.47808083041080        7.74424669117824
C            1.31195177247075       -0.52088596293372        7.87603187531150
N            0.99778432350681       -1.80770052497260        8.01168201954629
C           -0.27753626488165       -2.15751438215697        8.11913541026073
N           -0.57040829054283       -3.46504254524332        8.02586334387080
C           -1.83703861247966       -3.97416654505111        7.54829139656711
C           -1.64616550586111       -4.52637198790201        6.12245600922548
C           -0.93881952114711       -3.46850578949945        5.24418182806602
C            0.55336119044088       -3.79768858150761        5.41411868371223
C            0.54158628739168       -4.96162731430096        6.42737046115639
C            0.50609744366530       -4.42631989042818        7.86526484369830
N           -0.72660282986340       -5.64712087919572        6.21758479233913
O            2.61658404022639       -0.29602444160231        7.79211903128433
C            3.01823205296034        1.05190515158944        7.60703765932587
C            4.53941194883563        1.09833585707324        7.40258525425537
C            4.98377481464534        2.53283007269133        7.04557206869929
C            6.26902568797590        2.72135629757414        7.84835256042378
C            5.95212698440064        1.92454532300015        9.11679716788264
N            5.21331137006430        0.75696245166858        8.66647601160105
C            5.98444512791719       -0.46119596368371        8.50235908183855
C            5.39859333321716       -1.13834344419974        7.26349299454571
C            4.99177934325867        0.04149761572962        6.38562582993262
F            6.34072133807030       -1.93053547927004        6.64627167037075
O           -5.98949206089743        3.75753398336020       10.97988457986360
F           -3.83828106228240        2.82446773072052        3.65049382129712
H           -2.65143939769781       -0.88994810894550        4.87890643588209
H           -5.20806532669893        4.93460669480112        4.14015559774095
H           -6.13248594054155        5.55065792468104        6.35723298463411
H           -6.38061385202410        5.11862541733360        8.71966952115581
H           -4.40369564602967        1.80013424404346       10.53025636572191
H           -2.88412081174228       -2.17022710394922        9.32367390996255
H           -2.58835706579859       -3.18819077524220        7.52611205886105
H           -2.16948916171299       -4.78535414667529        8.20220008086818
H           -2.61338673438123       -4.83958339332738        5.72534930574944
H           -1.25022364328775       -3.57587718398560        4.20555073942305
H           -1.17264563278928       -2.45648285541582        5.57674454749365
H            0.98602218428013       -4.12481258472498        4.46833387968829
H            1.13206211678287       -2.95607808990336        5.78872376942100
H            1.38477784045790       -5.64328272442894        6.31062885680883
H            1.44217034823438       -3.93544963210247        8.12370261902589
H            0.31356746523679       -5.26320320120825        8.54259719405642
H           -0.70900168704565       -6.16791002705100        5.34593995155251
H            2.49808232354451        1.47402175786033        6.73947564371789
H            2.74161283454478        1.63575703294823        8.49176193926097
H            5.12728265065828        2.65429175510752        5.97381129843730
H            4.22953141976285        3.24688558394833        7.37802107849967
H            7.11469865363226        2.27169219800673        7.32512629550467
H            6.49681306702767        3.76574665320830        8.04821210646119
H            5.30207176828166        2.51280882580685        9.77354277684048
H            6.83750402368778        1.63026323162084        9.68008336267356
H            7.05107186102457       -0.26426490507023        8.31511945341106
H            5.89719051293055       -1.08067567246504        9.39822705184447
H            4.54919121969600       -1.78194951572422        7.50538746783687
H            4.21265223828023       -0.21579586787060        5.67241620103805
H            5.87292875186382        0.38381133302829        5.84012224341362
H           -6.53954606363739        4.54928709214488       10.94212214635631
123
 energy: -235.308544606101 gnorm: 0.006199754266 xtb: 6.7.1pre (5071a88)
N           -0.06394684589637        0.07313738368548        1.35449217465294
C           -0.03678187384283        1.46323650399851        1.04692535097501
C            1.14309837077732       -0.61647552410170        1.28563394496462
C           -1.29107591205920       -0.55784472849358        1.35391813954086
N            1.10919519498922        2.05747639570962        0.84172802333592
N           -1.16736186173665        2.12292009497207        0.94923152611402
N            2.26415894779022        0.00098106237575        1.06184460723053
N            1.08940424878956       -1.95514561040634        1.43434903822403
N           -2.39527879948858        0.10505343651610        1.18702223090977
N           -1.29408609221441       -1.90260734829340        1.50011944341461
C            2.22208150951094        1.32329124394676        0.88390587044539
C           -0.10113239932542       -2.53862790860137        1.80842805156182
C           -2.29943412489063        1.43682388842942        1.04594654505949
N            3.43220085124588        1.91451115123083        0.69394023127719
N           -0.13070903677707       -3.88865806746900        2.13697867441609
N           -3.48787051640030        2.07821141659242        0.94337641914649
C            3.69977355291037        3.30643084141921        0.47604855241189
C            4.58635909675972        1.19546635872565        0.77533795788322
C           -3.65899650289733        3.48930328172850        0.78186837005370
C           -4.59977315318106        1.34684885661001        1.06585555662173
C            0.82618543827969       -4.53690680838092        1.15149069344917
C           -1.13200644762105       -4.46992124480171        1.16262534525423
N            4.87509749536686        3.70567974592454        0.10979317835869
N            5.71791583832450        1.59797145583309        0.53164472444998
N           -4.88387565725765        4.02265209250019        1.09407981915352
N           -5.59778511183032        0.79227185860881        1.14487573674490
N            1.91611357891856       -3.94470639679671        0.84671349457580
N           -2.20592602147516       -3.84189428185952        0.87468223943873
C            5.95666828046626        2.88538608009196       -0.02198499430376
C           -5.89060578796285        3.64344909551862        1.65490649137828
C           -0.17447313195539       -5.38648327702965        0.54998772890518
N            7.07174125051792        3.12918658790415       -0.53638961021759
N           -6.86625118403778        3.63048880264158        2.35223622119001
N           -0.13614244860669       -6.45342359396657       -0.12028643156550
C            2.69853040430730        4.24531098435960        0.69569019644608
C           -2.70858770578081        4.27735387806690        0.31187185617366
C            2.25079990474795       -2.75850104439226        1.24133624825376
C           -2.48535251214955       -2.64155256027595        1.29941612514708
C            1.50887431967523        4.79364882608075        0.61746667780157
C           -1.49496725899025        4.88268861104003       -0.24076488752735
N            2.55828918252911        5.74340122464937        0.62643946262050
N           -2.52739833003460        5.63677638571178        0.03518507216863
H            7.18910991346416        4.03954065891577       -0.96001328199574
H           -7.76071901968003        3.21307039120827        2.20076571940814
H           -1.03800492687561       -6.83361545067259       -0.38592794901712
H            2.76985130748795        6.17941027887361       -0.27401777181644
H           -2.96250758186385        6.53698747365344        0.08212748163558
H            0.44548827384184        4.72856706129066        0.52182988352216
C           -3.00285192267140        0.04000505888596        5.20408741283350
C           -3.39796633190106        1.07913355392293        5.66128065270024
C           -3.99724984217137        2.32808994752019        5.95014032360711
C           -4.27068785527753        3.16418774632413        4.88709470244202
C           -5.00572643177748        4.34117887269069        5.01163878559599
C           -5.50720315613611        4.67512073231465        6.23839281626897
C           -5.23677189461130        3.88335305546937        7.37412116627162
C           -5.76359681314922        4.23164692854743        8.63276165947465
C           -5.50502971555241        3.46466615075519        9.74113622495624
C           -4.65324397331622        2.35030960189424        9.63088501193824
C           -4.10361445187668        1.99944829122116        8.42542125519216
C           -4.42662114995370        2.72233195944332        7.24742805294852
C           -3.08965697444368        0.92816693300196        8.40922659011342
N           -3.42386001100101       -0.27041035670410        8.90267871481223
C           -2.55389761755099       -1.24793330381867        8.86121917106703
C           -1.26526128051577       -1.12487369282017        8.32611853623725
C           -0.81811354021298        0.18866054755944        8.00571396644416
C           -1.79334196697799        1.20269221137230        8.01843921544935
F           -1.43765349360657        2.45962212837236        7.68453010380341
N            0.46795145163155        0.47866671071115        7.74117650630133
C            1.31344838978399       -0.52039713539526        7.87135660534705
N            0.99963185865981       -1.80676640971116        8.00893222683281
C           -0.27584388611204       -2.15637041512076        8.11788890969842
N           -0.56855223238162       -3.46358544600614        8.02525593123124
C           -1.83658778310626       -3.97185862193604        7.55082691071597
C           -1.64953382188916       -4.52927696341765        6.12650153346746
C           -0.94439548676455       -3.47459342422670        5.24286870378632
C            0.54821189267042       -3.80216606383380        5.41140217788150
C            0.53902913352786       -4.96407816178218        6.42717641025431
C            0.50751826280363       -4.42514128807888        7.86410465487229
N           -0.72993573679773       -5.65004958179661        6.22309177379242
O            2.61816978386445       -0.29550749551095        7.78393050401905
C            3.01897187277263        1.05215653067897        7.59703376810462
C            4.54085251631323        1.09934150708032        7.39604695508175
C            4.98555090817763        2.53346228111731        7.03831386934057
C            6.26714700987230        2.72509374887828        7.84589954512455
C            5.94745834292480        1.92898248897810        9.11393428385493
N            5.21146034965368        0.76056553685177        8.66209453569643
C            5.98215748266457       -0.45806383092706        8.50407196534419
C            5.40106143845756       -1.13749863495384        7.26435407027579
C            4.99684146199549        0.04025815826994        6.38260846363799
F            6.34532884642007       -1.93099049092013        6.65296534998783
O           -6.00462180524120        3.74753087096328       10.96806508663076
F           -3.82465032937647        2.82621950375914        3.64823683633560
H           -2.65180022742988       -0.89534410098191        4.88402462745414
H           -5.19441029053392        4.93825378544642        4.13422710324880
H           -6.11965400542356        5.55641363311923        6.35108375464539
H           -6.37941615609452        5.11791871463084        8.71059301894747
H           -4.41607596688991        1.79115126216432       10.52128325776726
H           -2.88103672243609       -2.16826308598355        9.32632298204742
H           -2.58635732714143       -3.18421241203183        7.52661087104018
H           -2.17076016641465       -4.77962647844270        8.20830650023112
H           -2.61802440045046       -4.84369859356428        5.73326614361329
H           -1.25748820348631       -3.58551197663927        4.20570388541620
H           -1.17812736942909       -2.46235049634669        5.57307073093962
H            0.98025532452666       -4.12978452091918        4.46582244731206
H            1.12621022216978       -2.95913694700848        5.78434021778677
H            1.38153010775846       -5.64640661043752        6.30968124559201
H            1.44451760962798       -3.93387729179831        8.11877987522332
H            0.31709563565240       -5.26021091139456        8.54434872226903
H           -0.71479482935432       -6.17336136734235        5.35278816678003
H            2.50053293547392        1.47225539534380        6.72736192328784
H            2.73963817903560        1.63765222816043        8.47975514505221
H            5.13325442507305        2.65302989817611        5.96689248966362
H            4.22917444033907        3.24777506786710        7.36626643193699
H            7.11576752068969        2.27688863838440        7.32635259245035
H            6.49188565713140        3.76997492526284        8.04600650839649
H            5.29498928538688        2.51657410760516        9.76846983628518
H            6.83139236525740        1.63572107534844        9.67941845566651
H            7.04930318411894       -0.26104657523049        8.32139833534010
H            5.89148701147820       -1.07627066443057        9.40071720519291
H            4.55064661777455       -1.78026664449432        7.50479404337510
H            4.22022785809983       -0.21936806203064        5.66770416462377
H            5.87906975031649        0.38209256413101        5.83880966511721
H           -6.55323667829950        4.54053614079821       10.93051553624198
123
 energy: -235.308647614107 gnorm: 0.004222691321 xtb: 6.7.1pre (5071a88)
N           -0.06111252827015        0.07364999906685        1.36858712273511
C           -0.03512784807479        1.46213025939347        1.05147034361666
C            1.14467472155426       -0.61682317963491        1.29965674731220
C           -1.28762217225432       -0.55738667855957        1.37424324390333
N            1.11072320653869        2.05499863819594        0.84233554426465
N           -1.16610557232697        2.12027674767183        0.95113000390718
N            2.26601487100219       -0.00045159394481        1.07511185553818
N            1.09082631168460       -1.95646396597066        1.45041126349448
N           -2.39260582820022        0.10441913939833        1.21028761596446
N           -1.29112626895307       -1.90203256781310        1.52383291231275
C            2.22408924010933        1.32126844852458        0.89262361775317
C           -0.09778403313594       -2.54104569199911        1.82438542831999
C           -2.29788972269543        1.43458627322202        1.05874775932014
N            3.43421902162124        1.91266607900130        0.70723877854766
N           -0.12683827391223       -3.89273609905822        2.14665029815945
N           -3.48539123073945        2.07673620431433        0.95546331717692
C            3.69990219417227        3.30474519755135        0.48662327585391
C            4.58874815165205        1.19535157629086        0.79689969993062
C           -3.65772901215810        3.48745157615704        0.78303749686720
C           -4.59757277867041        1.34780979654621        1.08612559283953
C            0.82300864338159       -4.53457358589253        1.15289695252052
C           -1.13463187070585       -4.46698589845316        1.17573579450614
N            4.87628687012855        3.70339943804821        0.12322043945746
N            5.72093778173101        1.59878287694312        0.55586919268985
N           -4.88078359405116        4.02256251336654        1.09638415827340
N           -5.59388490635071        0.79248600579120        1.16686640688570
N            1.91251229610998       -3.94217519620928        0.84518699746104
N           -2.21169348794496       -3.83842067043571        0.90061456832445
C            5.95815770799822        2.88362941769339       -0.00340588536714
C           -5.88941714934417        3.65088908900322        1.65985226783216
C           -0.18181985283490       -5.37957763939901        0.55044409829042
N            7.07420904613113        3.12666967465102       -0.51658715494021
N           -6.86393880407758        3.64348183190833        2.35870940423771
N           -0.14748242977724       -6.43975602028610       -0.13053299197072
C            2.69792887737368        4.24381944938751        0.70400510286516
C           -2.70947018147350        4.27360686014812        0.30564857262790
C            2.24969717014739       -2.75820723234088        1.24554178008881
C           -2.48557491216407       -2.63881657176352        1.33247503620019
C            1.50842190134118        4.79232206153966        0.62313434452253
C           -1.49660566284403        4.88003665525493       -0.24588683012095
N            2.55756250314071        5.74204037600412        0.62974582880857
N           -2.53285309640077        5.63173486332044        0.02174008244840
H            7.18834437640241        4.03433754647609       -0.94539173820372
H           -7.75967600349503        3.22717727329814        2.21097397094735
H           -1.05143115434844       -6.81677527946026       -0.39417004922504
H            2.76849217280520        6.17322130207482       -0.27266564965143
H           -2.97141324822632        6.53031349607334        0.06504856466396
H            0.44545429492668        4.72792637248710        0.52545212158491
C           -3.00500466325010        0.03627736952419        5.19833484736979
C           -3.39696382304579        1.07903367771568        5.64986817033893
C           -3.99041829289034        2.33031764580259        5.93881080595046
C           -4.25872241037585        3.17025047741717        4.87771763842096
C           -4.98845093005341        4.35094541153360        5.00251371860878
C           -5.49121936204809        4.68388403295858        6.22852619363209
C           -5.22900233962587        3.88582585393757        7.36250528593712
C           -5.76263350796488        4.22933099793338        8.61955099920617
C           -5.51668799242168        3.45353683566521        9.72482585697915
C           -4.66506333471426        2.33901396828648        9.61526771658489
C           -4.10545943391563        1.99551122663548        8.41220413008928
C           -4.42264116321920        2.72281512086764        7.23606760844755
C           -3.08901648951525        0.92733602634024        8.39906994838434
N           -3.42220145662089       -0.27079535126417        8.89508244563553
C           -2.55046813982826       -1.24640747719567        8.85764436123526
C           -1.26214622631691       -1.12356239715858        8.32192083852915
C           -0.81556712555612        0.19012854878977        7.99991830020651
C           -1.79184822435052        1.20331548359797        8.01128411586490
F           -1.43700213636386        2.46021269487606        7.67659242503601
N            0.47015718254251        0.47934308066373        7.73362994636749
C            1.31627167053138       -0.51962387594405        7.86196964778691
N            1.00297631980590       -1.80579996251088        8.00199164255849
C           -0.27291070531291       -2.15451106963983        8.11350014294419
N           -0.56563035725590       -3.46151191645230        8.02313801479597
C           -1.83582908117553       -3.96866666214517        7.55354491903691
C           -1.65412410129289       -4.53424100669346        6.13179706052387
C           -0.95170952950131       -3.48444637155201        5.24039927449274
C            0.54145015407083       -3.81021174903299        5.40745711483815
C            0.53539763900376       -4.96898220072740        6.42714713135689
C            0.50929036237199       -4.42405051543433        7.86226772417755
N           -0.73474957767367       -5.65543202600284        6.23104332983656
O            2.62086843920910       -0.29447891207344        7.77035107804408
C            3.02033178529592        1.05263500152452        7.57951243998574
C            4.54322076228120        1.10112618876861        7.38498109547905
C            4.98839920269810        2.53448777164724        7.02609680408291
C            6.26351458504145        2.73224601178103        7.84225024448049
C            5.93935168171118        1.93648076589608        9.10936282640581
N            5.20791807684165        0.76655043303788        8.65519512074945
C            5.97828046504998       -0.45287325004665        8.50682846166958
C            5.40557011545773       -1.13553098929566        7.26539595642388
C            5.00559018437151        0.03848062859867        6.37727891897935
F            6.35358076041064       -1.93143007332378        6.66308685668475
O           -6.02773380151376        3.72790193918702       10.94868523271834
F           -3.80722225448489        2.83101359980177        3.64212467383618
H           -2.65358533452985       -0.90096498314977        4.88512194674451
H           -5.17202435726736        4.94925377037704        4.12489046381717
H           -6.09776932694825        5.56899369413161        6.34319244330004
H           -6.37515255255609        5.11781300975396        8.69797639644383
H           -4.43528367182327        1.77347906586037       10.50341836237912
H           -2.87638784020686       -2.16554277577019        9.32588977919073
H           -2.58319848670865       -3.17867207797421        7.52563019955245
H           -2.17264467184998       -4.77114205888205        8.21641378340716
H           -2.62437540481262       -4.85035953226203        5.74414141739117
H           -1.26741590021331       -3.60076966569963        4.20533630947293
H           -1.18510394033551       -2.47156555541804        5.56689104345049
H            0.97309639544713       -4.13871777407863        4.46241819387747
H            1.11831386306423       -2.96524829634750        5.77831597968495
H            1.37675541540995       -5.65257940772475        6.30905596205110
H            1.44779163363393       -3.93256465804090        8.11147828613646
H            0.32121674048056       -5.25603353071974        8.54706788523324
H           -0.72289366168606       -6.18236650047152        5.36272091854653
H            2.50494372987968        1.46851335673814        6.70588251263580
H            2.73602603848173        1.64147058436738        8.45824570861277
H            5.14348239624007        2.65093721934566        5.95527590411489
H            4.22817768180325        3.24894254866095        7.34604681305225
H            7.11819750005480        2.28839926441898        7.32915224801887
H            6.48112450637391        3.77830225393038        8.04355306488495
H            5.28274740868028        2.52306199937148        9.76031098465096
H            6.82103543794230        1.64495631524364        9.67877787558634
H            7.04647738583067       -0.25598716868805        8.33280385926986
H            5.88093935353834       -1.06921424463738        9.40444111025320
H            4.55364834433992       -1.77750037365527        7.50281711350998
H            4.23282382016250       -0.22497152163387        5.65962906794201
H            5.88958262400553        0.37994729056459        5.83612083899833
H           -6.57491378915129        4.52238559876428       10.91237316008718
123
 energy: -235.308689016451 gnorm: 0.002220606289 xtb: 6.7.1pre (5071a88)
N           -0.06151404887082        0.07303056751119        1.36965188118318
C           -0.03536621275259        1.46160477305196        1.05184024206061
C            1.14467362826959       -0.61707038342034        1.30079642257129
C           -1.28827508016047       -0.55797897732673        1.37617394024019
N            1.11043669300392        2.05420950260415        0.84256004068538
N           -1.16637566744553        2.11958704845152        0.95084094090192
N            2.26622173183411       -0.00070731857698        1.07719736610496
N            1.09085267564164       -1.95646906387589        1.45062777091339
N           -2.39332276794517        0.10402373991552        1.21193316631292
N           -1.29168137330422       -1.90243746032116        1.52600654854638
C            2.22402850725538        1.32103332797833        0.89423229851725
C           -0.09812324476320       -2.54113976053370        1.82439137152388
C           -2.29820033924211        1.43397858986184        1.05857389852593
N            3.43403540672973        1.91299096517279        0.70912170127269
N           -0.12579855365767       -3.89291315403517        2.14637197968869
N           -3.48587386885464        2.07593727329227        0.95481855176060
C            3.69958024588734        3.30494608145665        0.48839936175068
C            4.58874469524472        1.19618298638244        0.79937480757067
C           -3.65850507866222        3.48619005105835        0.78218172340108
C           -4.59833646163620        1.34682649117503        1.08408704359901
C            0.82322246599216       -4.53418392971778        1.15136852369859
C           -1.13393950216082       -4.46690371848434        1.17660779390864
N            4.87581536689966        3.70415360688251        0.12497176485813
N            5.72076275286095        1.59973989918342        0.55885687979247
N           -4.88151223839210        4.02145351394205        1.09530168485471
N           -5.59458602825539        0.79194652241674        1.16487097073728
N            1.91258583345172       -3.94187307960126        0.84328940646686
N           -2.21157481717290       -3.83898670747246        0.90331196458180
C            5.95811019197829        2.88455058331051       -0.00088567777252
C           -5.88939687039943        3.64962103658287        1.65943861094318
C           -0.18177767034017       -5.37923776954388        0.54986581738341
N            7.07390152079188        3.12698645747081       -0.51496391732929
N           -6.86398743905198        3.64220155926753        2.35736093208496
N           -0.14765912700463       -6.43944545680991       -0.13112266204993
C            2.69691245876278        4.24313001194189        0.70383881575583
C           -2.71054629612363        4.27148404198612        0.30335893724363
C            2.24976664475660       -2.75838273572182        1.24471443078956
C           -2.48567418854438       -2.63992120719045        1.33570436970853
C            1.50697317251101        4.79008189772187        0.62150778957915
C           -1.49856051159016        4.87739663679092       -0.25029686790993
N            2.55508904395531        5.74127134402567        0.63050089200071
N           -2.53261047996593        5.63010317939313        0.02081599306012
H            7.18908695950963        4.03455037006432       -0.94468980603828
H           -7.76056512943139        3.22837801909564        2.20682209354922
H           -1.05140191639803       -6.81792033402567       -0.39237850378101
H            2.76696237854078        6.17398599898222       -0.27142039730889
H           -2.97031090984723        6.52922269234131        0.06472965841315
H            0.44412771725256        4.72439607411108        0.52388737275358
C           -3.00045512031585        0.04028598823777        5.19619890163758
C           -3.39695949737422        1.08076936742350        5.64894894848716
C           -3.98951812566370        2.33255953484471        5.93842822147596
C           -4.25587832165819        3.17381982025182        4.87743814151171
C           -4.98494406329642        4.35460753176714        5.00355193911002
C           -5.48918358255533        4.68620202787161        6.22975740181791
C           -5.22827279106880        3.88732194116598        7.36318657274247
C           -5.76282722323728        4.22957267679096        8.62034798006120
C           -5.51733177333321        3.45255991274266        9.72484580070215
C           -4.66548110890687        2.33821587842621        9.61481838077935
C           -4.10545293900105        1.99558580685359        8.41154533878420
C           -4.42187426289736        2.72427691299311        7.23577045946919
C           -3.08875605389730        0.92748359478760        8.39747084862361
N           -3.42199881774129       -0.27080053992586        8.89312244130034
C           -2.55044326872562       -1.24646872935484        8.85571937562792
C           -1.26183170177921       -1.12319540753471        8.32035893697471
C           -0.81554972913545        0.19052327837328        7.99825970929097
C           -1.79178895670660        1.20367536940165        8.00939078529290
F           -1.43695082479693        2.46063652760631        7.67496454371255
N            0.47025326424488        0.47985275415586        7.73233718499031
C            1.31624667566242       -0.51913365405302        7.86033880518135
N            1.00290309781616       -1.80562508409207        7.99947590394898
C           -0.27280384193782       -2.15426450268791        8.11245328545811
N           -0.56591602792315       -3.46152849977804        8.02341194699371
C           -1.83624868173912       -3.96945138776256        7.55476196690736
C           -1.65464682746407       -4.53513357952403        6.13320333822759
C           -0.95193625152278       -3.48550048238296        5.24178787214119
C            0.54120767918102       -3.81214239298827        5.40842064494942
C            0.53470526684997       -4.97022894174139        6.42872804593102
C            0.50868977529319       -4.42454663766807        7.86325218421243
N           -0.73547878190304       -5.65639964948418        6.23241827979499
O            2.62066792136149       -0.29409235042101        7.76882922825348
C            3.02085395968267        1.05285036691177        7.57770146519157
C            4.54367897057863        1.10117601740573        7.38483012678921
C            4.98868661985176        2.53442183276041        7.02511059712870
C            6.26328341667535        2.73315217918283        7.84162597945183
C            5.93862626427887        1.93781326170651        9.10901009091485
N            5.20721984609052        0.76734501131773        8.65576119660998
C            5.97842897143481       -0.45181796903331        8.50763544593856
C            5.40659354368156       -1.13513667713183        7.26627297522026
C            5.00664966435190        0.03855909369135        6.37779274078377
F            6.35492428393410       -1.93086840832516        6.66398573767888
O           -6.02920667906550        3.72572693712600       10.94880318002643
F           -3.80557849408891        2.83489959346109        3.64160438465820
H           -2.65544912106343       -0.89899422869672        4.88091349475007
H           -5.16681386074569        4.95481554992348        4.12682067950577
H           -6.09670073995973        5.57082611917837        6.34477438241456
H           -6.37526283424768        5.11813593205974        8.69959195168529
H           -4.43565987778733        1.77232076764910       10.50285427277844
H           -2.87637425653111       -2.16562290834202        9.32396738475345
H           -2.58385009221391       -3.17992959934230        7.52694275636758
H           -2.17194469556441       -4.77210531592781        8.21770869571833
H           -2.62484452184780       -4.85102932308116        5.74549946726736
H           -1.26828242416068       -3.60197962536380        4.20650306657265
H           -1.18469234958768       -2.47177858708565        5.56761926586246
H            0.97217105388083       -4.14219515460125        4.46334692275938
H            1.11900507808704       -2.96741218769071        5.77810648270930
H            1.37609720063674       -5.65390673828710        6.31114935973095
H            1.44715101299531       -3.93295340103609        8.11205960487836
H            0.32027844815106       -5.25617470111886        8.54834155605824
H           -0.72357503497497       -6.18343084449538        5.36427965521523
H            2.50668109065090        1.46817441986927        6.70339463588783
H            2.73593093898531        1.64227521251701        8.45561011476437
H            5.14446889130803        2.65036019459147        5.95453184786103
H            4.22831926402753        3.24859492328487        7.34396031950287
H            7.11834932829206        2.28940238406093        7.32937908286407
H            6.48033733327922        3.77959340838223        8.04201069221961
H            5.28195451899785        2.52520761980362        9.75937730684582
H            6.82030930773939        1.64692386154079        9.67910973903628
H            7.04680768957715       -0.25549969958729        8.33388404727817
H            5.88032565462595       -1.06768263972960        9.40516351824647
H            4.55489963383871       -1.77754937506477        7.50328056673939
H            4.23393373950480       -0.22502656637483        5.66004956616980
H            5.89089800168807        0.37995142572358        5.83687545373646
H           -6.57718411976368        4.51950696736158       10.91256684851658
