92
 energy: -208.492584836666 gnorm: 2.629146082280 xtb: 6.7.1pre (5071a88)
N           -0.00168400000000        0.05080100000000        0.38102400000000
C            0.03489600000000        1.45341700000000        0.12329200000000
C            1.21506700000000       -0.63025200000000        0.37221900000000
C           -1.21788100000000       -0.59136800000000        0.28582200000000
N            1.18287100000000        2.05836700000000        0.00138700000000
N           -1.10059300000000        2.10754600000000       -0.00828300000000
N            2.34043400000000       -0.00188700000000        0.22262000000000
N            1.15689600000000       -1.97041800000000        0.52084000000000
N           -2.31255300000000        0.06413500000000        0.03674900000000
N           -1.22353500000000       -1.93253100000000        0.44700100000000
C            2.29884500000000        1.32573300000000        0.07668900000000
C           -0.04929100000000       -2.55215200000000        0.84215000000000
C           -2.21965800000000        1.40112800000000       -0.04579200000000
N            3.51207000000000        1.93103000000000       -0.03371100000000
N           -0.08697900000000       -3.88547900000000        1.21418100000000
N           -3.41539100000000        2.02678400000000       -0.21272200000000
C            3.79432200000000        3.33273900000000        0.08563600000000
C            4.65966600000000        1.21201900000000       -0.15820800000000
C           -3.63420900000000        3.44000800000000       -0.24751600000000
C           -4.48754700000000        1.24403500000000       -0.38227500000000
C            0.91800200000000       -4.56331200000000        0.30380400000000
C           -1.03870500000000       -4.51451900000000        0.22854700000000
N            4.97855300000000        3.80063500000000       -0.14345500000000
N            5.79398200000000        1.65009800000000       -0.28273400000000
N           -4.93239700000000        3.88076700000000       -0.22018700000000
N           -5.43845000000000        0.63541300000000       -0.56090300000000
N            2.01660400000000       -3.97357300000000        0.02442100000000
N           -2.09710000000000       -3.90309700000000       -0.14181500000000
C            6.06983000000000        3.03951000000000       -0.43308300000000
C           -6.03788400000000        3.41264600000000       -0.03845700000000
C           -0.04828900000000       -5.44608400000000       -0.30669700000000
N            7.21387000000000        3.39498000000000       -0.79291100000000
N           -7.16301700000000        3.25889700000000        0.34315000000000
N            0.02937600000000       -6.52846100000000       -0.94770700000000
C            2.79502700000000        4.19275000000000        0.52575700000000
C           -2.65924100000000        4.32835900000000       -0.33004700000000
C            2.32828000000000       -2.77377700000000        0.39543000000000
C           -2.39942700000000       -2.68807200000000        0.21349900000000
C            1.60969400000000        4.75217600000000        0.57702500000000
C           -1.41112700000000        5.09054500000000       -0.38743300000000
N            2.66169000000000        5.64837200000000        0.88749800000000
N           -2.55079100000000        5.72567900000000       -0.35756000000000
H            7.36493300000000        4.38136400000000       -0.95138300000000
H           -7.96095000000000        2.88658400000000       -0.13023600000000
H           -0.85622700000000       -6.93123600000000       -1.23318100000000
H            2.89505100000000        6.32177400000000        0.15334200000000
H           -3.07776600000000        6.57695800000000       -0.35270900000000
H            0.55073300000000        4.73097000000000        0.43692000000000
N           11.49272800000000        0.05080100000000        0.38102400000000
C           11.52930800000000        1.45341700000000        0.12329200000000
C           12.70947900000000       -0.63025200000000        0.37221900000000
C           10.27653100000000       -0.59136800000000        0.28582200000000
N           12.67728200000000        2.05836700000000        0.00138700000000
N           10.39381900000000        2.10754600000000       -0.00828300000000
N           13.83484500000000       -0.00188700000000        0.22262000000000
N           12.65130700000000       -1.97041800000000        0.52084000000000
N            9.18185800000000        0.06413500000000        0.03674900000000
N           10.27087700000000       -1.93253100000000        0.44700100000000
C           13.79325700000000        1.32573300000000        0.07668900000000
C           11.44512100000000       -2.55215200000000        0.84215000000000
C            9.27475400000000        1.40112800000000       -0.04579200000000
N           15.00648100000000        1.93103000000000       -0.03371100000000
N           11.40743200000000       -3.88547900000000        1.21418100000000
N            8.07902100000000        2.02678400000000       -0.21272200000000
C           15.28873400000000        3.33273900000000        0.08563600000000
C           16.15407800000000        1.21201900000000       -0.15820800000000
C            7.00686500000000        1.24403500000000       -0.38227500000000
C           12.41241400000000       -4.56331200000000        0.30380400000000
C           10.45570600000000       -4.51451900000000        0.22854700000000
N           16.47296400000000        3.80063500000000       -0.14345500000000
N           17.28839300000000        1.65009800000000       -0.28273400000000
N            6.56201500000000        3.88076700000000       -0.22018700000000
N            6.05596200000000        0.63541300000000       -0.56090300000000
N           13.51101600000000       -3.97357300000000        0.02442100000000
N            9.39731200000000       -3.90309700000000       -0.14181500000000
C           17.56424200000000        3.03951000000000       -0.43308300000000
C           11.44612200000000       -5.44608400000000       -0.30669700000000
N           18.70828200000000        3.39498000000000       -0.79291100000000
N           11.52378800000000       -6.52846100000000       -0.94770700000000
C           14.28943900000000        4.19275000000000        0.52575700000000
C            8.83517100000000        4.32835900000000       -0.33004700000000
C           13.82269200000000       -2.77377700000000        0.39543000000000
C            9.09498500000000       -2.68807200000000        0.21349900000000
C           13.10410500000000        4.75217600000000        0.57702500000000
C           10.08328500000000        5.09054500000000       -0.38743300000000
N           14.15610200000000        5.64837200000000        0.88749800000000
N            8.94362100000000        5.72567900000000       -0.35756000000000
H           18.85934400000000        4.38136400000000       -0.95138300000000
H           10.63818500000000       -6.93123600000000       -1.23318100000000
H           14.38946300000000        6.32177400000000        0.15334200000000
H            8.41664600000000        6.57695800000000       -0.35270900000000
H           12.04514500000000        4.73097000000000        0.43692000000000
92
 energy: -209.238152305715 gnorm: 0.697214527185 xtb: 6.7.1pre (5071a88)
N           -0.00226201680025        0.05049074849524        0.38132561179574
C            0.03534915195662        1.45366339577481        0.12339892452826
C            1.21586811714039       -0.63019390971658        0.37207400687326
C           -1.21770260093226       -0.59140288997741        0.28567711733318
N            1.18159688490734        2.05907040841580        0.00132586442386
N           -1.10130941590368        2.10790212745270       -0.00855512162687
N            2.34060133247125       -0.00247068488235        0.22215170615557
N            1.15701324506953       -1.97075302900815        0.52088783975100
N           -2.31284119230123        0.06412533183155        0.03676228894553
N           -1.22365833741464       -1.93253439449684        0.44709772248514
C            2.29608685159247        1.32579608422533        0.07743851409618
C           -0.04907789385711       -2.55208190605900        0.84209082757859
C           -2.21903070307594        1.40108699710146       -0.04574200715988
N            3.49933549353086        1.94075097272247       -0.03244577108584
N           -0.08712939936758       -3.88549042997382        1.21463685411640
N           -3.41593172260781        2.02685458928201       -0.21280303684039
C            3.76455132775528        3.33229832427083        0.08611556878326
C            4.61590376367069        1.19909903473290       -0.13533630543023
C           -3.63420510724073        3.43990065603548       -0.24750740095495
C           -4.48727171835504        1.24417266317623       -0.38225293065190
C            0.91791565695395       -4.56330097619712        0.30383523440290
C           -1.03852395967075       -4.51472405613586        0.22849995126066
N            4.92166266961777        3.80537713143409       -0.14831767997689
N            5.75770934564457        1.68688531272422       -0.26289987480729
N           -4.93265948371059        3.88090683919978       -0.22017232684712
N           -5.43861622202348        0.63536377692360       -0.56093122401933
N            2.01668598627310       -3.97373840807950        0.02416753133697
N           -2.09720570415782       -3.90321301487740       -0.14193695130556
C            5.98131463510529        2.97604766709635       -0.44216120733645
C           -6.03764215526478        3.41249642756121       -0.03835725996348
C           -0.04842789956004       -5.44582410702954       -0.30670921594589
N            7.28574204787819        3.38564393513149       -0.88165692976608
N           -7.16299823289303        3.25909891895167        0.34297179781540
N            0.02948877978020       -6.52872174995982       -0.94781910516893
C            2.79042729175961        4.19363362482745        0.52779098510437
C           -2.65918709138758        4.32809814662433       -0.32999138481695
C            2.32839592329686       -2.77365951239481        0.39551132624280
C           -2.39942495339242       -2.68782586227023        0.21337913994145
C            1.60742967082208        4.75313665015593        0.57848296616697
C           -1.41113062737297        5.09040709278238       -0.38743780562070
N            2.66222230956033        5.64897516256411        0.88787044631231
N           -2.55093302721559        5.72601015440854       -0.35760883560336
H            7.40627083508954        4.40674474297157       -0.97478183695531
H           -7.96081172152349        2.88657860310891       -0.13009711714947
H           -0.85626068820029       -6.93119290752155       -1.23314132522908
H            2.89500730332204        6.32164301284816        0.15293750815805
H           -3.07779503618420        6.57700137792376       -0.35265744311960
H            0.55029961011893        4.73108574854955        0.43679442053985
N           11.49322136928589        0.05034530413489        0.38130282023659
C           11.52879305717948        1.45373299103411        0.12305146513941
C           12.70949955164811       -0.63023483658247        0.37226659382026
C           10.27708038346348       -0.59220719184790        0.28570782165555
N           12.67789471659804        2.05848981817500        0.00128604135427
N           10.39464386638455        2.10675393606937       -0.00856941054865
N           13.83485466480430       -0.00223544750227        0.22271661427322
N           12.65142995426636       -1.97041861745128        0.52088539984567
N            9.18389698375476        0.06098264048067        0.03698519691813
N           10.27115421607021       -1.93305414467988        0.44709063561250
C           13.79297234431424        1.32609676128770        0.07665390305474
C           11.44511129391904       -2.55216626165938        0.84210097382611
C            9.28103877729362        1.39630097574010       -0.04362930999104
N           15.00645051512207        1.93123662227112       -0.03371598054617
N           11.40738311797091       -3.88561777331497        1.21466037876637
N            8.09897294967893        2.00814541998091       -0.20179844495269
C           15.28862624496024        3.33261218397651        0.08557376099795
C           16.15394835351883        1.21189480496960       -0.15827507309833
C            7.06579795073078        1.23146363567713       -0.37200080740798
C           12.41231690411333       -4.56325682381801        0.30380399462581
C           10.45581688834296       -4.51464729328371        0.22850928731766
N           16.47311314004115        3.80072165147018       -0.14350421303009
N           17.28878082887806        1.65028803599136       -0.28265579002337
N            6.59280274302908        4.00231764487473       -0.12062541761360
N            6.07753386100610        0.54026307449832       -0.60725209042358
N           13.51112361885195       -3.97375948323514        0.02426492030579
N            9.39733187911097       -3.90310147168335       -0.14199007458100
C           17.56405336934661        3.03944855592224       -0.43295064017241
C           11.44598771473174       -5.44588810032892       -0.30673991338634
N           18.70851943254312        3.39491276203949       -0.79293346954312
N           11.52389069080608       -6.52864218226856       -0.94779714595470
C           14.28919175992426        4.19275253928365        0.52585293258321
C            8.85012363020696        4.33926971262515       -0.32761221823728
C           13.82279433158138       -2.77360864199021        0.39541065119722
C            9.09488815243012       -2.68790922618289        0.21351306499092
C           13.10387877494052        4.75181415398660        0.57706621461362
C           10.09300054344355        5.09424711162107       -0.38924734298865
N           14.15636103682501        5.64871974478544        0.88768401974945
N            8.94259163338751        5.73083567175837       -0.35738594573156
H           18.85916316859302        4.38133948318515       -0.95143683085181
H           10.63816090574890       -6.93121107101271       -1.23311791953409
H           14.38957613838135        6.32170754708085        0.15321097128546
H            8.41649713582562        6.57907033987621       -0.35206303580957
H           12.04506608404319        4.73084462332180        0.43685435548997
92
 energy: -209.417774498378 gnorm: 0.411661213940 xtb: 6.7.1pre (5071a88)
N           -0.00471230424472        0.04987506771443        0.38215013360635
C            0.03175371428713        1.45406050903675        0.12383982121022
C            1.21508467080888       -0.63114153199170        0.37092126093946
C           -1.21839595372011       -0.59146954005443        0.28551042672648
N            1.17403521988524        2.06062479083322        0.00333281165666
N           -1.10486387654676        2.10890242595277       -0.00925462112692
N            2.33620270543164       -0.00417771156491        0.22044422908184
N            1.15686997626719       -1.97196373706832        0.52073352772239
N           -2.31397343794479        0.06378257817634        0.03690143042384
N           -1.22415227431926       -1.93275675298033        0.44791673689203
C            2.28406512632476        1.32379142356805        0.08430925369952
C           -0.04878489321942       -2.55231290209099        0.84170997063041
C           -2.21965959442043        1.40111079647009       -0.04592733753605
N            3.48032725542649        1.94158582356955       -0.02436598028459
N           -0.08745413046433       -3.88545066772080        1.21414091837533
N           -3.41724102578993        2.02690499956227       -0.21291587926401
C            3.70957244529509        3.33584315244577        0.07172534804986
C            4.57358457795975        1.15219466062070       -0.09623472989631
C           -3.63445913471504        3.43989137183452       -0.24740270905526
C           -4.48758422482491        1.24418625894030       -0.38237367081681
C            0.91804117444410       -4.56344958082803        0.30386608290279
C           -1.03870626899922       -4.51510251910811        0.22841427891369
N            4.85647081478234        3.82493749659668       -0.19388573138886
N            5.74953249608937        1.68493521645148       -0.23803780183069
N           -4.93289359958593        3.88142271143739       -0.22002126645543
N           -5.43899075682041        0.63547460883464       -0.56095058597523
N            2.01644890063519       -3.97385490897143        0.02331622543316
N           -2.09741973955243       -3.90371952361589       -0.14203732438801
C            5.94879188254951        2.99586216226572       -0.44589090561681
C           -6.03721879572635        3.41228294090300       -0.03765379988994
C           -0.04865068975069       -5.44582520367578       -0.30684086230692
N            7.29323922296890        3.40512579202341       -0.92817151183952
N           -7.16289392037059        3.26022066388376        0.34265022810225
N            0.02959413156444       -6.52891633595174       -0.94797873354129
C            2.75980880151826        4.19788881098646        0.53967505871498
C           -2.65917892129204        4.32781691677666       -0.32968313742257
C            2.32799957005368       -2.77437876338047        0.39624080192909
C           -2.39951745366970       -2.68730393507939        0.21219754967461
C            1.59121955416451        4.76420391929440        0.58736135792058
C           -1.41139834402981        5.09020262643586       -0.38702396270815
N            2.65571954408104        5.65483770288805        0.89157503577924
N           -2.55109980979651        5.72640741131166       -0.35750725753093
H            7.43280396148231        4.43816339638461       -0.99563259182269
H           -7.96033710406220        2.88650184609190       -0.12951068980698
H           -0.85639269288043       -6.93090600092225       -1.23340042489935
H            2.89406682082919        6.32044331304634        0.15148343828678
H           -3.07785529143641        6.57734583196446       -0.35221824550369
H            0.53945281905804        4.73826967622174        0.43655775967103
N           11.49712871563574        0.04835182346182        0.38335173674648
C           11.53249968486495        1.45347267071915        0.12336187951771
C           12.71126398851236       -0.63114815183329        0.37240524432891
C           10.28243606726515       -0.59763353306179        0.28859787059237
N           12.68181315950488        2.05860977998065        0.00098567748330
N           10.40208726489987        2.10404365059947       -0.01088947234035
N           13.83614918738410       -0.00328396819619        0.22245327051403
N           12.65273089215824       -1.97120543418467        0.52148725059276
N            9.19266364895669        0.05105245318777        0.03992773538097
N           10.27382236424955       -1.93695525452095        0.44764139343773
C           13.79365982088690        1.32617994675920        0.07659128561973
C           11.44645114906957       -2.55395715058244        0.84242587821628
C            9.29689549700972        1.38511254514139       -0.04381717535112
N           15.00755031715132        1.93127817532925       -0.03358041588979
N           11.40772762175407       -3.88689929249023        1.21471257807615
N            8.10760466575549        1.97193841535983       -0.19106182212188
C           15.28894212863642        3.33246830644521        0.08575178082887
C           16.15435984910787        1.21238618130571       -0.15807423879868
C            7.10264538336193        1.19045754930137       -0.36352084887393
C           12.41250918299879       -4.56361937704349        0.30363098212671
C           10.45567499030480       -4.51532557190349        0.22842325706802
N           16.47335688644053        3.80071676284344       -0.14342916774849
N           17.28916630603425        1.65047637976194       -0.28239594120697
N            6.62721508558416        4.03774253652188       -0.06992346330544
N            6.11049765847421        0.47110188471384       -0.66066089146619
N           13.51147963244703       -3.97454366752061        0.02382368914602
N            9.39758573753715       -3.90335306995959       -0.14245828492328
C           17.56419277860218        3.03929476752548       -0.43301473266169
C           11.44577699144727       -5.44611114031710       -0.30707532586805
N           18.70853057378512        3.39455215461101       -0.79323874048309
N           11.52397524806824       -6.52877100460760       -0.94821122551275
C           14.28910396674392        4.19259408712194        0.52582451563268
C            8.90983044379143        4.36796675035974       -0.30919257160061
C           13.82352600341241       -2.77405058959590        0.39488132968885
C            9.09607142071291       -2.68862933812350        0.21387938335354
C           13.10370900579894        4.75117302401030        0.57765216785964
C           10.13723656970689        5.13521328165627       -0.40443132589022
N           14.15663134385549        5.64860180128071        0.88765867206960
N            8.95843589318826        5.74477152095011       -0.35691610111584
H           18.85883862691628        4.38106687315372       -0.95123410578002
H           10.63806765279354       -6.93125414402685       -1.23315657602293
H           14.38983893878737        6.32137275879324        0.15312688407083
H            8.41490889431346        6.58371112774435       -0.34805624534876
H           12.04473361436585        4.73053319181048        0.43674528452330
92
 energy: -209.569894077964 gnorm: 0.223336155254 xtb: 6.7.1pre (5071a88)
N           -0.00867583625815        0.04906599157962        0.38357840150206
C            0.02745329800398        1.45371768266776        0.12481521821424
C            1.21313416782976       -0.63267365911816        0.37024009610875
C           -1.21992681777984       -0.59156426941841        0.28534625925035
N            1.16851128781012        2.06114893620573        0.00598719562587
N           -1.10856128609305        2.10952657450286       -0.01006961645875
N            2.33062564426327       -0.00611677915079        0.21623189373378
N            1.15548239125330       -1.97341933721721        0.52003741640572
N           -2.31605881898838        0.06306246070317        0.03700687114472
N           -1.22531906889053       -1.93328234584286        0.44935353324181
C            2.27408590248369        1.31943760208262        0.08756474890705
C           -0.04848414934783       -2.55274682814281        0.84136427956552
C           -2.22095154978473        1.40085194484602       -0.04628937466636
N            3.47328019841133        1.94390646315074       -0.01532172465773
N           -0.08774079188702       -3.88595454849127        1.21350495565324
N           -3.41884992203383        2.02676570873440       -0.21316312840508
C            3.65878188288447        3.33332244839702        0.05747067599250
C            4.53410672452491        1.10881612326346       -0.02706329785983
C           -3.63480102694388        3.43983771480729       -0.24726518363179
C           -4.48831230245905        1.24391488822039       -0.38241535831471
C            0.91836680461387       -4.56386900137989        0.30396695521518
C           -1.03890269164132       -4.51539511664188        0.22818139148374
N            4.77598408026360        3.84890739860453       -0.25748812638088
N            5.73995705465784        1.69651341595581       -0.19039259894460
N           -4.93306118636390        3.88216300119012       -0.22003821383445
N           -5.43967014658214        0.63526068511929       -0.56120139958062
N            2.01598709149245       -3.97359132663202        0.02204068954390
N           -2.09772208802632       -3.90475194488037       -0.14172877613649
C            5.89596068664807        3.04033604160879       -0.43976347629851
C           -6.03686057980439        3.41178343667864       -0.03731336632909
C           -0.04877712189740       -5.44605549977760       -0.30722370422305
N            7.27450720132009        3.44228005456116       -1.01556288112027
N           -7.16276932033270        3.26114542631533        0.34210698760132
N            0.02975712707051       -6.52931350199256       -0.94778222826245
C            2.72986437373104        4.20312077740863        0.55327620598813
C           -2.65919351221501        4.32744995185181       -0.32928594564015
C            2.32633526830646       -2.77569046077699        0.39812805783654
C           -2.39929183572683       -2.68661555625045        0.21029848332898
C            1.57104991287765        4.78002863080308        0.59495021693083
C           -1.41215478171350        5.08987798247098       -0.38744017712065
N            2.64934422457466        5.66030700779399        0.89495246140682
N           -2.55149973355153        5.72666863350492       -0.35750663884541
H            7.44714114950960        4.47592495348157       -1.05137162823220
H           -7.96015618433183        2.88628068280937       -0.12870502421083
H           -0.85640189125125       -6.93058252776032       -1.23390005379173
H            2.89336163350980        6.31859570128415        0.15010959275815
H           -3.07811497050957        6.57757800203118       -0.35177833615625
H            0.52360703146057        4.74512353265185        0.43714257573874
N           11.50325179051528        0.04535378032577        0.38575340619717
C           11.53626868427859        1.45152827173203        0.12288416114907
C           12.71446957934579       -0.63253639116059        0.37328831065413
C           10.29314335570485       -0.60707899423510        0.29212444143503
N           12.68550305822658        2.05774741433585        0.00139361095069
N           10.40675626599880        2.09873446629242       -0.01388102939473
N           13.83908166827189       -0.00434762253549        0.22210459358400
N           12.65515535504259       -1.97275776799091        0.52252054730672
N            9.20685009671463        0.03506789801187        0.04216568039591
N           10.27943562109805       -1.94358258445973        0.44937070690506
C           13.79491984678748        1.32567658692483        0.07681194258957
C           11.44944641234413       -2.55752125838232        0.84343232806940
C            9.31347717477980        1.36777240060895       -0.04486702337200
N           15.00906047124037        1.93095479840452       -0.03328166010873
N           11.40912024858108       -3.88962847779882        1.21524498689681
N            8.11126048994990        1.91586872767294       -0.17096266774401
C           15.28938653386219        3.33239074058401        0.08601633402246
C           16.15509053290548        1.21303116901402       -0.15769322555362
C            7.13867669506952        1.14265234509993       -0.34832455255260
C           12.41320966922112       -4.56416578720066        0.30351236599422
C           10.45563946512840       -4.51635743633148        0.22861004687789
N           16.47357033944995        3.80076840476378       -0.14325495275305
N           17.28977338745566        1.65071471222032       -0.28200588162143
N            6.67812731171133        4.07946001117525        0.02264042265253
N            6.16362537225530        0.41400265433566       -0.75843171897834
N           13.51201948571490       -3.97569438494329        0.02322768898701
N            9.39837502794031       -3.90378151941826       -0.14279693035371
C           17.56450732878999        3.03928806087342       -0.43311323262023
C           11.44567000796219       -5.44650738214375       -0.30752100633696
N           18.70854766682888        3.39438628439406       -0.79357506986613
N           11.52423162266716       -6.52887304440253       -0.94873210378715
C           14.28934246800607        4.19241468718088        0.52586099194330
C            8.97796284580563        4.39597759521153       -0.27503553330283
C           13.82528051619139       -2.77491996172255        0.39449190606554
C            9.09800623031099       -2.68946351234776        0.21483066258105
C           13.10405354212587        4.75054860942698        0.57862881001219
C           10.18829679477163        5.18020130007136       -0.41632137481297
N           14.15711358966268        5.64832803293494        0.88761670592263
N            8.97295215503808        5.74438218569039       -0.35773846785441
H           18.85855231103779        4.38100106997323       -0.95094548662387
H           10.63806426767347       -6.93136965629610       -1.23306511282495
H           14.38984455190248        6.32113375515648        0.15317645131957
H            8.41350533280453        6.57924206300107       -0.34565555464355
H           12.04512330574012        4.73072760414019        0.43696557851724
92
 energy: -209.646569585371 gnorm: 0.190461449003 xtb: 6.7.1pre (5071a88)
N           -0.01543009113914        0.04736105061713        0.38454609747657
C            0.01950367714430        1.45073600355636        0.12627991382252
C            1.20534124898538       -0.63644834474513        0.36890174589284
C           -1.22483819198772       -0.59311564309488        0.28524582374660
N            1.16200809516754        2.05800910543509        0.01216523728543
N           -1.11331032034439        2.10819745250664       -0.01016909492642
N            2.32105460688610       -0.00879986670855        0.21302634505210
N            1.15092789351608       -1.97543056621940        0.51804261055663
N           -2.32116988757459        0.06177903662493        0.03670274127196
N           -1.22863401822166       -1.93520703805563        0.44953993054056
C            2.26243382616586        1.31225077906342        0.09613463165175
C           -0.05068571504938       -2.55462876512039        0.84180937191356
C           -2.22588902533908        1.39927342230005       -0.04669818701731
N            3.46811872253059        1.94049660355540        0.00842199664114
N           -0.08868871040520       -3.88846138555119        1.21355912729903
N           -3.42161703890482        2.02634155463083       -0.21363530745545
C            3.61538411624646        3.33190206184366        0.03467996617112
C            4.51670893744583        1.09210466979452        0.05219130559894
C           -3.63598095209170        3.44007862063268       -0.24691080522072
C           -4.49106758224106        1.24348103701281       -0.38262881710920
C            0.91798874079882       -4.56488637580064        0.30302985942805
C           -1.03932437985683       -4.51578205800529        0.22634368409521
N            4.71297078546165        3.87295457842440       -0.33917993554177
N            5.73543448610192        1.71563927476016       -0.14493987219621
N           -4.93361670804697        3.88319676764504       -0.21957533183316
N           -5.44184717303135        0.63463114573668       -0.56208611098453
N            2.01482373854810       -3.97329222756564        0.02063117099052
N           -2.09846361491850       -3.90631303998778       -0.14293591807496
C            5.85381971796163        3.09039813125231       -0.43362450360874
C           -6.03698301909696        3.41174753084500       -0.03669355197047
C           -0.04892717571309       -5.44661612202590       -0.30938829005887
N            7.23717440433582        3.48684965634371       -1.09642912603632
N           -7.16297987990024        3.26228443720231        0.34204669330585
N            0.02959797921384       -6.52990593265135       -0.94879040601055
C            2.69357656474564        4.20602966210129        0.56200047717081
C           -2.65996032515975        4.32744548303027       -0.32832208615893
C            2.32239974881797       -2.77705699245226        0.39989316817286
C           -2.39997598398347       -2.68754485677319        0.20778764721446
C            1.53989520555165        4.79921865466583        0.60633501070142
C           -1.41353629018681        5.08964175722196       -0.38933934952423
N            2.63680869002348        5.66372220875991        0.89928562705439
N           -2.55247762443943        5.72646112847591       -0.35651874891192
H            7.43602581023051        4.50371641288180       -1.14420954113172
H           -7.96035355468109        2.88585393911170       -0.12727151644654
H           -0.85638314875354       -6.93049119461781       -1.23615138631084
H            2.89060400642363        6.31376661139459        0.14940628601298
H           -3.07883425691828        6.57761191651130       -0.35005042146445
H            0.49455291127197        4.76282469416916        0.44187022976248
N           11.51625732690219        0.03923982894755        0.38792116998293
C           11.54316573438930        1.44405014227279        0.12179262802822
C           12.72333457042365       -0.63677428198192        0.37617762543664
C           10.31327964802650       -0.62252155864724        0.29346274893297
N           12.69137010483920        2.05393797708234        0.00338991403232
N           10.41311947135357        2.08706978395783       -0.01374677891231
N           13.84766713674867       -0.00644985400017        0.22144983645993
N           12.66230203987153       -1.97731130512965        0.52492332718986
N            9.22989794238092        0.01143084592864        0.04133920393995
N           10.29109904727079       -1.95587567834168        0.45385562964314
C           13.79994802863192        1.32265185872591        0.07759301664950
C           11.45812609475657       -2.56613399240689        0.84609770869123
C            9.32619886696280        1.34659044105301       -0.03905204890161
N           15.01225368261810        1.92970536403093       -0.03278940389052
N           11.41452242417610       -3.89676059884024        1.21596406894483
N            8.11512779641507        1.86860645081635       -0.13290312527284
C           15.29060666152929        3.33232023291072        0.08676837720654
C           16.15798246802175        1.21267127013165       -0.15595702558772
C            7.15546888050060        1.10354200150103       -0.33744102149485
C           12.41636250812315       -4.56770418747847        0.30217833601639
C           10.45732534994071       -4.51949424885750        0.22909437460536
N           16.47409921000726        3.80085113237884       -0.14272200159767
N           17.29213555702334        1.65065857593767       -0.28100996150991
N            6.71219653487835        4.11312477551091        0.09615699344078
N            6.20843091237160        0.39196730129753       -0.84366745123652
N           13.51449418586803       -3.97889050466187        0.02056291352676
N            9.40076615121651       -3.90709453460205       -0.14186557693021
C           17.56527455584639        3.03928489875406       -0.43382120692966
C           11.44707582726934       -5.44867809599919       -0.30887021775184
N           18.70868055272265        3.39465811847051       -0.79439318935781
N           11.52462288157472       -6.53025833689427       -0.95068573988925
C           14.29046911388172        4.19163366452809        0.52665454899670
C            9.04828964824402        4.42215162921636       -0.23279471736142
C           13.83124570291975       -2.77965362151310        0.39411432260459
C            9.10278046141744       -2.69144129108073        0.21583187536179
C           13.10507729574342        4.74982293965203        0.58093641611748
C           10.24458876057126        5.24769414886135       -0.43538339317166
N           14.15775490399267        5.64724069186542        0.88778976240579
N            8.99902419792862        5.74800021076210       -0.35430831024054
H           18.85866460342821        4.38149949393951       -0.94995381393987
H           10.63781939841176       -6.93169005001317       -1.23450281497349
H           14.38946857280944        6.32091396792434        0.15412505427638
H            8.41956202727589        6.57399504961847       -0.34171603563429
H           12.04605991512537        4.73126136564041        0.43813059125742
92
 energy: -209.688739633389 gnorm: 0.180527961558 xtb: 6.7.1pre (5071a88)
N           -0.02446384090601        0.04457436833511        0.38535463522166
C            0.00923136622189        1.44632082940780        0.12899581938879
C            1.19382242425174       -0.64110429206001        0.36756266883430
C           -1.23333792371257       -0.59637955442913        0.28565205467980
N            1.15377736711271        2.05433482476681        0.02343182368155
N           -1.12047976637000        2.10496704686659       -0.00927419819218
N            2.31021811219558       -0.01177695627365        0.21335904117697
N            1.14354248494809       -1.97830494645474        0.51547145482046
N           -2.32960558704181        0.05932325295997        0.03648113662709
N           -1.23504235011513       -1.93885233638064        0.44860429858781
C            2.25219059089133        1.30759232370534        0.11278357170795
C           -0.05632366302954       -2.55839512195611        0.84202099478076
C           -2.23458040332934        1.39613340871583       -0.04697310747824
N            3.46234193127310        1.93788569932845        0.04484127182876
N           -0.09188196454225       -3.89271770349196        1.21254273338103
N           -3.42684561946028        2.02557325156949       -0.21421003161734
C            3.57813714481719        3.33799596579560       -0.00260564860285
C            4.51716806804842        1.10144351202650        0.12642079862511
C           -3.63874079439642        3.44033918131689       -0.24612732292880
C           -4.49705006846490        1.24313635849673       -0.38305822537098
C            0.91611980848260       -4.56705139001651        0.30139746860037
C           -1.04120375458312       -4.51777598538586        0.22279972480330
N            4.66462240806162        3.89088396853315       -0.43387722958736
N            5.73370448225258        1.74198145308638       -0.11071066629965
N           -4.93531710644827        3.88466813842021       -0.21801996837163
N           -5.44708861463027        0.63365080060079       -0.56349436447838
N            2.01221201824089       -3.97381776618598        0.01978972862866
N           -2.10059151641816       -3.90941963054392       -0.14658117880522
C            5.82690991108469        3.13458834118784       -0.43362650029640
C           -6.03840476896316        3.41258732422759       -0.03519131879070
C           -0.04979585542926       -5.44820033585120       -0.31306646270498
N            7.19801734081983        3.52518953602797       -1.14495841915437
N           -7.16433713875075        3.26382386030870        0.34331999071220
N            0.02896814858417       -6.53116958396259       -0.95181616347023
C            2.65486693819569        4.20828668894364        0.55392918641606
C           -2.66229091336757        4.32736801908135       -0.32663741199185
C            2.31662083450057       -2.77809531143098        0.40080722812849
C           -2.40331254938932       -2.69116036999176        0.20449756411659
C            1.50422985441682        4.81811995765175        0.61750944300678
C           -1.41632317203940        5.08919815121808       -0.39375391919058
N            2.61943016979061        5.66389365589084        0.90118246427971
N           -2.55477164380688        5.72590606222364       -0.35403005465577
H            7.40909804960076        4.51616552139330       -1.26208749446429
H           -7.96155404454290        2.88521493676419       -0.12433712694587
H           -0.85656413001351       -6.93123671838284       -1.24083602520089
H            2.88052455452008        6.31018761060940        0.15054537214473
H           -3.08049308498126        6.57758494564734       -0.34611443806690
H            0.45630250696865        4.79038123824267        0.45507165384583
N           11.53581734459522        0.02869944610995        0.39139516686610
C           11.55270798015538        1.43185907291882        0.12186950180633
C           12.73909523558061       -0.64561992914037        0.38072540671280
C           10.33775299379190       -0.64042609779525        0.29396924036706
N           12.70176634127057        2.04624046569245        0.00682659369711
N           10.42313723080521        2.07080202080487       -0.00934244480732
N           13.86254688436103       -0.01251326801456        0.22011106718920
N           12.67683272514791       -1.98630537839586        0.52999984669603
N            9.25526791886664       -0.01391080219764        0.03942224185908
N           10.30871702883514       -1.97293164730394        0.46035490233913
C           13.80872256114789        1.31625026332662        0.07887001792220
C           11.47353965737284       -2.58025899093255        0.84878417350862
C            9.33267754514074        1.32878239897109       -0.02504613834035
N           15.01881773615685        1.92694293597983       -0.03133641932989
N           11.42691490917725       -3.90892329373538        1.21490289642878
N            8.11969335730580        1.84341301136884       -0.08371708790236
C           15.29372393831625        3.33145737323259        0.08844188512211
C           16.16446138762351        1.21189744821541       -0.15184862194151
C            7.15496715695629        1.08363444538037       -0.32818971843082
C           12.42452927958070       -4.57746876919438        0.29918106810691
C           10.46288121973640       -4.52731043567824        0.23034978107637
N           16.47602037470647        3.80054443826853       -0.14197520261345
N           17.29747935977415        1.65057259907134       -0.27978120983499
N            6.72284195775855        4.13857819156355        0.13294136771241
N            6.23904881752637        0.39770163248222       -0.89299741945778
N           13.52183022028717       -3.98781797451069        0.01565125755347
N            9.40675362506687       -3.91510165066361       -0.13891130346016
C           17.56757776833850        3.03936435795391       -0.43605053326746
C           11.45174654571890       -5.45507850035032       -0.31159553680375
N           18.70959099674640        3.39579128568095       -0.79743799925680
N           11.52566608818735       -6.53478346338829       -0.95607385377891
C           14.29282817618032        4.18935991067305        0.52750458918704
C            9.11297459151670        4.45212589122217       -0.18301261740958
C           13.84378505310333       -2.79087232048510        0.39206268179206
C            9.11205388850201       -2.69682491563855        0.21852517056455
C           13.10707388087942        4.74818018422018        0.58401533047303
C           10.29209174527792        5.32665421455011       -0.46518635058819
N           14.15870340294013        5.64447678602363        0.88766568393074
N            9.03119102273384        5.76807013484452       -0.34585710987279
H           18.86018108203159        4.38323354420684       -0.94787712065270
H           10.63717734188874       -6.93337816918108       -1.23845728301359
H           14.38809332378833        6.32090323452060        0.15621622712740
H            8.43156935102010        6.58046676801844       -0.33465917818054
H           12.04767071355500        4.73154832075294        0.43963719954505
92
 energy: -209.722477233318 gnorm: 0.166094348456 xtb: 6.7.1pre (5071a88)
N           -0.03310338327328        0.04144305079268        0.38639127541039
C           -0.00013638704772        1.44184375811682        0.13330517749293
C            1.18281930297811       -0.64482259250254        0.36656311019538
C           -1.24273439333917       -0.60038867348392        0.28681451760776
N            1.14658417039733        2.05129266726673        0.03816952424666
N           -1.12807497247515        2.10080998723930       -0.00785897590227
N            2.30177986018427       -0.01394701011352        0.21482015050599
N            1.13566497293058       -1.98114065524641        0.51261123970378
N           -2.33883889296272        0.05614527695099        0.03708453766691
N           -1.24269325366562       -1.94313534994289        0.44744927416356
C            2.24647304496511        1.30638534310216        0.13146666083209
C           -0.06322842110564       -2.56275499162148        0.84223054804502
C           -2.24431782101169        1.39217270430818       -0.04695856061809
N            3.45898625966506        1.93941494401166        0.08448964311524
N           -0.09660694442895       -3.89744454480616        1.21118444939522
N           -3.43337618068616        2.02450738862039       -0.21493611013134
C            3.54828555398718        3.34758250841838       -0.04429041820916
C            4.53061034347376        1.12963637797651        0.18882195801829
C           -3.64261187174385        3.44022690529559       -0.24543022542193
C           -4.50474790917763        1.24282382789354       -0.38386392544670
C            0.91326067170375       -4.56994873371345        0.30019565634858
C           -1.04408275082425       -4.52095800358885        0.21906754586481
N            4.62423472553448        3.89884915709842       -0.52771942191671
N            5.73425848394499        1.77677582112347       -0.08820278627847
N           -4.93804558746135        3.88615401666666       -0.21545014431486
N           -5.45419495509134        0.63252346228355       -0.56430541063292
N            2.00866104108405       -3.97502309547152        0.01999210038142
N           -2.10365331091360       -3.91367719938725       -0.15096564924130
C            5.80929440614841        3.17934655188790       -0.43559950060390
C           -6.04093314452480        3.41355669836661       -0.03256910625203
C           -0.05121671552829       -5.45058065916082       -0.31674234390708
N            7.15384024132569        3.56437099530930       -1.16554197027143
N           -7.16684498778200        3.26536589345319        0.34577235797780
N            0.02797731787561       -6.53327749651856       -0.95512833256372
C            2.61891726216483        4.21016839009438        0.52824857585825
C           -2.66586335586296        4.32688403682609       -0.32483891606944
C            2.31030539929926       -2.77888507004083        0.40131510165725
C           -2.40789906296640       -2.69630031323460        0.20134604738599
C            1.47184781557888        4.83380064535111        0.62443155909442
C           -1.42056338145803        5.08859671734152       -0.40053974649865
N            2.60098709924913        5.66142810354282        0.89756327027598
N           -2.55851745639672        5.72510791960903       -0.35112486813426
H            7.36368662120163        4.52566648856259       -1.40317210552055
H           -7.96384212141227        2.88453160735320       -0.12029932571519
H           -0.85695576606632       -6.93289146350268       -1.24618049830652
H            2.86183390826471        6.31239368094144        0.15234968028322
H           -3.08325595966476        6.57749187434861       -0.34145014496372
H            0.41812433229060        4.82029772018110        0.47517234740270
N           11.55747827616532        0.01465834899701        0.39629337393615
C           11.56127377330361        1.41628799516932        0.12388867510966
C           12.75848711654934       -0.65779657914762        0.38597626834396
C           10.36146734150898       -0.65874355784921        0.29369900569897
N           12.71298427524000        2.03552168673261        0.01055923087182
N           10.43216176995698        2.04900300611592       -0.00210808076656
N           13.88041040806986       -0.02177190449973        0.21852137380793
N           12.69620677068411       -1.99842856854900        0.53736084844760
N            9.27787254978599       -0.04061117018031        0.03500624068966
N           10.32947781263454       -1.99213767853746        0.46762676673620
C           13.81791703529132        1.30774718648980        0.08008111303024
C           11.49267962548117       -2.59738342285976        0.85052987545591
C            9.33203366700601        1.31010794112121       -0.00612185047982
N           15.02681362144289        1.92307071191589       -0.02934823432562
N           11.44449300086210       -3.92393894348650        1.21259485775133
N            8.12350825406937        1.82710081997326       -0.02583247196910
C           15.29767040889594        3.32989064328890        0.08996548203837
C           16.17272816439805        1.21131896226302       -0.14656976615007
C            7.14491647147545        1.08165909919296       -0.31565580392970
C           12.43675303229665       -4.59186466511275        0.29537358468164
C           10.47167047485598       -4.53917770935187        0.23263961917661
N           16.47887821953589        3.79988825114961       -0.14157171978859
N           17.30477321745343        1.65065353827689       -0.27883472844106
N            6.71750291680952        4.15864093760527        0.15446361741921
N            6.26590032054117        0.42553747434895       -0.93194546916640
N           13.53310413756930       -4.00109724452108        0.00961205790578
N            9.41607065290357       -3.92666814763433       -0.13439867062123
C           17.57132977017861        3.03973824330577       -0.43861280001263
C           11.45935776474576       -5.46510322998354       -0.31488667563427
N           18.71140747207377        3.39790366982468       -0.80215715828028
N           11.52771175571360       -6.54212598388577       -0.96417565553017
C           14.29529489280363        4.18570184828044        0.52713208070644
C            9.17089126753018        4.48822159338604       -0.12347963817074
C           13.86109555593953       -2.80666701899155        0.38885380678127
C            9.12440016177254       -2.70555765048727        0.22377566173511
C           13.10933506725426        4.74553765313505        0.58612592559318
C           10.32728833724990        5.40126344338951       -0.48675408163710
N           14.15907307878655        5.64064194934739        0.88629688963530
N            9.06488322516385        5.79530362062458       -0.33498504340873
H           18.86258731538497        4.38600505443760       -0.94679520990344
H           10.63653551806648       -6.93679264644221       -1.24354175319644
H           14.38585916615007        6.32126292544806        0.15828633053349
H            8.44585596387449        6.59226276302224       -0.32873043876399
H           12.04994252514819        4.73038508667978        0.44120974208047
92
 energy: -209.755496868982 gnorm: 0.140313053895 xtb: 6.7.1pre (5071a88)
N           -0.03974245576938        0.03831649046992        0.38753467972195
C           -0.00678015132427        1.43776280879470        0.13882981366294
C            1.17454046966642       -0.64669171444285        0.36629435198372
C           -1.25115559757839       -0.60441869185194        0.28851243144014
N            1.14187062104591        2.04832637963064        0.05472154552610
N           -1.13430509675928        2.09641170239458       -0.00633197459649
N            2.29710771368827       -0.01507232944501        0.21726052403968
N            1.12882569944522       -1.98327521134007        0.50973287138293
N           -2.34693416863305        0.05296966918669        0.03868023625635
N           -1.25004284997129       -1.94719770223359        0.44646035602974
C            2.24613218443634        1.30768576117166        0.14886847189880
C           -0.06979455503321       -2.56664283271389        0.84277701615731
C           -2.25286618554120        1.38820273620089       -0.04664595373244
N            3.45819976730275        1.94525273324170        0.11995313615562
N           -0.10175871915132       -3.90164280786043        1.21024995466742
N           -3.43967337278431        2.02339539141906       -0.21587973766444
C            3.52814893920927        3.35606144455912       -0.07857368681942
C            4.55473942529213        1.17151211520348        0.23064971734915
C           -3.64663835117190        3.43973169288435       -0.24517113570674
C           -4.51259657379883        1.24290028808145       -0.38460937989059
C            0.91011065935471       -4.57297447878612        0.29993937589344
C           -1.04719754112307       -4.52446573155176        0.21610290544182
N            4.59361491219111        3.89216440493713       -0.60659376622743
N            5.73520642585313        1.81690474846724       -0.08233113735638
N           -4.94114385650472        3.88748961685461       -0.21230027478828
N           -5.46128060517103        0.63127638465881       -0.56460370846233
N            2.00479344023537       -3.97645185942584        0.02133949760197
N           -2.10692227793947       -3.91817192300014       -0.15496825881509
C            5.80044220196646        3.22586433317608       -0.43784790549090
C           -6.04393343539462        3.41443990076079       -0.02952177866968
C           -0.05281627514134       -5.45318537694105       -0.31947143635977
N            7.10133078434223        3.60667615720563       -1.15413287072546
N           -7.16979797994030        3.26649082699657        0.34883049812509
N            0.02680867292392       -6.53583529868777       -0.95753785250270
C            2.58685248567668        4.21075098918595        0.48970146491497
C           -2.66968790229753        4.32607433691118       -0.32331005710980
C            2.30423772421658       -2.77934287317208        0.40181363404054
C           -2.41252919096945       -2.70183181533552        0.19905980412626
C            1.44581191125360        4.84496031485655        0.62688531502800
C           -1.42545304957160        5.08825533365221       -0.40884643520039
N            2.58297145185661        5.65750151915945        0.88920038142149
N           -2.56315624407073        5.72423112088600       -0.34867397585856
H            7.29507424023328        4.53073631961287       -1.56440187349490
H           -7.96673356760782        2.88409412146531       -0.11593435434842
H           -0.85750099384877       -6.93503161063277       -1.25071191878242
H            2.83775450311306        6.32075369975706        0.15420190676967
H           -3.08674837339002        6.57733981909865       -0.33741927514254
H            0.38530800932099        4.84981918473779        0.49804464705332
N           11.57809489913472       -0.00091325679382        0.40246079399468
C           11.56731149806046        1.39954790953912        0.12755504793404
C           12.77852648804587       -0.67131226356769        0.39129191421500
C           10.38164623659569       -0.67543206667869        0.29289776908194
N           12.72298936509945        2.02358396535397        0.01363429574122
N           10.43851910814794        2.02340431069928        0.00641031272541
N           13.89825878533962       -0.03249258414601        0.21705919106617
N           12.71736288627592       -2.01177005685198        0.54652057526409
N            9.29598147006693       -0.06728161758098        0.02769044204764
N           10.35085662471993       -2.01062666757854        0.47488909028724
C           13.82541923502778        1.29883736943671        0.08095843600801
C           11.51256214560262       -2.61471208255784        0.85124753930184
C            9.32579098794121        1.28917014276146        0.01408884321888
N           15.03467953624542        1.91858786673152       -0.02714529863779
N           11.46421279293526       -3.93921912779543        1.20970521991733
N            8.12671194202606        1.81305169425773        0.03800462885284
C           15.30173625919340        3.32785909456921        0.09090891207322
C           16.18107622339740        1.21112140968357       -0.14099791139159
C            7.12459523596073        1.09688359759121       -0.29666502898123
C           12.45099137803642       -4.60830031655015        0.29142946335734
C           10.48201728265021       -4.55340287955692        0.23598324912135
N           16.48209117159378        3.79886949969272       -0.14173022470172
N           17.31248864629997        1.65062611920893       -0.27816598456276
N            6.69917418948425        4.16797295314831        0.17234779819303
N            6.29085750075259        0.47398298086690       -0.97816685815042
N           13.54631455311434       -4.01610295470265        0.00327943705975
N            9.42731671860397       -3.93986145188660       -0.12882065126278
C           17.57562123946472        3.04007986710972       -0.44122653019653
C           11.46867698909541       -5.47719248485977       -0.31766680591208
N           18.71361625874870        3.40036691826765       -0.80764990219336
N           11.53045892543321       -6.55098315378954       -0.97331619497262
C           14.29741497644438        4.18105479888836        0.52527389541126
C            9.23245414542720        4.52629440724214       -0.06548669548144
C           13.88055500081776       -2.82446711233420        0.38522643556635
C            9.13824383055341       -2.71633190683992        0.23134108553267
C           13.11162646082214        4.74237378849652        0.58700982428435
C           10.35565544967392        5.47098491213982       -0.49874749759734
N           14.15883273273122        5.63651244365253        0.88357037967491
N            9.09731442050143        5.82253933835774       -0.31769628023916
H           18.86527800300237        4.38901731123371       -0.94705584572465
H           10.63595577217975       -6.94108271336463       -1.24849122320124
H           14.38344635147463        6.32192677031628        0.15973136430946
H            8.45218042308775        6.59895464263225       -0.32153974024588
H           12.05256898805236        4.72762749736090        0.44328194026905
92
 energy: -209.783122658362 gnorm: 0.097703397348 xtb: 6.7.1pre (5071a88)
N           -0.04358622835983        0.03509128042336        0.38903894807486
C           -0.00908816705515        1.43445032947149        0.14553277949529
C            1.17076798490208       -0.64655418867917        0.36857486814434
C           -1.25724550656858       -0.60797593778516        0.29005027305685
N            1.14123233711516        2.04466963788691        0.07224474153677
N           -1.13765049389826        2.09245199217975       -0.00452376835655
N            2.29722496581029       -0.01561268595968        0.22549754148632
N            1.12380642127931       -1.98471031600329        0.50778086575231
N           -2.35246823401530        0.05039379671847        0.04082283992904
N           -1.25622057405929       -1.95063338082073        0.44559605208764
C            2.25198555289601        1.30984934303136        0.16633957481602
C           -0.07528931856543       -2.56953004257284        0.84327268872799
C           -2.25809850721957        1.38512718171844       -0.04610099120182
N            3.46029046583729        1.95475563659325        0.14448382320608
N           -0.10703339775960       -3.90483837347550        1.20966260594426
N           -3.44450386271840        2.02226329257036       -0.21700997096291
C            3.51979920218534        3.36281225988567       -0.10148459327879
C            4.58579290065953        1.21728469339623        0.24476243445485
C           -3.65031857697848        3.43871495206271       -0.24539363427892
C           -4.51906116521458        1.24336058265162       -0.38578858843783
C            0.90673967345694       -4.57591746211400        0.30061113100424
C           -1.05047585758855       -4.52800488229052        0.21404377381812
N            4.57644562640900        3.87394705132551       -0.65905300379404
N            5.73528882981528        1.85649987207372       -0.09878433333029
N           -4.94436396726315        3.88829359662833       -0.20888310471936
N           -5.46743718550606        0.63060378954038       -0.56399035541020
N            2.00076173100169       -3.97804868261197        0.02365171589542
N           -2.11029093633523       -3.92243197725933       -0.15827679453829
C            5.80121849225228        3.27180226350573       -0.44731831227239
C           -6.04723562687841        3.41514494155327       -0.02643192121813
C           -0.05478604205718       -5.45590517598246       -0.32095024217813
N            7.04534207108303        3.65531273400580       -1.11161119244571
N           -7.17301947089971        3.26720171023255        0.35220105309204
N            0.02546472017314       -6.53867380673472       -0.95879858920706
C            2.56083666124744        4.21191775461818        0.44125682064774
C           -2.67330036081687        4.32496297327734       -0.32258541598621
C            2.29859268078875       -2.77992048532049        0.40296135428820
C           -2.41687582362369       -2.70701799446179        0.19745667984837
C            1.42882566637274        4.85094352043847        0.62306074448286
C           -1.43058188479815        5.08840315592351       -0.41835680044970
N            2.56713468057793        5.65488666882068        0.87636291406351
N           -2.56844039988988        5.72335935534530       -0.34729516370858
H            7.20791521988464        4.52239080857112       -1.71044860679902
H           -7.97011680831581        2.88413544016596       -0.11166877563738
H           -0.85824492243163       -6.93755296544297       -1.25406569363844
H            2.80966060337843        6.33673969204539        0.15484259246787
H           -3.09103755569251        6.57699947055222       -0.33440043956131
H            0.36289622404760        4.87477114614338        0.52031338214697
N           11.59376045888922       -0.01643778672613        0.40922289744605
C           11.56979561086825        1.38391287311018        0.13261893602437
C           12.79602699572916       -0.68477324307573        0.39582021873854
C           10.39454810747390       -0.68829709167648        0.29231437833992
N           12.72986740574575        2.01146984710845        0.01591797600717
N           10.44056104027114        1.99887130231991        0.01582184975849
N           13.91303870700633       -0.04340125633829        0.21662305270335
N           12.73760005635623       -2.02540303991586        0.55554940246993
N            9.30608094806230       -0.08887568693486        0.01977940883886
N           10.37003285290777       -2.02567263678812        0.48077593489648
C           13.83027259699192        1.29042234731668        0.08185730405206
C           11.53091299454789       -2.63007619196656        0.85069439777907
C            9.31567158177894        1.26949193669339        0.03112002039577
N           15.04143683866031        1.91337809776082       -0.02461380182159
N           11.48413866601891       -3.95331642434952        1.20665819507443
N            8.12796602958753        1.80405753304971        0.09431062674814
C           15.30565134418502        3.32495073260126        0.09113721672025
C           16.18879086972208        1.21091308293341       -0.13593911094196
C            7.09483984129285        1.13271792143550       -0.26882675863534
C           12.46642056502511       -4.62531283913241        0.28730825818603
C           10.49395252027054       -4.56930254548574        0.24021584602338
N           16.48535067879810        3.79719019851074       -0.14262029929895
N           17.31980498157061        1.65024788235488       -0.27749135033975
N            6.67001478365046        4.16337206759761        0.18805261120656
N            6.31292087948849        0.53877414167270       -1.03107353485497
N           13.56078637927739       -4.03149194776160       -0.00299455693814
N            9.44010562059389       -3.95391547051910       -0.12194205958905
C           17.57995396532299        3.04014450573095       -0.44370229301888
C           11.47959766691824       -5.49090846132844       -0.31959452129332
N           18.71612532836378        3.40273376757131       -0.81299500094958
N           11.53440794030672       -6.56111756551190       -0.98247150289426
C           14.29918275482171        4.17555863526135        0.52225580048802
C            9.30118281728764        4.56086654537554       -0.01932930814586
C           13.89995089252856       -2.84238011804386        0.38124236899825
C            9.15291285229518       -2.72951329521227        0.24148371326900
C           13.11396104012939        4.73862770596609        0.58676734988045
C           10.37875813272353        5.53335781045772       -0.50731271181437
N           14.15851242630938        5.63241532683891        0.88015069008297
N            9.12106355383659        5.84616017226624       -0.29440614198017
H           18.86790139551504        4.39178175667286       -0.94873348059275
H           10.63621186967965       -6.94627833929335       -1.25288510691194
H           14.38130886739758        6.32215981860411        0.16023247576002
H            8.44226362593698        6.59555906142557       -0.31105336930190
H           12.05527967919170        4.72299330358253        0.44590707237783
92
 energy: -209.796681710136 gnorm: 0.081928688981 xtb: 6.7.1pre (5071a88)
N           -0.04461236683984        0.03191038481026        0.39306859714279
C           -0.00727768345528        1.43264097293431        0.15598688237703
C            1.17247087413230       -0.64517755719024        0.37757177706513
C           -1.25964274046821       -0.61066439547151        0.29073559050025
N            1.14410506588090        2.04187261643275        0.09294160546743
N           -1.13771576483715        2.08966201144928       -0.00009725938844
N            2.30167000658963       -0.01466319151210        0.24650554319972
N            1.12107931028506       -1.98591808319759        0.50934885889125
N           -2.35434475039012        0.04852695181652        0.04218600666171
N           -1.26040171480077       -1.95352575835831        0.44439714224255
C            2.26076218433091        1.31239076411231        0.18875757149638
C           -0.07936014508824       -2.57163057691726        0.84284206085689
C           -2.25882221390489        1.38341206256784       -0.04528692482515
N            3.46367313016971        1.96791858220820        0.15674784124627
N           -0.11282199836771       -3.90726533008275        1.20877834106172
N           -3.44704741340755        2.02034674303202       -0.21829010579095
C            3.51755428636795        3.37320099744706       -0.11591456324844
C            4.60671093070941        1.24982212747957        0.23864709812074
C           -3.65433314263162        3.43645589688311       -0.24602631709722
C           -4.52289206741340        1.24299924844826       -0.38728040238953
C            0.90251324267981       -4.57922612352967        0.30210187405103
C           -1.05459474557386       -4.53178076912905        0.21239545412959
N            4.56828076022834        3.86924193306413       -0.68272187958531
N            5.73327791438488        1.89083634745922       -0.13253829031532
N           -4.94861247667569        3.88687368259868       -0.20525899197489
N           -5.47216358497884        0.63061718553718       -0.56274808880834
N            1.99635440464604       -3.98051632536672        0.02681304565120
N           -2.11406920974309       -3.92625037106536       -0.16133789586134
C            5.80210648222070        3.31274239265867       -0.47235350011606
C           -6.05166990782540        3.41429823930217       -0.02217007652136
C           -0.05796223108121       -5.45949481954990       -0.32105895809727
N            7.00453591587602        3.71140961400680       -1.08161410182781
N           -7.17755715793235        3.26728917974695        0.35679277188849
N            0.02361117163177       -6.54245788506324       -0.95875237663280
C            2.54210843533905        4.22281520704777        0.38971311671837
C           -2.67815812026268        4.32346079134198       -0.32472968877633
C            2.29354388377771       -2.78219247597218        0.40645084842745
C           -2.42072955135503       -2.71099517295907        0.19496795046776
C            1.41671309621714        4.85582248703973        0.60885251564237
C           -1.43761346322172        5.08916229068069       -0.43261534398152
N            2.55103410040181        5.66252350946889        0.85424849182150
N           -2.57615527300118        5.72228925479273       -0.34874426510470
H            7.13517799745209        4.51729212026580       -1.77392427309446
H           -7.97523575187370        2.88493924135283       -0.10671849269605
H           -0.85937004482552       -6.94133312944603       -1.25641410863465
H            2.77025408646095        6.36519742602390        0.14509096826023
H           -3.09895573187562        6.57567050345339       -0.33232521055601
H            0.34808519598806        4.88724214931717        0.54117957106807
N           11.60114028316597       -0.03281861029055        0.41489080241335
C           11.56992704007020        1.36886199692188        0.13977650694753
C           12.80825429776030       -0.69901888384792        0.39857984691411
C           10.39788302876596       -0.69924165370399        0.29387116065757
N           12.73243819667569        1.99747647188594        0.01973243077094
N           10.43914480113106        1.98089783271522        0.02727396704140
N           13.92276971681185       -0.05479244453549        0.21864643506795
N           12.75574932384002       -2.04078738835115        0.55937610154857
N            9.30573029231576       -0.10074423909605        0.01850589884301
N           10.38494992303717       -2.03894394725255        0.48434166980208
C           13.83407766156197        1.28071887263580        0.08444376273114
C           11.54824574868122       -2.64492148953026        0.84868141396208
C            9.30638329282431        1.25785321386499        0.04064505191939
N           15.04694388648167        1.90598043413583       -0.02123785412570
N           11.50678465006525       -3.96876626681682        1.20395509884712
N            8.12666570106535        1.81021131840970        0.11382343804722
C           15.30932391377982        3.31939370817704        0.09033592921687
C           16.19682238820812        1.20865814582608       -0.13120777866193
C            7.06863198104598        1.18320853490883       -0.25354765776559
C           12.48642162156330       -4.64412168570866        0.28211137732021
C           10.51221930284277       -4.58957536161195        0.24564539164397
N           16.48814057201352        3.79384726827942       -0.14495338562972
N           17.32717979444503        1.64917504174442       -0.27566439019057
N            6.64536540161955        4.16046823250350        0.19956806597907
N            6.32789856041836        0.60120327786391       -1.07693374716813
N           13.57943765003088       -4.04801894931805       -0.01030637049156
N            9.45702644130272       -3.97323633016369       -0.11107323254485
C           17.58436503715490        3.03958101552767       -0.44603110034837
C           11.49611793864760       -5.50880401065216       -0.32143013484084
N           18.71916826082479        3.40473944008380       -0.81773440829928
N           11.54394594585748       -6.57553772033432       -0.99130190051911
C           14.30105286332978        4.16862711865513        0.51850759811770
C            9.35544391248516        4.59113581931879        0.00785041740967
C           13.91898195351580       -2.85968564278381        0.37558139132788
C            9.16962556793699       -2.75044609414948        0.25593866331780
C           13.11612491292201        4.73192267730618        0.58514683921279
C           10.39099278810429        5.58163131198246       -0.50800777848335
N           14.15851421446722        5.62708625859554        0.87640341998839
N            9.12718163876666        5.86750676665603       -0.26754959352673
H           18.86976072564335        4.39409772085091       -0.95306815664077
H           10.64191589294320       -6.95572376098097       -1.25722939472308
H           14.37862784586420        6.31951473349383        0.15843620261073
H            8.42180236064205        6.59220262386614       -0.28983682201568
H           12.05749544543030        4.71326069294954        0.44989941518409
92
 energy: -209.804790113711 gnorm: 0.071925159560 xtb: 6.7.1pre (5071a88)
N           -0.04303409910660        0.03024967105997        0.40040038136467
C           -0.00362933437632        1.43336438382035        0.17105520939853
C            1.17835768231603       -0.64219642563679        0.39366541914288
C           -1.25791107711290       -0.61173131272012        0.29066727497205
N            1.14772326391693        2.04253585465154        0.11699234779335
N           -1.13576153136881        2.08901420702787        0.00869188693901
N            2.30855170890250       -0.00981733520237        0.27774642901787
N            1.12130107139009       -1.98603070061886        0.51470343940160
N           -2.35226932989104        0.04764165341336        0.04178748644855
N           -1.26143847447224       -1.95521551276903        0.44198518482579
C            2.26870641891024        1.31747673182424        0.21461497354509
C           -0.08110228974877       -2.57268824937680        0.84130508385686
C           -2.25615937997510        1.38314583048849       -0.04363989426469
N            3.46732281822969        1.98502563930981        0.16293806049332
N           -0.11773528281431       -3.90886169119082        1.20640882593279
N           -3.44713551775685        2.01752362716340       -0.21958835948187
C            3.51491857057221        3.38931155132827       -0.12725114818592
C            4.61417680615962        1.26918576695501        0.23152411904697
C           -3.65886164040806        3.43292913674435       -0.24657288643888
C           -4.52330733709993        1.24079888716968       -0.38914776546339
C            0.89849328963303       -4.58220752187331        0.30253662510427
C           -1.05835644405280       -4.53455567359703        0.20936733899939
N            4.56086375528810        3.88662842517356       -0.69495836125765
N            5.73162755451310        1.91988476902459       -0.16725159781904
N           -4.95392640490126        3.88238861890876       -0.20021360540806
N           -5.47433776939600        0.63014020895454       -0.56154238857643
N            1.99264119323258       -3.98285938673666        0.02915209490924
N           -2.11690432459439       -3.92824385603402       -0.16583739065328
C            5.79751310454073        3.34724899232817       -0.50375271055752
C           -6.05703299437575        3.41061454459160       -0.01521428822469
C           -0.06133707806148       -5.46305782232971       -0.32178586028162
N            6.98290152906730        3.76667521908996       -1.08361136019005
N           -7.18307759521811        3.26536772323840        0.36425500553819
N            0.02172786668917       -6.54632862795254       -0.95909894758787
C            2.52682950275032        4.24384610568991        0.34184988359248
C           -2.68493761863750        4.32197811778587       -0.32961176537202
C            2.29012960983193       -2.78567648520144        0.41207996044771
C           -2.42234845573449       -2.71232644064678        0.18963659178336
C            1.40238804505606        4.86060940027788        0.59273637578279
C           -1.44758746840149        5.09132732863346       -0.45118603587370
N            2.53069086505128        5.68156400803515        0.82190592680212
N           -2.58746202472213        5.72116564144113       -0.35300081138690
H            7.08652747417250        4.52591311700826       -1.78260151101024
H           -7.98219059853156        2.88637106225634       -0.09963462512958
H           -0.86039845152780       -6.94550785503639       -1.25927846224335
H            2.71741404226205        6.39977574712177        0.11805456416252
H           -3.11226847303711        6.57314617812456       -0.33079221641703
H            0.33363259124689        4.88740426135403        0.56012369655754
N           11.60243168859076       -0.05024720418291        0.41942242914007
C           11.57030121937274        1.35355907626944        0.14991633977090
C           12.81510254428113       -0.71377670846901        0.39841870871222
C           10.39485962265269       -0.71127017148597        0.30119619790043
N           12.73275962101651        1.98209982221056        0.02674993612822
N           10.43847399462873        1.96758745004047        0.04215100768657
N           13.92775774209005       -0.06653533312650        0.22136441096409
N           12.77054782959037       -2.05702392866743        0.55571170910550
N            9.29935491332997       -0.10751223598527        0.03323602905976
N           10.39536292464118       -2.05355775799849        0.48685198600785
C           13.83775305751908        1.26943128053055        0.08882809031679
C           11.56429894389911       -2.66062919825268        0.84446751539377
C            9.30153154586618        1.25136757524276        0.05019829096321
N           15.05113678619135        1.89638122029564       -0.01723685567264
N           11.53153684445478       -3.98603891205367        1.19999947586917
N            8.12766996673868        1.82570232475086        0.10618106641722
C           15.31211809445487        3.31103916279154        0.08906531278762
C           16.20442112440896        1.20370458940207       -0.12652699935527
C            7.05324625102247        1.23360158952222       -0.25761959517113
C           12.51068708364363       -4.66307348066293        0.27463052332877
C           10.53615209475710       -4.61362322595464        0.25038292676790
N           16.48957906168183        3.78844120230133       -0.14820609766128
N           17.33361252971198        1.64672292457160       -0.27253875660744
N            6.63423246039311        4.16801095977575        0.20628885355651
N            6.33698002655238        0.65163927260352       -1.10932625909136
N           13.60125636629512       -4.06322281276546       -0.02046846867687
N            9.47684159284414       -3.99856428723246       -0.09798594420975
C           17.58801067382382        3.03760185961521       -0.44772731012291
C           11.51876062519714       -5.52972138633292       -0.32440129796473
N           18.72161307402281        3.40523896720655       -0.82150380430177
N           11.56146188552483       -6.59340848532766       -1.00008858146280
C           14.30252915812509        4.15968347667183        0.51512493206075
C            9.38554040918497        4.61972493104289        0.02547338042166
C           13.93656889020450       -2.87400068109822        0.36601238764407
C            9.18671362007721       -2.77915486701038        0.27313902850474
C           13.11707775799410        4.72078446921357        0.58417528615085
C           10.39064172277712        5.61937264475212       -0.49756006604553
N           14.15765587227227        5.61912143695602        0.87287253670208
N            9.12023368048952        5.88904067266405       -0.24642960164838
H           18.86982946636869        4.39474209472500       -0.95969235844545
H           10.65655013214328       -6.97049823478492       -1.26186960182441
H           14.37390832250442        6.31238253562405        0.15458480185534
H            8.40094997963549        6.59673807503606       -0.26180966107710
H           12.05819703061514        4.69705878450378        0.45699090208667
92
 energy: -209.811358782959 gnorm: 0.060985502903 xtb: 6.7.1pre (5071a88)
N           -0.03822288407222        0.03133260355143        0.41001084418932
C            0.00149861914262        1.43765283391030        0.19001137147892
C            1.18869637793628       -0.63601726410626        0.41553571944164
C           -1.25145933748296       -0.61011858920774        0.29014614466907
N            1.15150790067032        2.04763320891598        0.14281481220121
N           -1.13211860815874        2.09160692518712        0.02282023761068
N            2.31812687075691        0.00081380657961        0.31641049024111
N            1.12559545090137       -1.98342176742677        0.52254477932336
N           -2.34574556174407        0.04852849809531        0.03987947035286
N           -1.25826347068720       -1.95464308262553        0.43784251545665
C            2.27654888718481        1.32710331651106        0.23969253043705
C           -0.07922358554402       -2.57149763980935        0.83834721251744
C           -2.25046571880890        1.38508297392728       -0.04013674441309
N            3.47235291794119        2.00803270928417        0.16137535180557
N           -0.11974953580866       -3.90861710768244        1.20110800084995
N           -3.44451991302663        2.01438342306040       -0.22032011632946
C            3.50892826837255        3.41112010469695       -0.14648635399715
C            4.61678008862799        1.28522234714418        0.22650062721856
C           -3.66348722867783        3.42872010616721       -0.24574456230109
C           -4.52023350154415        1.23726439345217       -0.39001193305602
C            0.89630727670157       -4.58356532919859        0.29980140516311
C           -1.05999558811343       -4.53490443129135        0.20346561864288
N            4.54827709441128        3.92241446582032       -0.71651900680642
N            5.73348203637377        1.94746120132598       -0.19827357547233
N           -4.95960741484908        3.87537024304458       -0.19077006525642
N           -5.47242867047915        0.62834944596799       -0.56208843764772
N            1.99093843415985       -3.98324654385271        0.02845361920909
N           -2.11722606221051       -3.92704209705033       -0.17296646905912
C            5.78870975605386        3.38018677525615       -0.53688798705581
C           -6.06287721599517        3.40472025822894       -0.00427961417735
C           -0.06334554450819       -5.46508329768267       -0.32519545850811
N            6.97099357451791        3.82080584386955       -1.09953524847012
N           -7.18854891689118        3.26053854373831        0.37687785053654
N            0.02076773414034       -6.54875330538093       -0.96183422860616
C            2.50763483206288        4.26998229855651        0.28901480309701
C           -2.69311950111978        4.32112030626848       -0.33550609174698
C            2.28920851977096       -2.78888118103724        0.41846209404396
C           -2.41994142892361       -2.70975771528318        0.18036291339082
C            1.38108299327239        4.86196398500075        0.58228291194459
C           -1.46043407203815        5.09602142435856       -0.47124077575992
N            2.50355784393558        5.70635653624266        0.77897911012775
N           -2.60232788046283        5.72046023211593       -0.35878945483131
H            7.04066339966108        4.53762034615878       -1.79509095522548
H           -7.99020541463780        2.88767499335397       -0.08780050655483
H           -0.86042943381137       -6.94842807051103       -1.26443680450563
H            2.64751339795217        6.43434136078592        0.07361155621534
H           -3.13102469166227        6.56979004319632       -0.32876276964818
H            0.31470161420137        4.88014278124164        0.58169983625267
N           11.60179834995598       -0.07140912200020        0.42478458919672
C           11.57262684954453        1.33541113137195        0.16623794248042
C           12.81942112832790       -0.73059839603877        0.39470934970885
C           10.38920067108105       -0.72793236661781        0.31968695427453
N           12.73267064910502        1.96469051219889        0.03854701994301
N           10.44047484931581        1.95322324539300        0.06945462442904
N           13.93010319479205       -0.07978870776814        0.22222507046242
N           12.78398700133937       -2.07537506330961        0.54487214610696
N            9.28990188592679       -0.11638719533220        0.07717862997030
N           10.40402429837529       -2.07322134307490        0.49004818688978
C           13.84171562591138        1.25601633727498        0.09393638345302
C           11.58109196787699       -2.67977561906352        0.83705861654695
C            9.30115032873818        1.24257609407414        0.07810819892162
N           15.05431585478990        1.88435613712086       -0.01322524738479
N           11.55887229836090       -4.00664965400422        1.19223986104438
N            8.13466821349896        1.84365646263438        0.11060995561894
C           15.31353194290237        3.29987871272650        0.08758245808917
C           16.21119467480721        1.19606235362429       -0.12207321924993
C            7.04422905740424        1.28762194571907       -0.25973370118320
C           12.53936460066215       -4.68292019350899        0.26234633799254
C           10.56503068885175       -4.64208869321160        0.25261227977218
N           16.48917083561571        3.78073650242736       -0.15210422961637
N           17.33868401518361        1.64237468634645       -0.26864156994057
N            6.62992327962558        4.18304196623461        0.20351145416960
N            6.34588872074874        0.70351498878483       -1.13319724859639
N           13.62608203234730       -4.07742203372495       -0.03647080730249
N            9.49910666073873       -4.03034376958507       -0.08445727167144
C           17.59032153753453        3.03376266421020       -0.44899449627302
C           11.54739239475672       -5.55387922798271       -0.33022461278054
N           18.72267403569683        3.40357276606582       -0.82458029009374
N           11.58683881490681       -6.61425836661566       -1.01153817152297
C           14.30249925536524        4.14775605258448        0.51216163729909
C            9.40730652578989        4.65146248943656        0.05021028154297
C           13.95432934398816       -2.88641013195350        0.34952026075050
C            9.20477354804352       -2.81615961990303        0.29338033661266
C           13.11557496729983        4.70449942613017        0.58506092270788
C           10.37999106326699        5.66622209164986       -0.50208254573957
N           14.15426761531712        5.60734915541694        0.86979845052289
N            9.10064826028932        5.91346552477259       -0.23108189386059
H           18.86782707113216        4.39298348498632       -0.96803245250919
H           10.68015251502442       -6.99077194548409       -1.26828542816392
H           14.36549157920089        6.30022468468594        0.14965210228169
H            8.36665921610688        6.60318216829321       -0.23136671394770
H           12.05632587296047        4.67377595214629        0.46823618205869
92
 energy: -209.816289199268 gnorm: 0.055251731900 xtb: 6.7.1pre (5071a88)
N           -0.03112607495394        0.03580772966839        0.42017669570826
C            0.00643696932423        1.44538183251947        0.20965400796237
C            1.20108639007187       -0.62673272825720        0.43792999177363
C           -1.24141263255811       -0.60572774059211        0.28952440919669
N            1.15411572549315        2.05774102994915        0.16749298199948
N           -1.12854623599221        2.09742979140265        0.04092214284930
N            2.32814973750356        0.01681315515595        0.35406792957247
N            1.13393881231790       -1.97728044532016        0.53129187099388
N           -2.33604713664921        0.05093366763757        0.03650459587180
N           -1.25067559119836       -1.95143859454405        0.43271461007380
C            2.28279638954823        1.34202026586631        0.26254107584136
C           -0.07306450162838       -2.56752019277546        0.83498599614880
C           -2.24374457769342        1.38875611924383       -0.03498407653938
N            3.47775809875524        2.03408067478434        0.16092829957193
N           -0.11683866814287       -3.90585277215715        1.19361500078487
N           -3.44035526009419        2.01139623329010       -0.22027876473657
C            3.50206278131302        3.43452697515770       -0.16261819525869
C            4.61682859961465        1.30260775353442        0.23302739168600
C           -3.66782486279608        3.42450271721553       -0.24347093613770
C           -4.51371974342012        1.23178436208419       -0.39266936196362
C            0.89831859855633       -4.58178572550037        0.29403739184669
C           -1.05721966292243       -4.53205869375532        0.19536603429037
N            4.53359176361029        3.96500587969974       -0.74029086797707
N            5.73786630209557        1.97166345054190       -0.21666762319737
N           -4.96498608759405        3.86654145293293       -0.17790340095013
N           -5.46808864792745        0.62552892526871       -0.56205843230499
N            1.99324455615386       -3.97974086587452        0.02465795857512
N           -2.11307833893250       -3.92250586481603       -0.18215304993174
C            5.77589423946357        3.40777581901338       -0.56524801491495
C           -6.06823614872526        3.39658578289183        0.00936748511534
C           -0.06134148182184       -5.46414741761209       -0.33110541796991
N            6.96030458906943        3.86212998168769       -1.12882896527645
N           -7.19300149305072        3.25201700781041        0.39320180706443
N            0.02298421127918       -6.54835078015628       -0.96672839092810
C            2.48573419901094        4.29369557246760        0.24426789721386
C           -2.70184508315925        4.32101891950562       -0.34139053244425
C            2.29223138834185       -2.78929716073034        0.42450334288733
C           -2.41245586673365       -2.70351465028525        0.16822977930299
C            1.35687400173005        4.85842104816926        0.57547813296663
C           -1.47451768368690        5.10252476697604       -0.49082590349586
N            2.47105764447150        5.73083659928270        0.73040378980116
N           -2.61880692884333        5.72035998159993       -0.36531579412764
H            6.98850134848313        4.54976392796201       -1.85485538420657
H           -7.99790396102324        2.88745186622805       -0.07268399608668
H           -0.85745530201808       -6.94861400366298       -1.27097929379890
H            2.57119350824457        6.45932939829685        0.01677277836011
H           -3.15258089158762        6.56623412764847       -0.32661805657158
H            0.29273892974020        4.86410544854033        0.60317035030302
N           11.60041441454606       -0.09214041519369        0.43038499297636
C           11.57446781432256        1.31784443143467        0.18516566124580
C           12.82117915039347       -0.74613464289978        0.38919019131713
C           10.38296167984936       -0.74621308131501        0.34670841600146
N           12.73132605269560        1.94879709502409        0.05273187489298
N           10.44217732170954        1.93871978968561        0.09931694097251
N           13.93001286599882       -0.09216036210182        0.22052903954359
N           12.79428778230247       -2.09215647954706        0.53037503047777
N            9.27889634172601       -0.12751071590805        0.13906847643449
N           10.41042184408053       -2.09518654855764        0.49550986680382
C           13.84402143421271        1.24327771242003        0.09879709817351
C           11.59636319335744       -2.69950183599737        0.82878708617672
C            9.30132941758124        1.23137583271660        0.11459913862541
N           15.05503578769947        1.87258264850058       -0.00988461507070
N           11.58516085974692       -4.02733544554426        1.18184953088198
N            8.14388064113903        1.85713996546107        0.12607067527424
C           15.31198670873317        3.28862423246879        0.08646548327235
C           16.21479945856219        1.18754674265718       -0.11790279095216
C            7.03905263749999        1.33669264964906       -0.25579338524797
C           12.56769448540133       -4.70016921990499        0.24702080083985
C           10.59369104376505       -4.66968414686362        0.25146613754414
N           16.48586616124760        3.77256121579516       -0.15569491412262
N           17.34061515874007        1.63709159375479       -0.26442262527520
N            6.62811942346891        4.20291249134612        0.17967516134733
N            6.35149002154215        0.75378436009623       -1.13964812712290
N           13.64938136029302       -4.08779706400110       -0.05620083203303
N            9.52021022498105       -4.06274562422117       -0.07394854625420
C           17.58966905876682        3.02894907131618       -0.44973072245177
C           11.57716879663123       -5.57671802569520       -0.33837990830138
N           18.72100597345258        3.40016001160078       -0.82657590920221
N           11.61648890183557       -6.63420484842948       -1.02417948385465
C           14.29907395338187        4.13510226919789        0.50995134491528
C            9.41226437668159        4.68683508153706        0.06519439790307
C           13.96955959765212       -2.89444366651569        0.32840160260684
C            9.22073625018837       -2.85416878392459        0.31261451868924
C           13.10971324269802        4.68572017898232        0.58748871553940
C           10.36641822449512        5.69278436796363       -0.47648613183359
N           14.14615025532944        5.59408645915612        0.86669130774817
N            9.09444233809680        5.93498088500230       -0.21840148373358
H           18.86342447543591        4.38921817412105       -0.97598993522529
H           10.70981565777260       -7.01379791513355       -1.27571332601740
H           14.35154914323896        6.28591624050267        0.14381812087196
H            8.35914641639909        6.61549867927336       -0.20698751750401
H           12.04987013130681        4.64552901409567        0.48396435418226
92
 energy: -209.820445552256 gnorm: 0.068780890363 xtb: 6.7.1pre (5071a88)
N           -0.02165085285059        0.04470844307161        0.42887527336792
C            0.01126522966503        1.45756960457722        0.22807912897546
C            1.21598915235924       -0.61303832236979        0.45689732989977
C           -1.22794844603204       -0.59727726917461        0.28900614474792
N            1.15556695031023        2.07400283913576        0.18660392864193
N           -1.12552340190789        2.10730963067770        0.06255068228333
N            2.33872867582132        0.03955582208553        0.38195817441564
N            1.14631826805119       -1.96612611774972        0.53990354591518
N           -2.32375671341999        0.05584145627998        0.03227888383005
N           -1.23905569278349       -1.94441341391871        0.42747069757279
C            2.28823810508496        1.36388177032082        0.27287294871643
C           -0.06259591108238       -2.55897935072267        0.83168538240282
C           -2.23664443479239        1.39516072296705       -0.02819922945777
N            3.48513635316055        2.06525332646088        0.14849296062275
N           -0.10911859209240       -3.89858674990426        1.18518107435465
N           -3.43529579408854        2.00974906932417       -0.21931048891305
C            3.49948862679662        3.45906090003788       -0.17417454848958
C            4.61395369714799        1.32445219951723        0.22592306261945
C           -3.67196503313556        3.42156333803763       -0.24050215011288
C           -4.50575423798301        1.22642076467223       -0.39314152331938
C            0.90384484070009       -4.57605154321463        0.28700818929775
C           -1.05069605070175       -4.52523597492046        0.18745753619851
N            4.52637939502328        4.01273808042719       -0.73930019100379
N            5.74662159317185        1.99314605635471       -0.23979498478316
N           -4.96984271287425        3.85760030116583       -0.16169112707613
N           -5.46029486303920        0.62161128971088       -0.56613621098899
N            1.99886744248225       -3.97184523565755        0.01865960503086
N           -2.10522172732914       -3.91397181814299       -0.19107087633903
C            5.76603970466051        3.42953908167134       -0.57771458242066
C           -6.07339896471970        3.38874818273451        0.02460966271994
C           -0.05617755326764       -5.45977142791310       -0.33697118061689
N            6.96176586191521        3.89738173324603       -1.14708802524089
N           -7.19700765008467        3.24281483371847        0.41151252771882
N            0.02734228578906       -6.54497992145880       -0.97077773911810
C            2.46406500949245        4.31264083824083        0.20683936458024
C           -2.71079199402411        4.32231399073874       -0.34924157215995
C            2.29871520879449       -2.78621109669522        0.42963220774995
C           -2.40020582635117       -2.69252973261400        0.15493397255623
C            1.33358101051969        4.84881944028420        0.57173396229452
C           -1.48918036788837        5.11069375240281       -0.51318261731016
N            2.43600032680739        5.75190792194799        0.67958293256009
N           -2.63566824466551        5.72138507378328       -0.37487348234815
H            6.94119356457067        4.56521657445338       -1.90265779472248
H           -8.00503515825852        2.88646160415461       -0.05553169927656
H           -0.85248938249946       -6.94591935319629       -1.27595499257444
H            2.49133715750847        6.47338500193481       -0.04606269699732
H           -3.17525774341347        6.56316310113820       -0.32584569610278
H            0.27203162453430        4.84072722760159        0.62454344081252
N           11.60083070195570       -0.11636286939604        0.43536996891232
C           11.57749611735213        1.29713051053902        0.20779739607659
C           12.82320698779361       -0.76354329789320        0.38252031521762
C           10.37911097469448       -0.77032928334980        0.38209320188366
N           12.72998124966568        1.93154502318749        0.07129223710835
N           10.44459790586435        1.91949755501409        0.13496858898151
N           13.93007486240461       -0.10612173996738        0.21705271251338
N           12.80439845871329       -2.11071219293607        0.51351376934772
N            9.26910419475461       -0.14662294909725        0.21995466251725
N           10.41744560949452       -2.12300122613384        0.50393962879254
C           13.84651268011479        1.22895436844216        0.10455944468254
C           11.61293322101680       -2.72278272898713        0.82117805608667
C            9.30403962095626        1.21153457033456        0.16183699328026
N           15.05471350670845        1.85972331014621       -0.00640029441048
N           11.61265403807806       -4.05082944357591        1.17062258377620
N            8.15856084337215        1.85954402981976        0.15634580521199
C           15.30835260177435        3.27628218875085        0.08565606864063
C           16.21698044057266        1.17716235688355       -0.11296893022780
C            7.03912616505666        1.38371747701359       -0.26076892106222
C           12.59722023578436       -4.71849348392784        0.23022757905118
C           10.62369910944233       -4.69900098283322        0.24928022777419
N           16.48050060727354        3.76305784987015       -0.15941624670312
N           17.34097443911745        1.63027641100506       -0.25938860576095
N            6.63929098467884        4.22018876256617        0.16877491200780
N            6.35163884269960        0.81270938097368       -1.16008232618326
N           13.67283313692172       -4.09836282504006       -0.07822983654184
N            9.54170145558652       -4.09868073987765       -0.06406033604035
C           17.58706225518887        3.02257281244545       -0.45022848987560
C           11.60868984049147       -5.60116252393208       -0.34709192944962
N           18.71756026569296        3.39452192926496       -0.82803366467399
N           11.64954292006493       -6.65598454133417       -1.03678212904746
C           14.29305450019394        4.12085799401193        0.50815244182213
C            9.43417186097637        4.71527586869513        0.10910990940931
C           13.98461738650134       -2.90206839517250        0.30404095741442
C            9.23715221889367       -2.89590915177053        0.33268471773855
C           13.10051024562809        4.66431291450721        0.59008225794360
C           10.34068010972235        5.77155683957358       -0.54183653811566
N           14.13458204963402        5.57843411536066        0.86315940835664
N            9.04959727051965        5.95797938120552       -0.20351492879875
H           18.85763222467393        4.38299791632434       -0.98383368338836
H           10.74407948454937       -7.04105605182259       -1.28315274171002
H           14.33417397927192        6.26841078948104        0.13683464029468
H            8.27665931654414        6.60993060297155       -0.17413202223952
H           12.04053834452096        4.61482982343547        0.49685892887215
92
 energy: -209.824410177174 gnorm: 0.051147970418 xtb: 6.7.1pre (5071a88)
N           -0.01578344551903        0.05436938771682        0.43514899872065
C            0.01120252415161        1.46812596074875        0.23820473896395
C            1.22428058920038       -0.60119769121541        0.46419291872335
C           -1.21854189115924       -0.58902154689233        0.29166091444897
N            1.15265722672046        2.08832916028530        0.19126587538548
N           -1.12709304425933        2.11605526466344        0.07877398338462
N            2.34252506387002        0.05769501374246        0.38567398326463
N            1.15730462943404       -1.95420926797789        0.54697970517679
N           -2.31603745895875        0.05995430619106        0.03110782498943
N           -1.22811722632636       -1.93691374629770        0.42734563939559
C            2.28660740823649        1.38153619483097        0.26976105582556
C           -0.05155577870396       -2.54948055996877        0.83337984653470
C           -2.23480858976364        1.40011838957723       -0.02142656449398
N            3.48534480306253        2.08341800898629        0.13372604960962
N           -0.09743790951053       -3.88985305311435        1.18234498327958
N           -3.43387612676098        2.00948987969752       -0.21608808134925
C            3.49442465498937        3.47396261940624       -0.18237264784977
C            4.60647288512361        1.34165574368580        0.21161719132998
C           -3.67570189399148        3.42054790961967       -0.23725667612258
C           -4.50115464495664        1.22175597726995       -0.39054295926221
C            0.91445596121603       -4.56677020452692        0.28427386063656
C           -1.03943089760911       -4.51706402228970        0.18488271782722
N            4.52435237256338        4.03980537669370       -0.72311357282361
N            5.75124824823966        2.00231716605756       -0.25882081855140
N           -4.97382455073505        3.85113864422596       -0.14823816617514
N           -5.45307014738593        0.61535820170932       -0.57175906687667
N            2.00880685643496       -3.96002666163236        0.01606450034690
N           -2.09340516531916       -3.90571184285695       -0.19508708554768
C            5.75741066892031        3.43390157736732       -0.58438932305299
C           -6.07690240291350        3.38160773191952        0.03754565207495
C           -0.04512683169736       -5.45229838011987       -0.33830842922171
N            6.96513650033734        3.90943257980951       -1.17216118367900
N           -7.19919367615985        3.23279226678335        0.42729523139053
N            0.03743759417302       -6.53851065778257       -0.97034632776990
C            2.44851835854522        4.31751710030519        0.19641139087895
C           -2.71797071145537        4.32382202601469       -0.35604692361845
C            2.30814329189828       -2.77731615782666        0.43380820968726
C           -2.38705042010837       -2.68304274263989        0.14834133531720
C            1.31577184294124        4.83863858847955        0.57061433800186
C           -1.49967750443100        5.11614891409573       -0.53008830612069
N            2.40671344035114        5.76120851199121        0.64340368686360
N           -2.64729309806195        5.72261185635639       -0.38489513121152
H            6.91554165868357        4.58343908799554       -1.92593262763138
H           -8.00912315686904        2.88185325705368       -0.04039791300176
H           -0.84237670362373       -6.94028998564086       -1.27438372321900
H            2.43808873165894        6.46589888221876       -0.09743677855051
H           -3.19084267352939        6.56142773863802       -0.32930088866605
H            0.25439728752329        4.81753706118566        0.63773202984572
N           11.60051778462469       -0.12849163150641        0.43798991428762
C           11.57669038273183        1.28653550834408        0.22156096763647
C           12.82226858043219       -0.77182926158485        0.37783876079935
C           10.37771210140676       -0.78399765571465        0.40902476301022
N           12.72721022981742        1.92326718655522        0.08473511031599
N           10.44342519993617        1.90844549765283        0.15048098253074
N           13.92851003973736       -0.11365446793771        0.21155873393236
N           12.80744359155866       -2.11918901270663        0.50231936803305
N            9.26449707164448       -0.15898308800135        0.27319239478203
N           10.41981223999410       -2.13952437215423        0.51467062624705
C           13.84529222936642        1.22133441109654        0.10776577132848
C           11.62128181865950       -2.73582081457460        0.81930833308329
C            9.30308793875864        1.19921565997686        0.18536618815805
N           15.05133181039928        1.85308324929605       -0.00554225639891
N           11.62872751546051       -4.06398080921774        1.16429656092811
N            8.16471926198572        1.85417840626323        0.16041630863569
C           15.30212952122049        3.26980090316769        0.08458705377446
C           16.21413264320459        1.17044903600468       -0.11063991733831
C            7.04522445346205        1.40407866788181       -0.27956780053597
C           12.61336744087651       -4.72621274623278        0.21939689822201
C           10.64032137262533       -4.71356729402350        0.24593667389656
N           16.47346963042762        3.75757838479822       -0.16282400987923
N           17.33728768931767        1.62552721977083       -0.25746842198612
N            6.64699031025798        4.23223781405697        0.14821748013271
N            6.34055491950407        0.84767755255403       -1.17500731975408
N           13.68403003817313       -4.10072476772957       -0.09384451027070
N            9.55353248403318       -4.11814049419008       -0.06129018292336
C           17.58113679594942        3.01791792609450       -0.45194301458859
C           11.62702910286445       -5.61326590029463       -0.35302943617945
N           18.71138284605254        3.38948376915316       -0.83044315898106
N           11.67296825583427       -6.66807046298931       -1.04233725170804
C           14.28487361980420        4.11236487618352        0.50672793149260
C            9.42385537383525        4.73376536298212        0.13544701878441
C           13.99061917012057       -2.90213537732553        0.28634482522918
C            9.24486938293592       -2.91821985251249        0.34335031872891
C           13.08893986536380        4.64845510084270        0.59226364045649
C           10.33036758438663        5.77288586505533       -0.48680604225304
N           14.12034119723024        5.56894239253886        0.85701917922023
N            9.05590893941278        5.96663974728840       -0.18995052178938
H           18.85082092158106        4.37738061241946       -0.98970862657579
H           10.77065016132526       -7.06130842057297       -1.28633522221125
H           14.31337724842422        6.25672277059277        0.12669169914387
H            8.28954885848044        6.61941504779525       -0.17823027763526
H           12.02847172831311        4.58983659636173        0.50835200110828
92
 energy: -209.827523544182 gnorm: 0.047835434764 xtb: 6.7.1pre (5071a88)
N           -0.01031655146729        0.06604118539473        0.44173185716354
C            0.01106326845155        1.47906215077050        0.24675729316825
C            1.23108602229168       -0.58811486591874        0.46777112378196
C           -1.20985674053961       -0.57935890522153        0.29471294404135
N            1.15113236770017        2.10204609332923        0.19383279046500
N           -1.12896816403232        2.12563167072424        0.09394583051235
N            2.34619290927970        0.07487236879449        0.38390208240143
N            1.16905242031320       -1.93988406679934        0.55310853102717
N           -2.30894855638457        0.06533603239188        0.02975578525741
N           -1.21609342845389       -1.92766337207135        0.42806383790253
C            2.28541503578342        1.39820019124930        0.27081928385927
C           -0.03869347516742       -2.53785496396600        0.83676434594516
C           -2.23397289655011        1.40590439797744       -0.01500660507644
N            3.48493773691736        2.09702402650424        0.13111290578413
N           -0.08210348068470       -3.87898051517506        1.18065634215932
N           -3.43325802750003        2.01121662672725       -0.21331591935032
C            3.48910472514094        3.49092131615255       -0.19457374617345
C            4.60475587444457        1.36301759631273        0.21138243584632
C           -3.67979192553621        3.42164507628385       -0.23365547549407
C           -4.49433954556262        1.21667529532275       -0.39724576799450
C            0.93061561067337       -4.55311387824179        0.28228751134375
C           -1.02278219446711       -4.50636918498987        0.18176896103242
N            4.52822698816790        4.06050918107586       -0.71633498401803
N            5.75805309174691        2.01084737178354       -0.27100527603328
N           -4.97824805843531        3.84631067135613       -0.13263097174889
N           -5.44985673323028        0.61334614011390       -0.56996269310723
N            2.02368420052447       -3.94289212810152        0.01487967577122
N           -2.07625286765692       -3.89596438697267       -0.20099348189264
C            5.75477489494215        3.43624502406467       -0.59390055452565
C           -6.08005113108120        3.37401249580433        0.05257393536205
C           -0.02716601336159       -5.44061159153214       -0.34015558464496
N            6.96756095697114        3.91480480649466       -1.20143796744237
N           -7.20003302996835        3.21904874064421        0.44691910707862
N            0.05494086559806       -6.52767962652438       -0.97059667639846
C            2.43610959763660        4.32519155672284        0.18583636157297
C           -2.72571040639490        4.32715871066567       -0.36325125378371
C            2.32122896755181       -2.76222900543144        0.43774644129376
C           -2.37110492197335       -2.67326933979126        0.14221657186671
C            1.29810426017729        4.83215444625229        0.56892841892890
C           -1.51018716251096        5.12249479884346       -0.54932304717468
N            2.37299695655347        5.77529446178564        0.60115086735749
N           -2.65858561315753        5.72574503736655       -0.39633698720873
H            6.89536085401946        4.60064697019904       -1.95848278519305
H           -8.01271258652982        2.87606542449082       -0.02183734818687
H           -0.82514510119270       -6.93015283722294       -1.27287478670859
H            2.37880445060409        6.45971356626065       -0.15937112720594
H           -3.20552123875129        6.56186360116340       -0.33512646542428
H            0.23628978416401        4.79219258725970        0.65410419113662
N           11.60278232864692       -0.14028774645855        0.44314891194763
C           11.57552445713767        1.27528298959023        0.23617367110953
C           12.82329307169523       -0.78123176088993        0.37417351358253
C           10.38080242318435       -0.79700331682846        0.43564452495561
N           12.72557222221639        1.91424922484369        0.10115522986826
N           10.44267980616372        1.89499879600877        0.16234930890815
N           13.92913692557939       -0.12321912309442        0.20351647022821
N           12.81127358966955       -2.12829564820125        0.49380070310782
N            9.26686391070128       -0.17266988646696        0.31670239034550
N           10.42393874555597       -2.15514591052127        0.53103181937980
C           13.84329845851127        1.21237078019256        0.11175246283245
C           11.63019770307385       -2.74942214368257        0.82068418587776
C            9.30202649104149        1.18501910426219        0.20280622269333
N           15.04744564714399        1.84602869275824       -0.00362529751272
N           11.64520206583551       -4.07820756117837        1.15898119934233
N            8.16881820015118        1.83968970729845        0.15863940143826
C           15.29424432050326        3.26331233588612        0.08523027893912
C           16.21009049583362        1.16317548246431       -0.10743929293293
C            7.05603706696295        1.41604948469880       -0.29230683950532
C           12.62709552533671       -4.73433556348181        0.20795548514146
C           10.65416249173868       -4.72641567804483        0.24109840534757
N           16.46486863865094        3.75189071410851       -0.16478923361711
N           17.33258365254769        1.61992267704031       -0.25585571538847
N            6.65639814688678        4.24336891216022        0.11460426012010
N            6.32930187970446        0.88276758966806       -1.17828804758840
N           13.69254794906789       -4.10398667397676       -0.11167258436984
N            9.56479420429655       -4.13387485031709       -0.06140739857938
C           17.57305163423559        3.01239361704752       -0.45327636410216
C           11.64204800307362       -5.62445144545853       -0.36068419143778
N           18.70276948987209        3.38379960781465       -0.83353503643466
N           11.69461341282096       -6.68028619047697       -1.04801108406972
C           14.27400638503590        4.10252133788413        0.50642895517898
C            9.42338037297887        4.74608764244529        0.15745414705094
C           13.99623520480485       -2.90421019796005        0.26789505078263
C            9.25227752043880       -2.93613539988399        0.35338330087876
C           13.07377377670040        4.62938452758561        0.59563610649110
C           10.31599609131413        5.78900181801229       -0.46204389708091
N           14.10019844096033        5.55860092557556        0.84931623574722
N            9.04645882651556        5.96911575111706       -0.14978922334897
H           18.84200348877805        4.37119691227573       -0.99478743033370
H           10.79646663270285       -7.08332623657612       -1.29080264394831
H           14.28406847021167        6.24460815454064        0.11483701823596
H            8.26901289092664        6.61189144175913       -0.14819074835544
H           12.01304295172515        4.56054315413455        0.51985084179923
92
 energy: -209.831163390919 gnorm: 0.052648088891 xtb: 6.7.1pre (5071a88)
N           -0.00620742140247        0.08113101326952        0.44921278851569
C            0.00826203263427        1.49165401436652        0.25428712922246
C            1.23588134297424       -0.57143681431288        0.46473516510394
C           -1.20283799023759       -0.56798123531706        0.30103167379388
N            1.14676757236089        2.11821438897739        0.19083189488199
N           -1.13397513973622        2.13613479945437        0.10901742077225
N            2.34824056410584        0.09458507207707        0.36503095682943
N            1.18179313732566       -1.92106155215720        0.55761986611355
N           -2.30423986722526        0.07176391548955        0.03264410411443
N           -1.20288539134569       -1.91639835736105        0.43208916545969
C            2.28133586699517        1.41782758491412        0.26147765206025
C           -0.02299825216204       -2.52290644523349        0.84366316661629
C           -2.23653153920681        1.41210504984289       -0.00626134594267
N            3.47915662762009        2.11307462260935        0.12359237328283
N           -0.06163287136638       -3.86484760390515        1.18284171851889
N           -3.43574704241051        2.01502879583576       -0.20598370721580
C            3.48148576919861        3.51151535366215       -0.20160941202894
C            4.60058635180611        1.39500222579173        0.19576159600393
C           -3.68557081913772        3.42490785128366       -0.22773254986264
C           -4.49349267695488        1.21525733239752       -0.38787758263520
C            0.95351758778717       -4.53429287006459        0.28347975848603
C           -0.99942362378695       -4.49308152483166        0.18150053382459
N            4.53538995607212        4.07680899676263       -0.69877608664302
N            5.75962388618652        2.02404429432007       -0.29656654212678
N           -4.98410832689453        3.84340266893290       -0.10983921266624
N           -5.43781480015945        0.60237384276563       -0.58729238242966
N            2.04415543441537       -3.91932845938030        0.01651452115377
N           -2.05275422788413       -3.88536229450383       -0.20534769925426
C            5.75322734597234        3.44351640664051       -0.59658622679448
C           -6.08363244198932        3.36591738564869        0.07524526933747
C           -0.00091932969038       -5.42466654044224       -0.33929260493497
N            6.96424675451037        3.92420656376428       -1.22155782700420
N           -7.20158038822587        3.20349196821650        0.47257946023585
N            0.08118517786087       -6.51302953678889       -0.96738941181993
C            2.42291511441270        4.33527029698439        0.17936068704732
C           -2.73516666589525        4.33160972473829       -0.37344773118223
C            2.33833697531533       -2.73900778965793        0.44078040841127
C           -2.35167452869507       -2.66384532452946        0.14012502280236
C            1.27903571697275        4.83052887452986        0.55803277715937
C           -1.52185732786477        5.12823436767100       -0.57542970066722
N            2.32799267205347        5.79553788562373        0.54987592779165
N           -2.67001054348881        5.72979670419719       -0.41262340752909
H            6.87729321103885        4.62842987440601       -1.96757665461379
H           -8.01534567447116        2.86530072232553        0.00273988058502
H           -0.79948317596183       -6.91596182771364       -1.26739158927425
H            2.31198117002576        6.45264310551496       -0.23356304049968
H           -3.21947256186227        6.56366611400875       -0.34487283911668
H            0.21978321275410        4.76476480803511        0.65798541195437
N           11.61016640259670       -0.15628418903622        0.45086199481015
C           11.57498689772058        1.25886617551533        0.25396456052617
C           12.82935868587184       -0.79480414233567        0.36975874765636
C           10.39124958295710       -0.81492369204787        0.46235685496747
N           12.72526003653793        1.90178911900547        0.12370332208293
N           10.44200717747115        1.87400800327036        0.18008320620711
N           13.93429495909704       -0.13638623414723        0.19015280230589
N           12.81950271812679       -2.14100356696316        0.48680787475017
N            9.27709354909706       -0.19368802140708        0.35553244557686
N           10.43342402415903       -2.17492008497770        0.55420585673769
C           13.84156641682892        1.20055295462687        0.11607580350282
C           11.64386768151400       -2.76713236147460        0.82534457791501
C            9.30102600931946        1.16256315307623        0.22366607962020
N           15.04358045776412        1.83837876921069       -0.00139188735360
N           11.66631687081629       -4.09669034374849        1.15505147974476
N            8.17009837079560        1.80988831478750        0.16606526131648
C           15.28455052399929        3.25713952418779        0.08549865905782
C           16.20585418471072        1.15592493177126       -0.10389758885629
C            7.06512493606582        1.42163286158097       -0.32296367456318
C           12.64180747222148       -4.74570692496386        0.19566176675001
C           10.66843415237184       -4.74115078463673        0.23621847243698
N           16.45427722746190        3.74659220433116       -0.16790204878434
N           17.32762814682604        1.61444075456953       -0.25569580039701
N            6.66922644087792        4.25390883665710        0.09590680756659
N            6.30726857738012        0.93490563801529       -1.22729803453055
N           13.70137678393708       -4.11066653409228       -0.13322790773500
N            9.57829147513881       -4.14997849605458       -0.06184834734249
C           17.56262945973480        3.00690798870274       -0.45677065870591
C           11.65663416907198       -5.63753498676425       -0.36983425709233
N           18.69121543147141        3.37879517982560       -0.84025214553009
N           11.71694147140095       -6.69553397963411       -1.05296792913866
C           14.26012171907799        4.09165387968415        0.50454371127484
C            9.43557516482444        4.75431288105772        0.21985325580746
C           14.00500660762109       -2.91100428118356        0.24730792584422
C            9.26239928525602       -2.95428493393785        0.36536823134136
C           13.05455487396813        4.60684366326016        0.59760106745329
C           10.29676543398245        5.81788498154918       -0.41095188724402
N           14.07272134118379        5.54789829000944        0.83633329469700
N            9.02936269783875        5.96861489561093       -0.11396862086221
H           18.83023627807748        4.36581188435516       -1.00259153091311
H           10.82395795589314       -7.10953185736300       -1.29611370483192
H           14.24419007817561        6.23218840503721        0.09731281692705
H            8.23352251039906        6.59203176865693       -0.13115021899761
H           11.99387090801019        4.52501890755176        0.53160559016246
92
 energy: -209.835037560256 gnorm: 0.048740220356 xtb: 6.7.1pre (5071a88)
N           -0.00366245869231        0.09499843861383        0.45806785041155
C            0.00608813137143        1.50258551078561        0.26260648842046
C            1.23895546893790       -0.55532355300617        0.46293021912872
C           -1.19837635208858       -0.55896314413945        0.30595977032338
N            1.14378769842498        2.13267132045219        0.19380258906728
N           -1.13809513099250        2.14501066470295        0.12152809134384
N            2.35106401483323        0.11179971077000        0.35261197322563
N            1.19186988991944       -1.90353512818973        0.55981172899710
N           -2.30102519145927        0.07731154913243        0.03452510334404
N           -1.19209013650990       -1.90712018099285        0.43466439440974
C            2.27932332373352        1.43579370352459        0.26354465156049
C           -0.00940586051107       -2.51003504211297        0.84965618437183
C           -2.23883163116861        1.41720568840043        0.00079294547798
N            3.47303569000208        2.13021759670898        0.13183526960084
N           -0.04300346406075       -3.85299949761707        1.18554514320696
N           -3.43859440164704        2.01851871749373       -0.20225882082192
C            3.47600058086569        3.53506270139920       -0.20109480080303
C            4.60133804451122        1.42573129887612        0.21219007083280
C           -3.69167798356481        3.42800365460098       -0.22313377848088
C           -4.48905489270374        1.21191824635545       -0.39912397375400
C            0.97697762179351       -4.51618771413059        0.28523717060764
C           -0.97557338797666       -4.48175467354066        0.17959783548636
N            4.54263152196579        4.08745501407614       -0.68978879773704
N            5.75671585816731        2.03755782387038       -0.31177756285009
N           -4.98991452842351        3.84261298095590       -0.08930052090044
N           -5.43779785196687        0.60263729776813       -0.58486461771667
N            2.06477167841203       -3.89610118112828        0.02002886003203
N           -2.02892509528561       -3.87772415898463       -0.21199907969921
C            5.75260456163380        3.45514420462343       -0.60637038883385
C           -6.08734609598332        3.35940381374086        0.09319988569205
C            0.02740553455075       -5.40915806215457       -0.34019344826714
N            6.94790437883421        3.93644245810541       -1.25499333571482
N           -7.20081886148608        3.18438619680486        0.49847492319287
N            0.11118536066134       -6.49850500799331       -0.96636966419857
C            2.41716647840254        4.35517816582105        0.17109765533220
C           -2.74456512898160        4.33539606574491       -0.38280532177680
C            2.35459313365528       -2.71434860781455        0.44297982336803
C           -2.33439681648216       -2.65861558925451        0.13826575292571
C            1.26365330826365        4.83762323083507        0.54443069367322
C           -1.53280988010259        5.13122166937971       -0.60084637909518
N            2.28233334956741        5.82782471555859        0.49077375637471
N           -2.67942870658660        5.73318876833429       -0.42768348939499
H            6.85651413609777        4.65767751611717       -1.98329646357516
H           -8.01786409014291        2.85366078425936        0.02880677933233
H           -0.76989462241214       -6.90125860100799       -1.26562935062256
H            2.24386414173353        6.45636044133346       -0.31656382383901
H           -3.22971232605771        6.56604518051090       -0.35536205704661
H            0.20844340920630        4.73969231418316        0.66385279136133
N           11.61912841553378       -0.17252831316873        0.46004384739795
C           11.57511713283448        1.24133576605368        0.26877675066769
C           12.83864295958766       -0.80955239263700        0.36643515498301
C           10.40379759508599       -0.83264274922224        0.48129964056999
N           12.72580839168930        1.88792236650524        0.14494244373302
N           10.44141568282253        1.85210730274131        0.19018895775729
N           13.94179713721657       -0.14961430733334        0.17652551923106
N           12.83059670439351       -2.15489589400407        0.48325031824506
N            9.28876440720770       -0.21397860306783        0.37577043865875
N           10.44589370429795       -2.19317810188220        0.57802527767650
C           13.84080636819598        1.18850986001051        0.12031228161150
C           11.65934555283631       -2.78468339543293        0.83203669658182
C            9.30068836041309        1.13925479457524        0.22901281317180
N           15.04120751861818        1.83144998430668        0.00280026783606
N           11.68734927554732       -4.11605918218627        1.15331769487957
N            8.16583504470708        1.77599620354931        0.15410150794212
C           15.27629357589026        3.25225030291007        0.08684836817453
C           16.20369450357390        1.15064380910424       -0.09877603902146
C            7.06997250725859        1.42045360269686       -0.35279763656024
C           12.65469921872745       -4.75833489942167        0.18449281254058
C           10.68110363873945       -4.75584397894498        0.23228129104810
N           16.44502378332784        3.74292852379767       -0.16933221049185
N           17.32479193417116        1.61085109726879       -0.25441606791732
N            6.67921290918931        4.26548526829630        0.06709332741833
N            6.28479226502910        0.98505400911150       -1.25333378261113
N           13.70944444559447       -4.11989933064463       -0.15371736182322
N            9.59195292948898       -4.16301316496356       -0.06111330295147
C           17.55343418840223        3.00325431114013       -0.45911831555548
C           11.66813702649956       -5.65006738547780       -0.38005026329859
N           18.68037665801675        3.37681146188814       -0.84649220494601
N           11.73430727005781       -6.71055587452623       -1.05811538794456
C           14.24753516731125        4.08167276858916        0.50348665760047
C            9.45579037925218        4.75876135911462        0.26828304024085
C           14.01543069576505       -2.92200165488537        0.23050113227012
C            9.27400744243284       -2.97005049989150        0.37766931820998
C           13.03683750550537        4.58503082694227        0.60097968894569
C           10.27821866197696        5.84809294509478       -0.39256583486804
N           14.04475677074452        5.53864874363781        0.82434214607820
N            9.00616995293964        5.95946217557814       -0.05814596483141
H           18.81828232453955        4.36379562018660       -1.00958446186104
H           10.84564522855408       -7.13272747720132       -1.30281729702268
H           14.20291777205386        6.22163248874895        0.08150755025324
H            8.18926939015097        6.55517294470655       -0.06982929363058
H           11.97652118355549        4.49020836656103        0.54557275563601
92
 energy: -209.839004818548 gnorm: 0.044767098105 xtb: 6.7.1pre (5071a88)
N           -0.00146925768443        0.10706484986705        0.46744254212583
C            0.00515172216556        1.51234417273312        0.27118399098875
C            1.24206932288376       -0.53961137398015        0.46252157390258
C           -1.19551967463608       -0.55216327224733        0.31206934226196
N            1.14191892588637        2.14586842448416        0.20211582779191
N           -1.14057637977585        2.15229464344597        0.12949114867409
N            2.35502129268778        0.12710845983998        0.34453952433065
N            1.19988166570037       -1.88761507745225        0.55942234337604
N           -2.29899199512787        0.08243942026287        0.04075795603061
N           -1.18341251029710       -1.89984918826153        0.43754038264568
C            2.28011653488189        1.45210611362974        0.26752382586139
C            0.00239560634119       -2.49915104777361        0.85471171082134
C           -2.24008776610747        1.42179584275396        0.00784131458652
N            3.46778433756257        2.15157403916453        0.13594709134528
N           -0.02645356651136       -3.84315908275742        1.18966382169208
N           -3.44138657694219        2.02204498436643       -0.19554228406639
C            3.46891888631638        3.56094425506514       -0.20501220852603
C            4.60472823262656        1.45444079844546        0.23131488192931
C           -3.69743928004658        3.43094749856523       -0.21704969091950
C           -4.49106669096740        1.21458328121798       -0.39078003472218
C            0.99931543207242       -4.50037015387252        0.28885098449352
C           -0.95289455558494       -4.47270391959734        0.17882264866806
N            4.53914511535464        4.10090252495848       -0.69923564254352
N            5.74744581203440        2.05652916568485       -0.32965301913161
N           -4.99518411773203        3.84303854345020       -0.06418068372313
N           -5.42838698896522        0.59464568326193       -0.60366319952786
N            2.08393952943454       -3.87540136242080        0.02546793423069
N           -2.00691513427097       -3.87307738350111       -0.21660377466837
C            5.74873635164700        3.48028693376070       -0.61903442953516
C           -6.08947147172178        3.35245497359947        0.11876870605482
C            0.05507988632253       -5.39561633306391       -0.34029630222736
N            6.91679006380634        3.96200596620568       -1.28573329178006
N           -7.20102735402687        3.16925892789654        0.52510380078037
N            0.14219439203084       -6.48570904378572       -0.96476169346139
C            2.41001429833965        4.38019432006734        0.15177237440459
C           -2.75349158680028        4.33859020348502       -0.39383357053071
C            2.36863614905337       -2.69053979971005        0.44393148943905
C           -2.32028116750927       -2.65711520068975        0.13937640157588
C            1.24664085877452        4.85076203813387        0.52328333243689
C           -1.54322476289514        5.13195844080660       -0.63115510098547
N            2.23517407436868        5.86214990323994        0.42747530472685
N           -2.68711763031982        5.73582957239740       -0.44344168712338
H            6.82539684430550        4.69131428267836       -2.00234273504865
H           -8.01823355671418        2.84063284982018        0.05440112027126
H           -0.73869431874340       -6.88816166391656       -1.26528953397875
H            2.17669140011897        6.46555873001034       -0.39745226905302
H           -3.23664583516176        6.56891154694600       -0.36504522352571
H            0.19836095524188        4.72277234250594        0.66572514453711
N           11.62808923758450       -0.19193450911263        0.47165726445663
C           11.57587893237790        1.22088169206056        0.28439750325224
C           12.85005143456262       -0.82668973289640        0.36354418756658
C           10.41546335593064       -0.85421511935296        0.49517718224909
N           12.72550593514500        1.87168950042233        0.16494885731208
N           10.44001736094259        1.82852502998024        0.20717455646404
N           13.94935138359939       -0.16246315407664        0.16373108122427
N           12.84511758814588       -2.17168000696269        0.48057921641674
N            9.29700024950341       -0.23734443381952        0.38861653036277
N           10.46145348900631       -2.21382208046111        0.59932900938955
C           13.84096267587505        1.17609373687685        0.12368589653513
C           11.67789400555886       -2.80467964892077        0.83811252935674
C            9.30098247521670        1.11234248531498        0.23865864305404
N           15.03988290747420        1.82451643629325        0.00763425206411
N           11.71005094040288       -4.13860589246654        1.15214627456530
N            8.15966041069153        1.74113809890523        0.15371372523419
C           15.26981572274414        3.24775802606242        0.08694239690394
C           16.20380667348265        1.14757041739306       -0.09401494572523
C            7.06667046944466        1.42155946713967       -0.38495029184236
C           12.66922050645420       -4.77398703320149        0.17322856305792
C           10.69578453966489       -4.77506063779112        0.23052027279831
N           16.43701365163493        3.74047734810333       -0.17200577090565
N           17.32383403633258        1.60960599964930       -0.25364060424085
N            6.68437032063399        4.28221159806991        0.04516583651813
N            6.26556369535263        1.04591912592577       -1.30240866605901
N           13.72005906662695       -4.13282060852632       -0.17330807985624
N            9.60718066088509       -4.17864130244479       -0.05542646420786
C           17.54606813170735        3.00189378508791       -0.46281321247275
C           11.68050688877130       -5.66491668296375       -0.39134082118630
N           18.67069946015853        3.37838634557913       -0.85457748845620
N           11.74860157183446       -6.72707917703910       -1.06552979463801
C           14.23694758260454        4.07240149008451        0.50077066835352
C            9.48545064357231        4.76633603863664        0.33230216896384
C           14.02912108204607       -2.93761013823647        0.21631065357453
C            9.28847841169555       -2.99000287217425        0.39272952187421
C           13.02169278386969        4.56429364658336        0.60446621305248
C           10.26159351370076        5.87664268168606       -0.36231747258968
N           14.01831692957952        5.53058515582054        0.81138710044493
N            8.98674202312232        5.94753961522149       -0.00205897237734
H           18.80600619629247        4.36562937595466       -1.01894534708488
H           10.86198830564401       -7.15330958082892       -1.31021822812056
H           14.16252807933261        6.21188916850665        0.06473985067709
H            8.14936329759615        6.51145009855288       -0.00463988976525
H           11.96181386177604        4.45628341763941        0.56262094889792
92
 energy: -209.842385097071 gnorm: 0.038521170216 xtb: 6.7.1pre (5071a88)
N            0.00284693470667        0.11745281255828        0.47593476434756
C            0.00759591025859        1.52259352999441        0.28226762758990
C            1.24746994681736       -0.52461864394669        0.46414612472929
C           -1.19091627503653       -0.54668708964044        0.31644055968400
N            1.14348834555107        2.15952511014845        0.22133780631905
N           -1.13940053895767        2.16025560513185        0.13799164545473
N            2.36114460588437        0.14151436655677        0.34500338492894
N            1.20806448680037       -1.87341263913663        0.55660346534094
N           -2.29429840005982        0.08765551967442        0.04622004122144
N           -1.17440590360844       -1.89382114445339        0.43796838685215
C            2.28540374266299        1.46763607398390        0.27850406477263
C            0.01386913405106       -2.48973407861959        0.85633153831943
C           -2.23726196706098        1.42715095169774        0.01468711593540
N            3.46842260500648        2.17416893824093        0.14294201095749
N           -0.01087856874480       -3.83451580314604        1.19226692718652
N           -3.44096165841863        2.02397851700092       -0.19255724951240
C            3.46415726444313        3.58319050340259       -0.20034439635318
C            4.61161267430053        1.47555391993199        0.26184062279166
C           -3.70166500104680        3.43234571736571       -0.21112950281573
C           -4.48466578476592        1.21362307104479       -0.40940445812741
C            1.02086749969516       -4.48682546943156        0.29209005930581
C           -0.93114007817603       -4.46496694321377        0.17721983489533
N            4.52679422478076        4.11940382261108       -0.71314906533969
N            5.73685773871588        2.07614083589196       -0.33975845601653
N           -4.99807665532805        3.84404149742073       -0.04353964671103
N           -5.43335386815207        0.60421138790845       -0.59011499898118
N            2.10251407973784       -3.85750870138893        0.03059643538610
N           -1.98665304582422       -3.86995450768302       -0.22025624164599
C            5.74257250939764        3.51082167982633       -0.63074785982895
C           -6.09026277726748        3.34731036791646        0.13639931667142
C            0.08169414818645       -5.38372150816921       -0.34139168847284
N            6.87863739035416        3.99389216638574       -1.32281178840861
N           -7.19584446858479        3.14915056435854        0.55340608477700
N            0.17375358646554       -6.47390559921575       -0.96495403000484
C            2.39938872354670        4.40089635239155        0.13524701907899
C           -2.76109967191090        4.34053281279807       -0.40195550712210
C            2.38167041841729       -2.66899602917135        0.44368806172509
C           -2.30802586055030       -2.65719565138049        0.14009021442453
C            1.23030643396346        4.86386740438258        0.48880113947388
C           -1.55244618117197        5.12993722649194       -0.65882008665162
N            2.18951053948182        5.88951775761308        0.36362510901427
N           -2.69216787493515        5.73704682727855       -0.45640378669304
H            6.78946083753088        4.72993233124758       -2.01971453716011
H           -8.01817360476416        2.82920338424232        0.08437812128247
H           -0.70596195497977       -6.87654633882872       -1.26894681550843
H            2.11889999493088        6.46830725776705       -0.47359757641477
H           -3.23928996603006        6.57136652040991       -0.37454530047237
H            0.19239284989286        4.71131355056789        0.65280716305941
N           11.63200303797312       -0.21120101708314        0.48354424552314
C           11.57532019671086        1.20091295979997        0.29698595063708
C           12.85770969036421       -0.84285917064632        0.36302217556424
C           10.42125862029780       -0.87755381812831        0.50425165275379
N           12.72198451920330        1.85568902007052        0.18010743378125
N           10.43643260558922        1.80706728327292        0.21917289887003
N           13.95166848001503       -0.17254480864489        0.15633622604122
N           12.85735375547591       -2.18820697555926        0.47771720076906
N            9.29877100416324       -0.26273385898403        0.39050597254920
N           10.47478106735699       -2.23469597328970        0.61516917535670
C           13.84017212905573        1.16517875825162        0.12779491174331
C           11.69436359215809       -2.82453418761962        0.84315262886727
C            9.30179920561677        1.08424140325801        0.23845021906692
N           15.03746345440373        1.81787508798472        0.01392263747485
N           11.72968040381385       -4.16177131712906        1.15068594206766
N            8.15336163026902        1.70935075457595        0.14484476019393
C           15.26355997294654        3.24335412205104        0.08674276510728
C           16.20389764444638        1.14602995200775       -0.08885280668441
C            7.06281303744553        1.42494359858398       -0.41231172947087
C           12.68293417292649       -4.78909695175419        0.16215612547973
C           10.71084876400283       -4.79699105306998        0.22973698532891
N           16.42874957832117        3.73877368344090       -0.17531587740754
N           17.32243973865105        1.61029752100717       -0.25205643098369
N            6.68821518981116        4.30547520674265        0.02107034185157
N            6.25376201492458        1.10802513565835       -1.34056634657713
N           13.73074477979328       -4.14548452545394       -0.18956867794785
N            9.62134889872699       -4.19674735205703       -0.04639972343631
C           17.53928551008212        3.00243529024368       -0.46663007850047
C           11.69310991169731       -5.67998931415005       -0.40322266616269
N           18.66139215316980        3.38239148467984       -0.86243186069448
N           11.76017210232506       -6.74284261331219       -1.07556630495354
C           14.22727141005825        4.06392735945248        0.49847102213139
C            9.51417002898309        4.77553053222464        0.40454075825731
C           14.04128281637198       -2.95268317800638        0.20599826559305
C            9.30259545337828       -3.01384676051536        0.40748301933520
C           13.00801142911982        4.54456505294695        0.61110953425698
C           10.24280843924188        5.89873263243442       -0.31796667945730
N           13.99388906781256        5.52309983360977        0.79996518781615
N            8.96892537922058        5.93473339528997        0.04121717206568
H           18.79269158715420        4.36997355231571       -1.02907555285482
H           10.87350130013863       -7.17000097104372       -1.31816116211017
H           14.12329807955644        6.20142050064227        0.04832095602684
H            8.11322584219043        6.46666685619162        0.04862375269436
H           11.94866178482403        4.42383163288771        0.58538932674925
92
 energy: -209.844902401450 gnorm: 0.036248025319 xtb: 6.7.1pre (5071a88)
N            0.00993644268506        0.12828287446173        0.48300096488670
C            0.01175693414412        1.53500425324790        0.29416371034113
C            1.25680619853283       -0.50835506594093        0.46926540323235
C           -1.18276846317913       -0.53930370381050        0.32153657418647
N            1.14589893699444        2.17545304435712        0.24418187511369
N           -1.13658067872547        2.16966264705093        0.14467011096963
N            2.36897488036639        0.16012227708638        0.35296899732194
N            1.21981640059102       -1.85827198309960        0.55614858536548
N           -2.28717175390233        0.09419458545982        0.05418767343119
N           -1.16244859453240       -1.88642032254361        0.43871553182550
C            2.29214151024777        1.48662596558698        0.29162859372251
C            0.02767902866621       -2.47881307220982        0.85659085387878
C           -2.23228875908060        1.43422863100637        0.02083069952388
N            3.47361134611637        2.19886671076280        0.14477692762009
N            0.00666261624422       -3.82391807070885        1.19353259563322
N           -3.43837927770689        2.02691969156988       -0.18478204258558
C            3.46060309112546        3.60339410598499       -0.20264819274069
C            4.61703059393616        1.49500102103681        0.27513349555955
C           -3.70362472930858        3.43442967701930       -0.20465329980905
C           -4.48754659487910        1.22146696390051       -0.38467553753558
C            1.04265355962557       -4.47337930661658        0.29526698218984
C           -0.90921892671929       -4.45619494467972        0.17673180202590
N            4.51018381963609        4.14802273973166       -0.72756057259431
N            5.72952140298109        2.09786729531115       -0.35758033931517
N           -4.99905989527352        3.84348606636535       -0.01657552983858
N           -5.41248050079447        0.59117084399427       -0.62659373247773
N            2.12188970762783       -3.84004725202686        0.03480494868980
N           -1.96690870847601       -3.86523467042591       -0.22084040479125
C            5.73407481701433        3.54164686618601       -0.64493438281230
C           -6.08762914416561        3.33980430419515        0.16819795517774
C            0.10728158841210       -5.37210547592219       -0.34098326105788
N            6.84610644988845        4.02837093298298       -1.36602447974967
N           -7.19350138609453        3.13961557566733        0.58097445499798
N            0.20459655285750       -6.46199711599483       -0.96414758919822
C            2.38618467886332        4.41789311363941        0.11581464220371
C           -2.76722097598096        4.34348401757612       -0.41655074311637
C            2.39575495465893       -2.64937980345394        0.44543291361386
C           -2.29435972871791       -2.65455508159738        0.14037010845871
C            1.20837966486154        4.86515547632955        0.47852841679858
C           -1.56110814320612        5.12972776628123       -0.69717309155497
N            2.14980774119528        5.91415540824153        0.28654677637951
N           -2.69676425997657        5.73912701314537       -0.47558185073023
H            6.74667794112961        4.77075876476746       -2.04755499743228
H           -8.01320120387597        2.81474915099780        0.11199963728679
H           -0.67297285254354       -6.86657869274733       -1.27183787277522
H            2.04396726213951        6.46269466522569       -0.57770621346635
H           -3.24180793007689        6.57441743823232       -0.38575281864039
H            0.17649511990054        4.69076447942948        0.67906170521541
N           11.62982171337290       -0.23096413431055        0.49367342099641
C           11.57245799930738        1.18126393749937        0.30862624131938
C           12.85892253760040       -0.85792322191634        0.36474719423207
C           10.41985724446611       -0.90267061752247        0.51448799862170
N           12.71475913572367        1.84024359051243        0.19255531769661
N           10.43053234975580        1.78636177306766        0.22942542491700
N           13.94787253995777       -0.18166814825925        0.15578402570083
N           12.86481739722522       -2.20411434532769        0.47262611581067
N            9.29384616603829       -0.29048994855671        0.39630709689688
N           10.48291372395313       -2.25755567672511        0.62588730233252
C           13.83741338157661        1.15483798069294        0.13471097178839
C           11.70698018485004       -2.84473700927346        0.84625667010658
C            9.30115001974270        1.05571678607953        0.23855711442534
N           15.03237935315340        1.81032656787398        0.02139580706474
N           11.74731580167807       -4.18471784231340        1.14825821116023
N            8.15231339151412        1.68462121567355        0.13284368423398
C           15.25500056067286        3.23759537443567        0.08651319247272
C           16.20178754288688        1.14370746070495       -0.08275947197114
C            7.06007189849225        1.43907147012188       -0.44368045074256
C           12.69821324312541       -4.80340446955014        0.15179513123209
C           10.72810285401725       -4.82208644024151        0.23080924736763
N           16.41773316380077        3.73619883502593       -0.18004230679597
N           17.31820088387402        1.61109159090481       -0.24922709733206
N            6.69396672011661        4.33296888308628       -0.01042360632956
N            6.24664307521780        1.17517530875830       -1.38443256540711
N           13.74261856432057       -4.15605711216891       -0.20264425986694
N            9.63474183312335       -4.22158000968747       -0.03434639051158
C           17.53081919058164        3.00321029134493       -0.47035793868777
C           11.70935277761954       -5.69698931027237       -0.41219088072803
N           18.65064896259476        3.38598120899854       -0.86952087028348
N           11.77498949041155       -6.75914552031188       -1.08576733766953
C           14.21570783553102        4.05485203695140        0.49655187174684
C            9.53795293812846        4.78979747716111        0.46514073068800
C           14.05069630372930       -2.96364288885269        0.19644565314436
C            9.31474624231592       -3.04442431576440        0.42326247478841
C           12.99255934819673        4.52409380465854        0.61986072431703
C           10.22921525470938        5.90975634572706       -0.29232021232046
N           13.96988225165142        5.51428843060238        0.78897247076292
N            8.96237439232370        5.92121795454816        0.10903626143186
H           18.77749861522484        4.37356387643942       -1.04017429690501
H           10.88738815509461       -7.18722622534676       -1.32371075812472
H           14.08360335938115        6.18818221866348        0.03050626342705
H            8.09111762415529        6.42446931233767        0.12663250608999
H           11.93373924555333        4.39066069947138        0.61207833547208
92
 energy: -209.848551040942 gnorm: 0.024962994153 xtb: 6.7.1pre (5071a88)
N            0.01477168394333        0.13063338306269        0.48414121498211
C            0.01488528095938        1.53868739838918        0.30078607148323
C            1.26194708929061       -0.50500559547863        0.47133076179185
C           -1.17694462437545       -0.53689046566634        0.32296823199664
N            1.14805466991458        2.17972296078596        0.25688232881079
N           -1.13373469336984        2.17265026366674        0.15140018248337
N            2.37219113768096        0.16577977772380        0.35625256277100
N            1.22634373413925       -1.85493004686384        0.55800266077865
N           -2.28173684856359        0.09569652209738        0.05636483333464
N           -1.15610893936530       -1.88415918911706        0.44005702011239
C            2.29456908284293        1.49212852573326        0.29996561341932
C            0.03382983149338       -2.47563829326843        0.85699528630746
C           -2.22812262837344        1.43609892237851        0.02460611311611
N            3.47770021891026        2.20215493598563        0.15294097939117
N            0.01368048959122       -3.82014272740640        1.19471388067073
N           -3.43418736195852        2.02596330914485       -0.18481674682154
C            3.46158054933557        3.60513390292583       -0.19044634045288
C            4.61929301604377        1.49018915998624        0.24612393456391
C           -3.70115699229172        3.43352398927536       -0.20410159523982
C           -4.47551251532293        1.21369503151090       -0.40109450038420
C            1.04933731019095       -4.47020625967769        0.29752098716929
C           -0.90280829697228       -4.45377443378544        0.17950348741889
N            4.50806983248257        4.15815553010786       -0.70939583509221
N            5.73472535658927        2.10777310932907       -0.36461343367126
N           -4.99623113832757        3.84232874857858       -0.01760227920151
N           -5.42545403637153        0.61141535892191       -0.60913197125624
N            2.12859677796453       -3.83660047111382        0.03642094882405
N           -1.96169783217353       -3.86349759424816       -0.21646965646523
C            5.73637880256229        3.55143804668693       -0.63648581560276
C           -6.08474889029464        3.33893269236408        0.16729448577502
C            0.11374965283982       -5.36961021375318       -0.33784335622189
N            6.83524066609185        4.02887836954851       -1.38975140002735
N           -7.18595987787013        3.13134110365963        0.59012006569238
N            0.21237695785609       -6.45892981335498       -0.96166714554018
C            2.37933742107243        4.41650715298310        0.12072658915810
C           -2.76588414965591        4.34259479191898       -0.41733957392492
C            2.40169364698671       -2.64622110109079        0.44779775722403
C           -2.28890047147239       -2.65250124123781        0.14260475195913
C            1.20242882134885        4.86391547779941        0.47525731096638
C           -1.56138540189277        5.12782110533737       -0.70503030531948
N            2.14201897202318        5.90700478789211        0.27607433212579
N           -2.69526048525623        5.73804515016302       -0.47984156296157
H            6.71077194710522        4.77934700447479       -2.06431754426385
H           -8.01143514283922        2.81480607538860        0.12500176259068
H           -0.66401560942689       -6.86547664922060       -1.26981364798165
H            2.03684561977840        6.43942646592162       -0.59260325153244
H           -3.23926046996448        6.57396844975429       -0.39175634142854
H            0.17254610210626        4.69525675083722        0.67584176060404
N           11.62396516646275       -0.23416985153311        0.49353013439233
C           11.56672861167117        1.17835512744724        0.30825287706545
C           12.85329126012946       -0.85953726272116        0.36732902943354
C           10.41413113026193       -0.90794962147411        0.50967607440329
N           12.70847166994295        1.83862043040244        0.19064940594155
N           10.42403883020454        1.78171827982357        0.22875527596846
N           13.94251254146920       -0.18311584136232        0.16137693800881
N           12.86092052849238       -2.20579588696579        0.47180907278571
N            9.28801114143485       -0.29862613620466        0.38580215391491
N           10.47913266872919       -2.26275577236980        0.62130474942796
C           13.83267091204399        1.15368680824030        0.13744930270907
C           11.70405931476476       -2.84804086038912        0.84503245745572
C            9.29457339213350        1.05005373032907        0.23604056708151
N           15.02720736822591        1.80903239791797        0.02226330090628
N           11.74733439060222       -4.18735685838814        1.14770720216529
N            8.14965706447294        1.68085379893136        0.13024258519965
C           15.24924891577590        3.23623785946547        0.08530878039060
C           16.19711785158787        1.14337719920079       -0.08247983096472
C            7.06136627641191        1.44271862160256       -0.45373946710937
C           12.69962075702093       -4.80504438608597        0.15164677183297
C           10.72972756101427       -4.82825257510188        0.23371029550349
N           16.41118034871372        3.73546790943628       -0.18366509824309
N           17.31272353839370        1.61167289701336       -0.25027021857445
N            6.72312777707713        4.34275054960284       -0.03799718381986
N            6.26493338678589        1.20769393709610       -1.40951601995827
N           13.74306927821831       -4.15619834302927       -0.20190102615402
N            9.63399794403183       -4.23146878905661       -0.03015691988513
C           17.52538258273888        3.00379347740198       -0.47300625216969
C           11.71218792989909       -5.70103255487379       -0.41005562180436
N           18.64494685124773        3.38638000736522       -0.87276761245824
N           11.77755620068765       -6.76163686432802       -1.08669473967806
C           14.20969437209597        4.05337696503819        0.49509530434494
C            9.61829938608268        4.83442682219878        0.54522074892496
C           14.04843277674557       -2.96241823705357        0.19595723696350
C            9.31273774654924       -3.05308120553090        0.42485692197875
C           12.98642178214497        4.52041351477510        0.62228317082382
C           10.19888108670401        5.93069537798041       -0.33846661884180
N           13.96314490383413        5.51235676773317        0.78446586080639
N            8.95675720960108        5.90316461902590        0.12282207188846
H           18.77111289012868        4.37361229774899       -1.04512775317785
H           10.88935722323007       -7.18986337054924       -1.32211214334790
H           14.07256042587771        6.18352063925805        0.02335700265586
H            8.05923358600738        6.36179767808615        0.14547339098322
H           11.92823115533724        4.38500354484005        0.62001921009512
92
 energy: -209.851728167579 gnorm: 0.050939475374 xtb: 6.7.1pre (5071a88)
N            0.02142860803875        0.13369558187539        0.48569121629976
C            0.01924479049337        1.54412364541196        0.31255748264755
C            1.26984560309905       -0.49998303823838        0.47579134551101
C           -1.16890055030052       -0.53307171500498        0.32617483722372
N            1.15115481108852        2.18575881273416        0.27820115202007
N           -1.12941438291458        2.17655816206367        0.15963062891246
N            2.37690726701420        0.17454273999479        0.36300123112235
N            1.23706258918709       -1.84970636055514        0.56197744304589
N           -2.27530204876197        0.09817014040743        0.06163715585907
N           -1.14615940949963       -1.88089883100531        0.44294594101255
C            2.29796621377253        1.50040182830687        0.31169597024428
C            0.04372974572220       -2.47070772083474        0.85740847499227
C           -2.22279610740045        1.43929467155115        0.02840808537083
N            3.48422006308722        2.20796302223673        0.16472362365457
N            0.02596366642447       -3.81411343036552        1.19664756845643
N           -3.42858585002422        2.02723825766352       -0.18251493823984
C            3.46433524796344        3.60960216625681       -0.16357216569698
C            4.61976950041564        1.47984832774203        0.18605698953962
C           -3.69651284387503        3.43468052425791       -0.20403213999439
C           -4.47481192421607        1.21954859195368       -0.39374004943754
C            1.06155114713391       -4.46477836674218        0.30164376332663
C           -0.89097620475462       -4.45047626384397        0.18372869035884
N            4.50692235837352        4.18154134289163       -0.66569767484744
N            5.73891906780467        2.12692508940256       -0.38108906699548
N           -4.99011367996401        3.84111051713486       -0.00944919933559
N           -5.40439643397369        0.59971628565821       -0.61890377847645
N            2.14093687821487       -3.83066681280912        0.03990845721334
N           -1.95228522329097       -3.86175274726158       -0.20917986878354
C            5.73962278383674        3.57036303074119       -0.62366490557207
C           -6.07557027009953        3.33450890340168        0.18587881192810
C            0.12617269274789       -5.36560427073806       -0.33270342818891
N            6.81046599786835        4.03151870228850       -1.44347130359704
N           -7.17879705293046        3.13215411459019        0.60593388283990
N            0.22820535589492       -6.45338494379634       -0.95840708544719
C            2.36754805219325        4.41481848942013        0.13178039388209
C           -2.76340090737974        4.34287534074122       -0.42552585614444
C            2.41180781375509       -2.64069214179363        0.45305376831450
C           -2.28001107916984       -2.65036201205750        0.14605222936224
C            1.18902324773747        4.86339527558759        0.46761740189119
C           -1.56034018079008        5.12533632487350       -0.72317567166749
N            2.12747954737665        5.89816784824738        0.25510234519084
N           -2.69139322568341        5.73773803641438       -0.49286961226668
H            6.63598043774083        4.80210277457874       -2.09616772240823
H           -8.00191726766728        2.80752576981744        0.14181111285182
H           -0.64559124554566       -6.86434555705980       -1.26753119003399
H            2.02465150079870        6.40432652483583       -0.62332444086897
H           -3.23247366553113        6.57525222341244       -0.40456471779518
H            0.16112868495904        4.70496846713235        0.67084999002461
N           11.61345239631142       -0.23984941606715        0.49434675838781
C           11.55656553305143        1.17305788199284        0.30887573989776
C           12.84314906987469       -0.86216490069035        0.37333761268403
C           10.40393280543749       -0.91733327742623        0.49937182467723
N           12.69654123339545        1.83538799802898        0.18749993258398
N           10.41235468705005        1.77369322409947        0.23034489051941
N           13.93288278955484       -0.18514830418382        0.17389122183827
N           12.85416861811244       -2.20885605902011        0.47112854502140
N            9.27761890872507       -0.31291364570925        0.36316812248343
N           10.47238091637533       -2.27205512167829        0.61144556870254
C           13.82351912226463        1.15178894488447        0.14313514747532
C           11.69869838005445       -2.85391685479135        0.84276767915603
C            9.28307843184428        1.04012151759759        0.23100966411882
N           15.01680779158649        1.80718566669602        0.02518324866360
N           11.74728295759212       -4.19195708722849        1.14730348792805
N            8.14444044303521        1.67518726283260        0.12760166765170
C           15.23731640469888        3.23466427868599        0.08348398404477
C           16.18776348642510        1.14358061939250       -0.08074852117963
C            7.06095277105419        1.45278185001439       -0.47113085722510
C           12.70252564093552       -4.80780875759550        0.15157294054763
C           10.73309495182093       -4.83926095600399        0.23969482948358
N           16.39782505568765        3.73496151654500       -0.19020559492426
N           17.30155366977856        1.61378157560852       -0.25138973349735
N            6.78161314277906        4.35129117327322       -0.09381082823072
N            6.29770993352180        1.26716482315121       -1.45799919495273
N           13.74437945266337       -4.15620793526820       -0.20001451434438
N            9.63275230766120       -4.24963286304335       -0.02176824372326
C           17.51411811151621        3.00602026221458       -0.47750484447531
C           11.71789343271035       -5.70863836590028       -0.40528092294380
N           18.63338760287386        3.38810123612221       -0.87765951025435
N           11.78267458957777       -6.76579450269576       -1.08842926209671
C           14.19757751115561        4.05172194722640        0.49281121618393
C            9.75140829064486        4.89930298438652        0.64978805763842
C           14.04459245459380       -2.96000392380035        0.19569442628332
C            9.30928303880140       -3.06898045756559        0.42825552650514
C           12.97378685440757        4.51529019340648        0.62931290653603
C           10.16217165944757        5.97342074037781       -0.38402341751109
N           13.95060422308358        5.50988468589113        0.77596180239410
N            8.95761126063581        5.87254763246879        0.16009540028799
H           18.75875693509415        4.37475547813023       -1.05293013721008
H           10.89325382959161       -7.19444579981933       -1.31853069509073
H           14.05015308989689        6.17642641029474        0.00988133568806
H            8.01086803699511        6.24326470820725        0.17623585957723
H           11.91538005870157        4.37622329543363        0.64495670339707
92
 energy: -209.853731001132 gnorm: 0.035239966741 xtb: 6.7.1pre (5071a88)
N            0.02754030627129        0.13470934713385        0.48607942910693
C            0.02323288548311        1.54718913544712        0.32249762024744
C            1.27724089921260       -0.49710571480305        0.47910022719111
C           -1.16126316809059       -0.53172085408296        0.32710202090764
N            1.15419341404427        2.18946821915810        0.29538339111117
N           -1.12557465837213        2.17832849723573        0.16787167705732
N            2.38178369649560        0.18037667325814        0.36849068121650
N            1.24686997616683       -1.84668384037387        0.56442330558906
N           -2.26868594137832        0.09823061755245        0.06384708165110
N           -1.13685954602363       -1.88001950540740        0.44339963011025
C            2.30118121017110        1.50574279237672        0.31919911155041
C            0.05289881128121       -2.46833181434480        0.85605662351782
C           -2.21751124845620        1.43993992204332        0.03139814999725
N            3.48908649900223        2.21271260181739        0.17006579680680
N            0.03726746104161       -3.81096199123987        1.19625786074653
N           -3.42280690283613        2.02552344307331       -0.18405978596344
C            3.46639842137739        3.61469057873997       -0.13904268433403
C            4.61855369753902        1.47294954508804        0.13141078456233
C           -3.69266860193056        3.43309749341047       -0.20594696603485
C           -4.46662972172438        1.21609997863099       -0.40373040427482
C            1.07336450836356       -4.46124471666416        0.30296780580688
C           -0.87939942809405       -4.44945601295889        0.18435274770001
N            4.50639737268338        4.20433064094123       -0.62462576964056
N            5.73928638300099        2.14405697124895       -0.39918826754106
N           -4.98573206425487        3.83847482222508       -0.00857722664923
N           -5.40662683050934        0.60462596626636       -0.61415352793303
N            2.15288673424051       -3.82656249512583        0.04145852881862
N           -1.94267633933449       -3.86214957792771       -0.20613532617994
C            5.74022175110260        3.58812786759002       -0.61734698973277
C           -6.07018445716549        3.33104755290931        0.19017562636030
C            0.13876018294589       -5.36331961721549       -0.33131896796266
N            6.78339001804147        4.03882082539292       -1.49385181233480
N           -7.16858447355609        3.12196519705793        0.61991794681287
N            0.24435687760414       -6.44940219355659       -0.95921265192395
C            2.35847654979181        4.41408937199813        0.14396676196845
C           -2.76106454963972        4.34124936071808       -0.43265997729286
C            2.42151576291244       -2.63688295460430        0.45665560919210
C           -2.27126860354308       -2.65067442923354        0.14634924306016
C            1.17636100900413        4.86353866631661        0.46124172423600
C           -1.55970935933251        5.12163376810726       -0.74146029904366
N            2.11366678894250        5.89438483847668        0.23521511336585
N           -2.68825952396622        5.73576329981950       -0.50455453535993
H            6.56707741198820        4.82760610777952       -2.12254118048271
H           -7.99607080228309        2.80069390742356        0.16086899004589
H           -0.62703392360997       -6.86421538255328       -1.26960647761221
H            2.01402688270337        6.37756341096896       -0.65452755084533
H           -3.22719096524535        6.57464743730478       -0.41694402123748
H            0.14885588068592        4.71251544794509        0.66586077241654
N           11.60447981443481       -0.24419671365875        0.49651679791616
C           11.54767943992171        1.16898269202958        0.31188765067433
C           12.83481543906143       -0.86350005103318        0.38017810993599
C           10.39546214016599       -0.92484332701234        0.48998363005717
N           12.68577456945167        1.83323644731156        0.18797035127319
N           10.40207061066531        1.76750122039991        0.23550170083504
N           13.92488967657573       -0.18537854296937        0.18729474614217
N           12.84897711263527       -2.21066862416743        0.47229141269465
N            9.26891293197000       -0.32422164805376        0.34223161475347
N           10.46692694271395       -2.27949163563059        0.60270202028954
C           13.81514904230085        1.15137704270877        0.15065718538089
C           11.69430385193868       -2.85819665461363        0.84145092431875
C            9.27333441589024        1.03209546652244        0.22682947746429
N           15.00720995117882        1.80725130246808        0.03098245338365
N           11.74744130193243       -4.19516567656237        1.14806496749741
N            8.13891173626368        1.67110304645453        0.12697303886753
C           15.22642003948351        3.23523850877744        0.08461635450452
C           16.17913238562878        1.14566087555370       -0.07612953826958
C            7.05890776440524        1.46415071862390       -0.48533430848348
C           12.70576485332622       -4.80927040417312        0.15249160753490
C           10.73673195131512       -4.84786992051220        0.24519470443675
N           16.38573598617254        3.73638935480406       -0.19309467561911
N           17.29129499436466        1.61750555608758       -0.24934456352689
N            6.82676412129878        4.35475511765081       -0.14335330105632
N            6.32505521219558        1.31577528697078       -1.49900942344946
N           13.74633934873977       -4.15513188840670       -0.19705809261439
N            9.63239974405219       -4.26459952339265       -0.01452833277183
C           17.50367902227627        3.00995730395412       -0.47830674132435
C           11.72390318581439       -5.71440231539939       -0.40056041526109
N           18.62284535457639        3.39172508053674       -0.87817962656892
N           11.78875467977723       -6.76833309374464       -1.08942292885752
C           14.18748367778473        4.05232295559413        0.49439669599779
C            9.77045625298321        4.88258546712324        0.60951347529449
C           14.04187258070152       -2.95705101925608        0.19724364821249
C            9.30677565248962       -3.08221486324902        0.43109455440576
C           12.96362614313273        4.51336810330412        0.64143790916827
C           10.17506232457085        5.99660447430877       -0.31225154785330
N           13.94095159593095        5.51003394434280        0.77171560510289
N            8.97714433962877        5.86221483184188        0.20973760748014
H           18.74770927289775        4.37799475376644       -1.05557030421276
H           10.89856384662935       -7.19774487534267       -1.31529101316475
H           14.03010879085151        6.17250867023681        0.00093967463979
H            8.01671014140359        6.19583656076948        0.21356781219185
H           11.90455347770618        4.37250978966670        0.67489424380177
92
 energy: -209.855694397752 gnorm: 0.027200153983 xtb: 6.7.1pre (5071a88)
N            0.03234197639565        0.13501513514969        0.48982336575873
C            0.02704781130826        1.54805253697155        0.33053896125555
C            1.28309695177691       -0.49563880725800        0.48419273383069
C           -1.15568710806490       -0.53190581477118        0.33069939629459
N            1.15794212227366        2.19079657806472        0.30307540423699
N           -1.12208023684483        2.17844596748375        0.17636017961223
N            2.38718395454795        0.18222136399347        0.37306780588281
N            1.25380479968539       -1.84513720089358        0.56947272204137
N           -2.26343695389488        0.09736288251502        0.06756193305557
N           -1.13006246588612       -1.88039703191806        0.44684212890496
C            2.30511126658881        1.50724819134896        0.31935546300816
C            0.05991278248095       -2.46774444939482        0.85911842954589
C           -2.21302322528231        1.43916203082775        0.03633465110663
N            3.49138210034888        2.21668106363519        0.16197404651380
N            0.04569238725175       -3.81026226793347        1.19973021890820
N           -3.41779137511944        2.02408054189615       -0.18367621826571
C            3.46829229946227        3.62239979236092       -0.12472657583235
C            4.61730678833047        1.47771898400919        0.09931741768340
C           -3.68880950761777        3.43191720839753       -0.20676945310681
C           -4.45865770929888        1.21249296250130       -0.40977735498307
C            1.08300118810468       -4.45891098978390        0.30680654652638
C           -0.86972098084496       -4.44984275659780        0.18690737422251
N            4.50738674901088        4.22146376985608       -0.60271206402141
N            5.73457012882143        2.15507783184498       -0.42089326949033
N           -4.98177547300183        3.83746503608189       -0.00608063068383
N           -5.41196530498268        0.60936044770716       -0.60595936605330
N            2.16249213343792       -3.82379415829570        0.04638565276576
N           -1.93376980788971       -3.86357543116421       -0.20304948432966
C            5.73691798654823        3.60145093332498       -0.62966128891919
C           -6.06572768965069        3.33026446113135        0.19530607758613
C            0.14993255655023       -5.36191824015395       -0.32850196832679
N            6.75833708646894        4.05701285581126       -1.52941538809261
N           -7.15882491322957        3.11463916402637        0.63536006751230
N            0.25838671529768       -6.44687129984778       -0.95791861619209
C            2.35822526483947        4.41785918765111        0.15594364777163
C           -2.75784085794862        4.34010873685925       -0.43918719577855
C            2.42947888333284       -2.63380499482035        0.46252656884393
C           -2.26380783451082       -2.65248839993047        0.14918313120812
C            1.16982656634418        4.86713113130729        0.45841915279091
C           -1.55768891576715        5.11878295479242       -0.75932132355586
N            2.10418227603595        5.90294530515448        0.21730950214227
N           -2.68443649379868        5.73447488514726       -0.51532490262481
H            6.52483022951942        4.85371761692141       -2.13809757033019
H           -7.99018167044705        2.79501311960539        0.18227741430285
H           -0.61164188412457       -6.86371420678622       -1.26930488909604
H            2.00757193708358        6.36969788174686       -0.68594857284833
H           -3.22200393567152        6.57442910766385       -0.42773819158037
H            0.14017897026904        4.71580168722865        0.66194063562804
N           11.59873974901745       -0.24855958724066        0.49629360042779
C           11.54200059112396        1.16480217019791        0.31391708143596
C           12.82998777039611       -0.86607031733572        0.38307355370718
C           10.39012381901401       -0.92995836090404        0.48084090890278
N           12.67906458269365        1.82975721302631        0.19060107160086
N           10.39645788694293        1.76338386830072        0.24025551483245
N           13.92015406964222       -0.18670454029030        0.19463074891814
N           12.84564981112384       -2.21346862436326        0.47352507630820
N            9.26378191160576       -0.32914766332865        0.32596408254149
N           10.46281175252356       -2.28474630767359        0.59579233054091
C           13.80890011354147        1.14944769661547        0.15497216399132
C           11.69037237726327       -2.86166890264690        0.83959929822799
C            9.26844640169306        1.02789069416512        0.22029750505833
N           15.00005249132666        1.80631875634034        0.03419361652124
N           11.74570693310543       -4.19796364476047        1.14935538883825
N            8.13451402190538        1.67060766314785        0.12373352178655
C           15.21794380015298        3.23509508691488        0.08314811597403
C           16.17250052864061        1.14615777326003       -0.07425291761624
C            7.05555014621091        1.47628725641820       -0.49705992917614
C           12.70615531479396       -4.81191959998350        0.15398847711708
C           10.73719585887185       -4.85373979577034        0.24790771367335
N           16.37626526972309        3.73670737636166       -0.19854238744786
N           17.28359131950463        1.61889696077802       -0.25060666827556
N            6.83578316431228        4.35194965067564       -0.17419348284730
N            6.33501898496799        1.33417144263688       -1.52095199130560
N           13.74620390786179       -4.15660614302906       -0.19499886108226
N            9.63105723505810       -4.27377152254761       -0.01181210720239
C           17.49456549075656        3.01143631878072       -0.48280790472591
C           11.72598505049415       -5.71939037532474       -0.39752814032446
N           18.61352064762382        3.39311566343868       -0.88312837438132
N           11.79199374830203       -6.77197763934982       -1.08818027172432
C           14.18052572334773        4.05184059625975        0.49531743714237
C            9.83577767522141        4.90500439802457        0.63485262631136
C           14.03946658076893       -2.95794316535435        0.19880088800625
C            9.30405990072149       -3.09050754391213        0.43039907173091
C           12.95650506332305        4.50948619499044        0.65487366161024
C           10.16201553070539        6.01967468089340       -0.33524643911780
N           13.93274044641953        5.51003923867521        0.76694018236453
N            8.98325465432275        5.84201114594524        0.23875353281097
H           18.73812292359460        4.37919497235943       -1.06223146219991
H           10.90207438337850       -7.20270841229861       -1.31266320136371
H           14.01060802311030        6.16874561368104       -0.00876170682651
H            8.01235430733288        6.13592421844728        0.27906450226787
H           11.89707646930936        4.36648719230578        0.70316286813535
92
 energy: -209.857786047551 gnorm: 0.028971986801 xtb: 6.7.1pre (5071a88)
N            0.03923303259833        0.13574641087855        0.49686526101759
C            0.03246425016542        1.54863874582063        0.34125975582903
C            1.29167070064790       -0.49299307088970        0.49335977000196
C           -1.14810279335611       -0.53279369729412        0.33794556233413
N            1.16356812073873        2.19252430891297        0.30966018120772
N           -1.11750929410421        2.17776463347295        0.18945014477134
N            2.39602310915694        0.18460718164524        0.38073107758639
N            1.26392744508907       -1.84242791944756        0.57987870631505
N           -2.25669183345793        0.09561188867444        0.07513379574423
N           -1.12000931013374       -1.88146437434822        0.45403064229598
C            2.31101438912639        1.50890544247783        0.31623849986143
C            0.07066162726021       -2.46724067085586        0.86674797975901
C           -2.20741749273851        1.43721866169316        0.04492926292240
N            3.49256330907619        2.22374737373918        0.13976150130503
N            0.05878018363336       -3.80999051992224        1.20762212425536
N           -3.41132279410029        2.02333840954474       -0.17961828558259
C            3.46882847111982        3.63689384436078       -0.10913793830802
C            4.61385326902801        1.49220763775483        0.04944445092425
C           -3.68207858021097        3.43152841784039       -0.20725228782280
C           -4.45566651728782        1.21639225959172       -0.39986866813101
C            1.09890579669795       -4.45462193144170        0.31477121151838
C           -0.85358608360848       -4.45093057064487        0.19182543239737
N            4.50952258488469        4.24715004253173       -0.57341287416844
N            5.72472908531117        2.17028313200666       -0.46280075814889
N           -4.97389908921866        3.83634225631745        0.00739211290323
N           -5.38958629693361        0.59412015101958       -0.61661956602742
N            2.17829404907431       -3.81866672109364        0.05739937584773
N           -1.91836798246353       -3.86641599714067       -0.19835970819432
C            5.72966728247221        3.62365813290334       -0.65776178274722
C           -6.05431607190640        3.32625909215801        0.22095760337006
C            0.16928532387719       -5.35931181768227       -0.32327280989129
N            6.71293920287138        4.09454484559112       -1.58224451586219
N           -7.14654238683822        3.11330543242570        0.66245567302065
N            0.28273363838235       -6.44247445775767       -0.95502872791443
C            2.36013828719910        4.42726893952144        0.17436438751155
C           -2.75242919372572        4.33844748241156       -0.45360789800736
C            2.44231279807651       -2.62784738815899        0.47489092788264
C           -2.25162276309249       -2.65649902845723        0.15493264197601
C            1.16179193141165        4.87473478440519        0.45211386366407
C           -1.55273408568020        5.11280191318764       -0.78978186578632
N            2.09027180690281        5.92009220467816        0.19313815873704
N           -2.67664471684540        5.73206516997284       -0.53713209089542
H            6.46513184920888        4.89933157592656       -2.15763719931970
H           -7.97614880743098        2.78455263040288        0.21351255092468
H           -0.58529667005339       -6.86195327087838       -1.26844073139050
H            2.00157913962040        6.36261590208004       -0.72955038291112
H           -3.21106620165984        6.57419217160022       -0.44812831970240
H            0.12866568643902        4.71973504806964        0.65102983694488
N           11.58969415029462       -0.25566947308783        0.49437814257436
C           11.53299224192293        1.15824460250568        0.31777486503320
C           12.82278090330839       -0.87079706628521        0.38606188109015
C           10.38180584502487       -0.93716295945454        0.46475002715569
N           12.66918743894526        1.82392960746071        0.19765278882052
N           10.38779496113684        1.75797183703948        0.24998958747630
N           13.91308803007129       -0.18934212393147        0.20462893702447
N           12.84010772605776       -2.21836798914191        0.47602230254856
N            9.25634276502489       -0.33429254097184        0.29962923465397
N           10.45554915115280       -2.29207065772317        0.58385361005116
C           13.79906092728870        1.14581460486819        0.16177021099748
C           11.68271430918196       -2.86670623971406        0.83579604025487
C            9.26126423272880        1.02263437730442        0.20979562262108
N           14.98948435329523        1.80415352900052        0.03979387568053
N           11.74052582773007       -4.20197467979618        1.15181994698893
N            8.12648085079968        1.67067014542509        0.11857787969020
C           15.20612128986095        3.23433908331049        0.08072063055761
C           16.16229398559377        1.14607255609926       -0.07185878550777
C            7.05089909974456        1.49781039571798       -0.51628726080086
C           12.70457215552397       -4.81685684430944        0.15723608652464
C           10.73561052138045       -4.86204594828121        0.25098898422003
N           16.36256398972357        3.73603290201694       -0.20970690546379
N           17.27192403851562        1.61926759767123       -0.25472996018428
N            6.83365215716546        4.34824708924280       -0.22029372120226
N            6.34836055094945        1.35335347973622       -1.55092340111106
N           13.74418846105378       -4.16042396089754       -0.19128527768179
N            9.62756190996669       -4.28626449949612       -0.00985394050828
C           17.48044427779783        3.01194640296121       -0.49289733192546
C           11.72692075432024       -5.72733830711995       -0.39294721492969
N           18.59902557878165        3.39324823830166       -0.89455510673595
N           11.79578620765940       -6.77870509069054       -1.08451263640109
C           14.17242976719054        4.05047137830121        0.49840270489127
C            9.89982223276844        4.94348757523312        0.69933856759572
C           14.03446136659123       -2.96114754138448        0.20156183214789
C            9.29859153228324       -3.10176797553517        0.42654341876864
C           12.94890669364888        4.50218761100446        0.68144497258115
C           10.14591140071587        6.02250854250259       -0.35068119881738
N           13.92201069742192        5.50971145602575        0.76029848489753
N            8.99190886321911        5.81280326872903        0.27097839351890
H           18.72341216361724        4.37897234968370       -1.07655713831192
H           10.90721655479502       -7.21254035701410       -1.30830856124067
H           13.97885135103823        6.16170097068506       -0.02368005232748
H            8.02119774694028        6.06165990377028        0.34713391256549
H           11.88913953253071        4.35710706262832        0.75300447019664
92
 energy: -209.859156923412 gnorm: 0.028233525212 xtb: 6.7.1pre (5071a88)
N            0.04693455482534        0.13707139880788        0.50156952114291
C            0.03765642593294        1.55012844938353        0.35015965307758
C            1.30049715640655       -0.48945300966150        0.49966519070381
C           -1.13932722666369       -0.53346819855023        0.34288395214987
N            1.16803098447293        2.19592305866685        0.31697956657995
N           -1.11312763792031        2.17770984167617        0.20081558511415
N            2.40396177936439        0.18963713855944        0.38539909523235
N            1.27508284578581       -1.83882350597794        0.58838613327449
N           -2.24870588927595        0.09366622624116        0.07975829053159
N           -1.10874658499247       -1.88219472739021        0.45881391215931
C            2.31567300671645        1.51318587231816        0.31575338451905
C            0.08245771446267       -2.46604496839028        0.87264247368195
C           -2.20127787266414        1.43518408974298        0.05097184250829
N            3.49405494651491        2.23155260164621        0.12718994738312
N            0.07289514463201       -3.80899984455738        1.21328431055120
N           -3.40429701946483        2.02090459899690       -0.17882907057037
C            3.46864617287477        3.65002990166516       -0.09215671420378
C            4.61162585040971        1.49827935171273       -0.00368715601448
C           -3.67510148482144        3.42938100261894       -0.20912777824081
C           -4.44759096905159        1.21376707735190       -0.40298801761833
C            1.11580520789250       -4.44991518286605        0.32121377678935
C           -0.83654481726536       -4.45126669459581        0.19492501486941
N            4.51078313180952        4.26975844997406       -0.54175790956323
N            5.71972499657190        2.18371650605310       -0.50243734308724
N           -4.96538783048005        3.83448746943646        0.01511843787250
N           -5.38469967704169        0.59279726512661       -0.61551076987420
N            2.19508946318278       -3.81271802361951        0.06714556690594
N           -1.90223110959066       -3.86857575364040       -0.19547961345156
C            5.72623639520340        3.64439702063172       -0.67521600369887
C           -6.04359747854499        3.32305041295428        0.23635003741993
C            0.18951202393076       -5.35613983519636       -0.31972369712486
N            6.67004511195473        4.12374868757070       -1.64013176173117
N           -7.13036125735907        3.10372618664290        0.68941800957344
N            0.30781496160668       -6.43752579902949       -0.95366376913264
C            2.35672737440632        4.43596781209867        0.18867887184581
C           -2.74701953673324        4.33448249454541       -0.46755895623943
C            2.45582287395808       -2.62137711992131        0.48605732224936
C           -2.23847981580503       -2.65976641911528        0.15826609670256
C            1.15160967408167        4.88059215388690        0.44254654804210
C           -1.54809284890923        5.10397722933224       -0.81965750186851
N            2.07683801625170        5.92824651601752        0.18306654352132
N           -2.66842579117184        5.72713247119424       -0.55933404950769
H            6.39817878623985        4.94241487218878       -2.18559508947014
H           -7.96447649358220        2.77634563430020        0.24761522172607
H           -0.55805935010839       -6.85955195050092       -1.26966372392131
H            1.99837414691510        6.35475375690950       -0.74823874555983
H           -3.19940651170410        6.57151762745531       -0.47033573257638
H            0.11735170924174        4.72409515792662        0.63508379867857
N           11.57971191344507       -0.26068785233401        0.49324037521950
C           11.52322330215778        1.15397844240058        0.32290830127867
C           12.81434722541509       -0.87386311474579        0.39043027931651
C           10.37243891416762       -0.94297281808366        0.45102909540319
N           12.65896062030824        1.82068862373206        0.20603075715499
N           10.37768647154510        1.75401684174564        0.25815774599370
N           13.90498085883399       -0.19097912551544        0.21575920587158
N           12.83306095889482       -2.22151544537926        0.47921697017141
N            9.24787493945972       -0.33967131677674        0.27583204945926
N           10.44722276208438       -2.29775948826684        0.57243791586905
C           13.78955386736112        1.14380008416833        0.17109345143561
C           11.67391367173982       -2.87036432471594        0.83311335564131
C            9.25226684229371        1.01787743489280        0.20176552289896
N           14.97967259896826        1.80278600808847        0.04793131029569
N           11.73387029971599       -4.20462224042376        1.15425250488661
N            8.11839284100943        1.66910485838940        0.11116918736847
C           15.19579356324463        3.23391419523379        0.08221298544726
C           16.15261829932299        1.14642553073337       -0.06722113149733
C            7.04972534417350        1.51432158389118       -0.54085529849820
C           12.70218063579841       -4.82035668333885        0.16186572473094
C           10.73324843360562       -4.86914097017688        0.25370056704860
N           16.35018689540766        3.73532765403446       -0.21792239412709
N           17.26090978863012        1.61957890719275       -0.25660983486921
N            6.85505693658041        4.34959956556741       -0.27248115690486
N            6.36577430697844        1.38477042905115       -1.59232819684377
N           13.74150375234073       -4.16282414201224       -0.18530326578194
N            9.62358168152650       -4.29731631708273       -0.00932323413750
C           17.46776390783990        3.01228983885000       -0.50055854115696
C           11.72749247579816       -5.73396176042715       -0.38751812099141
N           18.58579666044187        3.39296451440430       -0.90423701453762
N           11.79956482126974       -6.78473079016572       -1.07957276308033
C           14.16551594303922        4.04993735078160        0.50523956320509
C            9.95107515545049        4.96573981258168        0.74123781502078
C           14.02830952760012       -2.96240436171428        0.20606204001146
C            9.29237705560363       -3.11127633145418        0.42104080204587
C           12.94313157954296        4.49705055702291        0.70924005035728
C           10.14152879580368        6.04270287603858       -0.31054088698034
N           13.91341534274039        5.50966877818356        0.75855870347756
N            8.99554008845296        5.78291582378499        0.30574179949036
H           18.70966273653167        4.37819845599477       -1.08928535912140
H           10.91253346883985       -7.22169912003488       -1.30327651238204
H           13.95063672516875        6.15526207449644       -0.03238588390547
H            8.00182562295459        5.96841326320303        0.36968169173633
H           11.88377511540249        4.35087239755839        0.80486012262279
92
 energy: -209.860403184176 gnorm: 0.032517477878 xtb: 6.7.1pre (5071a88)
N            0.05645047142917        0.13919219653688        0.50832906565993
C            0.04351597174470        1.55104581438808        0.35724034658329
C            1.31057286435927       -0.48469657715663        0.50743752066070
C           -1.12887641830727       -0.53530016777532        0.34983795641315
N            1.17278199255134        2.19997435206989        0.31631350871661
N           -1.10851541306820        2.17673515525957        0.21317679877472
N            2.41367547157968        0.19576058988165        0.38879276956537
N            1.28813246346406       -1.83386556236221        0.60127054581183
N           -2.23894579184924        0.09025565039430        0.08486239639392
N           -1.09503530488272       -1.88359133598598        0.46593379144216
C            2.32055549431158        1.51815313316341        0.31016080651910
C            0.09709867989676       -2.46495260112732        0.88363526684704
C           -2.19436771476296        1.43116453252086        0.05780030664389
N            3.49258095050132        2.24162929432035        0.10478129017843
N            0.09010538135679       -3.80882610838656        1.22272520761668
N           -3.39622908862614        2.01704729835737       -0.17751511048145
C            3.46543500762527        3.66535573942100       -0.08699734889233
C            4.60716195542808        1.51103045935993       -0.05834440682343
C           -3.66582067034565        3.42590195219309       -0.21113897426476
C           -4.43828690207167        1.20942623092429       -0.40551158538047
C            1.13746932731845       -4.44357988303511        0.33123104373427
C           -0.81452257924797       -4.45173589429731        0.19941332351896
N            4.51167662285788        4.28662517205313       -0.52213871664437
N            5.71197319291342        2.19500580510893       -0.55573549993443
N           -4.95321357318699        3.83261496820222        0.02793526253505
N           -5.38013675690453        0.59109753045216       -0.61407003024029
N            2.21648471706198       -3.80433773297170        0.08311597889765
N           -1.88045765512003       -3.87125791194640       -0.19311730008510
C            5.71933432837706        3.66612661680318       -0.70652897568545
C           -6.02829192488554        3.31941675980215        0.25953702682044
C            0.21635503958011       -5.35146772883338       -0.31491685471815
N            6.61803881927808        4.16147396207118       -1.69918111130459
N           -7.10834729960496        3.09291318999590        0.72628941119246
N            0.34045673124925       -6.43096058161717       -0.95091512320414
C            2.35426555394813        4.44877407064930        0.19752324736988
C           -2.73988881909899        4.32749848391081       -0.48727329109832
C            2.47289356633524       -2.61215724151545        0.50320555566507
C           -2.22121535341592       -2.66442963501251        0.16299882652309
C            1.14365721651423        4.88736937101767        0.42894567057775
C           -1.54135185906532        5.08918760449166       -0.85964369168592
N            2.06593390313929        5.93759632708652        0.18650710410573
N           -2.65627281416153        5.71845159234500       -0.59023797548212
H            6.33658845784604        4.99066385145989       -2.21319807355509
H           -7.94797846438409        2.76786701637797        0.29297500922162
H           -0.52327446192425       -6.85474357215437       -1.27061674696681
H            2.00263326335621        6.36027424658486       -0.74369323442516
H           -3.18210878306987        6.56604520217354       -0.50047454839487
H            0.10848245895037        4.72458650644322        0.61061299508368
N           11.56805119209981       -0.26439565690899        0.48956716326444
C           11.51227810486541        1.15140346275825        0.33026080139881
C           12.80452987695090       -0.87681735022284        0.39339250911569
C           10.36143874354075       -0.94606259580233        0.43513962044256
N           12.64887653993368        1.81860188192226        0.22086076819980
N           10.36673767594709        1.75308409414138        0.26781804079628
N           13.89558136183778       -0.19287233909893        0.22525045632941
N           12.82306846132254       -2.22419738080888        0.48383814269213
N            9.23887167216554       -0.33993804814743        0.25091200181519
N           10.43563214260258       -2.30061620601630        0.55854189494381
C           13.77928984892120        1.14174500399578        0.18262685940455
C           11.66051455553395       -2.87228096337929        0.82969984580230
C            9.24254169254459        1.01656099581086        0.19182698265753
N           14.97035700509969        1.80045101480965        0.05890770235246
N           11.72057435459987       -4.20549601422233        1.15747634247807
N            8.10809550829432        1.66962028314117        0.09863481563892
C           15.18794769671921        3.23252990558468        0.08536656701042
C           16.14240014410601        1.14523744367649       -0.06201497126691
C            7.05114617772352        1.53477067302871       -0.57433114926488
C           12.69457622252265       -4.82410855476373        0.16988352590713
C           10.72542427366558       -4.87396409133025        0.25384801229770
N           16.33947753060247        3.73194817882395       -0.23003728191993
N           17.24963245064844        1.61608112933074       -0.26144179784704
N            6.85905493458836        4.35716746408315       -0.33245741218108
N            6.37941780593488        1.41062383522443       -1.63495295077254
N           13.73436561230256       -4.16651157306924       -0.17594228201989
N            9.61616407986134       -4.30409144535775       -0.01509127793943
C           17.45502907321760        3.00858733273757       -0.51348725514825
C           11.72329325883472       -5.74016404364140       -0.38102217210162
N           18.57212401269107        3.38775841065379       -0.92140225242510
N           11.80119058726655       -6.79272006749798       -1.06926893429827
C           14.16393616752853        4.04903384730221        0.51804028227788
C            9.94856180842907        4.98461009105369        0.80199947476720
C           14.01819149919261       -2.96509838052437        0.21330474805613
C            9.28254294932513       -3.11646446128088        0.40770266122125
C           12.94498779449848        4.49181672768638        0.74991525791445
C           10.13666228130682        6.02250243698744       -0.24998655076210
N           13.90995076751167        5.50919963478690        0.76257275943843
N            8.99357838252466        5.75574493666498        0.34179522487496
H           18.69553350036609        4.37231317236049       -1.11027833844217
H           10.91762429912504       -7.23475921808356       -1.29633597742002
H           13.92124192845057        6.14732474312769       -0.03495933609225
H            7.99082291881997        5.88555978492782        0.36098155740331
H           11.88768685096961        4.34779076388574        0.87456148758929
92
 energy: -209.861767185595 gnorm: 0.024792271687 xtb: 6.7.1pre (5071a88)
N            0.06512607735485        0.14189467554547        0.51353140800552
C            0.04827084272660        1.55287320548466        0.36250093424310
C            1.31947165315076       -0.47948230335941        0.51348354691355
C           -1.11920618959999       -0.53595451031044        0.35589585604882
N            1.17602690229464        2.20467523648980        0.31651848243677
N           -1.10483645364291        2.17660795706297        0.22175216759311
N            2.42129749582855        0.20318002657905        0.39053419031368
N            1.30058421682206       -1.82814921925909        0.61253867840431
N           -2.23030521722007        0.08776410291866        0.08965638889254
N           -1.08209084824043       -1.88376200340657        0.47221743630958
C            2.32418937507815        1.52450170284202        0.30717676953834
C            0.11086610025769       -2.46251434686654        0.89345567255309
C           -2.18879584428915        1.42825912509956        0.06307701145358
N            3.49217363846830        2.25029318114502        0.09224321925288
N            0.10643349914685       -3.80702507338438        1.23109195203352
N           -3.38999498741834        2.01364214730241       -0.17485392205234
C            3.46285771929578        3.67558673373483       -0.08324394541883
C            4.60369700242978        1.51735487012386       -0.10645401721302
C           -3.65776473518712        3.42280679941817       -0.21199295053747
C           -4.43310605126976        1.20744859158092       -0.40313144320538
C            1.15756767473886       -4.43709214475435        0.34103696849823
C           -0.79421701964371       -4.45078520030075        0.20430147049931
N            4.51036774506371        4.29832630316409       -0.50796195027810
N            5.70765513266981        2.20600188573744       -0.59844914564757
N           -4.94180969821816        3.83088646290607        0.04163694677333
N           -5.36692991784453        0.58423036794679       -0.62008350917429
N            2.23625939652211       -3.79566195171877        0.09797055201705
N           -1.86067925224036       -3.87249891424079       -0.18990455498521
C            5.71362591294923        3.68298771851350       -0.72930305556223
C           -6.01339054246758        3.31530481344731        0.28521694177297
C            0.24074992515949       -5.34630332602189       -0.30950037265900
N            6.57722515271179        4.18417779826641       -1.75102091886299
N           -7.08943949983184        3.08722535284211        0.75949722540442
N            0.36981747180273       -6.42417472589900       -0.94710009999193
C            2.34988513496963        4.45721989493094        0.20429122282777
C           -2.73395612240177        4.32055949934044       -0.50562174748750
C            2.48849419549364       -2.60294841246067        0.51886935106195
C           -2.20541371187727       -2.66729585560239        0.16745164912192
C            1.13640826954621        4.89057123901372        0.41873019141340
C           -1.53579397443274        5.07426049172763       -0.89621408110763
N            2.05725372804594        5.94018254777801        0.19400695530931
N           -2.64496463189086        5.70983193537300       -0.61897896738647
H            6.28213226824823        5.02493817156573       -2.24152462900498
H           -7.93174093561792        2.76093023203719        0.33216926999611
H           -0.49180170514167       -6.84979092311333       -1.27017353866464
H            2.00723272260783        6.36212496398880       -0.73275185478405
H           -3.16539794511115        6.56060430874248       -0.52816640744887
H            0.10114256018384        4.72411883807044        0.58842320681361
N           11.55623445299475       -0.26575075431774        0.48612495795181
C           11.50163512573302        1.15091254296648        0.33613361983579
C           12.79368734623417       -0.87805708784501        0.39623793179879
C           10.35000739283245       -0.94741304686825        0.42241497909876
N           12.63904210419235        1.81861918604758        0.23327630021060
N           10.35584129760356        1.75341167158322        0.27295053200608
N           13.88526298029227       -0.19393638100513        0.23312424453611
N           12.81178360499948       -2.22519380908425        0.48714230712351
N            9.22921337836543       -0.34001017172628        0.23009724456699
N           10.42361200411715       -2.30174317708168        0.54589892191158
C           13.76958748595584        1.14090568846559        0.19313013665247
C           11.64685782908641       -2.87283720199958        0.82705218738966
C            9.23226947012842        1.01632264998442        0.18238740132271
N           14.96148610825570        1.79850826594495        0.06862650341305
N           11.70656584117748       -4.20506698465018        1.15938251380926
N            8.09884855546935        1.67036868269248        0.08415104972546
C           15.18064513463534        3.23113266898141        0.08868310862611
C           16.13247453618735        1.14382639807696       -0.05765797135825
C            7.05380946074958        1.55087292274382       -0.60760271807326
C           12.68611880800012       -4.82624894617967        0.17754937439082
C           10.71679593589103       -4.87723527945992        0.25303140056378
N           16.32970280057445        3.72813853874328       -0.24076309253745
N           17.23870602555612        1.61209326989577       -0.26631194597404
N            6.87116325003099        4.36817930193532       -0.39185903879869
N            6.39309614881374        1.44228432392829       -1.67645358082220
N           13.72642940905228       -4.16857665355379       -0.16634635665840
N            9.60830858092372       -4.30874118075702       -0.02243243302598
C           17.44363128648523        3.00420936190294       -0.52572223514981
C           11.71820059638422       -5.74482797556154       -0.37473927325262
N           18.55963778356229        3.38120591720136       -0.93870972583967
N           11.80131975410714       -6.79958543797068       -1.05898782820215
C           14.16199676083001        4.04861002276994        0.53052705858830
C            9.99987432924078        5.02196205239399        0.87454291982822
C           14.00728806119705       -2.96583407185344        0.22049585238815
C            9.27234444507227       -3.11950697035315        0.39354151241534
C           12.94665968657404        4.48958797841994        0.78586935524029
C           10.11173937631213        6.03085044553002       -0.23785926007564
N           13.90805113642282        5.50879849179193        0.76881136075757
N            8.98483606818628        5.71806596162711        0.37666096932195
H           18.68283210255135        4.36492313978686       -1.13163943737605
H           10.92070980011309       -7.24576121767643       -1.28916957550665
H           13.89856381830989        6.14078710341594       -0.03308227980435
H            7.95669715840201        5.76652223667508        0.36416700208526
H           11.89143223839819        4.34916225440903        0.93753645286086
92
 energy: -209.862725845538 gnorm: 0.024568033806 xtb: 6.7.1pre (5071a88)
N            0.07225689837626        0.14398949757852        0.51807655751129
C            0.05208690983369        1.55384717673321        0.36443756277916
C            1.32647997848753       -0.47548142394196        0.51806819935172
C           -1.11125355539987       -0.53669697700060        0.36147403162382
N            1.17849304970594        2.20774971767216        0.31284196328972
N           -1.10185147120691        2.17593673911110        0.22536802486252
N            2.42715461566543        0.20862214882356        0.38947426995423
N            1.31099929387132       -1.82324926375062        0.62257118346263
N           -2.22319282587711        0.08512371622014        0.09368469842816
N           -1.07121909189493       -1.88387409258590        0.47838254748731
C            2.32740326060356        1.52909390791450        0.30225799690931
C            0.12250453937487       -2.46016788584064        0.90330456130050
C           -2.18453181943976        1.42526656292796        0.06652006816578
N            3.49266747070536        2.25572166740870        0.08358732606254
N            0.12023255646583       -3.80525051909599        1.23954695259247
N           -3.38560626428624        2.00974643953213       -0.17211250457467
C            3.46189743238234        3.68165680961898       -0.08189346605995
C            4.60206961606310        1.52211534039829       -0.13449451795788
C           -3.65116344163749        3.41926297541753       -0.21206033814733
C           -4.42933723499266        1.20425370169799       -0.40050570728289
C            1.17472819980547       -4.43188154429724        0.35131966083174
C           -0.77686030459889       -4.44959486316990        0.20999426002152
N            4.50755017489114        4.30451450333125       -0.50586299588222
N            5.70411571558380        2.21416285481005       -0.62970283089061
N           -4.93179369774593        3.82999263515298        0.05343576225647
N           -5.35999187889747        0.58032841622884       -0.62182500324679
N            2.25296829153356       -3.78826082833070        0.11251588361122
N           -1.84359605103414       -3.87334649947402       -0.18627716693494
C            5.70690629855756        3.69238181029150       -0.75088199641524
C           -6.00094035481611        3.31354160046339        0.30628507691964
C            0.26151699626519       -5.34174624353817       -0.30318803358512
N            6.54916989759600        4.19786451904125       -1.78747204412020
N           -7.07224951769418        3.08292230199009        0.78973632522008
N            0.39422430690269       -6.41853893415743       -0.94170290353560
C            2.34892247605745        4.46236095511539        0.21405724823952
C           -2.72862723936723        4.31297037713554       -0.52095021110153
C            2.50154609856682       -2.59501317286610        0.53319404724302
C           -2.19200817154526       -2.66950956232133        0.17211339927337
C            1.13083051677656        4.89097576420683        0.41356400556032
C           -1.53028491674658        5.05879474395203       -0.92617253826790
N            2.05114559375124        5.94332367532160        0.20511785823954
N           -2.63405041664501        5.70081135763005       -0.64317430711927
H            6.24605059964634        5.04657728525509       -2.26542815282075
H           -7.91811210916953        2.75702944327206        0.36896163690222
H           -0.46583772584645       -6.84515368093354       -1.26759025747864
H            2.01424938916097        6.36850487483742       -0.72125413502610
H           -3.14949310259003        6.55453095025869       -0.55160966344548
H            0.09425677336534        4.71892565781926        0.56662895920885
N           11.54611279105337       -0.26406609966589        0.48257476315967
C           11.49305774236754        1.15294263935399        0.33991612244998
C           12.78354166439453       -0.87745614041241        0.39729999826994
C           10.33996092887018       -0.94532593263027        0.41409139606665
N           12.63142346384616        1.82066175510736        0.24408925197807
N           10.34740838954217        1.75615457219764        0.27343134141317
N           13.87559290172076       -0.19390976316142        0.23630958842635
N           12.80016963204082       -2.22436280040481        0.48908780335004
N            9.22065026371465       -0.33663953239859        0.21734850469583
N           10.41209636027666       -2.29955765721588        0.53603618905587
C           13.76147071904902        1.14125618971720        0.20077525907205
C           11.63348490655926       -2.87108447669380        0.82539888245710
C            9.22404063221208        1.01921187996926        0.17334674804399
N           14.95422954058890        1.79700470056827        0.07576727860078
N           11.69089136429172       -4.20266512287730        1.16011443699871
N            8.09100861764552        1.67281160797276        0.06727014615134
C           15.17558703864525        3.22974595075095        0.09160969701675
C           16.12371418763186        1.14133759815467       -0.05521683224263
C            7.05627575607796        1.56151673561196       -0.63850782850542
C           12.67531991044969       -4.82660925181669        0.18500032237817
C           10.70577286168818       -4.87670545852129        0.24940585666526
N           16.32278215843869        3.72354077353994       -0.24990670177677
N           17.22947794869576        1.60639544798743       -0.27212062713822
N            6.87543146553097        4.37591053085876       -0.43764473796731
N            6.39670817786180        1.46664925745119       -1.70805286509716
N           13.71668653491919       -4.16947732046472       -0.15679920180606
N            9.59971500488834       -4.30727669325895       -0.03442716910348
C           17.43456820045713        2.99781203147813       -0.53825379452477
C           11.71021082589238       -5.74680209786440       -0.36970135871995
N           18.54923838761374        3.37173407326026       -0.95784964030963
N           11.79822379947099       -6.80507122570383       -1.04784255878614
C           14.16227140540378        4.04884007860111        0.54328354079645
C           10.00893521012611        5.03568087777709        0.92576814951077
C           13.99593378957046       -2.96583628758325        0.22811363486812
C            9.26186556907056       -3.11710991716791        0.37661105400757
C           12.95108384817207        4.49123646997664        0.81702989634598
C           10.09757818528625        6.00614799784066       -0.23259022105749
N           13.91066124479828        5.50963415063947        0.77857384038700
N            8.97622319104400        5.68389509274228        0.38715580561402
H           18.67273779054175        4.35451334697637       -1.15517027644948
H           10.92027478609130       -7.25417692365558       -1.28208778555926
H           13.88744583716922        6.13739687363744       -0.02527162298101
H            7.96150412800641        5.71161787458300        0.37983783673571
H           11.89838307969993        4.35721655886935        0.98688958408658
92
 energy: -209.863977594346 gnorm: 0.020476715394 xtb: 6.7.1pre (5071a88)
N            0.08096925501812        0.14575354423835        0.52273902974503
C            0.05633752975611        1.55353293107082        0.36174476612679
C            1.33475688897003       -0.47128828980947        0.52220674512694
C           -1.10137961273964       -0.53894799181084        0.36746136070661
N            1.18073051800643        2.21002219905781        0.30072862262096
N           -1.09866337076626        2.17339868056635        0.22391600436047
N            2.43386788667112        0.21433225303431        0.38411119301672
N            1.32448121631528       -1.81733476751061        0.63503570201217
N           -2.21440146241512        0.07990471702983        0.09703214555154
N           -1.05704850299797       -1.88508229744822        0.48530685859572
C            2.33111051688517        1.53374449667180        0.29135028187510
C            0.13775617379249       -2.45777330461612        0.91624347485631
C           -2.17997073892283        1.41958861395536        0.06813441850158
N            3.49288511243398        2.26027970626236        0.06946441882939
N            0.13840549994605       -3.80384180181804        1.25007883086299
N           -3.38139853198410        2.00239991165841       -0.16981697868656
C            3.45992266460881        3.68536616915180       -0.09061739432890
C            4.59996401013630        1.52925663203605       -0.15837118315240
C           -3.64329222553875        3.41254036943328       -0.21325239120261
C           -4.42560154684023        1.19741497988244       -0.39829137451724
C            1.19805091041444       -4.42600035651150        0.36504686610319
C           -0.75316480148204       -4.44849818522301        0.21636535477603
N            4.50112968831624        4.30726259676785       -0.52042662586490
N            5.69779017651354        2.22305862160152       -0.66808771633288
N           -4.91841331827904        3.82816222191945        0.06971544531888
N           -5.35521803138785        0.57624063886900       -0.62364593920283
N            2.27542129777924       -3.77877879251191        0.13252207236114
N           -1.81995844363034       -3.87527870318725       -0.18369153067053
C            5.69364647294132        3.69815114104977       -0.78497210031489
C           -5.98411427750732        3.31087848705461        0.33548908747044
C            0.29000677119916       -5.33612165058548       -0.29568645949035
N            6.52023206496191        4.20980191288276       -1.82072160187279
N           -7.04916455248172        3.07830902599954        0.83056254660319
N            0.42720960360710       -6.41165272108388       -0.93516810155145
C            2.34960597864125        4.46568790423772        0.22484850788794
C           -2.72227183503362        4.29990281747864       -0.54334879686576
C            2.51871353801206       -2.58472425824076        0.55219095490912
C           -2.17406094371246       -2.67348186316359        0.17658047287096
C            1.12647745009766        4.88712287499484        0.41017448346271
C           -1.52316950997534        5.03358049179379       -0.96711439079171
N            2.04713196048401        5.94575041783413        0.22822613358970
N           -2.61868929858245        5.68571377619496       -0.67630330252512
H            6.21815357864694        5.06351530140581       -2.29172676625354
H           -7.89952823803688        2.75318409437740        0.41846746271148
H           -0.43094259969504       -6.83884386132351       -1.26517676013772
H            2.02664294558243        6.38497362119694       -0.69460383505416
H           -3.12663472682764        6.54371249008619       -0.58283248092228
H            0.08765143458608        4.70473137810308        0.53632878123982
N           11.53199973714922       -0.25773117083286        0.47809204028211
C           11.48142840567905        1.15938908686875        0.34537536682774
C           12.76856474189304       -0.87382086690030        0.39817378180556
C           10.32579155571270       -0.93804225694089        0.40640093151832
N           12.62149042998533        1.82682015996906        0.26163854516827
N           10.33624519303738        1.76364557084430        0.27176582044567
N           13.86126427111093       -0.19163628676562        0.23785155948643
N           12.78210823349254       -2.22037493110856        0.49167835827660
N            9.20839953869870       -0.32729171334733        0.20690389542505
N           10.39499004482588       -2.29226245368376        0.52423907947632
C           13.75021846214201        1.14411978172538        0.21147469115233
C           11.61330068148601       -2.86532961380895        0.82455516167153
C            9.21305002725166        1.02752241471901        0.16126670332933
N           14.94449283758191        1.79640888690923        0.08713865848208
N           11.66520590084953       -4.19637032533230        1.16051160175571
N            8.07955287204436        1.67874645799471        0.04029581235092
C           15.17010528893349        3.22879644544896        0.09949333932656
C           16.11127331890505        1.13780527486004       -0.05003343988158
C            7.05992335840919        1.57318134367109       -0.68301448254437
C           12.65673635694100       -4.82457907170539        0.19692539973936
C           10.68682483670177       -4.87142491602735        0.24080285637410
N           16.31475028543522        3.71713723435701       -0.25840986276115
N           17.21682453316085        1.59745291114644       -0.27807063084172
N            6.86416351773396        4.38380922984316       -0.49026262304529
N            6.39256692625691        1.49322261305842       -1.74404126462029
N           13.70030035056387       -4.16876324959761       -0.14106737163304
N            9.58639458267683       -4.29816919913815       -0.05815539575625
C           17.42256166368053        2.98750870541716       -0.55383889996621
C           11.69564889703168       -5.74616827348951       -0.36335136904641
N           18.53483628777301        3.35593502795483       -0.98498758922198
N           11.79124082428430       -6.81113732447269       -1.02986142077716
C           14.16502724635179        4.05053755257104        0.56640626888958
C           10.02049298665805        5.03943350436497        0.95357447285989
C           13.97824871982811       -2.96426946229226        0.24175139461475
C            9.24580371675770       -3.10747897126444        0.34739547010794
C           12.96107327505951        4.49754336447336        0.86262968046058
C           10.09996170857332        6.00079481704003       -0.19647378655417
N           13.91845597433616        5.51306957426037        0.79934975575750
N            8.97440209460273        5.64490762499514        0.41375245154932
H           18.65925107380869        4.33717598967994       -1.18925801143309
H           10.91719284237865       -7.26341211574743       -1.27195404475785
H           13.88066814901931        6.13612233650454       -0.00530234334408
H            7.96218248206749        5.62428994515160        0.38222131838765
H           11.91319719362078        4.37512717556190        1.05125682830102
92
 energy: -209.865274191893 gnorm: 0.016781664305 xtb: 6.7.1pre (5071a88)
N            0.09171688570262        0.14740482266067        0.52893278478658
C            0.06285916658024        1.55355311658985        0.36201260879936
C            1.34605005225696       -0.46657767281210        0.52870060287551
C           -1.08896322414628       -0.54128463359605        0.37521471744277
N            1.18537946833860        2.21267511968450        0.29369668697587
N           -1.09330923855673        2.17068161154273        0.22468484487369
N            2.44339210874177        0.22063036301749        0.38124937789064
N            1.34150467515915       -1.81085114847781        0.65028320568337
N           -2.20332779461615        0.07405921267600        0.10261993982832
N           -1.03957459967347       -1.88669166673461        0.49449921359862
C            2.33733688504574        1.53907041486668        0.28202692866752
C            0.15630623415410       -2.45502692947289        0.93093416207801
C           -2.17306186808675        1.41353320356614        0.07145751521315
N            3.49583731936809        2.26685722261437        0.05264654724532
N            0.16060560984784       -3.80177311283060        1.26383918279078
N           -3.37470570289065        1.99432450452613       -0.16818892493090
C            3.46085964939759        3.69536483814393       -0.08339055914431
C            4.59888673771857        1.53661119456092       -0.20299487222458
C           -3.63339500037324        3.40539177344853       -0.21602558981484
C           -4.41839826640906        1.18931153476569       -0.39899318513450
C            1.22624179211156       -4.41950946605664        0.38290504911752
C           -0.72450445016652       -4.44782290166625        0.22566776305975
N            4.49807694759881        4.32730769782910       -0.51024267356405
N            5.68807112604933        2.23757145966563       -0.72127919949011
N           -4.90253161360697        3.82673410165244        0.08683131036480
N           -5.35654317160268        0.57575956123413       -0.61934633549018
N            2.30270673974999       -3.76861845192031        0.15673326961122
N           -1.79189241578241       -3.87865598151125       -0.17805005355660
C            5.68021280799575        3.71114939875150       -0.82218995178511
C           -5.96457059935979        3.30918950317642        0.36702755423639
C            0.32411416570748       -5.33049918463453       -0.28426061910033
N            6.47163327265169        4.23226312663116       -1.88655284998910
N           -7.01980249413990        3.07009657111597        0.88154106528689
N            0.46734604927000       -6.40430538526624       -0.92537236994105
C            2.34982469500660        4.47076836698888        0.24563246872892
C           -2.71397263267346        4.28563912381100       -0.57037132496050
C            2.53972353552188       -2.57320195718437        0.57513475783915
C           -2.15267968011068       -2.67890543334275        0.18328763230425
C            1.11861283916558        4.88426819116098        0.40681243955108
C           -1.51405731322977        5.00489336119135       -1.01825593865402
N            2.03940885359673        5.95102711471433        0.25188112967558
N           -2.59978248192946        5.66919465211552       -0.71563281394330
H            6.15339337851790        5.09715572013219       -2.33657045495917
H           -7.87822741127868        2.74932401734522        0.48218231294878
H           -0.38807371319636       -6.83314180634653       -1.26027012219747
H            2.03591864173070        6.40020798331450       -0.66963048166742
H           -3.09873646248734        6.53243578774107       -0.62027638835284
H            0.07696464356896        4.69130750773589        0.50437678337457
N           11.51385557210899       -0.25295253728417        0.47425059445834
C           11.46601259338021        1.16430737104693        0.35131499085000
C           12.74973224861275       -0.87104246651083        0.40082813771684
C           10.30773898077606       -0.93275818974974        0.39402924146238
N           12.60718843049079        1.83151663114982        0.27977023996000
N           10.32110408780546        1.76971115352527        0.27183775318709
N           13.84339613141227       -0.18967247580429        0.24328586260204
N           12.76092369441313       -2.21746329678588        0.49512570800577
N            9.19212262228234       -0.32028148480962        0.18761589068485
N           10.37449741947553       -2.28693873134807        0.50900297518906
C           13.73488568081091        1.14628440855624        0.22378675292866
C           11.58965959037300       -2.86068513152039        0.82351396079989
C            9.19899142454690        1.03403139908891        0.14480018569197
N           14.93064233420704        1.79496631422649        0.09984535279034
N           11.63635371597241       -4.19097160555912        1.16209582531860
N            8.06496078170586        1.68405168563743        0.00860662873348
C           15.16199586125009        3.22707664041324        0.10632379504875
C           16.09445581757321        1.13287756391658       -0.04397361243594
C            7.06161658134914        1.58965605648559       -0.73906257387306
C           12.63628044419863       -4.82369887114558        0.21082814606198
C           10.66628993990451       -4.86840235218692        0.23327814796903
N           16.30339610688157        3.70941439782172       -0.27046319220397
N           17.19938736388701        1.58707046048777       -0.28517705170348
N            6.87695375616890        4.37853437025283       -0.56313683705382
N            6.39361922891546        1.53280552234890       -1.80030247837319
N           13.68222477055087       -4.16900251512276       -0.12224843959567
N            9.57136454544648       -4.29264832736419       -0.08223169257124
C           17.40584995915223        2.97536784149770       -0.57371184150942
C           11.68027835021547       -5.74785627386712       -0.35469121203252
N           18.51501252457588        3.33691276826066       -1.01865239374371
N           11.78361726064550       -6.81903683285943       -1.00992948699200
C           14.16837944225836        4.05235628521200        0.58992010797338
C           10.03776775839011        5.06680007050026        1.04185364172862
C           13.95795721882356       -2.96340627637187        0.25835552021395
C            9.22728772878130       -3.10107218938618        0.31625835388597
C           12.97242022991985        4.50257650989121        0.91805558092503
C           10.10834574392990        5.97520529907501       -0.14914068991266
N           13.92835448207877        5.51803248947717        0.81532859111607
N            8.98350457109855        5.60401982655290        0.44157870423396
H           18.64080972344735        4.31626906030014       -1.23155136265279
H           10.91301915119665       -7.27400233059146       -1.25908949944634
H           13.86676416098375        6.13463950430165        0.00589817174066
H            7.97038476661422        5.52155513423495        0.34321987036420
H           11.92789905712453        4.38882367687356        1.14089148650160
92
 energy: -209.866344072390 gnorm: 0.021681766990 xtb: 6.7.1pre (5071a88)
N            0.09935951016264        0.14744836686679        0.53359812985604
C            0.06792466938211        1.55201733750874        0.35688368802128
C            1.35502450487985       -0.46363092338024        0.53348333656859
C           -1.07967273957876       -0.54453619676785        0.38182566687032
N            1.18877131430949        2.21302863500789        0.28273591695952
N           -1.08914532898742        2.16624005090058        0.21723144539349
N            2.45077725512310        0.22465206568886        0.37739021526781
N            1.35559312574052       -1.80626315451524        0.66337203287420
N           -2.19553129965321        0.06703703623244        0.10794355890554
N           -1.02532279306759       -1.88959385891960        0.50332231754439
C            2.34239239731503        1.54263680053204        0.27244164709746
C            0.17144402262928       -2.45342905973673        0.94411236060354
C           -2.16829008591837        1.40663674731590        0.07154048433310
N            3.49865845737291        2.27128139398952        0.03298425699770
N            0.17902001522413       -3.80043038441473        1.27810801027964
N           -3.37071179284412        1.98564964973708       -0.16775152031477
C            3.46156757380987        3.70065923334321       -0.09266692583626
C            4.59934586511539        1.54307445930830       -0.23278451352775
C           -3.62582111470440        3.39782318739712       -0.21945808664115
C           -4.41559175994966        1.18216647837495       -0.39618044572184
C            1.25038492449458       -4.41597540711504        0.40204211117627
C           -0.69973288085915       -4.44838124037848        0.23636612610718
N            4.49487671682136        4.34445805844669       -0.52049882662048
N            5.67596913081479        2.25102456335688       -0.76328729079997
N           -4.88846075585214        3.82580542862955        0.10225047999219
N           -5.36298344706749        0.57592811314751       -0.61186060357342
N            2.32558024142680       -3.76166716228699        0.18028914703782
N           -1.76781505879758       -3.88385479737460       -0.17117441169134
C            5.66591048507270        3.71926989474092       -0.85561063309579
C           -5.94722343081555        3.30926021401073        0.39642323212754
C            0.35337314282294       -5.32777812383885       -0.27018562976503
N            6.44351648534616        4.24677026441076       -1.92585173800673
N           -6.99369899356218        3.06764979398603        0.92773182437556
N            0.50142089046817       -6.40051469915403       -0.91207708651175
C            2.35096899317849        4.47045284443044        0.25016164776960
C           -2.70739972098911        4.27037311209075       -0.59373439208654
C            2.55681588631833       -2.56432194498646        0.59578120169426
C           -2.13513965702896       -2.68571815948529        0.19034149603659
C            1.11952057767924        4.87738284774493        0.40833060262427
C           -1.50503880422973        4.97496001369561       -1.05605607716955
N            2.04239716176145        5.95053024755603        0.28501413184505
N           -2.58192333949879        5.65164541304063       -0.74803183681032
H            6.12487698950935        5.10796847251870       -2.37285449757044
H           -7.85895369904970        2.75043810491658        0.54043838830838
H           -0.35169302166509       -6.83024567433460       -1.25157442242579
H            2.04295591371908        6.42494669703998       -0.62363079111476
H           -3.07215950083331        6.51982235752504       -0.65214845298777
H            0.07771901716769        4.67556702676209        0.48533044594545
N           11.49591265301852       -0.24465328605637        0.47152943384622
C           11.45125256670921        1.17236340916235        0.35416960462300
C           12.73021286096333       -0.86574618634267        0.40191395164071
C           10.28948383717376       -0.92315066131655        0.38508348049800
N           12.59338626306026        1.83826340151829        0.29402734714601
N           10.30720122757386        1.77973861035831        0.26744536212684
N           13.82520117341142       -0.18573411013919        0.24519596855588
N           12.73866655377062       -2.21207525484334        0.49743938263801
N            9.17518520588943       -0.30846617678678        0.17532300433652
N           10.35341153060160       -2.27750363630348        0.49697935144799
C           13.71949991291221        1.15022422342005        0.23241249176289
C           11.56530068929025       -2.85274977344890        0.82351708099090
C            9.18668723385222        1.04559679619462        0.12861263959714
N           14.91682031136511        1.79488853996751        0.11005842308521
N           11.60482337361898       -4.18285039141972        1.16286366535200
N            8.05221589832764        1.69468553357003       -0.02418305391589
C           15.15524343347809        3.22601932337798        0.11417865716804
C           16.07710288093527        1.12726797249609       -0.03873912760701
C            7.06254933352973        1.60367304570658       -0.78891710748794
C           12.61251498069363       -4.82045853651256        0.22510335526666
C           10.64279649332086       -4.86109225199241        0.22316303032833
N           16.29366811145232        3.70199963360572       -0.27833272431221
N           17.18148326732756        1.57608032208606       -0.29107305175656
N            6.87136737266699        4.37438016768535       -0.61134508458820
N            6.38539372164789        1.56035743849404       -1.84469110412232
N           13.66180324745060       -4.16792884466522       -0.10173311647710
N            9.55558276329534       -4.28092735200401       -0.11096986333134
C           17.38876042796343        2.96190289112595       -0.59285849479080
C           11.66127859835131       -5.74614065845352       -0.34730860643929
N           18.49345577091172        3.31483628648621       -1.05544277936103
N           11.77105394301701       -6.82407039199780       -0.98985335044069
C           14.17359174763699        4.05513352870262        0.61328116319662
C           10.04679732578426        5.08373485952023        1.11713387260863
C           13.93663304760300       -2.96173538189460        0.27758742368544
C            9.20829287527593       -3.08919526096871        0.28270167688868
C           12.98721064611671        4.51235296461000        0.96323056980790
C           10.13651503998830        5.94132044809251       -0.11150735164602
N           13.94377527610508        5.52388565899618        0.83557825436952
N            9.00242157573837        5.56261654490983        0.44165100796797
H           18.62164313920415        4.29183405246079       -1.27797455846040
H           10.90256505188784       -7.27872654639559       -1.24660888623733
H           13.86828122475462        6.13782605927605        0.02522146550180
H            8.00277524959319        5.44869505281194        0.28629269766395
H           11.94650211998750        4.40713081332452        1.21284317852173
92
 energy: -209.867323785250 gnorm: 0.019845523480 xtb: 6.7.1pre (5071a88)
N            0.10695004436843        0.14654050613887        0.53683175251361
C            0.07317918776307        1.55023239333680        0.35164737761621
C            1.36519918814198       -0.46073943841009        0.53768903045844
C           -1.07015161855754       -0.54854825161950        0.38708392257174
N            1.19221210385684        2.21347742263429        0.27585937860722
N           -1.08503710669429        2.16060978372812        0.20774760746107
N            2.45894117404856        0.22953662469848        0.37588349038679
N            1.37056879427603       -1.80226525436241        0.67487378333293
N           -2.18829038633788        0.05877101826473        0.11370796373081
N           -1.01044997151799       -1.89366293775933        0.51106960238552
C            2.34766319775704        1.54723178086909        0.26698886658873
C            0.18702105058496       -2.45238495822863        0.95475215345873
C           -2.16363124637906        1.39872053843554        0.07049042549589
N            3.50215147973905        2.27778534790259        0.01809784427893
N            0.19806582215840       -3.79901595764418        1.29207271524753
N           -3.36705754119106        1.97625544964684       -0.16741037980611
C            3.46373457932359        3.70743177015159       -0.09531924651191
C            4.60095059688976        1.54834799586308       -0.26789991170444
C           -3.61835880302089        3.38971393568315       -0.22295201645129
C           -4.41606300530040        1.17734083283960       -0.38820460517040
C            1.27524395817344       -4.41360792256564        0.42175926966734
C           -0.67413793134433       -4.45009227977136        0.24743410947451
N            4.49121434255283        4.36417063737800       -0.52629233073002
N            5.66217502767796        2.26622687584583       -0.80462811565069
N           -4.87417622425848        3.82387817870215        0.11692987098093
N           -5.36141590029150        0.57067130061340       -0.60878862181200
N            2.34900088725984       -3.75607539481399        0.20317520022136
N           -1.74364550717732       -3.89114123135837       -0.16342820553431
C            5.65316831494746        3.72995584638344       -0.88565386990028
C           -5.92920832860412        3.30842722634443        0.42737156092124
C            0.38321407222892       -5.32711292445761       -0.25433211091881
N            6.41505070347859        4.26212787020884       -1.97334556321753
N           -6.96797381089138        3.06850833072735        0.97306638330282
N            0.53647279588451       -6.39884013490262       -0.89681848393276
C            2.35092431025738        4.46987653122452        0.25412219817386
C           -2.70096883492026        4.25428897103958       -0.61648616569320
C            2.57415434331966       -2.55633628521827        0.61516950015973
C           -2.11750894913584       -2.69435558448109        0.19688761381580
C            1.11857561979471        4.87284230332145        0.40865073755919
C           -1.49551003031144        4.94378528301645       -1.09122002172196
N            2.04470391997291        5.94850019446318        0.32025761552598
N           -2.56360745485701        5.63309351580925       -0.77929064652282
H            6.08982745966573        5.12091995490465       -2.41613879511527
H           -7.83855738188047        2.75176669012004        0.59804560669983
H           -0.31395811054476       -6.83008697938462       -1.24109251095020
H            2.04896063056151        6.44603105122087       -0.57532952785431
H           -3.04484896154678        6.50624003248331       -0.68395028965534
H            0.07765236574675        4.66595214797400        0.46737870776871
N           11.47559386825881       -0.23548550412149        0.47039801118855
C           11.43479564381031        1.18135907800739        0.35541611974814
C           12.70846804736412       -0.85923888786829        0.40494500431498
C           10.26871255395716       -0.91251416927220        0.37455769586605
N           12.57744982624841        1.84558030448643        0.30526429291094
N           10.29183013468078        1.79092184438199        0.25968562854478
N           13.80533114079452       -0.18065530214329        0.25070603879393
N           12.71479572867712       -2.20545366684867        0.50098618655780
N            9.15589581530720       -0.29577616353781        0.15888066379420
N           10.33028209606359       -2.26705809521395        0.48463898278927
C           13.70235590490999        1.15511235185845        0.24195429923060
C           11.53895911398520       -2.84348753912602        0.82381604795600
C            9.17365083222777        1.05854319826444        0.10817227147004
N           14.90105318427605        1.79602890200140        0.12099001793274
N           11.57153589264085       -4.17347276039960        1.16431335415783
N            8.04057164349219        1.70866485115415       -0.06115228928671
C           15.14662188453475        3.22590862090244        0.12305817474109
C           16.05793828485131        1.12249757063551       -0.03173260198596
C            7.06259864281727        1.61915829307141       -0.83754207344742
C           12.58762277007531       -4.81579657853997        0.24071824320651
C           10.61866472789373       -4.85306799939815        0.21382794212707
N           16.28209119116887        3.69594494496797       -0.28416291754953
N           17.16141082260166        1.56675532401283       -0.29464842282963
N            6.87357698773275        4.37258927631319       -0.66399698169108
N            6.37808702597415        1.58321275212485       -1.88766227772448
N           13.64075489593583       -4.16567947193421       -0.07808034848467
N            9.53944642377006       -4.26941361917703       -0.13928526230037
C           17.36885451242691        2.94964981821212       -0.61113643169643
C           11.64184317507095       -5.74335510796888       -0.33889602642513
N           18.46770841340850        3.29312475047318       -1.09438164145999
N           11.75712862035789       -6.82709520900938       -0.97006497167108
C           14.17742333934077        4.05884903577359        0.63819372363270
C           10.06476625110377        5.07740662745655        1.14183853651332
C           13.91410038133522       -2.95876426661414        0.30026256883936
C            9.18855165847011       -3.07725453137730        0.24923046443535
C           13.00078363466131        4.52301614096687        1.00987878207078
C           10.17365075850320        5.92241640729450       -0.08372596785689
N           13.95898687484813        5.52952046444998        0.86103264328215
N            9.03189768077180        5.51279477900896        0.44705975269499
H           18.59828242175797        4.26727307831457       -1.32782186493419
H           10.88972737760235       -7.27976683168124       -1.23401629586602
H           13.87219039558336        6.14199335048184        0.05050559405546
H            8.04633565116178        5.36733547903529        0.26362654201557
H           11.96543090384410        4.42455265356648        1.28094092277630
92
 energy: -209.868137863368 gnorm: 0.028315029042 xtb: 6.7.1pre (5071a88)
N            0.11553260983458        0.14569326665749        0.54015174422477
C            0.07850470005666        1.54854871789844        0.34780959945381
C            1.37677891459197       -0.45704293195959        0.54263177074302
C           -1.05968558004287       -0.55321209699620        0.39242447997912
N            1.19542872025737        2.21490314820810        0.26866029578359
N           -1.08128051355366        2.15441446883742        0.20112692483825
N            2.46849764592768        0.23589066369091        0.37650591449093
N            1.38637941330543       -1.79806173135218        0.68673805027240
N           -2.18057376125915        0.04976127517700        0.12050155460899
N           -0.99453259677261       -1.89833367647588        0.51882610058063
C            2.35253339661349        1.55293152930550        0.26065473902743
C            0.20359731989961       -2.45168555813095        0.96515877112893
C           -2.15870042349895        1.38978461637728        0.07098272181612
N            3.50282419236041        2.28722865453264        0.00003515438608
N            0.21809662879934       -3.79775013807984        1.30657972783731
N           -3.36277363825152        1.96655196301547       -0.16582766736376
C            3.46413282037595        3.71518510406158       -0.10475027241991
C            4.59973224959349        1.55792123834653       -0.30698584681182
C           -3.60990973428340        3.38144427249827       -0.22453926266298
C           -4.41610578234094        1.17248751208354       -0.37930227157845
C            1.30124692657864       -4.41088647716746        0.44171000546563
C           -0.64725583383899       -4.45231765144201        0.25867133483342
N            4.48633340340697        4.37641962835804       -0.54207919644221
N            5.64612354313264        2.28054719648675       -0.84810957589868
N           -4.85892833647077        3.82165522303000        0.13089999146852
N           -5.35846810611671        0.56664276277394       -0.60347128408158
N            2.37355927795760       -3.75030268681422        0.22630780127951
N           -1.71849783412615       -3.89929715894285       -0.15543021227241
C            5.64130755478375        3.74327647425544       -0.91904166668977
C           -5.91032466872904        3.30807887318200        0.45718547216774
C            0.41455029333615       -5.32701405053602       -0.23783937054625
N            6.39126837567262        4.28167715347269       -2.01121583377538
N           -6.93942794006206        3.06762301444602        1.02135212312890
N            0.57345626612197       -6.39773689195706       -0.88067890415636
C            2.35127725293071        4.47234282126322        0.25252089813403
C           -2.69367478526608        4.23812235554174       -0.63709002026299
C            2.59246215466307       -2.54796325520475        0.63478728330011
C           -2.09875442052647       -2.70401053424108        0.20365266788858
C            1.11738302306447        4.87367094069944        0.40455713915709
C           -1.48514382361397        4.91263603991259       -1.12589500422901
N            2.04662809848884        5.94845422294530        0.35365391000861
N           -2.54434197447291        5.61420868282092       -0.80925310157150
H            6.06917957051212        5.13843375976549       -2.44885896681808
H           -7.81748117104652        2.75376938909491        0.66094871704592
H           -0.27421502530898       -6.83075664138086       -1.22963053898264
H            2.05879625174583        6.46640974337596       -0.52965381437622
H           -3.01663317994600        6.49228644233801       -0.71541617213054
H            0.07697541677964        4.66400317931502        0.44591310238514
N           11.45420641466504       -0.22662478420145        0.46876738989510
C           11.41810475548831        1.19052366404405        0.35628151139663
C           12.68627703027376       -0.85304167301658        0.40829953540288
C           10.24693516887449       -0.90125946721687        0.36102602307141
N           12.56147264446542        1.85257690443658        0.31543262692593
N           10.27649585132131        1.80328690657570        0.25214833684665
N           13.78534862332834       -0.17612650043330        0.25826123317349
N           12.69032856983328       -2.19890010258116        0.50558997921508
N            9.13667183496151       -0.28107268620199        0.13814307876806
N           10.30571847998382       -2.25592177302874        0.47029922659349
C           13.68517302198380        1.15943795201264        0.25230643253698
C           11.51072519255253       -2.83378357003378        0.82248683789163
C            9.16109321412859        1.07291119992419        0.08682208370767
N           14.88549051181992        1.79687745537338        0.13225283982734
N           11.53653654851768       -4.16359650559452        1.16582162127003
N            8.03043713046449        1.72565736138217       -0.09740737762307
C           15.13784143243167        3.22547216326675        0.13164377159281
C           16.03911060101251        1.11794611067372       -0.02468514526990
C            7.06285082337961        1.63744321775538       -0.88068461260222
C           12.56143759212274       -4.81088767568450        0.25636116009201
C           10.59351790084116       -4.84460927850478        0.20450641977960
N           16.27031831700775        3.68984090100578       -0.29149275170928
N           17.14158885429880        1.55777421889374       -0.29887092910977
N            6.85877903152085        4.38291259710453       -0.71239691786741
N            6.37153041121590        1.59472049771162       -1.92198817076099
N           13.61882803474149       -4.16368242618318       -0.05368909401476
N            9.52231829356597       -4.25797119500518       -0.16692469430146
C           17.34819497537701        2.93761562070159       -0.63101031166885
C           11.62136896648606       -5.74011313474331       -0.33077170718555
N           18.44019692721815        3.27178499213795       -1.13650331333488
N           11.74207003627274       -6.82909959165298       -0.95154456561853
C           14.18145244958712        4.06206388792438        0.66449090741807
C           10.09295696433947        5.08606032927394        1.19640167139633
C           13.89037536505361       -2.95608771467734        0.32359455856173
C            9.16804838921917       -3.06498649402550        0.21545401438826
C           13.01452676939170        4.53211897780274        1.06133986136668
C           10.21632965725178        5.91149204543668       -0.03648952767695
N           13.97400552301061        5.53305091957569        0.89127169160924
N            9.05535103918245        5.44640115173462        0.43221059386916
H           18.57243315789906        4.24284062674588       -1.38125089324133
H           10.87595573020063       -7.28004185389801       -1.22333599593989
H           13.87507770276596        6.14431996644512        0.08123745024583
H            8.07083614617345        5.24778712416447        0.19389905978250
H           11.98598302446744        4.44012378147138        1.34987207892373
92
 energy: -209.868763586941 gnorm: 0.032062744265 xtb: 6.7.1pre (5071a88)
N            0.11938272815984        0.14421419204250        0.54010800291062
C            0.08043843073480        1.54752091125995        0.34562216391076
C            1.38336529011704       -0.45537120421786        0.54445904024474
C           -1.05484301583263       -0.55623990688305        0.39458559935417
N            1.19588829930117        2.21571677241345        0.26633417764353
N           -1.08040190209616        2.14992294282913        0.19603738770266
N            2.47343525166233        0.23984814376458        0.37889416896203
N            1.39368350979723       -1.79699352410159        0.69067853941903
N           -2.17811100601043        0.04402564089217        0.12620485263230
N           -0.98727012186971       -1.90158895973615        0.52313835071466
C            2.35388020078752        1.55648394671711        0.25775752976368
C            0.21078980446888       -2.45163919632528        0.96833543680874
C           -2.15697659644808        1.38411134800090        0.07151927921443
N            3.50104719155204        2.29379385967796       -0.00651967731531
N            0.22672807036268       -3.79605994390234        1.31600804393337
N           -3.36142477962390        1.96076607639317       -0.16368665532796
C            3.46495137522949        3.71780770565139       -0.11539168626207
C            4.59766430665174        1.56385724116707       -0.32152177171684
C           -3.60644648922002        3.37663789831484       -0.22297769348015
C           -4.41734042161029        1.16909024061342       -0.37254525380068
C            1.31181401769100       -4.41142439161662        0.45468313106928
C           -0.63602218527479       -4.45441928546473        0.26864270547446
N            4.48315867437679        4.37546166733488       -0.56329728842462
N            5.63515211711798        2.28570101113019       -0.86037260397906
N           -4.85216439174146        3.81994356438254        0.13335474997902
N           -5.36516058090338        0.57046762183599       -0.58783518043850
N            2.38321934800870       -3.75023896771633        0.23748656913688
N           -1.70926041372498       -3.90547295485051       -0.14623399684833
C            5.64026611963158        3.74893894316726       -0.92991415289897
C           -5.90226279656145        3.31016095730285        0.46768783916543
C            0.42662054953519       -5.33051434356746       -0.22301343794612
N            6.39982716796054        4.28710840143444       -2.01250486763618
N           -6.92588782020438        3.07274427126317        1.04323301296784
N            0.58751403716253       -6.40165468206484       -0.86443290478023
C            2.35244778801231        4.47330027615713        0.24346192010956
C           -2.69033482496301        4.22988094233486       -0.63965792357861
C            2.59948701392318       -2.54583368502130        0.64203703491079
C           -2.09147113610386       -2.71011717053374        0.20945548495394
C            1.12044905708603        4.87995188079958        0.40673958479334
C           -1.47989150682778        4.89816422652572       -1.13182444264995
N            2.05199374173157        5.94795584423705        0.37325561089708
N           -2.53536580270051        5.60456132296894       -0.81434801642502
H            6.08464869627769        5.14537104248539       -2.45241253136454
H           -7.80872318476529        2.76068828855278        0.69302025938661
H           -0.25893699745615       -6.83614490883877       -1.21426890944012
H            2.06522014444867        6.47611283264945       -0.50302982217449
H           -3.00407121125571        6.48445686435631       -0.72391821490190
H            0.07995469290036        4.67612412882507        0.44256448729244
N           11.44236554745986       -0.22024798567329        0.46933223983561
C           11.41041427924619        1.19715159692905        0.35142877271066
C           12.67390459029044       -0.84847448241726        0.41075327038346
C           10.23476678262040       -0.89260458271789        0.35386283469094
N           12.55369150396078        1.85683965263827        0.31080034064776
N           10.26989576016559        1.81230355507916        0.24175449764296
N           13.77482622573206       -0.17352822582880        0.26333563104755
N           12.67654102405398       -2.19399317955222        0.50877447386434
N            9.12667763756275       -0.27028020984671        0.12652575941174
N           10.29150792344265       -2.24722612805954        0.46373874334389
C           13.67701202429446        1.16183785672337        0.25400053994262
C           11.49420318049131       -2.82640326947791        0.82135655547576
C            9.15676786202295        1.08346753473649        0.07486678762377
N           14.87806662072396        1.79751498019062        0.13338968755970
N           11.51570824302976       -4.15635544493147        1.16642702572488
N            8.02981176994736        1.73945813148877       -0.11791243150372
C           15.13402441832050        3.22451932610569        0.13371579594696
C           16.03018199923216        1.11492691465574       -0.02392404120518
C            7.06083615673856        1.64200459748104       -0.89189803612184
C           12.54453555200997       -4.80589938999330        0.26422585099377
C           10.57813512287098       -4.83691873021782        0.19974649046587
N           16.26534182259466        3.68661354929023       -0.29540557971305
N           17.13205513451495        1.55346239992823       -0.30232333483584
N            6.84442755476755        4.39369616962473       -0.71615396661875
N            6.36253452808225        1.58223091452158       -1.92684451733959
N           13.60533736077097       -4.16148803247648       -0.03893730450740
N            9.51197610755779       -4.24885965118593       -0.18031776013370
C           17.33671844988804        2.93079855302826       -0.64426405362821
C           11.60733275052885       -5.73522092027610       -0.32704172189268
N           18.42207448858650        3.25904981924101       -1.16694537069924
N           11.72804475889556       -6.82557277884712       -0.94482312791469
C           14.18474656001754        4.06356540143753        0.67546804784293
C           10.08382956070116        5.07410153949858        1.21897311193567
C           13.87640780253420       -2.95381786273380        0.33835719736773
C            9.15701540175070       -3.05519991802949        0.19949214253384
C           13.02285639994560        4.53688871822479        1.08248870881671
C           10.24192373568070        5.85182668564765       -0.08234702007282
N           13.98582491250772        5.53322726555812        0.91049996512146
N            9.08920310112052        5.41587631074247        0.40527173886828
H           18.55420869271080        4.22769089784274       -1.41959833815705
H           10.86090004866244       -7.27265285840614       -1.22025643991005
H           13.88570861882373        6.14777122523243        0.10323582155953
H            8.11842987430575        5.23036563961362        0.14715102076330
H           11.99874367129628        4.44224353254828        1.37747706015730
92
 energy: -209.869874557483 gnorm: 0.025404049827 xtb: 6.7.1pre (5071a88)
N            0.12513378718252        0.14365569357355        0.53904362178214
C            0.08236804700845        1.54684150277413        0.34462740324705
C            1.39012086097746       -0.45322170484535        0.54524373960695
C           -1.04812514070391       -0.55909728147431        0.39585172593931
N            1.19602199559660        2.21742502420007        0.26175779941692
N           -1.07950025442951        2.14646826444189        0.19542581056896
N            2.47834551004736        0.24427063539457        0.37721956887559
N            1.40264729055253       -1.79466822601521        0.69478223325678
N           -2.17312805053893        0.03872009512568        0.12854831207316
N           -0.97796574570252       -1.90399815755508        0.52584940999239
C            2.35498199294382        1.55999441622767        0.24954675384836
C            0.22050121107837       -2.45101623057938        0.97207277383847
C           -2.15437809859105        1.37846746816657        0.07183248670847
N            3.49818516809713        2.29927406958055       -0.01638253302153
N            0.23855259042369       -3.79442780812148        1.32289208537062
N           -3.35864173831972        1.95437891482624       -0.16368314328752
C            3.46409339473620        3.72395005938887       -0.11606926878521
C            4.59247843754176        1.57128576090111       -0.34577639605691
C           -3.60208851772287        3.37072088408415       -0.22505355231395
C           -4.41553528868430        1.16301933402658       -0.37071214897679
C            1.32567998944666       -4.40954290507628        0.46416711198155
C           -0.62170575905664       -4.45594455764455        0.27538768848441
N            4.48159541145228        4.38215133950008       -0.56250741783400
N            5.62781888379602        2.29206806928455       -0.88298151667430
N           -4.84507712058194        3.81572843167059        0.14027443995500
N           -5.37109731506891        0.57057598761662       -0.57620407294706
N            2.39652624808797       -3.74715315514747        0.24736723161675
N           -1.69643080039481       -3.91014129088378       -0.14066976417007
C            5.63937761444832        3.75775691354718       -0.94393351753909
C           -5.89230389916976        3.30704298889346        0.48830676765796
C            0.44283519348335       -5.33130783022920       -0.21328248390092
N            6.38671761643082        4.29652992758572       -2.03994042082256
N           -6.91580055447311        3.08027068639711        1.06471925986565
N            0.60662650562970       -6.40252700967331       -0.85377191762148
C            2.35174767068804        4.47819277498965        0.24924215551988
C           -2.68659129198484        4.22166393180450       -0.64990497704934
C            2.60961168954436       -2.54137308035210        0.64940433680152
C           -2.08107308133212       -2.71511903904965        0.21271020430705
C            1.12048781701656        4.88585511470991        0.41358383714422
C           -1.47550360782324        4.88493403420457       -1.14906643759540
N            2.05103279759108        5.95276508694505        0.38748754702988
N           -2.52734394733955        5.59520700171439       -0.82802047567735
H            6.06449193184637        5.16904134388894       -2.46482848629864
H           -7.79739777529851        2.76024801287586        0.72033165924153
H           -0.23841073877581       -6.83922529397624       -1.20418795037970
H            2.06974491118849        6.48472915580521       -0.48688370199905
H           -2.99259302822765        6.47709438070608       -0.73797336613274
H            0.07717529108517        4.68373233760408        0.43652823162799
N           11.43212324165899       -0.21586439565147        0.47039097137390
C           11.40328445326440        1.20183670586327        0.35219272190408
C           12.66357665156572       -0.84521729115573        0.41645447782445
C           10.22483001984160       -0.88725209249697        0.34723867704367
N           12.54678796085240        1.86064585091149        0.31352960268699
N           10.26301503482002        1.81778458948176        0.23926639147340
N           13.76551932981998       -0.17169769856175        0.27200683343055
N           12.66448987446498       -2.19057264520242        0.51493038242343
N            9.11887390797050       -0.26404927489987        0.11314612962247
N           10.27934139271926       -2.24165200918302        0.45594957195219
C           13.67002325309883        1.16376386808908        0.26060647183179
C           11.47961692287949       -2.82156593088818        0.82163887410924
C            9.15080856307468        1.08904368871697        0.06730398709851
N           14.87159487067340        1.79783103458540        0.13930326835002
N           11.49780237629061       -4.15118188432157        1.16878003540586
N            8.02555773060076        1.74551556187390       -0.13532795063436
C           15.12962793353157        3.22387993918796        0.13910370158740
C           16.02272846739033        1.11381364560500       -0.02022787905409
C            7.05841976475622        1.64506252004068       -0.91320907078886
C           12.53117863013651       -4.80225085615193        0.27272060444554
C           10.56554119483081       -4.83154031937009        0.19719799907560
N           16.25925391288021        3.68410986867137       -0.29922475187388
N           17.12396214002873        1.55062688865884       -0.30439180674610
N            6.85720241069526        4.39285364755536       -0.74007065275999
N            6.35974329879533        1.59176943955263       -1.95107758091572
N           13.59451929274440       -4.15939658411170       -0.02490798554009
N            9.50226576034811       -4.24286256449742       -0.19038887478081
C           17.32664545551713        2.92640721805711       -0.65494408979932
C           11.59688790183153       -5.73205302188540       -0.32185353755202
N           18.40709634677981        3.25085211137979       -1.19026378441554
N           11.71949368973273       -6.82369267548339       -0.93751960913640
C           14.18614992402715        4.06463041912270        0.68923359148993
C           10.08243083247446        5.04693209669981        1.20718308076211
C           13.86409796489413       -2.95133112030828        0.35187789269944
C            9.14653881991470       -3.04827909978091        0.18558726292782
C           13.02855485308862        4.53911257833258        1.10923156723391
C           10.26748563711094        5.83697056363530       -0.05726763876022
N           13.99287009952774        5.53410511596630        0.92648001872296
N            9.10082381300115        5.37085035286258        0.37608923126140
H           18.53767072983955        4.21781328331324       -1.45005706941779
H           10.85319853711985       -7.27019647781431       -1.21686706398452
H           13.88379951952916        6.14973996575524        0.12021643985350
H            8.14427153508518        5.18893345903613        0.12681765686545
H           12.00626384704498        4.44234245695488        1.42380625601546
92
 energy: -209.870685746902 gnorm: 0.021105753618 xtb: 6.7.1pre (5071a88)
N            0.13367089189352        0.14374312574211        0.53954268186686
C            0.08485347877068        1.54593974032455        0.34316656324056
C            1.39938750108611       -0.44925472701834        0.54802969151028
C           -1.03808097991367       -0.56313468957668        0.40021875169738
N            1.19579988565129        2.22041212440642        0.25358244391220
N           -1.07859821908741        2.14181228378275        0.19685886174246
N            2.48496328878383        0.25130606102799        0.37455733611305
N            1.41684885944987       -1.78965172364693        0.70447145524011
N           -2.16543749297482        0.03092186778376        0.13344861908627
N           -0.96310861433168       -1.90712811648658        0.53255311835787
C            2.35613111532007        1.56545545421913        0.23838771202143
C            0.23645026925126       -2.44924598681612        0.98210577797588
C           -2.15122268409076        1.37013674724009        0.07479162330543
N            3.49355488798185        2.30647361201556       -0.03454798414112
N            0.25844701080628       -3.79161517580598        1.33644924107223
N           -3.35513441220306        1.94522044235266       -0.16149459397810
C            3.46048641085027        3.73293487197571       -0.12100033286137
C            4.58374136818134        1.58157205825257       -0.38668005342094
C           -3.59470323220998        3.36249049711621       -0.22661258273245
C           -4.41457297578331        1.15579076157906       -0.36382944334018
C            1.34938915519552       -4.40498268580270        0.48157834900263
C           -0.59729810142779       -4.45768887102492        0.28797523281710
N            4.47671042574672        4.39326800195872       -0.56534662841170
N            5.61629025471009        2.30301667161321       -0.92453191936597
N           -4.83300962779659        3.81281673819088        0.14972156620921
N           -5.37466732481315        0.56676171659242       -0.56353809144632
N            2.41919307985987       -3.73998575412321        0.26675820668320
N           -1.67378776948732       -3.91680169577154       -0.13079793313633
C            5.63189107361517        3.77107068056666       -0.97393681045156
C           -5.87734477136228        3.30792133938300        0.51124046236638
C            0.47104998391794       -5.33060815029582       -0.19670200371645
N            6.35889413708829        4.31103805484834       -2.08607669032959
N           -6.89111089631826        3.07914932347926        1.10873940802518
N            0.63982006392486       -6.40193124264213       -0.83572154805613
C            2.34990784663125        4.48562881119277        0.25841516085482
C           -2.67976094317411        4.20794705373853       -0.66547652591689
C            2.62672609299891       -2.53206768104288        0.66489522404173
C           -2.06342358186610       -2.72273381975332        0.21999483362373
C            1.11871496245703        4.89269616691694        0.41779012225111
C           -1.46680725380242        4.86105143808936       -1.17455855654355
N            2.04934594754526        5.96061492100014        0.41050715599877
N           -2.51240984105236        5.57936434321307       -0.85172627688142
H            6.03344114934721        5.19596421896495       -2.49187575399015
H           -7.78108568677286        2.76194260583651        0.78022595547470
H           -0.20296187778226       -6.84210723382490       -1.18722339616667
H            2.07654410326398        6.50551144510780       -0.45674198774793
H           -2.97135066866410        6.46518958942006       -0.76376470103170
H            0.07421802782291        4.68876277514025        0.42549313640143
N           11.41583273339925       -0.20836255608553        0.47003949160770
C           11.39164975663803        1.20961212508190        0.35423943737372
C           12.64671418420976       -0.84033662798267        0.42416182113348
C           10.20898785440634       -0.87802585117215        0.33615783478388
N           12.53611284867499        1.86681705723243        0.32129596775398
N           10.25211009945752        1.82738213517176        0.23555835644340
N           13.75017650634605       -0.16916284180430        0.28328585521852
N           12.64406519040587       -2.18552091478547        0.52411062242572
N            9.10634785727986       -0.25254603071147        0.09132022875721
N           10.25942317826923       -2.23233748969188        0.44242937255915
C           13.65852051624015        1.16643067460975        0.27075107186748
C           11.45535866723246       -2.81392785931971        0.82229463189964
C            9.14065657332234        1.09932700612502        0.05188805190231
N           14.86105545959491        1.79747701568418        0.14927481153215
N           11.46741570082498       -4.14304273765640        1.17218369544983
N            8.01725317593711        1.75630108894926       -0.16714783461201
C           15.12221031141115        3.22242445042952        0.14812271196950
C           16.01028327500113        1.11145136185636       -0.01518346981361
C            7.05687176552233        1.65321126358560       -0.95465614024209
C           12.50823976050168       -4.79755806597758        0.28680613720047
C           10.54353438933236       -4.82309045359625        0.19184521783735
N           16.24812497709999        3.67925441883500       -0.30692908205156
N           17.11008547495596        1.54479505658814       -0.31006890151871
N            6.86652960539955        4.39382653294744       -0.78759771436351
N            6.35572337575369        1.61258150249054       -1.99235305976102
N           13.57548911846281       -4.15716722280360       -0.00274836159809
N            9.48528343192756       -4.23249468284293       -0.20908779707087
C           17.30929892120281        2.91849902599686       -0.67457025137113
C           11.57840611937339       -5.72768428842479       -0.31387746650096
N           18.38234690309195        3.23667253699139       -1.22983267360305
N           11.70533284631671       -6.82232881431564       -0.92413887500755
C           14.18806323261077        4.06440292314905        0.71395132282404
C           10.09476308330622        5.02935189146609        1.23126753179223
C           13.84298021640618       -2.94844936449116        0.37290759365140
C            9.12844795044176       -3.03632110258199        0.16018809104042
C           13.03856109539347        4.54114690485642        1.15314841914929
C           10.30719930249041        5.80502854353551       -0.02774563512889
N           14.00191753932357        5.53368128247355        0.95488389344250
N            9.13611354535428        5.31567274234849        0.36926277053742
H           18.51066264216787        4.20100093315095       -1.50121171432163
H           10.84141085469906       -7.26902283353807       -1.21069228469888
H           13.88065125060651        6.14951757889736        0.15107319030597
H            8.17772394823525        5.09094278024439        0.05612908673631
H           12.02164644408398        4.44744991562049        1.48300416722834
92
 energy: -209.871649802097 gnorm: 0.021381115293 xtb: 6.7.1pre (5071a88)
N            0.13945609555658        0.14284865844442        0.53834964442876
C            0.08596892360309        1.54453342896745        0.33967086903158
C            1.40681268979017       -0.44618420465175        0.54929298870665
C           -1.03081017908969       -0.56752801472780        0.40312898395403
N            1.19453669008902        2.22262292412284        0.24633757731092
N           -1.07920748477812        2.13633377145272        0.19527823623347
N            2.48997866579905        0.25730209498265        0.37335795270635
N            1.42824687893896       -1.78600230661337        0.71105780332348
N           -2.16084307384255        0.02272582759765        0.13866046942670
N           -0.95130245507923       -1.91103796845517        0.53832201894466
C            2.35620581447499        1.57025808524457        0.23050905700348
C            0.24918755548114       -2.44819407212316        0.98939870045295
C           -2.15016179272310        1.36164383613411        0.07708218992119
N            3.48900072185245        2.31310261278326       -0.05091998585295
N            0.27477748984275       -3.78884961391743        1.34975788327792
N           -3.35431112824110        1.93645975277859       -0.15773836270140
C            3.45758340931791        3.73906996341517       -0.13535731721242
C            4.57661632938942        1.59103052310426       -0.41501187990059
C           -3.58995855460635        3.35468541243066       -0.22518286667719
C           -4.41780495915900        1.15047650939034       -0.35127618532299
C            1.36869918749338       -4.40249243392782        0.49877699386681
C           -0.57718127746198       -4.46058452749350        0.30180249584704
N            4.47044540714134        4.39809216384989       -0.58737439539975
N            5.60374651349716        2.31160852921266       -0.95336947338638
N           -4.82397626596443        3.80958687509401        0.15797555365063
N           -5.37792270622777        0.56166407124543       -0.54812805682866
N            2.43714417377743       -3.73545254155345        0.28327662232775
N           -1.65567848288142       -3.92503350298217       -0.11924904478201
C            5.62533663701936        3.78043649672347       -1.00099707307669
C           -5.86518777506165        3.30904190886495        0.53330944522008
C            0.49384621989891       -5.33271657162764       -0.17783409262044
N            6.35327337862336        4.32037794926973       -2.10708463885020
N           -6.87258300090246        3.08632350144809        1.14345094290406
N            0.66653403951281       -6.40496034535791       -0.81426498722973
C            2.35009817369133        4.49030010360500        0.25625845694044
C           -2.67525167990192        4.19510906731692       -0.67294044461120
C            2.64000066746296       -2.52488928593343        0.67616012955691
C           -2.04959504953487       -2.73139608784162        0.22772175235875
C            1.11925672131628        4.90058629688836        0.41803037883262
C           -1.46000538964624        4.83962374228732       -1.18735082111645
N            2.05269697070086        5.96605050844971        0.43404891349890
N           -2.50070840454723        5.56463271475061       -0.86412396615986
H            6.03735624904988        5.20542932740688       -2.50928628115689
H           -7.76657991605471        2.76817284112570        0.82767462477785
H           -0.17442572074868       -6.84857503603881       -1.16571417162722
H            2.08272845721242        6.52897389047486       -0.42207519826801
H           -2.95455122068397        6.45342209692853       -0.77949177743668
H            0.07604729565587        4.69788762929437        0.42187324586632
N           11.40115100993277       -0.19885342662173        0.47071637742327
C           11.38243088090496        1.21917210972437        0.35171907029352
C           12.63102592334061       -0.83411150329930        0.43173854849461
C           10.19439259472802       -0.86569330531431        0.32635464879421
N           12.52773046208563        1.87337991161642        0.32220542710147
N           10.24463469066800        1.84000163840760        0.22532381752744
N           13.73670344754380       -0.16586429624808        0.29418278559951
N           12.62446222824750       -2.17911885483248        0.53354754809058
N            9.09521346202804       -0.23691686628904        0.07147207231782
N           10.24041707854015       -2.22012304512399        0.43186423675232
C           13.64894570426715        1.16955856766881        0.27739436530940
C           11.43175546540756       -2.80413251441159        0.82359010724023
C            9.13435076839203        1.11383231255726        0.03273260043046
N           14.85226722256333        1.79787979662381        0.15543885670808
N           11.43678461274533       -4.13325630397445        1.17513095231308
N            8.01462371600652        1.77390910996251       -0.20121855954757
C           15.11645616961600        3.22144399432346        0.15471549423337
C           15.99978601011312        1.10919745501700       -0.01181246278575
C            7.05511485615240        1.65960484096315       -0.98438571429565
C           12.48375562711374       -4.79112356397499        0.29986284878133
C           10.52071315950568       -4.81163571495234        0.18594368205823
N           16.23878248702260        3.67570790778322       -0.31184929990397
N           17.09795099644857        1.54034036825604       -0.31490113995461
N            6.85380174358584        4.40115714961597       -0.81035353919277
N            6.34558607193857        1.61159479426383       -2.01279730320960
N           13.55564438633566       -4.15410138621366        0.01971417294936
N            9.46846538205408       -4.21868020398253       -0.22699495836651
C           17.29235979766372        2.91157993371961       -0.69299003867425
C           11.55771405478787       -5.72015822920900       -0.30795724475152
N           18.35614130457451        3.22313817706957       -1.26998447440268
N           11.68676161072410       -6.81650496850731       -0.91434940565202
C           14.19225619528048        4.06430347152161        0.73588994254745
C           10.10024601671152        5.00217242012652        1.24585760922451
C           13.82222787450374       -2.94540329840809        0.39559185078767
C            9.11155365770714       -3.02106363794961        0.13724169274458
C           13.05004805922849        4.54251211492122        1.19327955848022
C           10.36169566512887        5.76095700283497       -0.01630468882500
N           14.01414668264754        5.53290863044346        0.98515656097100
N            9.17497952844021        5.24984714546570        0.31955109784821
H           18.48184317709503        4.18446363702795       -1.55295065434037
H           10.82384168307046       -7.26080382092790       -1.20771190343142
H           13.88448257054640        6.15177467440053        0.18460351771609
H            8.23025575003388        5.02416749373185       -0.01638960910711
H           12.03914137545865        4.44829068032812        1.52939364353460
92
 energy: -209.872460168706 gnorm: 0.021247777433 xtb: 6.7.1pre (5071a88)
N            0.14412049269730        0.14338760824599        0.53491182928816
C            0.08457480788269        1.54478028827446        0.34033344776496
C            1.41172070251850       -0.44199013343230        0.54924799415527
C           -1.02486433816128       -0.57086499381693        0.40526914772752
N            1.19067812654378        2.22749854904527        0.24229001016889
N           -1.08279834117259        2.13291807590666        0.20386505639630
N            2.49242256563141        0.26491687150075        0.37227293170223
N            1.43768948612498       -1.78112487640721        0.71547475575162
N           -2.15721594928729        0.01620723272015        0.14268760994794
N           -0.94118047029918       -1.91348504892120        0.54333012706223
C            2.35326306716776        1.57611804456893        0.22314339300760
C            0.26079122897708       -2.44596044836483        0.99590402815418
C           -2.15123873963672        1.35441499873639        0.08306987657048
N            3.48133894592474        2.31936143797824       -0.06924250074986
N            0.29055338863464       -3.78434091415351        1.36243787245275
N           -3.35529020964898        1.92933777246840       -0.15099111521118
C            3.45153285156410        3.74618416015947       -0.15559727557266
C            4.56442420882274        1.60087611538094       -0.44862938782477
C           -3.58772689630771        3.34780174332687       -0.22049408930111
C           -4.42182704843012        1.14533500345635       -0.33549313787723
C            1.38531778475426       -4.39769974377000        0.51311583760071
C           -0.55998361129386       -4.46366008565225        0.31754534611188
N            4.46309534871025        4.39853683353941       -0.61327084452209
N            5.59614434853826        2.31899151871861       -0.97770861888231
N           -4.81998158820319        3.80470873307410        0.16473009082594
N           -5.37960781283992        0.55273665910116       -0.52699214464107
N            2.45248546027487       -3.72915492617398        0.29483439151441
N           -1.64026058700328       -3.93255061774695       -0.10504672907167
C            5.62191085343348        3.79239706390671       -1.02685750300457
C           -5.85725474745574        3.30858331182496        0.55503556789745
C            0.51324187007445       -5.33453038502540       -0.15830836942109
N            6.35520176030473        4.32924377974188       -2.12019494137464
N           -6.86223405418953        3.09889768748033        1.16923531515951
N            0.68963395704272       -6.40890296941070       -0.79020493115294
C            2.34968614124553        4.49859690660163        0.25158736420185
C           -2.67324199052829        4.18587915895302       -0.67181833317211
C            2.65176451964226       -2.51620561767348        0.68223731905183
C           -2.03722731270665       -2.73891499894312        0.23682883170861
C            1.12030433124906        4.91399576356142        0.41630354465923
C           -1.45770655673093        4.82757217082238       -1.19101373985837
N            2.05411970052876        5.97525856712912        0.43907670240509
N           -2.49649485517304        5.55424283326404       -0.86610592954047
H            6.05115880347934        5.21306313590879       -2.51728644364591
H           -7.75533997647278        2.77487747886046        0.86250587835366
H           -0.14989296496082       -6.85804402308132       -1.13809052492060
H            2.08333009661388        6.54634474279332       -0.40898288255037
H           -2.94833076496730        6.44427552039713       -0.78486402883230
H            0.07910990404386        4.71512498851168        0.43146779104577
N           11.39215258463808       -0.19129666239051        0.47188140778465
C           11.37892100890325        1.22680524406015        0.34772909631093
C           12.62129206504600       -0.82973902176135        0.44369012763532
C           10.18613827263014       -0.85510229779798        0.31549004549108
N           12.52554834595541        1.87755456420113        0.31796736773511
N           10.24357648871588        1.85092996626960        0.21579833867954
N           13.72934060380011       -0.16489881580575        0.31126297003801
N           12.60974437324237       -2.17470989363689        0.54815954462266
N            9.09161842616042       -0.22272779905616        0.04577685315694
N           10.22679939286396       -2.20960105105472        0.42219367362268
C           13.64559226280387        1.17029534462344        0.28368777213511
C           11.41251439758443       -2.79637390601209        0.82645064487039
C            9.13289667297139        1.12661068704429        0.01341958706299
N           14.84896645938714        1.79703112550109        0.15903903009247
N           11.41177835880494       -4.12532838047898        1.17997631762966
N            8.01918701837557        1.79211138513293       -0.23244354095048
C           15.11208898398957        3.22015104814619        0.15757800521332
C           15.99658227312188        1.10983585651177       -0.01103617512835
C            7.05406460581038        1.66227645977739       -1.00520941059906
C           12.46291014709721       -4.78548958342532        0.31051017451805
C           10.50206319507569       -4.80082089154277        0.18511914176752
N           16.22958789645584        3.67500454414091       -0.31811884050568
N           17.09213814845546        1.54110926724516       -0.32132149852446
N            6.83602331892629        4.41714658577568       -0.82278390525309
N            6.34208197808737        1.61032986298549       -2.02755961514810
N           13.53890237214457       -4.15156365529136        0.03945761100586
N            9.45262573804304       -4.20773289890720       -0.23223992413773
C           17.27759844475863        2.91102393063307       -0.71064992164349
C           11.53910052380948       -5.71154999898827       -0.30333832176886
N           18.33067179844880        3.21946155557631       -1.30459651604145
N           11.66832343161119       -6.80564894341381       -0.91283877741190
C           14.19547807775908        4.06073591024128        0.75218568347110
C           10.10335129003325        4.94723228093776        1.22065826812002
C           13.80460645286452       -2.94322831211314        0.41631793732470
C            9.09831180409805       -3.00755555109382        0.12645912431374
C           13.05787983205592        4.53329979327220        1.22806364431906
C           10.40083745737653        5.69873834210723       -0.04781901184464
N           14.01990916471684        5.52709188109735        1.01160621338629
N            9.21948002117683        5.18254852149467        0.27069022550456
H           18.44942782614097        4.17810918840202       -1.59773284455344
H           10.80711435726958       -7.24899653359895       -1.21150199202552
H           13.87749782716953        6.15091900404024        0.21526812704680
H            8.28433774996244        4.97208952721218       -0.05099946249126
H           12.05119861463861        4.43075434652845        1.57525923559383
92
 energy: -209.873316523716 gnorm: 0.026343532923 xtb: 6.7.1pre (5071a88)
N            0.15310596586932        0.14512247406018        0.53563806727033
C            0.08772353801632        1.54563295040205        0.34012485354527
C            1.42162662411843       -0.43576253630614        0.55193661590319
C           -1.01398048497337       -0.57396662555847        0.41115920802303
N            1.19111358597196        2.23280037387369        0.23536878772893
N           -1.08200083898794        2.12935395733052        0.20782237270097
N            2.49965017518081        0.27463652869156        0.36830417330042
N            1.45415346727431       -1.77338949812313        0.72681091961706
N           -2.14887318435043        0.00865314539952        0.14895590666668
N           -0.92427238017952       -1.91575788578925        0.55256174811791
C            2.35554864161686        1.58438735472472        0.21214298952896
C            0.27946289034443       -2.44198667430070        1.00914898759478
C           -2.14820574785900        1.34649108285603        0.08828221605473
N            3.48042685300196        2.32810728846818       -0.08913265113065
N            0.31430020766759       -3.77893717986927        1.38052043238279
N           -3.35300280484665        1.91970945011749       -0.14530091616401
C            3.45184675651992        3.75668175817479       -0.16434606582475
C            4.55689953438439        1.60983002475157       -0.49535709546628
C           -3.58169720778387        3.33883683654331       -0.21967028950798
C           -4.42136595268828        1.13704441650574       -0.32331635329660
C            1.41279633064808       -4.39056197402955        0.53499597539060
C           -0.53192666437195       -4.46531470531735        0.33633832778935
N            4.46032169283983        4.41268977319415       -0.62259655360007
N            5.58528911173754        2.33268372040871       -1.02177112241005
N           -4.80894615156855        3.80114710409105        0.17726236544651
N           -5.38233694971357        0.54677355890404       -0.50646317273270
N            2.47813339307484       -3.71886628486326        0.31704218453611
N           -1.61371863087050       -3.93990665127688       -0.08958923611167
C            5.61349965319969        3.80657482664924       -1.05968861999116
C           -5.84165528200755        3.30881631570562        0.58717421427284
C            0.54574813326865       -5.33296330732499       -0.13512477112156
N            6.32901071068210        4.34675340679857       -2.16862980710727
N           -6.83805532182433        3.10441786433267        1.21828085980468
N            0.72793440170330       -6.40841985065154       -0.76368196685697
C            2.35105918292279        4.50517694069565        0.25641392724172
C           -2.66822308756512        4.17086629181720       -0.68548161257942
C            2.67169661545205       -2.50326015740182        0.69892556722244
C           -2.01661166526245       -2.74717632874351        0.24843766838807
C            1.12144430983147        4.91850632593581        0.41715239948426
C           -1.45147053506119        4.80231605259400       -1.21631602354617
N            2.05491847323232        5.98054358502935        0.45972991825069
N           -2.48394728132633        5.53707669616527       -0.88760644903621
H            6.01536780860747        5.23898504985455       -2.54986706882731
H           -7.73696635711378        2.78001275612352        0.92705028483994
H           -0.10900230192349       -6.86262700738278       -1.11144562472101
H            2.09097781444986        6.56473976301365       -0.38036284549476
H           -2.92933402567423        6.43072727087990       -0.80795619967851
H            0.07883476977944        4.71714973482807        0.42196487949100
N           11.37466077415204       -0.18165968138353        0.47006485016089
C           11.36672659984850        1.23619646321941        0.34583770944970
C           12.60226933655033       -0.82399854000195        0.45388810592144
C           10.16918050247676       -0.84282303570036        0.30046992283524
N           12.51519188411551        1.88388988737907        0.32393174773113
N           10.23347980413348        1.86332884284867        0.20457055213424
N           13.71306778298877       -0.16242446244827        0.32704628871905
N           12.58566402537195       -2.16879790962677        0.56117730682774
N            9.07907543942209       -0.20739593234910        0.01714976017966
N           10.20437755935640       -2.19714368804579        0.40747540411118
C           13.63372030120481        1.17265063537913        0.29537527917307
C           11.38386461542016       -2.78666417181202        0.82925681884886
C            9.12365631658530        1.14108646042073       -0.01176010680894
N           14.83824528803654        1.79581177875536        0.16988504890290
N           11.37507023770332       -4.11527599728383        1.18479383442518
N            8.01462933918667        1.80959517507686       -0.27682508203477
C           15.10438660791905        3.21851834081744        0.16593726289539
C           15.98419636569007        1.10743159578639       -0.00620985724419
C            7.05512783322866        1.67171870843422       -1.05380872661889
C           12.43425428396431       -4.78012562320388        0.32756446896749
C           10.47489886645099       -4.78956675387792        0.17987410180271
N           16.21607420218722        3.67047484301513       -0.32825517920100
N           17.07728600619075        1.53592376789570       -0.33011656937120
N            6.84232396915306        4.42063068640680       -0.87276316444072
N            6.33833730922865        1.63674894675677       -2.07266642305718
N           13.51495269550447       -4.14943734616125        0.06673844579865
N            9.43145683946327       -4.19412970236905       -0.25138779505295
C           17.25656627221178        2.90388298103253       -0.73519838930170
C           11.51479781712415       -5.70499307017086       -0.29474505396863
N           18.29906498636777        3.20531842579629       -1.35413382780277
N           11.64826092488514       -6.80104976008871       -0.90006655681598
C           14.19912474552284        4.05886837566533        0.77930378167188
C           10.10772304522621        4.91638731842410        1.25097328073224
C           13.77922807345605       -2.94091562304411        0.44360344784887
C            9.07702791697606       -2.99194482185631        0.10027822356176
C           13.07080757825570        4.53108331449394        1.27755545745067
C           10.44219947829273        5.62574951766359       -0.04782525010570
N           14.02945629095407        5.52394910189949        1.04652527290086
N            9.25959108773934        5.10334448622819        0.23741192825075
H           18.41370951069886        4.16075794952468       -1.66017704163217
H           10.78964051284235       -7.24345615442834       -1.20767269130929
H           13.87230961957363        6.14991434367133        0.25527219804474
H            8.33729031739103        4.87766737137863       -0.11978224358443
H           12.06990525143514        4.42839194387451        1.64864705359856
92
 energy: -209.874003080557 gnorm: 0.021794798603 xtb: 6.7.1pre (5071a88)
N            0.15787460225904        0.14695748520933        0.53280857527585
C            0.08880326859094        1.54705165231180        0.33812538406739
C            1.42689934931823       -0.43071030221715        0.54967373191792
C           -1.00794966871001       -0.57541574606227        0.41316965179387
N            1.19022948640621        2.23720189901744        0.22815173764853
N           -1.08301242495851        2.12765872325098        0.21035779224370
N            2.50311830091626        0.28217459539662        0.36092810222879
N            1.46441284577117       -1.76699130217820        0.73079343234423
N           -2.14462694319539        0.00411092807204        0.15164416944078
N           -0.91389884816573       -1.91657983620281        0.55746988380959
C            2.35627638573321        1.59107213071590        0.20086722443018
C            0.29155173857525       -2.43785364489258        1.01668092397401
C           -2.14786666995917        1.34181736638847        0.09177509445528
N            3.48110502175821        2.33382672300195       -0.10302717389749
N            0.33031286416169       -3.77319618905052        1.39282270518071
N           -3.35416078879266        1.91322752553926       -0.13983599711467
C            3.45486159850868        3.76290218722046       -0.17758935206519
C            4.55101184440866        1.61608833029675       -0.51829025103990
C           -3.58100432406890        3.33246290035266       -0.21720646660239
C           -4.42269586099711        1.13008278149845       -0.31244381220653
C            1.42993707161479       -4.38479361881340        0.54919642386528
C           -0.51460415747018       -4.46679311211420        0.35206049631622
N            4.46162786383916        4.42093811408919       -0.63745592969921
N            5.57940112133979        2.34121467401605       -1.04156756238694
N           -4.80583436442652        3.79977409339459        0.17707297906168
N           -5.38882679568459        0.54258346735889       -0.48343276344771
N            2.49331439496092       -3.71103957364518        0.32837564514752
N           -1.59705792330056       -3.94524264094365       -0.07636730969385
C            5.61043290360727        3.81330952113609       -1.07466866954145
C           -5.83683704150283        3.31426803877399        0.59326096245644
C            0.56563098685386       -5.33262865768816       -0.11630849132471
N            6.32518578030627        4.35468151449550       -2.18527150603824
N           -6.82069885500171        3.10345110589735        1.24994142210759
N            0.75113295356383       -6.41044510016674       -0.73972762948465
C            2.35470567430567        4.50805761485655        0.25107385865789
C           -2.66770821168580        4.16103680657114       -0.68469793570425
C            2.68400152930140       -2.49338364351767        0.70459717936297
C           -2.00351164383473       -2.75262329051059        0.25733878905203
C            1.12743979169845        4.92002830209487        0.41800689254879
C           -1.45034646999944        4.78880845975661       -1.21343238766055
N            2.06003883095587        5.98185661769074        0.46877639140219
N           -2.48150316508932        5.52608858338634       -0.89002787169307
H            6.00476021693175        5.24925937130640       -2.56276921385649
H           -7.73080885323356        2.78912124723396        0.97524835621649
H           -0.08433198135683       -6.86937457073349       -1.08465197777369
H            2.09596193296562        6.57621911166551       -0.36473134176973
H           -2.92496534440272        6.42068728316696       -0.81402517071605
H            0.08383771667109        4.71796721596493        0.42398174326750
N           11.36537680773295       -0.17236112387961        0.46910514147231
C           11.36127434456752        1.24469384707772        0.34085356618672
C           12.59084020693299       -0.81845221181053        0.46385862442127
C           10.16059029696841       -0.83097785661518        0.29105716760691
N           12.51155468636083        1.88914579463197        0.32437336293989
N           10.23041429265069        1.87418610370288        0.19088210713154
N           13.70430532176564       -0.16016177161956        0.34150653334740
N           12.56921065080760       -2.16305187088516        0.57453172003276
N            9.07448103971366       -0.19360488309001       -0.00157904166327
N           10.19050378562787       -2.18484529832958        0.40011758562366
C           13.62854685064523        1.17473237204245        0.30350914187941
C           11.36395176495950       -2.77746728406427        0.83442134536578
C            9.12122759102559        1.15432401849487       -0.03086122227517
N           14.83391666053308        1.79550241991534        0.17820597027210
N           11.34773737806552       -4.10624637703139        1.18938947275110
N            8.01762684693150        1.82585670220309       -0.31159452688933
C           15.10086423203800        3.21831769211595        0.17613956006603
C           15.97943736304709        1.10786326193243       -0.00293028509038
C            7.05747209449953        1.67275313075363       -1.08312416436665
C           12.41162222870106       -4.77424802517201        0.34024561634780
C           10.45381137777640       -4.77712186750129        0.17681660835653
N           16.20673389433772        3.67012249560127       -0.32997833557362
N           17.06973440720383        1.53598928874355       -0.33586832369572
N            6.84557036276625        4.42346245113933       -0.88893146752708
N            6.33185030959145        1.65522707718345       -2.09719797554128
N           13.49619719388656       -4.14651562183939        0.08831102224409
N            9.41497241572158       -4.17917827815427       -0.26228325346705
C           17.24148262322613        2.90303837612281       -0.75010996622854
C           11.49405972540170       -5.69562227948610       -0.29017524641930
N           18.27348046865774        3.20030753822511       -1.38956140124017
N           11.62900611692786       -6.79110039974113       -0.89583923934487
C           14.20265067067136        4.05535447710043        0.80333298871807
C           10.10684295335200        4.85942217491196        1.22463433293386
C           13.76090720584588       -2.93882467400188        0.46719251478958
C            9.06236733323785       -2.97586280421214        0.08641168317950
C           13.08092967448285        4.52419596959103        1.30824134837846
C           10.48441363159792        5.58174063436592       -0.03888758083887
N           14.03362305988271        5.51769781087991        1.08332115601742
N            9.29248746241853        5.03047936316884        0.18980024831570
H           18.38260375978401        4.15334193613888       -1.70421957039462
H           10.77189045300023       -7.23078877354010       -1.21119456414642
H           13.87423042441816        6.14839862108990        0.30078681663256
H            8.37186979464396        4.79368318031730       -0.21088480000741
H           12.08589049803008        4.41954652110633        1.67455959512440
92
 energy: -209.874758551728 gnorm: 0.017323347317 xtb: 6.7.1pre (5071a88)
N            0.16536489200429        0.14948067644910        0.53313788614921
C            0.09257679893857        1.54889515541304        0.33868762813694
C            1.43526541176755       -0.42467814610119        0.55028813461489
C           -0.99897996468814       -0.57651278238861        0.41727110613763
N            1.19201895402896        2.24202404897373        0.22401472256129
N           -1.08122337418376        2.12647882086827        0.21539280837924
N            2.50975580365662        0.29040943648410        0.35634247350317
N            1.47773112417990       -1.75971249694218        0.73795694869082
N           -2.13730351495095       -0.00000773300484        0.15580609261977
N           -0.90044005168657       -1.91704036811149        0.56428039376115
C            2.35936469001451        1.59847115804676        0.19258557814049
C            0.30677368487917       -2.43327284433148        1.02668444958157
C           -2.14421503274047        1.33750518762514        0.09665431129286
N            3.48285861576727        2.34208072157048       -0.11854615740189
N            0.34963248818866       -3.76750119405994        1.40636734166975
N           -3.35210362886647        1.90689136491113       -0.13214607927211
C            3.45593171428672        3.77252057424422       -0.18504647566093
C            4.54760809218766        1.62493269630604       -0.55484529053527
C           -3.57834258493911        3.32597850193263       -0.21226138540767
C           -4.42060128738285        1.12300135651607       -0.30004259662545
C            1.45137931018098       -4.37760279435869        0.56442327761262
C           -0.49318684445222       -4.46768662035668        0.36753636596823
N            4.45962834570877        4.43339145854042       -0.64737879009859
N            5.57274750590623        2.35258984073148       -1.07697157290776
N           -4.80051036986979        3.79471490937078        0.19443879401116
N           -5.38903184639695        0.53583885344173       -0.46228492771897
N            2.51296209764158       -3.70160158083909        0.34245039692652
N           -1.57618951267534       -3.94981129793734       -0.06357417543139
C            5.60401051619294        3.82467005221916       -1.10161169588775
C           -5.82560336616548        3.30910717850680        0.63154430733548
C            0.59065874471278       -5.33046363449921       -0.09846009199535
N            6.31101255916527        4.37101634850519       -2.21538760490910
N           -6.81254696950362        3.11829856330825        1.27860138455019
N            0.78061287369251       -6.40984899547874       -0.71798136332467
C            2.35656235108696        4.51391072859176        0.25108832273917
C           -2.66673290214702        4.15193584564807       -0.69269436267429
C            2.70011007654808       -2.48200870449148        0.71427009074631
C           -1.98675871181605       -2.75772607282600        0.26702486403717
C            1.12647682980997        4.92264936986913        0.41170906185694
C           -1.45027726525183        4.77511473025778       -1.23250812352960
N            2.05833374179950        5.98564974798265        0.47248888670468
N           -2.47822814871574        5.51599951791543       -0.90367544036772
H            5.98522094502342        5.26532639614631       -2.58597068145568
H           -7.71479949016434        2.78944459645526        1.00588884589151
H           -0.05297566666600       -6.87336168930378       -1.06147851658760
H            2.09931551320233        6.58294266744302       -0.35867112022177
H           -2.91838654393204        6.41219214315420       -0.82603994529098
H            0.08237067144478        4.71754607682037        0.41737998462038
N           11.35483389005997       -0.16609787417487        0.46716212829791
C           11.35445319816623        1.25057240647606        0.33901162360995
C           12.57884397500899       -0.81495937832807        0.47346374531344
C           10.15033375285575       -0.82245710457016        0.27833118453890
N           12.50614819570327        1.89250257562165        0.32859807477016
N           10.22593161750534        1.88237669301354        0.18138055345866
N           13.69480147975180       -0.15914174072716        0.35679265644592
N           12.55296801817172       -2.15921340041970        0.58734864169872
N            9.06794798930889       -0.18302224408246       -0.02559521400286
N           10.17578741275707       -2.17578211799105        0.39042765243018
C           13.62156555920840        1.17559280755768        0.31323166929124
C           11.34371244177890       -2.77061364295940        0.83792048700785
C            9.11735527692669        1.16449655261459       -0.05158164799845
N           14.82751504311266        1.79457958740689        0.18566166650770
N           11.32159081931828       -4.09920241289566        1.19432111937316
N            8.01903678003309        1.84012720143579       -0.34638140111248
C           15.09492714789224        3.21840897032885        0.17797982934717
C           15.97257958291533        1.10804140845015       -0.00061166207890
C            7.06093147105441        1.68268711127565       -1.12027483425169
C           12.39113956157396       -4.77066007628787        0.35334128879411
C           10.43439792440544       -4.76850504903674        0.17480117056202
N           16.19557784714248        3.66890754753887       -0.34139576266352
N           17.06018641130363        1.53527483469566       -0.34415115433756
N            6.84011351804249        4.43357942532265       -0.92373884185052
N            6.33297513750284        1.67654781229803       -2.13053303999777
N           13.47883542551615       -4.14528058196005        0.10905894256085
N            9.39931072781538       -4.16918929640290       -0.27233086679324
C           17.22544370792360        2.90120135781079       -0.76942939415368
C           11.47607844827450       -5.68989765728781       -0.28423106612253
N           18.24935643016652        3.19492320624825       -1.42218666830884
N           11.61400885187042       -6.78534863968871       -0.88948980804228
C           14.20658480011465        4.05466569558849        0.82201574629103
C           10.11579034222771        4.81125149367535        1.20856891906497
C           13.74329534605270       -2.93806427394210        0.48922073554551
C            9.04719277106721       -2.96445440186757        0.07181761700264
C           13.08905028432603        4.51535631487465        1.36323279590089
C           10.50134359919343        5.52718979051216       -0.05335990987917
N           14.03752292840193        5.51659013841120        1.10554443499525
N            9.31793494347290        4.95963764530730        0.16751432270081
H           18.35367546933604        4.14600412888741       -1.74465851575473
H           10.75899307848632       -7.22408681289209       -1.21197805423057
H           13.85188445124003        6.14581673707984        0.32108983617722
H            8.40288876813976        4.71300991173477       -0.23325445832024
H           12.09748429997248        4.40633058210433        1.75366239725906
92
 energy: -209.875190531487 gnorm: 0.008535491602 xtb: 6.7.1pre (5071a88)
N            0.16729069949347        0.15075695910069        0.53282816715004
C            0.09470093626269        1.55002187337631        0.33690595762421
C            1.43772959001593       -0.42303001038110        0.54835889397604
C           -0.99695360850339       -0.57532991001785        0.41768982599659
N            1.19399842388013        2.24275440295648        0.22198081755979
N           -1.07926023761911        2.12747042394800        0.21366717662305
N            2.51189336837896        0.29154182845804        0.35291246754466
N            1.48023760855933       -1.75783741425761        0.73717245150957
N           -2.13557824031355        0.00106956303556        0.15716871752400
N           -0.89805687612493       -1.91580514362697        0.56531423680213
C            2.36123375714202        1.59982605285667        0.19006544629567
C            0.30949689205602       -2.43109575268171        1.02756981073074
C           -2.14224210867756        1.33872711847058        0.09739771244516
N            3.48472379764642        2.34390363162259       -0.12071982815202
N            0.35279101271881       -3.76485586311661        1.40858969470765
N           -3.35099221168563        1.90743162174415       -0.12961905924422
C            3.45837596865725        3.77370047598658       -0.18524497808135
C            4.54870497262364        1.62664364045405       -0.55805453409007
C           -3.57873187984681        3.32617950314700       -0.21182077690523
C           -4.41953686684918        1.12295877952344       -0.29406925960087
C            1.45443597181785       -4.37579198692755        0.56688643479064
C           -0.49041225980328       -4.46682433961233        0.37121110146554
N            4.46214265306331        4.43460128993399       -0.64793600288478
N            5.57082257708195        2.35385969144718       -1.08343686138072
N           -4.80236551027812        3.79553569181355        0.18817591855507
N           -5.38486199241377        0.53458800827600       -0.46180498479349
N            2.51556213810189       -3.69982483194645        0.34328201144516
N           -1.57324327963224       -3.94930449400340       -0.06053369597511
C            5.60490294930469        3.82464787277126       -1.10359559798928
C           -5.82877238457152        3.31219215321741        0.62085851739533
C            0.59372298423343       -5.32979333310331       -0.09422484253932
N            6.31163578289977        4.37547981168156       -2.21554698262744
N           -6.80766808431906        3.11005480000189        1.28047489035995
N            0.78395943705891       -6.41008308724912       -0.71191513379209
C            2.35889422909576        4.51584153554527        0.24784054387471
C           -2.66772499836054        4.15181464768632       -0.69231105365876
C            2.70271368181994       -2.47978999529073        0.71357957868074
C           -1.98392989515246       -2.75697767314811        0.26907588534643
C            1.12798461860989        4.92210469247368        0.41077791650976
C           -1.45270981462235        4.77585738034725       -1.23400918036855
N            2.05852905867131        5.98636506829169        0.46580401188896
N           -2.48121713046887        5.51596432783942       -0.90503961853209
H            5.98725836976613        5.26989063022904       -2.58432953022364
H           -7.71628410763590        2.79118672611444        1.01433233100999
H           -0.04945923555559       -6.87438081026296       -1.05451131184596
H            2.09636243221998        6.57925311614462       -0.36780131604590
H           -2.92245273616699        6.41167189571779       -0.82765200362907
H            0.08484238044064        4.71579870840629        0.41927379898164
N           11.35441905131893       -0.16561363910101        0.46743128300881
C           11.35440068649059        1.25082245298289        0.33896875508400
C           12.57794425977242       -0.81455902976193        0.47657816816613
C           10.14991445378045       -0.82166050180892        0.27761013764995
N           12.50569229920672        1.89267070274409        0.33062255498579
N           10.22661673309174        1.88251791518605        0.17750921419695
N           13.69422277532346       -0.15897461060276        0.36126090311557
N           12.55141707853431       -2.15849884271471        0.59154531768306
N            9.06827097332325       -0.18257993877233       -0.02877192473271
N           10.17488066912510       -2.17455079438504        0.39160453642175
C           13.62083422564307        1.17583054739317        0.31692721238372
C           11.34150428653989       -2.76943467468014        0.84021410006234
C            9.11903610798561        1.16478917132472       -0.05739420920695
N           14.82653254543346        1.79560473693404        0.18989937468314
N           11.31846731390385       -4.09804060256395        1.19659418445492
N            8.02257375991299        1.84141411544005       -0.35478923167149
C           15.09256498930117        3.22004507678571        0.18256526419038
C           15.97169552603876        1.11037569320436        0.00137974092092
C            7.06365135726395        1.68552587883721       -1.12742838398345
C           12.38858078630943       -4.76982495552434        0.35695345608610
C           10.43230158932472       -4.76699872605096        0.17631821997226
N           16.19061285105540        3.67110525854076       -0.34068748057961
N           17.05743205192231        1.53847069669898       -0.34455871402039
N            6.84096377029732        4.43347497227198       -0.92604539443444
N            6.33328402864517        1.67910176894625       -2.13532205615815
N           13.47649536344319       -4.14497290538568        0.11422990518397
N            9.39820408832801       -4.16761966305572       -0.27136067593282
C           17.21974057585253        2.90410193089327       -0.77055413717329
C           11.47390435684660       -5.68809750085674       -0.28248175628142
N           18.24086414553871        3.19758782928020       -1.42589157595608
N           11.61206165352721       -6.78300264304763       -0.88851274825725
C           14.20479430782736        4.05491614785333        0.82692571488891
C           10.11531278780669        4.79204036421864        1.20496033376014
C           13.74143610656923       -2.93802598634543        0.49504563918766
C            9.04601778369927       -2.96295321495062        0.07260251067555
C           13.08991054817487        4.51196778595064        1.36682687513425
C           10.50394232564671        5.49543599033204       -0.06449619608076
N           14.03257182334224        5.51567639438209        1.10897132329569
N            9.32221555618258        4.93468095349630        0.15843803679662
H           18.34369149024359        4.14837785936984       -1.74901786472375
H           10.75723391820200       -7.22097609484410       -1.21206733173948
H           13.84224002596852        6.14254321272214        0.32641388673130
H            8.39842959575773        4.71958710460858       -0.22916053685157
H           12.10080254439943        4.40061748703604        1.75818080461092
92
 energy: -209.875627409833 gnorm: 0.011474965506 xtb: 6.7.1pre (5071a88)
N            0.17156502050226        0.15361072184898        0.53216976666519
C            0.09892946920520        1.55260271759786        0.33347194957530
C            1.44308165772421       -0.41935248147395        0.54466885412987
C           -0.99227099091721       -0.57294637782376        0.41814614850776
N            1.19785997360990        2.24486443569364        0.21813023454485
N           -1.07540960062570        2.12954726668670        0.20947528813653
N            2.51651092768855        0.29444503655966        0.34601731940526
N            1.48597306469916       -1.75376657442481        0.73566917457365
N           -2.13133858255418        0.00282735351699        0.15818973375759
N           -0.89250622546077       -1.91328402276956        0.56731208868277
C            2.36509985855333        1.60318269271053        0.18523337244754
C            0.31580287130431       -2.42654384408187        1.02952418154330
C           -2.13794305574629        1.34072366941282        0.09672838285123
N            3.48785242818233        2.34812163483880       -0.12610684809650
N            0.36019510089590       -3.75925263176223        1.41358825934020
N           -3.34822138620559        1.90719187474129       -0.12886752117700
C            3.46143069065071        3.77667517447612       -0.18792102953384
C            4.55028917594918        1.63077835639761       -0.56756935937733
C           -3.58004263867840        3.32485206260984       -0.21539593192819
C           -4.41467183549652        1.11995918400615       -0.29479321829575
C            1.46155776215401       -4.37202924267226        0.57244805284040
C           -0.48385556053857       -4.46515315036557        0.37933276843084
N            4.46542735404146        4.43815515784034       -0.65092666406938
N            5.56628456546756        2.35756148690347       -1.09900046586237
N           -4.80330170965211        3.79299589959344        0.18527424702210
N           -5.38159837390730        0.52962002913924       -0.44267044961528
N            2.52168681029112       -3.69601993565590        0.34516770967639
N           -1.56636571335113       -3.94850584545558       -0.05399210462844
C            5.60508507858278        3.82573809967089       -1.10978883393565
C           -5.82594604026103        3.30994349863904        0.62399292797060
C            0.60082606059329       -5.32864102962418       -0.08466632743563
N            6.31185952073158        4.38627588691075       -2.21754349659165
N           -6.80934477922289        3.11491349742254        1.28108647390862
N            0.79161017053106       -6.41106673890073       -0.69830282802543
C            2.36200179668483        4.51995838247408        0.24094836509430
C           -2.67038502584700        4.15182997759084       -0.69530023028104
C            2.70877646105410       -2.47490989391775        0.71209228590421
C           -1.97745603787974       -2.75559167397638        0.27317198778097
C            1.12982599780884        4.92139116516462        0.40882060574361
C           -1.45494914135873        4.78057041132266       -1.23015155427526
N            2.05817453121942        5.98868436842976        0.45114781430505
N           -2.48911565470431        5.51658965492903       -0.90970870792104
H            5.98997390812808        5.28161268328888       -2.58298399199541
H           -7.71574900703934        2.78824830976972        1.01483169930333
H           -0.04153752144766       -6.87719689920953       -1.03878711097464
H            2.08922626518212        6.57317279223979       -0.38791038230444
H           -2.93386663509099        6.41063641066741       -0.83314053328883
H            0.08803990678449        4.71277959740446        0.42311901800838
N           11.35347092776994       -0.16445755476985        0.46863537393646
C           11.35452564932816        1.25146283936602        0.33888306413605
C           12.57611398155015       -0.81386469041135        0.48400801157512
C           10.14886131221124       -0.81979271495600        0.27654508838330
N           12.50535659723394        1.89298572906940        0.33541583288373
N           10.22803181428699        1.88320577512293        0.16981822559116
N           13.69331931884918       -0.15891718135104        0.37167995132861
N           12.54811175166867       -2.15730533124342        0.60122030137705
N            9.06865303862064       -0.18115177055232       -0.03509451741860
N           10.17258996189503       -2.17191680605373        0.39440884999494
C           13.61998910784212        1.17591420538987        0.32558801557136
C           11.33660890230389       -2.76727453266994        0.84581574713683
C            9.12191290008191        1.16586670035795       -0.06826573464149
N           14.82518951346722        1.79697002334762        0.19930833288570
N           11.31158756050177       -4.09608503568385        1.20218028550056
N            8.02960615690300        1.84434418107164       -0.37493555206687
C           15.08800183230879        3.22265907861461        0.19074228062355
C           15.97083200286944        1.11451216067282        0.00613640000747
C            7.07028189102728        1.69063624583348       -1.14572190198823
C           12.38311803127593       -4.76819409172380        0.36501263976873
C           10.42756271706766       -4.76378425703678        0.17964544998649
N           16.18116508248425        3.67513995800672       -0.33990291844189
N           17.05337472597164        1.54466264508911       -0.34580375516732
N            6.84121993035121        4.43402083217025       -0.93130704987799
N            6.33359930823230        1.68696261448929       -2.14795169084994
N           13.47191092949016       -4.14438636236563        0.12586527712553
N            9.39512232923435       -4.16390856507461       -0.26947775711835
C           17.20929062512847        2.90994877350417       -0.77410427815548
C           11.46920127305508       -5.68445728541308       -0.27845471875919
N           18.22509261739382        3.20404572915962       -1.43587911153584
N           11.60785981702110       -6.77823956714052       -0.88637187168306
C           14.20100354539184        4.05477348915174        0.83754952790286
C           10.11234619873092        4.74702929797417        1.19781439701490
C           13.73764036137800       -2.93805872342281        0.50836593876491
C            9.04281949000251       -2.95936023186967        0.07426615416164
C           13.08921270361187        4.50482789994632        1.38023544519686
C           10.51810771571491        5.42413793199286       -0.08316305582115
N           14.02089742946097        5.51421427493976        1.11781101792625
N            9.32808635822802        4.89501735873167        0.14359522773167
H           18.32396055965196        4.15445160177122       -1.76070270460492
H           10.75331631623308       -7.21450606350502       -1.21250459253885
H           13.82060533537945        6.13681021648395        0.33732141565742
H            8.39723011269714        4.71875507301053       -0.23468318413033
H           12.10431735378156        4.38837398156704        1.77528002207300
92
 energy: -209.876313610689 gnorm: 0.020264912639 xtb: 6.7.1pre (5071a88)
N            0.17939225592377        0.15892748398941        0.53139716680087
C            0.10615905187952        1.55729167313720        0.32717966624097
C            1.45270645384767       -0.41252761261914        0.53836292208907
C           -0.98382169523418       -0.56869241193510        0.42065065088615
N            1.20419931060123        2.24922580712341        0.21062240673828
N           -1.06880413749497        2.13319093603856        0.20121532542834
N            2.52471599896536        0.30028687353391        0.33343679143533
N            1.49676517970083       -1.74629899197406        0.73327772188775
N           -2.12422211817343        0.00582176092091        0.16353620976269
N           -0.88210913195552       -1.90880524834466        0.57201210001969
C            2.37180009332497        1.60978586806293        0.17593359438952
C            0.32787375075405       -2.41846439358490        1.03359881895859
C           -2.13078087387259        1.34400805353966        0.09719606156933
N            3.49228782451135        2.35631379290627       -0.13737070840493
N            0.37455605466353       -3.74919575867872        1.42325995008976
N           -3.34419708394406        1.90734642303440       -0.12079034537214
C            3.46460069349097        3.78290660129600       -0.19557188041720
C            4.55191043928975        1.63922331710809       -0.58950250920737
C           -3.58133524052403        3.32331841360200       -0.21677067441142
C           -4.41235622517425        1.11724668453387       -0.26387093902048
C            1.47513748868816       -4.36528732956323        0.58295884096880
C           -0.47125929711925       -4.46228263525247        0.39481475718982
N            4.46876300485502        4.44602635548307       -0.65904092779463
N            5.55684834778184        2.36604855674204       -1.13039723952418
N           -4.80674135691724        3.78982776358989        0.17752331957792
N           -5.36785755652659        0.51785436699700       -0.44592274706890
N            2.53338877945369       -3.68907918301729        0.34864818258718
N           -1.55333986397874       -3.94725907970308       -0.04126550585681
C            5.60332901261294        3.82969823822263       -1.12418993988024
C           -5.82727124599057        3.30884009695261        0.62185527068182
C            0.61422007118059       -5.32680323828614       -0.06655859864265
N            6.31082800228535        4.40752509322430       -2.22419251106631
N           -6.80820567320418        3.11568935639226        1.28428922080870
N            0.80585670994978       -6.41327734423384       -0.67272386858291
C            2.36576776449927        4.52787257041788        0.22885031647064
C           -2.67457349850179        4.15179646355913       -0.69948380959310
C            2.72033890360520       -2.46585279656959        0.70918965464638
C           -1.96544615343502       -2.75341900838321        0.28173328370995
C            1.13199284822336        4.92123804312531        0.40645907740358
C           -1.46285974185846        4.78708618878486       -1.23437558699473
N            2.05695350044637        5.99429781713931        0.42435540584376
N           -2.50248609482603        5.51738322031357       -0.91852431081839
H            5.99255808685923        5.30524635285124       -2.58383584475362
H           -7.71488901440045        2.78410211213668        1.02316451096309
H           -0.02694694539310       -6.88302104012210       -1.00885631832793
H            2.07486969932854        6.56446800957415       -0.42478080458245
H           -2.95240150928690        6.40882336646723       -0.84140994261312
H            0.09200596597369        4.70875802082663        0.43249863398691
N           11.35198199935829       -0.16221438264691        0.47211883249104
C           11.35543497955404        1.25274104100653        0.33954744104261
C           12.57318424202556       -0.81283848022958        0.49864984506611
C           10.14713679418399       -0.81624336213172        0.27577147110600
N           12.50572580039345        1.89346066270024        0.34476449076001
N           10.23103590494290        1.88484292195906        0.15686844252721
N           13.69227047261666       -0.15921013541192        0.39160111433383
N           12.54232143297390       -2.15557177777804        0.61978465475083
N            9.06948615725311       -0.17793445891464       -0.04573520713694
N           10.16832983844738       -2.16710261484696        0.40016903604732
C           13.61960268959937        1.17554912610381        0.34195368838853
C           11.32778809827799       -2.76378047170864        0.85722769246617
C            9.12717464653360        1.16817055836868       -0.08670770118721
N           14.82384772606480        1.79867695778787        0.21682077903075
N           11.29903669690488       -4.09321237573925        1.21342106413921
N            8.04285265971702        1.84974908035366       -0.41569556101492
C           15.08028079271165        3.22667897039390        0.20386938661985
C           15.97067110877218        1.12134138306892        0.01546911989090
C            7.08442263667506        1.69846611077467       -1.18375486131975
C           12.37331668208413       -4.76537059264758        0.38009883612113
C           10.41888386881922       -4.75791189370264        0.18595704305820
N           16.16510931758991        3.68197125539107       -0.33960519189937
N           17.04778454751057        1.55546603706555       -0.34827125880484
N            6.83996440235776        4.43670982401529       -0.94220001445573
N            6.33385967854835        1.70458199086192       -2.17388584648064
N           13.46422940232324       -4.14354981067418        0.14793012305675
N            9.38891091739852       -4.15684922727391       -0.26587445676180
C           17.19173119765928        2.92016928592771       -0.78212412118911
C           11.46077104935142       -5.67798804335957       -0.27081662329183
N           18.19824227139747        3.21628162150869       -1.45647632795589
N           11.60035313359394       -6.76971557318150       -0.88233805609040
C           14.19453978718890        4.05379556961824        0.85697215899572
C           10.10710763636594        4.65726310904265        1.18364397790392
C           13.73102609094905       -2.93835164552604        0.53371363075519
C            9.03664462648651       -2.95246500703470        0.07757737911266
C           13.08634013723870        4.49124963767944        1.41091568017812
C           10.55308045675145        5.28945771022389       -0.11239341537856
N           13.99859253769737        5.51177486688648        1.13446289934488
N            9.33729499778104        4.83147495480668        0.12005091312552
H           18.28906702122193        4.16619428723409       -1.78476638864738
H           10.74619606328014       -7.20298164363433       -1.21317171823538
H           13.77874279661323        6.12701017978621        0.35573388082700
H            8.39876878983003        4.71043079300917       -0.25337184469090
H           12.10911307799718        4.36444095148563        1.81656516517721
92
 energy: -209.877817470310 gnorm: 0.032937450483 xtb: 6.7.1pre (5071a88)
N            0.19097511651540        0.16680991766439        0.53079640217000
C            0.11596011495729        1.56440956682521        0.32050206552163
C            1.46680820024671       -0.40215716737329        0.52957286629838
C           -0.97106783064101       -0.56277239891967        0.42365824665013
N            1.21238978114126        2.25668990862975        0.20239713840767
N           -1.06021335040998        2.13852735497097        0.19297964502223
N            2.53644002842317        0.30985865981017        0.31512741064854
N            1.51311026286623       -1.73514521716663        0.72966645471140
N           -2.11320773899958        0.00953299520994        0.16925286378365
N           -0.86622846045793       -1.90252358552156        0.57810708499576
C            2.38097633085823        1.62063697184173        0.16305434421811
C            0.34622792077085       -2.40670504453282        1.03922524962414
C           -2.12077852035095        1.34822711066067        0.09868133912123
N            3.49683839044675        2.36963024883805       -0.15453940408221
N            0.39650904342826       -3.73433809290292        1.43733839966770
N           -3.33791743435334        1.90679422328496       -0.11267025080194
C            3.46654877464949        3.79350247418588       -0.20857253571652
C            4.55176002722165        1.65342778465024       -0.62786729154848
C           -3.58238615087765        3.32056241765802       -0.21906894281050
C           -4.40298007539601        1.11065154353800       -0.24852380412570
C            1.49588585039928       -4.35542957626954        0.59848035060209
C           -0.45193253757198       -4.45844197083559        0.41767070663392
N            4.47052442268117        4.45959072183917       -0.67308148350654
N            5.53918045993514        2.38113503692802       -1.18141897867510
N           -4.81313649466424        3.78452732364313        0.16101010488516
N           -5.35671038895600        0.50307127165858       -0.41015656964103
N            2.55125887937906       -3.67878480070136        0.35348959624446
N           -1.53334248585159       -3.94597291945999       -0.02285434645698
C            5.59782120352748        3.83788640827148       -1.14861834261393
C           -5.83327671813887        3.30787456124989        0.61097434624354
C            0.63468684225321       -5.32445927026479       -0.03951469001074
N            6.30733876704272        4.44141874990893       -2.23654804584596
N           -6.80357655665773        3.11083981697471        1.28836824985012
N            0.82756766482098       -6.41709661451927       -0.63435714095167
C            2.36870150858315        4.54060302167498        0.21163223002706
C           -2.67836322554961        4.15212726233055       -0.70237470263609
C            2.73799402468818       -2.45225562932730        0.70433220705701
C           -1.94726265779676       -2.75080443526245        0.29364578129671
C            1.13307072168855        4.92266867111194        0.40300567126953
C           -1.47314334052697        4.79755970435630       -1.23900553025386
N            2.05356336156817        6.00426064237582        0.38492643726601
N           -2.52047300350872        5.51901522573253       -0.92836057424428
H            5.99394508988770        5.34347835827170       -2.58744646695393
H           -7.71394423539824        2.77923781465519        1.03866750179471
H           -0.00481790091127       -6.89238440064389       -0.96372966160275
H            2.05215511713815        6.55395390294003       -0.47897672079200
H           -2.97921060911149        6.40612547986752       -0.85219869023840
H            0.09524072824659        4.70504049551560        0.44665041025838
N           11.35050418960243       -0.15895097676363        0.47897649961298
C           11.35810895719149        1.25451133746303        0.34212090671039
C           12.56963199681074       -0.81177785379860        0.52160549092121
C           10.14528014965095       -0.81102615999583        0.27626751375495
N           12.50762959951768        1.89385409416445        0.35974123799004
N           10.23663182380153        1.88735202400341        0.13925850188176
N           13.69165414188863       -0.16022600641292        0.42221482391943
N           12.53423452703793       -2.15362826741002        0.64829895749042
N            9.07145637917376       -0.17260426307898       -0.06024439738788
N           10.16235240178213       -2.16001503681160        0.40955855416352
C           13.62058978625418        1.17431356784057        0.36696714803845
C           11.31507591661667       -2.75921377169905        0.87555034863067
C            9.13618556285264        1.17154892366217       -0.11278688769569
N           14.82324736614893        1.80052280191732        0.24375723180410
N           11.28057735072802       -4.08995824818907        1.23114912148638
N            8.06502282364887        1.85765302028600       -0.48309711436402
C           15.06935401137949        3.23219970867945        0.22195691725979
C           15.97215120989829        1.13109074507868        0.03053816815007
C            7.10963679755930        1.70821443736311       -1.24692950272962
C           12.35900227873895       -4.76133126997510        0.40246419271941
C           10.40620695208667       -4.74914319342215        0.19529948219897
N           16.14207772720573        3.69176557188191       -0.34032851637000
N           17.04117312125414        1.57135974930066       -0.35159017095505
N            6.83593595921191        4.44232883514691       -0.95939352918811
N            6.33353242905330        1.73521572358024       -2.21478122778817
N           13.45360261497708       -4.14270321684792        0.18135718014210
N            9.37934565827577       -4.14603352321168       -0.26032204074116
C           17.16667189968639        2.93500714775222       -0.79534336863032
C           11.44851909947539       -5.66841442527400       -0.25976389331925
N           18.15948089101174        3.23471894072720       -1.48907661600838
N           11.58946630632925       -6.75696551623298       -0.87691565761550
C           14.18559286290931        4.05178537145280        0.88605328108340
C           10.10159134885852        4.50888288683788        1.15741897281971
C           13.72163246194540       -2.93921989736991        0.57234066749051
C            9.02752872180046       -2.94194481238460        0.08301611420653
C           13.08149021290684        4.46977359573900        1.46256041955514
C           10.60940818624809        5.08802645487150       -0.14982084846155
N           13.96403970378138        5.50807693071688        1.15898204733844
N            9.34973867599446        4.74327266426777        0.08723161635723
H           18.23746746441866        4.18400908871860       -1.82293725398379
H           10.73574329343139       -7.18596847188152       -1.21446273512151
H           13.71255527368731        6.11179831412059        0.38103112516898
H            8.40280853708835        4.69761241402375       -0.28709558534078
H           12.11673041077644        4.32569303776971        1.88889889402005
92
 energy: -209.879360546715 gnorm: 0.065286996698 xtb: 6.7.1pre (5071a88)
N            0.20213012832062        0.17460777000245        0.53155920703451
C            0.12470393463645        1.57150805579381        0.31620368272594
C            1.48056503119945       -0.39162513476318        0.52167546297949
C           -0.95850390075880       -0.55723564961923        0.42656231325209
N            1.21917544501347        2.26486746976302        0.19760674412531
N           -1.05278871574034        2.14373926932480        0.18710334781071
N            2.54756964289694        0.32003064667270        0.29736203907802
N            1.52948959238452       -1.72408284488627        0.72609385528619
N           -2.10224951560500        0.01261791228644        0.17388993879386
N           -0.85028382511155       -1.89666631623223        0.58350127954260
C            2.38932910119352        1.63257964869177        0.15248574435951
C            0.36470429393282       -2.39522012316642        1.04464095564751
C           -2.11139801762819        1.35194929245381        0.10099665240503
N            3.49871424772152        2.38434318571131       -0.17045669016609
N            0.41880481061757       -3.71955654090503        1.45122421204620
N           -3.33170068916646        1.90590054860052       -0.10521903976362
C            3.46465431419572        3.80523735412790       -0.22251185268588
C            4.54809711738136        1.66920837076442       -0.67253339243448
C           -3.58222574956937        3.31763924535011       -0.21993140464484
C           -4.39038380752144        1.10274284919793       -0.24993045303412
C            1.51694495591614       -4.34591093423222        0.61406883521949
C           -0.43246818970321       -4.45535390739271        0.44065891251587
N            4.46841438501607        4.47513705778382       -0.68843254899665
N            5.51389495810818        2.39854405181576       -1.23951386927364
N           -4.82150559426910        3.77898766091507        0.13851014928401
N           -5.35062555948021        0.48883265983137       -0.35281634737605
N            2.56928170707273       -3.66867990919811        0.35796632118935
N           -1.51277153576250       -3.94518760727627       -0.00521267425643
C            5.58764776446534        3.84683205292373       -1.17615193957795
C           -5.84518801053399        3.30876765765147        0.59186578771647
C            0.65540587584729       -5.32257899458763       -0.01225108590413
N            6.30121414489752        4.47844949116257       -2.25010698817683
N           -6.79606659796070        3.10124852651250        1.29203425714080
N            0.84964478309739       -6.42167308747917       -0.59532102133609
C            2.36845528594240        4.55478463849277        0.19569351691707
C           -2.67928320900019        4.15283652446194       -0.70171060343456
C            2.75589502977854       -2.43861103455293        0.69891757195283
C           -1.92891702031264       -2.74878367452955        0.30463722474494
C            1.13153605934139        4.92561177753310        0.40068127116854
C           -1.48322078798413        4.80888580328704       -1.24536068613126
N            2.04901116799402        6.01597723310558        0.34551064934326
N           -2.53693019619923        5.52115086186472       -0.93574176146209
H            5.99282065155268        5.38576168341115       -2.59311274515697
H           -7.71285151551815        2.77567342532216        1.05827378845201
H            0.01763986689838       -6.90267257753709       -0.91787430998840
H            2.02782474342309        6.54515073196742       -0.53391357864577
H           -3.00558028455507        6.40337308588483       -0.86108622891524
H            0.09509892004490        4.70406310396779        0.46145910138640
N           11.35053861187315       -0.15581742946590        0.48754089690352
C           11.36306375236752        1.25603432966496        0.34676976821602
C           12.56749237796058       -0.81141169894562        0.54574494499876
C           10.14478604243382       -0.80603404898364        0.27906065737669
N           12.51168951529047        1.89392051199265        0.37637294171233
N           10.24401055299470        1.88987411465422        0.12447292428370
N           13.69273380732177       -0.16201251347463        0.45400157210348
N           12.52720850712585       -2.15252543672974        0.67810020719137
N            9.07455227216107       -0.16678412860864       -0.07200165716593
N           10.15732761609195       -2.15303034630648        0.42042629344787
C           13.62394770235327        1.17207991783807        0.39259776706965
C           11.30309640238520       -2.75559040934909        0.89560171723311
C            9.14720809275076        1.17450199306952       -0.13505945694299
N           14.82486727933900        1.80135775928926        0.27240945354528
N           11.26266346298763       -4.08828134058071        1.25037250631440
N            8.09212262881273        1.86497400053549       -0.56188106096189
C           15.05960030912155        3.23735700213933        0.23765063735773
C           15.97615925181431        1.14020788852326        0.04722061551369
C            7.14294973118319        1.71448839597809       -1.32072832229619
C           12.34517518467077       -4.75737951789936        0.42447367612720
C           10.39394881046480       -4.74015702680715        0.20463949387516
N           16.12066491653579        3.70082438179929       -0.34305862564843
N           17.03733280212547        1.58667059140309       -0.35513920017655
N            6.82834420631642        4.44789032789085       -0.97654494033055
N            6.33169256492439        1.77206376113185       -2.25803023820767
N           13.44411737545874       -4.14223410881748        0.21516204073670
N            9.36929677177235       -4.13450105935287       -0.25422093459492
C           17.14351910134203        2.94913159714978       -0.81075249521209
C           11.43657151580493       -5.65876352354996       -0.24925589701742
N           18.12302911589813        3.25340154110138       -1.52494586382223
N           11.57876230619963       -6.74394927872864       -0.87263615968034
C           14.17812850308799        4.04952323268836        0.91510780774819
C           10.09519291937004        4.34618572082273        1.12790310999079
C           13.71324121497382       -2.94061713531420        0.61202273591717
C            9.01831791977163       -2.93091423604002        0.08986037702611
C           13.07512957420386        4.44766113124863        1.52109441600110
C           10.67441078860759        4.87797288289456       -0.18155594867612
N           13.92754728787913        5.50517814709388        1.18355946013896
N            9.35788262348644        4.66849502161123        0.05904458128130
H           18.18725481492931        4.20248985659996       -1.86417243487576
H           10.72508872163846       -7.16895835006773       -1.21606453694408
H           13.64259624365662        6.09686321531595        0.40356348732675
H            8.40987205459954        4.68393866332953       -0.33018608716267
H           12.12331550934111        4.28454129295977        1.97252116949350
92
 energy: -209.879951900400 gnorm: 0.075488479831 xtb: 6.7.1pre (5071a88)
N            0.20279371263360        0.17555388290184        0.53443181656572
C            0.12446096301016        1.57259463120056        0.31996509264696
C            1.48199413310726       -0.39006497426370        0.52159852588536
C           -0.95718466652078       -0.55685067117923        0.42649712961633
N            1.21821175187559        2.26686336615661        0.20321422694094
N           -1.05339585558528        2.14475129347519        0.19142377384689
N            2.54829072728026        0.32186547012181        0.29543187319625
N            1.53163230693244       -1.72292749079684        0.72471418499131
N           -2.10088875167955        0.01255732218993        0.17268251769768
N           -0.84819730274810       -1.89643331737844        0.58233848698520
C            2.38936438701948        1.63568112200466        0.15587275199681
C            0.36728616265873       -2.39413782651194        1.04424488073620
C           -2.11089193580089        1.35243818660766        0.10445291785999
N            3.49492403700948        2.38801917859768       -0.16968295884317
N            0.42225215278765       -3.71784972368008        1.45172678151913
N           -3.33087587481914        1.90599891847595       -0.10318895805483
C            3.45835691059392        3.80764532966909       -0.22554292725414
C            4.54194317157937        1.67214282658096       -0.68633195161346
C           -3.58002087222707        3.31804631860445       -0.21433175493623
C           -4.38116131094926        1.09970066590610       -0.28851475088548
C            1.52021319402200       -4.34525548373985        0.61505379288351
C           -0.42995751818965       -4.45624028156249        0.44290147047713
N            4.46282718088166        4.47929216152492       -0.69200818644240
N            5.49727309459983        2.40201390955351       -1.25926025225966
N           -4.82818193163461        3.77961180564657        0.12112111404276
N           -5.35857728853333        0.49092730287404       -0.30091842441454
N            2.57185457604600       -3.66763454008393        0.35667127667648
N           -1.50909982755034       -3.94556768316112       -0.00543003150750
C            5.57810136124438        3.84561308923484       -1.18478067400395
C           -5.86344622519393        3.31619381866600        0.56533001560043
C            0.65843299311287       -5.32296483452893       -0.00965395373325
N            6.29670922562246        4.48702266456149       -2.25241838508260
N           -6.78371097690315        3.08228532491278        1.29564713344881
N            0.85313231938492       -6.42345023981836       -0.59046594819450
C            2.36437445371726        4.55877843984231        0.19602271715252
C           -2.67389768432789        4.15486928237451       -0.69164031019510
C            2.75865544094509       -2.43672921172426        0.69633640173177
C           -1.92613112064642       -2.74908305756899        0.30347056560635
C            1.12807086257122        4.92721800399384        0.40461616816973
C           -1.48618279637051        4.81295763192049       -1.25109568782971
N            2.04858493523630        6.01972883202861        0.34087583677661
N           -2.53674837483142        5.52368154407524       -0.92929603571221
H            5.99077537525802        5.39703618485904       -2.59656907696131
H           -7.71248939879153        2.78000908464721        1.07912697049656
H            0.02117274539042       -6.90541338059826       -0.91239512377477
H            2.02288616579892        6.54617443513829       -0.54277441829257
H           -3.00889809765143        6.40413727506863       -0.85524596235191
H            0.09020218579811        4.70730977126339        0.46651836637794
N           11.35258203346729       -0.15553491155130        0.49001581293336
C           11.36694807951046        1.25609192244326        0.35015275762821
C           12.56888770554026       -0.81260916887347        0.55007807948421
C           10.14626626863286       -0.80565840454367        0.28160858427941
N           12.51563162756247        1.89357552480908        0.38178949135462
N           10.24721091450314        1.89070774325174        0.12688799708216
N           13.69526755156946       -0.16379303516061        0.45997422363119
N           12.52742405044246       -2.15384374276792        0.68368495600774
N            9.07605135669890       -0.16525098947599       -0.07029914384703
N           10.15763494824279       -2.15231120026801        0.42310666070075
C           13.62779449190511        1.16987199017400        0.39722617479175
C           11.30173113119430       -2.75678661955629        0.89959047133110
C            9.15106856307332        1.17448456509285       -0.13202294849286
N           14.82853963862270        1.79899474337430        0.27995916940731
N           11.26022055074388       -4.09077108558910        1.25399091696317
N            8.10255596913774        1.86479659604447       -0.58899023736803
C           15.06082368260790        3.23653631399640        0.23797198780262
C           15.98027767338475        1.13935296546162        0.05169301326449
C            7.15924141371343        1.70991401919335       -1.34622043859001
C           12.34331542225526       -4.75713521966149        0.42574512837235
C           10.39194999518747       -4.73850482697028        0.20446673832746
N           16.12142122997733        3.70003856009035       -0.34395614787307
N           17.04152838815603        1.58654706068199       -0.35633490623137
N            6.82154036830844        4.44320444561410       -0.97788309177152
N            6.32899699120531        1.78378980164892       -2.26650525423168
N           13.44398480324350       -4.14284935142821        0.21923816061508
N            9.36607796626143       -4.13145885827293       -0.25406802197066
C           17.14437497590886        2.94935426624030       -0.81498138653507
C           11.43442508763432       -5.65723948644534       -0.25015440688768
N           18.12351808290198        3.25670842005668       -1.53344709625356
N           11.57650486489788       -6.74152957986809       -0.87581972308419
C           14.17988294139388        4.04752915920675        0.92183171739399
C           10.10535113589017        4.32091129207615        1.11581769636653
C           13.71334492678951       -2.94179942208805        0.61822615069038
C            9.01557795313028       -2.92836345826002        0.09189655491934
C           13.06771519011686        4.44647887379382        1.53462826998585
C           10.66741803298986        4.90657785143026       -0.16700431963016
N           13.92229012051056        5.50575472039788        1.19298706563579
N            9.36111503186355        4.65421308254730        0.05675635614933
H           18.18470802388511        4.20702519251221       -1.87179035481516
H           10.72200912987692       -7.16618148824115       -1.21880381906419
H           13.63918142864296        6.09938801063661        0.40821733314019
H            8.42772863538873        4.62217191088376       -0.35732311466316
H           12.11521890780483        4.28135245926343        1.99037692544047
92
 energy: -209.883613658080 gnorm: 0.076168660843 xtb: 6.7.1pre (5071a88)
N            0.20971171993035        0.18128701329910        0.53611288499273
C            0.12963924039696        1.57782291007351        0.31709787072302
C            1.49103811919975       -0.38223539250217        0.51572970477011
C           -0.94928650431905       -0.55277619369399        0.43025929868459
N            1.22168799912878        2.27284521550065        0.19995104373687
N           -1.04919157118921        2.14848662161659        0.18677157094148
N            2.55501921642894        0.32922912314339        0.28175843230515
N            1.54282780721513       -1.71480061685500        0.72173479356583
N           -2.09467723811326        0.01473918372192        0.18002655463025
N           -0.83745543011039       -1.89227508543887        0.58679708155520
C            2.39380670633409        1.64452783917526        0.14797322087529
C            0.38017464342201       -2.38593607860397        1.04776944213830
C           -2.10568605670686        1.35519027853369        0.10928688475712
N            3.49418071120841        2.39854409922941       -0.18138694817529
N            0.43813994057373       -3.70730958776516        1.46070602861242
N           -3.32906243683320        1.90551734454484       -0.08999814897458
C            3.45570444572250        3.81541034627264       -0.23559389119897
C            4.53598040602744        1.68234164909591       -0.71955944936105
C           -3.58187217368358        3.31598465208745       -0.21237508754572
C           -4.37824880048884        1.09600461057321       -0.27010520265002
C            1.53528688641963       -4.33822232829190        0.62525714313306
C           -0.41648671304866       -4.45431907596573        0.45890980698555
N            4.45989072960432        4.48940823071791       -0.70392819110273
N            5.47344218757170        2.41221608799201       -1.30458887632077
N           -4.83302945792101        3.77499453037136        0.11462103927464
N           -5.33959820133803        0.48401235627057       -0.30793983357417
N            2.58446006516812       -3.65990597103554        0.35860600436593
N           -1.49452033776807       -3.94488523695444        0.00662015515096
C            5.56730037333456        3.84831130898203       -1.20677090262946
C           -5.86494915495669        3.31361590901998        0.56999335167005
C            0.67312740845424       -5.32149747079556        0.00903228220433
N            6.29120001376849        4.51143168952952       -2.26201528243117
N           -6.78356923336395        3.08895631000615        1.30077205854482
N            0.86897674562535       -6.42649125295626       -0.56349582676351
C            2.36325423912977        4.56914186188917        0.18386270297541
C           -2.67716861731211        4.15478671462223       -0.69055806438032
C            2.77120553922418       -2.42639632647855        0.69135285142800
C           -1.91337286003213       -2.74773491459056        0.31148983574546
C            1.12558672403840        4.92884440237502        0.40194033321312
C           -1.49309398023634        4.82188812300052       -1.24686738875495
N            2.04546061226671        6.02725779413321        0.31510352819745
N           -2.55251424713649        5.52468452069595       -0.93560860199841
H            5.99211691659996        5.42586735970508       -2.60072268887764
H           -7.70795950870796        2.77335906977671        1.08843752183637
H            0.03734259741401       -6.91273236519050       -0.88044188215308
H            2.00732268598326        6.54085870930922       -0.57861024778780
H           -3.03235676722882        6.40138000339822       -0.86307688666662
H            0.08857334960376        4.70679657289619        0.47449031299140
N           11.35356275367819       -0.15342124528943        0.49619637650308
C           11.37184847435002        1.25745130840721        0.35498273359336
C           12.56773639609013       -0.81294260785748        0.56704057547985
C           10.14626911106493       -0.80205749721579        0.28367015556528
N           12.52016072812666        1.89346632371614        0.39543738170015
N           10.25436595082777        1.89340696276920        0.11671016672987
N           13.69661067373472       -0.16616779593908        0.48234744294349
N           12.52258747736417       -2.15354251464395        0.70479068496779
N            9.07917072126867       -0.16049956297824       -0.07919481307748
N           10.15451874347545       -2.14743040954182        0.43061035216799
C           13.63097369515020        1.16734848115240        0.41633055059293
C           11.29289174719875       -2.75447044769750        0.91308417796458
C            9.16165024040371        1.17709914720554       -0.15075035574482
N           14.83037862636924        1.79831437781813        0.30171337289965
N           11.24708715013337       -4.08996822523531        1.26668084140343
N            8.12562152057969        1.87047715234052       -0.64525149194754
C           15.05487693240584        3.23878126476428        0.25442076933533
C           15.98312721611502        1.14473211786400        0.06252204561251
C            7.18511212652359        1.71566107782245       -1.39752847975684
C           12.33279789317974       -4.75459033198106        0.44024298605913
C           10.38259972963753       -4.73196491393631        0.21027473678303
N           16.10676033097762        3.70570345352644       -0.34132601554706
N           17.03871953599932        1.59643415248168       -0.35854455434203
N            6.81363928031525        4.44050498924140       -0.99122596703566
N            6.32948491361388        1.80491676756224       -2.29215006245563
N           13.43667268430746       -4.14328433966875        0.24234910380965
N            9.35831911403035       -4.12295486700450       -0.24996996636272
C           17.12801472236781        2.95902994834467       -0.82312578961817
C           11.42491124816680       -5.65002667620181       -0.24434825667308
N           18.09813662371468        3.27026339093148       -1.55472607564103
N           11.56763479180693       -6.73160177687892       -0.87491544595563
C           14.17558138305682        4.04307259732575        0.94852375157831
C           10.11483697691992        4.23839532917785        1.09408627844469
C           13.70720673237806       -2.94341908389624        0.64515575200439
C            9.00856655553399       -2.92049935822027        0.09724760602815
C           13.05878858712671        4.43485038052297        1.56131775154676
C           10.68153370252370        4.83564399285325       -0.18617096588345
N           13.90276612094249        5.50138312323458        1.21782617873251
N            9.38248339551118        4.55746815705407        0.02614991395572
H           18.14947151433790        4.22064583699037       -1.89631773544251
H           10.71294318393574       -7.15344182345962       -1.22151169771725
H           13.61180600302998        6.09261840561868        0.43253093352410
H            8.43744775320922        4.54686396991418       -0.38730657593883
H           12.11214419915800        4.26139322454917        2.02635629052505
92
 energy: -209.893926024419 gnorm: 0.153715913895 xtb: 6.7.1pre (5071a88)
N            0.20673757923352        0.18485469211364        0.54394115858749
C            0.12177827154675        1.58121056319466        0.32488187869020
C            1.48901663314948       -0.37600887070511        0.51733346141882
C           -0.95150118790795       -0.55130274873489        0.43567554123163
N            1.20953876160016        2.28100159103553        0.21454285755426
N           -1.05708032018157        2.14920857019319        0.18010465241088
N            2.54805530877546        0.33697249077169        0.27588247250245
N            1.54509885721875       -1.70996904562113        0.72174218692271
N           -2.09791512234224        0.01310639226203        0.18678768783384
N           -0.83590169668592       -1.89129839231423        0.58791374249894
C            2.38370904438728        1.65619482057183        0.15043430987212
C            0.38346777422207       -2.38281214434513        1.04658679263754
C           -2.11176626918319        1.35423618243345        0.10682415426001
N            3.46981708816952        2.41148345695515       -0.17831307107825
N            0.44409144397293       -3.70135949021999        1.45866120151724
N           -3.33827027478904        1.90361066254310       -0.08217822201278
C            3.43650172403627        3.82355210630476       -0.23775435049257
C            4.49539022223623        1.69443246028584       -0.77654913604504
C           -3.58902974220246        3.31217470919687       -0.22667073509513
C           -4.39829903715098        1.09541271157484       -0.21081891719726
C            1.54167649380682       -4.33510085931472        0.62800321157321
C           -0.41352990496826       -4.45722022709824        0.46508317761781
N            4.43653399446393        4.50000104485399       -0.71411880119821
N            5.38734346158776        2.42498486438922       -1.37401661422795
N           -4.83233837044200        3.76250695271983        0.12345462296216
N           -5.31101001026393        0.48042763586288       -0.36679059617217
N            2.58790551243600       -3.65562147423425        0.35609381948333
N           -1.48754141979159       -3.94551879678625        0.00660448847677
C            5.52951620195685        3.84404701281438       -1.23529390078524
C           -5.83596495409720        3.28975921827551        0.62826420266126
C            0.67868514660724       -5.32130672081173        0.01620147549346
N            6.27557814130479        4.52382564632890       -2.26706107024842
N           -6.79534443525062        3.13347201052682        1.30489254941081
N            0.87633351196961       -6.42738348986278       -0.55249022266693
C            2.34537307948259        4.58284834990521        0.18289669117038
C           -2.68094807644562        4.15199313351864       -0.69767053991309
C            2.77572589585907       -2.41984064083887        0.68492069809614
C           -1.91028004169529       -2.74980778399470        0.31163666575409
C            1.10804359341837        4.93662345020804        0.39269405673306
C           -1.48926911257223        4.83197777741053       -1.21939693932015
N            2.03529519743684        6.03448130261438        0.31701867506506
N           -2.56666074457837        5.52364569586484       -0.94303065343588
H            5.99568896513974        5.44531042774299       -2.60511839206877
H           -7.68939219916404        2.76110069413133        1.07181815928779
H            0.04500763773130       -6.91650940065162       -0.86608837258092
H            2.00446808395537        6.54861476587577       -0.57366691114746
H           -3.05183777588391        6.39621229401192       -0.86674703097691
H            0.07104214270907        4.72016281314513        0.46485579367974
N           11.36730496765015       -0.15720201135662        0.50941280288206
C           11.39348780667306        1.25400669643489        0.37624948775681
C           12.57659852404923       -0.81994251097255        0.57614187551937
C           10.15565416729670       -0.80535377354211        0.29816212904603
N           12.53877785936426        1.88940211852319        0.41296262204670
N           10.28041844583220        1.89231165345018        0.13313284473916
N           13.70694310439528       -0.17552479518725        0.49047969996958
N           12.52740631322514       -2.15992732878390        0.71659408010710
N            9.09299225298090       -0.15661128272239       -0.06791646833748
N           10.16212908184044       -2.14930671808931        0.43784810607203
C           13.64594985452178        1.15832648432295        0.42547245204120
C           11.29310474928475       -2.75948664385296        0.92270262675537
C            9.19766489965138        1.17212464517498       -0.15216328581275
N           14.84138874864129        1.79213127031390        0.31631880869559
N           11.24480649339993       -4.09849139069019        1.27488702065954
N            8.19444497746598        1.86914227344352       -0.71963894977983
C           15.05540009142972        3.23647625383340        0.26771996936342
C           15.99289178992661        1.14519986289184        0.06593056379134
C            7.26106473057285        1.70652993260974       -1.45458302608226
C           12.32969426297191       -4.75519657137561        0.44099169672948
C           10.38138625224882       -4.72996393380729        0.21172948744104
N           16.10236522303678        3.70536498841240       -0.33507594144863
N           17.04295456420343        1.59929223942709       -0.35611641127741
N            6.78856159884056        4.41582979164397       -1.00057516032865
N            6.33887185662819        1.82051235723999       -2.26327762690059
N           13.43745382915179       -4.15018703499914        0.25104079929762
N            9.35442682466386       -4.11947456824231       -0.24420509932430
C           17.12233211999377        2.96101403472474       -0.82287974980595
C           11.42153321266168       -5.64696532317883       -0.24828286779782
N           18.09080274869839        3.27539330139150       -1.55196956850756
N           11.56399159811612       -6.72557271830423       -0.88275805272830
C           14.18089469651682        4.03148101490209        0.97765194209819
C           10.14226351744972        4.22308175981410        1.06340302186415
C           13.70790795028528       -2.94878535774084        0.65197455513019
C            9.00756579754100       -2.91996419699081        0.10927052511702
C           13.04229170630798        4.43785394389824        1.54071067131574
C           10.67419205651682        4.92020101861561       -0.19220816290228
N           13.90508364299067        5.49180722494349        1.23898983694649
N            9.39271470393263        4.50892248728556        0.01606267486591
H           18.13465155447479        4.22515007801558       -1.89659926110039
H           10.70767079046445       -7.14918646716587       -1.22351600700217
H           13.64808481917902        6.09320160992147        0.44827384860094
H            8.42345372038642        4.42881726478891       -0.40879880049399
H           12.09705902166220        4.26704890685899        2.00752938200740
92
 energy: -209.901663281697 gnorm: 0.097273587872 xtb: 6.7.1pre (5071a88)
N            0.20527476625860        0.18875861738685        0.54765017786899
C            0.11617200550164        1.58517982672857        0.33221946499439
C            1.48824742045280       -0.36903851009597        0.51512002253304
C           -0.95266307195602       -0.54854242042339        0.43991124002611
N            1.19973714848317        2.28935163803128        0.22828018923003
N           -1.06236813701096        2.15151427400468        0.18340871698415
N            2.54235566822202        0.34583238062659        0.26817260858527
N            1.54829947235961       -1.70339709599921        0.72097068450334
N           -2.10005918637383        0.01478953662986        0.19646953332274
N           -0.83359642472550       -1.88863285213861        0.58976254377752
C            2.37398034552935        1.66774615796539        0.14908313885966
C            0.38707256383742       -2.37776762667290        1.04489910959591
C           -2.11580855580240        1.35656005479672        0.11409225009037
N            3.45018786523013        2.42395741505382       -0.18199177319117
N            0.44994269851865       -3.69347416211157        1.45812082272432
N           -3.34341241963085        1.90608017005737       -0.06698109076023
C            3.42916718293222        3.83283226768883       -0.23693989778375
C            4.45970578889638        1.70718961023303       -0.82330716219036
C           -3.59480069738691        3.31281099993108       -0.23008624046479
C           -4.41048346439158        1.09541629161994       -0.14536704266678
C            1.54830658517279       -4.32982809597169        0.63147666073022
C           -0.40942060548821       -4.45763473613694        0.47201827777475
N            4.42565083308967        4.50901345195462       -0.71884992404768
N            5.31742717027195        2.43803876043926       -1.43438235713197
N           -4.83740291799219        3.76278768868748        0.11645781331370
N           -5.29257002969967        0.44777143789963       -0.44632701363782
N            2.59207922854429       -3.64925727977518        0.35478461675325
N           -1.48139251462348       -3.94523049076946        0.00988843208886
C            5.50702628112052        3.84563864972530       -1.25808759946414
C           -5.82818033030137        3.29030225731425        0.63397927293026
C            0.68506111776892       -5.32034665263236        0.02531050007121
N            6.26589082854788        4.53872250568845       -2.27191092785576
N           -6.80125585120556        3.14726945575549        1.30962359538033
N            0.88438257725909       -6.42775449512358       -0.54035413905007
C            2.33967319151008        4.59656813825027        0.18254850995464
C           -2.68568563626294        4.15013249841658       -0.69808104825100
C            2.78070349669656       -2.41170507436995        0.67937847054498
C           -1.90733940761042       -2.75070595227595        0.31459714913054
C            1.10005617794204        4.94343653615912        0.39303350257699
C           -1.49455209567655        4.83375851471370       -1.21465767965079
N            2.02647802080914        6.04510832881731        0.31015198785819
N           -2.57616693773795        5.52209674513110       -0.94754072237733
H            6.00520534040393        5.46875326357004       -2.59578216054177
H           -7.68985949417606        2.75112970880961        1.08360003073393
H            0.05347806966517       -6.91998758197777       -0.84986445858252
H            1.99392664459365        6.55049585816295       -0.58466476030628
H           -3.06253219315913        6.39357640283753       -0.86883679384297
H            0.06516079768854        4.72620120693727        0.47027854549401
N           11.37965040882366       -0.16040147456716        0.52103397589701
C           11.41218504013782        1.25159120141390        0.39002056736150
C           12.58456405521278       -0.82506413013110        0.58796871129029
C           10.16425030639978       -0.80698167992743        0.30740149455473
N           12.55660253751388        1.88533966328911        0.43009562019280
N           10.30744143634946        1.89350452329536        0.13089454104027
N           13.71686555567535       -0.18335734014635        0.50280665364899
N           12.53172678782707       -2.16472128949889        0.72902307211685
N            9.10835493926528       -0.15292088700235       -0.06852203055988
N           10.16856950821104       -2.14986536388953        0.44425104837979
C           13.65927486158975        1.15153125035106        0.44186711541547
C           11.29305585834297       -2.76183641875547        0.93098033541365
C            9.23418124441027        1.17052948604428       -0.17651669894749
N           14.85113038378546        1.78916320551642        0.33033689938488
N           11.24179734254092       -4.10256287993040        1.28105021276812
N            8.25881039924733        1.87282997849588       -0.78203966200748
C           15.05499652025761        3.23683202897169        0.28267522775181
C           16.00245172540244        1.14906742525736        0.07100641050738
C            7.31624374180352        1.70614179014189       -1.49881492922902
C           12.32570902549376       -4.75631014557778        0.44551650540512
C           10.37969411277094       -4.72841781175212        0.21577063538969
N           16.09470220914465        3.70876223299709       -0.33112847683065
N           17.04615512033301        1.60704518456225       -0.35636893341304
N            6.77831394794272        4.39094480582816       -1.01216319403984
N            6.33865130680629        1.82687675368019       -2.23505687090641
N           13.43595584278325       -4.15657642412380        0.26192284666395
N            9.35399442397535       -4.11664896316070       -0.23813413739613
C           17.11520309986303        2.96866178005039       -0.82262317869500
C           11.41750733323406       -5.64461378017881       -0.24809337635272
N           18.07606202955958        3.28357945900163       -1.55719613770021
N           11.55971528017556       -6.72085647953281       -0.88584616196496
C           14.18412785185896        4.02614161393237        0.99814184488953
C           10.14084526615565        4.19040413654387        1.04744960492662
C           13.70758987205274       -2.95387397219448        0.66143434668798
C            9.00912530210542       -2.91891819500894        0.11897855559401
C           13.04848249924211        4.42982381948111        1.54427350273898
C           10.66298631907770        4.91828279102406       -0.20896103440877
N           13.90113672018264        5.48529780828583        1.24551736248211
N            9.39859412366544        4.44644159903815       -0.00631428142061
H           18.11338857133138        4.23128083376684       -1.90644101677081
H           10.70323668414144       -7.14419144251683       -1.22571495123756
H           13.64421740091390        6.08341132027594        0.45657432875472
H            8.40461921208912        4.38579679844547       -0.41602178867633
H           12.10691047615389        4.25518656463914        2.01074536463457
92
 energy: -209.908915641320 gnorm: 0.069893706969 xtb: 6.7.1pre (5071a88)
N            0.19742282988478        0.18829782991764        0.55001064168470
C            0.10358877707088        1.58542029938432        0.34691866602537
C            1.48023363781652       -0.36612097964501        0.51529222282005
C           -0.95995753326048       -0.55042368118239        0.44273261494354
N            1.18421302523952        2.29485242388765        0.24591066100041
N           -1.07562283374327        2.14969800687584        0.20697911822865
N            2.53046079604100        0.35298812975454        0.26668667237158
N            1.54465432287059       -1.70028947583979        0.72138856302136
N           -2.10823102319085        0.01208758530723        0.20385536631623
N           -0.83723590673024       -1.88989457654296        0.59020529500248
C            2.35751597306554        1.67457305322396        0.14871859459659
C            0.38380956842346       -2.37744340946226        1.04207461154705
C           -2.12726200685089        1.35354725861079        0.13172148966263
N            3.43049292840006        2.42958654166255       -0.19501781953771
N            0.44880190111007       -3.69193205956947        1.45527436420005
N           -3.35129675167674        1.90604708536370       -0.05262160956592
C            3.42316035357676        3.83989419210570       -0.24042225338683
C            4.43106632068038        1.71352374692218       -0.84393878069437
C           -3.59733070068397        3.31348723677241       -0.21510397358748
C           -4.41265414176392        1.09723411081681       -0.15849364913480
C            1.54827706057909       -4.32711417021680        0.62942385021830
C           -0.40952478092424       -4.45877827661652        0.47102596988754
N            4.41949185202019        4.51194568998668       -0.72253055481239
N            5.28680129348105        2.44545624752929       -1.46370174582322
N           -4.84437986805170        3.76930212177377        0.11414525794685
N           -5.28670464548548        0.44502327660761       -0.50090200732768
N            2.59070333629584       -3.64476162104835        0.35214498690228
N           -1.48276734556892       -3.94792539366843        0.00976887751647
C            5.49845574326289        3.85243164441157       -1.27288409735023
C           -5.83988839013051        3.30262885371702        0.61778655502055
C            0.68613980574715       -5.32070441492640        0.02600979663955
N            6.26090726197605        4.54434466500175       -2.27922886102012
N           -6.80582372262056        3.14080040996567        1.31181333301562
N            0.88661734559882       -6.42739172565620       -0.54097387517637
C            2.33548750739239        4.60383145154595        0.18630277864432
C           -2.68742427985834        4.14741937720972       -0.68399454453102
C            2.77829516810022       -2.40720698720964        0.67622520528169
C           -1.91118980458514       -2.75514452536671        0.31544698481782
C            1.09506183587229        4.95306966300880        0.39576492550183
C           -1.50005782602240        4.82572298323859       -1.21555396261312
N            2.01781201493783        6.05471985075713        0.31523029390201
N           -2.57625682948196        5.51758155961049       -0.94198098373349
H            6.01391958759143        5.48519503835772       -2.57923560853114
H           -7.69970961008498        2.74673565341844        1.09830752699785
H            0.05592180957693       -6.92164570162539       -0.84728484695593
H            1.98742835095153        6.55949801630190       -0.57856466778637
H           -3.06185708534990        6.39050380500587       -0.86947509929875
H            0.06074606307619        4.73505164012519        0.47149537178861
N           11.39333292701544       -0.16598587202287        0.53063320257284
C           11.42923874524758        1.24658532408172        0.39872863714113
C           12.59647079877150       -0.83132421093825        0.59697182473567
C           10.17557527167335       -0.80903917312188        0.31058632140702
N           12.57620547599205        1.87791887406512        0.44719672524420
N           10.33351913994240        1.89197156875547        0.12260800309768
N           13.73070962383043       -0.19234329480397        0.51117025708952
N           12.54118935089137       -2.17196508596966        0.73307406808809
N            9.12722320807005       -0.15250870918895       -0.08034893453723
N           10.17665577664464       -2.15223900388475        0.44900149331987
C           13.67554473786675        1.14365387726253        0.45841711546261
C           11.30019403008943       -2.76594292000133        0.93411860071535
C            9.26406568606300        1.17026794916227       -0.21186479982746
N           14.86573851342929        1.78406082091911        0.33778990260773
N           11.24724920796503       -4.10658957208276        1.28035322243484
N            8.30063050001698        1.87615287996229       -0.80495203561981
C           15.06293455333106        3.23273921467023        0.29038889525132
C           16.01818936121953        1.14797518999852        0.07660033355024
C            7.32987634669582        1.71253935924603       -1.50433316672044
C           12.32833850004703       -4.76199907173910        0.44482567047043
C           10.38262388735277       -4.73166586265682        0.21925400144890
N           16.09873221786195        3.70828828203590       -0.32671075616421
N           17.05862906064890        1.61019197726498       -0.35549083771679
N            6.77887615249838        4.36751906261229       -1.02057713432126
N            6.33179357331543        1.80957296553622       -2.20233847854387
N           13.43952819745058       -4.16491773678777        0.26155087390985
N            9.35884820120831       -4.11784138533739       -0.23285960056170
C           17.12178584786775        2.97292595732730       -0.81891230386949
C           11.41830441752436       -5.64817094392533       -0.24838999973858
N           18.07619149084113        3.28919244162640       -1.55979429668050
N           11.55879974826321       -6.72326414815101       -0.88856578630340
C           14.18945103995974        4.02403516750096        0.99813475454155
C           10.12573766994830        4.19162347171546        1.03598057232239
C           13.71336955598073       -2.96204933094144        0.66123535399743
C            9.01616639308154       -2.91955536759434        0.12540739358747
C           13.06234861051596        4.42270044156109        1.54902587614331
C           10.62879000387002        4.92774537528986       -0.21937130370366
N           13.90622008793585        5.48142080326836        1.23904605949073
N            9.37148660155443        4.47316399515352       -0.01162177653921
H           18.11069716714027        4.23571251822711       -1.91000236426804
H           10.70241026589334       -7.14545000170704       -1.22917658294300
H           13.64684885866222        6.07429125608091        0.45257916699503
H            8.40262539709063        4.38861465771849       -0.42193141266736
H           12.11471841409994        4.24813281019424        1.99886659043422
92
 energy: -209.918036219512 gnorm: 0.096141810734 xtb: 6.7.1pre (5071a88)
N            0.18663063660825        0.18807103133925        0.55179122482319
C            0.08450196261609        1.58651289148206        0.37132246770589
C            1.46954755530802       -0.36048281430432        0.51411876641159
C           -0.96924748256810       -0.55385970814611        0.44538789126360
N            1.16077651589528        2.30534523147534        0.27658740932232
N           -1.09632797562840        2.14669693546329        0.24374756749187
N            2.51312533368731        0.36637783366089        0.25987328620663
N            1.54192916373434       -1.69378616991309        0.72229851395887
N           -2.11864175123581        0.00581299227388        0.20854983691614
N           -0.83950152474410       -1.89149389102665        0.59156593097707
C            2.33095056545558        1.68670338370038        0.14607187597703
C            0.38174782157435       -2.37522377807911        1.03930381272713
C           -2.14322517691656        1.34612173572685        0.15109283015933
N            3.39674792659099        2.43943846098889       -0.22970259438242
N            0.45109319678988       -3.68727355214926        1.45522016745765
N           -3.36117493268151        1.90159149130018       -0.04519119076366
C            3.40921324682682        3.85330402568999       -0.25142353598473
C            4.38075043634565        1.72726000079033       -0.89206694762248
C           -3.59815912113788        3.31094013571331       -0.19495778074635
C           -4.40229273907784        1.09166186178868       -0.25665000783894
C            1.55195754379779       -4.32181374132193        0.62953982110413
C           -0.40506333042799       -4.46012998195639        0.47393461127912
N            4.40651743047021        4.51792686328641       -0.73181514201706
N            5.23958695158483        2.46108899489722       -1.52246811448796
N           -4.85308136229422        3.77426716006993        0.11147055968388
N           -5.30053409435823        0.45516692872860       -0.46801217254599
N            2.59220301987416       -3.63658514563794        0.34997293048477
N           -1.48127351519032       -3.95307606032445        0.01368667153298
C            5.48121038119183        3.86703049326566       -1.30201579332604
C           -5.86161961053993        3.31490344536142        0.60038007765541
C            0.69203115437793       -5.32155105407245        0.03285206221899
N            6.24850952773686        4.55645348544544       -2.29690925472492
N           -6.81245614713071        3.12902808525871        1.31511671388811
N            0.89431827498828       -6.42810904629901       -0.53494983875512
C            2.32662851643462        4.61470373353920        0.19280736772521
C           -2.68882985749622        4.14439423551350       -0.66576938087915
C            2.77735140731841       -2.39838860967620        0.67111046073695
C           -1.91392077039744       -2.76298469601715        0.31867115167945
C            1.08632180443650        4.96974019249609        0.40003326984374
C           -1.50787170097454        4.81994503347305       -1.21857256798200
N            2.00109111663624        6.07240688155877        0.31591360746226
N           -2.58028895507278        5.51221491077805       -0.93581811852721
H            6.02502573241671        5.51876069384153       -2.54854133353064
H           -7.71293467491170        2.74591831642493        1.11174165147300
H            0.06385318555027       -6.92639378266017       -0.83484881922736
H            1.97112564018988        6.57273656544470       -0.58107378396015
H           -3.06939711082922        6.38536056342444       -0.87442714520070
H            0.05156884169084        4.74840032895227        0.47502008803965
N           11.41387198842531       -0.17149745636080        0.54968473719238
C           11.45459966669982        1.24154026571232        0.41526581001543
C           12.61450482529569       -0.83903503561866        0.61596440900044
C           10.19275683468456       -0.80652045026376        0.31656117097853
N           12.60808524735057        1.86710790808047        0.48356952270998
N           10.37564751326566        1.89433348124281        0.11084272515180
N           13.75294116911374       -0.20637810457363        0.52875333765531
N           12.55472315405034       -2.18216350648153        0.74426969288686
N            9.15900414637657       -0.14663866777765       -0.10009038482514
N           10.18590377031428       -2.15100014637046        0.46130657959454
C           13.70176591146697        1.13109480250335        0.48905679163511
C           11.30928580139202       -2.76970252026142        0.94301282634074
C            9.30843967368106        1.17685929618665       -0.26206922524690
N           14.89120668280504        1.77491187313275        0.35451510071388
N           11.25300633120929       -4.11014489141472        1.28179415850528
N            8.37323474974740        1.89177813431007       -0.87102798445672
C           15.07723236247480        3.22470527760458        0.30238707682236
C           16.04608466881538        1.14567007426393        0.08994093429506
C            7.35817131317889        1.72836762104599       -1.52986442827824
C           12.33039487337539       -4.76964655348849        0.44787107698711
C           10.38361373440943       -4.73423995931162        0.22747625902683
N           16.10538710662442        3.70705456972639       -0.31964202417893
N           17.08124024877962        1.61594333609452       -0.35559696968557
N            6.77449539933682        4.32360179189335       -1.03784221608940
N            6.31322643413683        1.79709316453301       -2.15443158905726
N           13.44400249158002       -4.17626190924839        0.26515778898347
N            9.36361625915058       -4.11443770557421       -0.22356994047335
C           17.13098279319705        2.98008283332060       -0.81923354801842
C           11.41689165181438       -5.65205993198540       -0.24486060954746
N           18.07334967989346        3.30182172117661       -1.57538310255530
N           11.55493595846118       -6.72459230619879       -0.89122842151600
C           14.19554758842643        4.02223574781173        0.99560639518474
C           10.11685324341616        4.14130560048613        1.01104754361164
C           13.72170910955468       -2.97437788982823        0.66875271891780
C            9.02400268623633       -2.91441110468661        0.13749674881557
C           13.07674319526949        4.40921360432783        1.57422718417001
C           10.59290362502470        4.88004424627451       -0.23569621403250
N           13.90652661380445        5.47734352959355        1.23595603648819
N            9.34375562771108        4.48816528400893       -0.02652902470931
H           18.10233368871490        4.24846647996013       -1.92299649848758
H           10.69862972837853       -7.14416669913628       -1.23464303059860
H           13.63626558448620        6.06345778198865        0.45261298552610
H            8.41582026339050        4.40043253943286       -0.42796062051364
H           12.11600954790999        4.23137798228430        1.99862211732604
92
 energy: -209.923296211663 gnorm: 0.068380251238 xtb: 6.7.1pre (5071a88)
N            0.17080223353576        0.18681555318641        0.55334822278075
C            0.06341482817977        1.58742229999350        0.39810648409110
C            1.45231169104286       -0.35921621564941        0.51536992161825
C           -0.98484534170135       -0.55717662981883        0.44985505723003
N            1.13835458143428        2.31217876218246        0.30045509384141
N           -1.11851133026612        2.14537863766174        0.27957153073864
N            2.49175677218213        0.37391105196394        0.25492041710406
N            1.53067558918046       -1.69176290665608        0.72422854911983
N           -2.13514984507500        0.00180823843763        0.21491160494702
N           -0.85004686082023       -1.89419830933799        0.59297467196919
C            2.30400780969199        1.69126879812584        0.13739701525091
C            0.37103282691362       -2.37731254807961        1.03664149531870
C           -2.16343090398030        1.34138021869275        0.16444221528722
N            3.36610733793887        2.44061083418374       -0.26947420748985
N            0.44391180744060       -3.68928774494223        1.45123099232848
N           -3.37695742554044        1.89986086267867       -0.04817932971296
C            3.39351813972511        3.86028730705073       -0.26674880289967
C            4.34231195687727        1.73298259059222       -0.92342421051085
C           -3.60772277188550        3.31033218603379       -0.19039591758350
C           -4.41104357951231        1.08860719818974       -0.29629372780452
C            1.54570094400069       -4.32019484372938        0.62329390062940
C           -0.40876390249165       -4.46100163135720        0.46765494312040
N            4.39321585304055        4.51588519357110       -0.74258757304735
N            5.23008135610392        2.46408786493570       -1.53480597804350
N           -4.85568570831450        3.77535919267443        0.13664356316144
N           -5.32542376385354        0.43753179571527       -0.50470053150590
N            2.58514946213265       -3.63259621968119        0.34679570779786
N           -1.48968604100028       -3.95777849746448        0.01290815458062
C            5.47184625571223        3.87731380606220       -1.31485606095536
C           -5.86079092293145        3.30580557129919        0.62781627333376
C            0.68835922899295       -5.32126429117006        0.02716703341800
N            6.24282868529578        4.54480396656425       -2.31022713780680
N           -6.82909926922240        3.13039625645797        1.31418998105940
N            0.89169102576053       -6.42429503235663       -0.54611839341588
C            2.31518395106314        4.61679353725423        0.19839641567304
C           -2.69843277734531        4.14193236075618       -0.66353339271675
C            2.76670938802004       -2.39522138231515        0.66898925131716
C           -1.92537362728033       -2.77035773022446        0.31982770763600
C            1.07873381594067        4.98556100891367        0.39708235808292
C           -1.50683585667229        4.80963089135150       -1.20575481572987
N            1.98796551546741        6.08046417680765        0.33563920135921
N           -2.57908239148866        5.50649146781641       -0.93129028873909
H            6.03225788899908        5.51999878063868       -2.52369160325569
H           -7.72494643931101        2.75214180575187        1.08900832221984
H            0.06146333219202       -6.92420322468240       -0.84296658511837
H            1.96801883091003        6.59343259388506       -0.54983381742797
H           -3.06336812477076        6.38226885002498       -0.87725168569243
H            0.04365799140319        4.76252030152528        0.47200136981920
N           11.43255843147287       -0.17450545439965        0.55926676924696
C           11.47391503337778        1.23910364099569        0.42837272202134
C           12.63292129600780       -0.84352940986174        0.62092522979515
C           10.21057323368940       -0.80217332449626        0.31039160387626
N           12.63290066436152        1.85944545450255        0.51003734648559
N           10.40550443221267        1.89664071377149        0.11540762669693
N           13.77295511311184       -0.21598218616595        0.53112253652841
N           12.56995340020573       -2.18903835179285        0.73949572803600
N            9.18849954501171       -0.13990127384530       -0.12292130121382
N           10.19670800663086       -2.14891580407090        0.46178501148908
C           13.72397400256568        1.12300440818446        0.50271308813559
C           11.32351031206808       -2.77088264685751        0.93983217849422
C            9.33538676991845        1.18555315963328       -0.28381539785109
N           14.91475754154826        1.76740994933384        0.35694524350616
N           11.26593104139340       -4.10968836509258        1.27441851967488
N            8.41120247418691        1.90538507239405       -0.87317564441219
C           15.09578276981050        3.21447747468272        0.30515230438048
C           16.07110728059830        1.14087635018383        0.09426070449011
C            7.36137416842027        1.75200503710889       -1.49323494928451
C           12.33908042376141       -4.77768004189082        0.44300486178293
C           10.38963344507162       -4.73891399149068        0.23068699724573
N           16.12202452284809        3.70186743871975       -0.31331501009723
N           17.10291207190237        1.61502905873513       -0.34907749681201
N            6.76755758066225        4.29524492648686       -1.04734154102973
N            6.32028491856082        1.76537544249153       -2.08628246684850
N           13.45289359648574       -4.18627135930535        0.25425504460757
N            9.37238725015625       -4.11473667357095       -0.22007567590854
C           17.14810519658291        2.97774580505100       -0.81520890698551
C           11.42145780468734       -5.65988087829736       -0.24296177890724
N           18.08686246813894        3.30210360805604       -1.56998561963426
N           11.55660260149433       -6.73201621580248       -0.89034429306004
C           14.20309695840259        4.01850772902915        0.97891681662845
C           10.13094961153476        4.10832094991477        0.98072474940911
C           13.73342496201587       -2.98503241034498        0.65885617812491
C            9.03693171915779       -2.91144129964676        0.13916643437147
C           13.08775522391114        4.40475031739124        1.56173676512172
C           10.56989481483743        4.90053474049259       -0.23265546424501
N           13.92115424135269        5.47033240357099        1.22050540033255
N            9.33059989386385        4.53081361718236       -0.02868417649778
H           18.11514304436791        4.24880610375652       -1.91630345230257
H           10.70039634909282       -7.15008076015778       -1.23548292577737
H           13.64819994297691        6.05651560981793        0.43970717195912
H            8.39989918054175        4.48456570486232       -0.40176174957679
H           12.11754044522932        4.22872597721114        1.96926242259454
92
 energy: -209.927950394391 gnorm: 0.073730775168 xtb: 6.7.1pre (5071a88)
N            0.15610525676990        0.19086107216590        0.55973788571650
C            0.04170062993585        1.59330892421981        0.42711461407602
C            1.43863514895617       -0.35069666711484        0.51210547034911
C           -0.99756136627351       -0.55780798363196        0.45761466180644
N            1.11323278533269        2.32536302265566        0.32738484092162
N           -1.14292457312012        2.14699199281135        0.31442566673982
N            2.47117453034847        0.38849155008722        0.23661021895218
N            1.52580203257716       -1.68269691480542        0.72234970088351
N           -2.15041259941128       -0.00178813163591        0.22587129800376
N           -0.85464053419123       -1.89477723355921        0.59665203854940
C            2.27611727180349        1.70595235736026        0.12682954165781
C            0.36896828088064       -2.37289873609192        1.03736810791037
C           -2.18378788503046        1.33815763417167        0.18074385655890
N            3.32521671847303        2.45431500218321       -0.30968259479123
N            0.44932132850104       -3.68286365934810        1.45477659751197
N           -3.39617684077273        1.89677995370726       -0.04542005910627
C            3.36526812284893        3.87570709291005       -0.28881404772715
C            4.28797282899984        1.74743687677620       -0.99177799883561
C           -3.62218471747694        3.30775042779955       -0.18922657722589
C           -4.42694037278698        1.08603043991145       -0.30471157279687
C            1.55128632085045       -4.31269267807901        0.62546352839114
C           -0.40232662930375       -4.46177968190613        0.47517280974878
N            4.37213437986783        4.52451024356397       -0.75898112309298
N            5.18535811912058        2.46975688049135       -1.58248614886692
N           -4.86890173568974        3.77411925753146        0.14135889176220
N           -5.34139532831669        0.42020674140874       -0.54452765840809
N            2.58717752013307       -3.62123935182174        0.34432038459401
N           -1.48625041156297       -3.96339400191205        0.02096623372840
C            5.44402538019984        3.88121377381188       -1.34095346002826
C           -5.87448637401167        3.30215870175984        0.63460303820020
C            0.69646846311491       -5.31944705908629        0.03613924261155
N            6.23156386856075        4.55333271422082       -2.32424298239237
N           -6.83607885342062        3.12396694123220        1.31694223958630
N            0.90268370040678       -6.42332131954273       -0.53427680900987
C            2.29505520464445        4.63317165415498        0.19464935599866
C           -2.70896989778756        4.13795845604092       -0.66084256819048
C            2.76424489908095       -2.38153562588905        0.66117792806649
C           -1.92797800221917       -2.77835711044427        0.32647393963084
C            1.06258093911745        5.00672933747872        0.39544638337061
C           -1.51387909530162        4.80288899884467       -1.19972169061381
N            1.97064512066980        6.09913622470141        0.33458914993636
N           -2.58642510957915        5.50074863693500       -0.92940814864785
H            6.04168374244575        5.54584876912780       -2.49832436023114
H           -7.73243870690934        2.74986204483463        1.08972816248582
H            0.07333843906443       -6.92887985520842       -0.82502106004296
H            1.94867587829513        6.61560422305845       -0.54849311081741
H           -3.07019452036746        6.37616534198060       -0.88103385011024
H            0.02756667508620        4.78200432498279        0.48159067898984
N           11.45890730222536       -0.17232366970414        0.57610055794253
C           11.50824260803640        1.24116954054971        0.45039176659720
C           12.65653582969836       -0.84810066583982        0.64184474958735
C           10.23545773505928       -0.79132790779667        0.30850256262155
N           12.67023168142057        1.85336310628653        0.55067170758007
N           10.44980912857023        1.90651419625048        0.11318589095485
N           13.80074077556617       -0.22805287164553        0.55626849132129
N           12.58425336877207       -2.19475543225960        0.75476076027621
N            9.22748916535323       -0.12161937588976       -0.15036988480725
N           10.20949445927225       -2.13879912084347        0.46918133075079
C           13.75775885426529        1.11174612607443        0.53333945076749
C           11.33311282478096       -2.76882060059973        0.95030299638809
C            9.37989560884693        1.20241017795004       -0.31179024915914
N           14.94779460880096        1.75758064439303        0.38585614341930
N           11.26879556812137       -4.10859170874045        1.28158194657315
N            8.48471085623080        1.93123264091952       -0.96556716831154
C           15.11393666297530        3.20559128810987        0.32053612563672
C           16.10685299088783        1.14016458314709        0.11208399560169
C            7.40780629480372        1.77379650785867       -1.52587032380574
C           12.33993028646224       -4.78239110023858        0.45034981604366
C           10.38872300127714       -4.73486977008691        0.23819006341345
N           16.13209493256086        3.70081110869428       -0.30678444990259
N           17.13023168398693        1.62186797475843       -0.34248615729104
N            6.74822296061174        4.25682905477607       -1.05775312152207
N            6.30332275841125        1.75970345243478       -2.04212936892190
N           13.45781634256199       -4.19664173332482        0.26299858051720
N            9.37430947714819       -4.10307770296479       -0.21320586831111
C           17.15775237044389        2.98219271146258       -0.81982500100866
C           11.41822681342415       -5.66044196850781       -0.23570818543451
N           18.08602444019624        3.31456172704037       -1.58612217593712
N           11.55049562430159       -6.73012187560876       -0.88786781617178
C           14.21221899473089        4.00679195132594        0.99011812445147
C           10.15097841710284        3.98413733056958        0.92079636180583
C           13.74305428758208       -2.99807558454531        0.67296929086438
C            9.04652025289269       -2.89720745774587        0.14523323028487
C           13.08456900436662        4.39100760736184        1.56795799550769
C           10.58571021079047        4.85181553267734       -0.24242826690533
N           13.91829083455035        5.45851548255003        1.22620023820133
N            9.33858326464221        4.49022690043242       -0.05085111798623
H           18.10047801072693        4.26203338604085       -1.93614558724979
H           10.69328037879231       -7.14494920904821       -1.23556317216259
H           13.63761893841894        6.04171667909201        0.43836174723779
H            8.38412435644463        4.48697736244895       -0.41326590429287
H           12.11572200127818        4.20692407932733        1.97874424899971
92
 energy: -209.934461314654 gnorm: 0.067425837224 xtb: 6.7.1pre (5071a88)
N            0.14294693226293        0.19299510739790        0.56019365494999
C            0.02579119565804        1.59617278478533        0.44127388582032
C            1.42550303378573       -0.34653247578472        0.50711203058132
C           -1.00886575721511       -0.55959090024640        0.46086051159010
N            1.09644809833085        2.33077968558040        0.33179996032238
N           -1.16175357648942        2.14578896505930        0.33421973023805
N            2.45389449721786        0.39579334159303        0.21828821818007
N            1.51812773108239       -1.67730333337054        0.72006827690327
N           -2.16270650303913       -0.00658573005521        0.22478003252992
N           -0.86155029462294       -1.89635160782653        0.59964866816954
C            2.25538515196748        1.71128177697620        0.10697651666596
C            0.36390251575657       -2.37090432650769        1.04007570706782
C           -2.19862736626459        1.33266513461011        0.17756199262726
N            3.29775488329500        2.45865665293901       -0.35122370627233
N            0.44963735774103       -3.68122981345431        1.45849242910598
N           -3.40924006023002        1.88955819754854       -0.07275232824485
C            3.34591255753031        3.88255552325176       -0.31629654911583
C            4.26109097302564        1.75072285153073       -1.02575423947914
C           -3.63491030813459        3.30293740372722       -0.20323547383372
C           -4.44659397581653        1.08641700651522       -0.30649454874500
C            1.55134294291363       -4.30748543751068        0.62509613964428
C           -0.39975908591637       -4.46070321049091        0.47776540657061
N            4.36369518266664        4.52542114351805       -0.77290652272773
N            5.19946361681209        2.46282319309507       -1.57028661933973
N           -4.87370788549176        3.77300854899010        0.14856108919928
N           -5.38106714905084        0.43173647834417       -0.50303982826744
N            2.58524234482593       -3.61293561504594        0.34277596445665
N           -1.48808320962358       -3.96779409866790        0.02754092445768
C            5.44196841107737        3.88257084370624       -1.33803512343632
C           -5.88097570172086        3.29999245866262        0.63275273955194
C            0.69918866390889       -5.31672400295395        0.03773009694630
N            6.23985954565340        4.54285128694484       -2.32457470293734
N           -6.84091971153152        3.11015863607663        1.31982236928031
N            0.90719884435125       -6.42047871059970       -0.53215068305096
C            2.28244707924786        4.63918111879814        0.18100133710648
C           -2.72083095869770        4.13263982750607       -0.67283242679199
C            2.75738032929366       -2.37225724996637        0.65714845446376
C           -1.93311736585399       -2.78412409279560        0.33227437477907
C            1.05335276857108        5.01971598330446        0.39273285385349
C           -1.52008460239774        4.79168399098960       -1.20658076680272
N            1.96116014215777        6.10736953182403        0.33848346995515
N           -2.58592038672183        5.49538485858489       -0.92704656803608
H            6.05061452303487        5.53429906843069       -2.48177819320908
H           -7.74357296110246        2.74532145028648        1.09218822915573
H            0.07888271320008       -6.92869483365327       -0.82111873446744
H            1.93750292493211        6.63718075432377       -0.53623668051380
H           -3.06383411004469        6.37307432990012       -0.87772409407277
H            0.01933373750490        4.79305901284690        0.49089646517686
N           11.47263455986379       -0.16183897127805        0.58055504534529
C           11.52474216806331        1.25222696485506        0.46218057980329
C           12.67055801213253       -0.84341620028792        0.64841071345062
C           10.25287118882454       -0.77636536103434        0.29658727600614
N           12.68809437728264        1.85659914314182        0.57205378938086
N           10.46687140949028        1.92384121046796        0.12101417533066
N           13.81585340859088       -0.22761735457980        0.56799720176398
N           12.59181452830008       -2.19015152948094        0.75644622203475
N            9.25344770670423       -0.10203568865643       -0.17603138491036
N           10.21777819635932       -2.12437372325750        0.46353138782164
C           13.77576899245494        1.11219019184671        0.54809383357091
C           11.34068796352052       -2.75900799244612        0.94956364150224
C            9.39553866651173        1.22411618606997       -0.31260915896058
N           14.96674145653704        1.75596728815195        0.40226829509098
N           11.27103887089545       -4.09742943254219        1.28234277070512
N            8.50308327467873        1.95076504409485       -0.97564529043983
C           15.12722474576071        3.20167782041606        0.32961584121399
C           16.12722354201777        1.14099801654600        0.12389515769476
C            7.40881280822542        1.80393460589453       -1.49480681232823
C           12.34153784243734       -4.78107714083139        0.45485629907799
C           10.38883199446782       -4.72770621772118        0.24083601452193
N           16.14358747139421        3.70125395251954       -0.29950774489666
N           17.14665391088047        1.62541125131295       -0.33375714788439
N            6.74290564220360        4.24845634421590       -1.05055531165222
N            6.31010573691761        1.74830600272237       -2.00181649798504
N           13.46040208051025       -4.19733047306354        0.26403140796700
N            9.37817253639645       -4.09152716683105       -0.21359766861589
C           17.16882917587204        2.98333351797835       -0.81569428263578
C           11.41731963190393       -5.65874120405195       -0.22800066077631
N           18.09106638672541        3.31818375708472       -1.58800000646171
N           11.54757954065078       -6.72904294769067       -0.87890746271203
C           14.21836143212547        4.00037947548542        0.99243211311942
C           10.17354822676078        3.85157954590404        0.85755215520289
C           13.74914925418522       -3.00158320337170        0.67682830537086
C            9.05734100857600       -2.88195799914299        0.13758274933013
C           13.08492377560375        4.38538321606597        1.55674494622043
C           10.60434864705357        4.80753161910162       -0.24625173046400
N           13.92311596462442        5.45160129636025        1.22285230647317
N            9.35483846644684        4.44344644531073       -0.06989900273285
H           18.09699585927579        4.26499273580358       -1.94268725427386
H           10.69051251740803       -7.14184079527656       -1.22956160154524
H           13.63835698077734        6.02950745826869        0.42857985666608
H            8.38156758934849        4.49361428891609       -0.41499519674611
H           12.12043072334697        4.19551151427666        1.97047339131758
92
 energy: -209.949012197494 gnorm: 0.084698743894 xtb: 6.7.1pre (5071a88)
N            0.12599626210797        0.19690407496133        0.56055910485314
C            0.00605499839767        1.60062377765614        0.45761431525620
C            1.40825383699454       -0.34039951740201        0.49802111417930
C           -1.02212525204741       -0.56139113079037        0.46420745404941
N            1.07480164544764        2.33812247896597        0.33631480940876
N           -1.18657132254290        2.14482158749239        0.36559481763508
N            2.42911440755013        0.40565932323291        0.18964390299304
N            1.50833640932642       -1.66923241978003        0.71542379394742
N           -2.17654289993769       -0.01220544123945        0.22064269461301
N           -0.87020821877029       -1.89767549373541        0.60312778352274
C            2.22568135460851        1.71919260774335        0.07840308104241
C            0.35780896421151       -2.36708909417481        1.04477242436753
C           -2.21531266454184        1.32588681678624        0.17479629410474
N            3.25552391799369        2.46510899837231       -0.40816665023307
N            0.45022443078701       -3.67851890563673        1.46431686708084
N           -3.42259457653666        1.87713501860980       -0.11700217158345
C            3.32081135669005        3.89076786099498       -0.35146351263877
C            4.21825367742091        1.74880135414188       -1.07144195871826
C           -3.65097464522263        3.29539213111986       -0.22153988686675
C           -4.47387025404279        1.08446818581720       -0.30347663886301
C            1.55149113546541       -4.29965399777672        0.62518250956699
C           -0.39574912037709       -4.45749001604728        0.48152472990835
N            4.35823021306890        4.52429115088687       -0.78420845103151
N            5.22872286035988        2.44073225017209       -1.53534537874982
N           -4.87826402313765        3.76967118069318        0.16240650998307
N           -5.43200989801564        0.45752975801457       -0.45051662403284
N            2.58256284539905       -3.60095640209271        0.34117246018630
N           -1.48978940794637       -3.97216603285232        0.03681242967066
C            5.44514072145840        3.87619228327604       -1.31979304257799
C           -5.88762416312097        3.29324550743038        0.63277435702550
C            0.70299394654403       -5.31200972066285        0.03981856845271
N            6.25548836447850        4.52018273043144       -2.31706277060278
N           -6.84981599750582        3.08932459685711        1.32364929093217
N            0.91325785570193       -6.41654898567120       -0.52787767196293
C            2.26558939115521        4.64647114204379        0.15528566124854
C           -2.73767793503881        4.12492339020773       -0.68963425177829
C            2.74772097239966       -2.35864303234473        0.65147008751581
C           -1.93874372454311       -2.79000710312881        0.34041256177078
C            1.04011965270962        5.03487772790127        0.38623633686280
C           -1.52911710099592        4.77547890041698       -1.21737355328433
N            1.94855833162859        6.11696582924989        0.34177871572990
N           -2.58462544077705        5.48935140445616       -0.92181943407162
H            6.06752482790338        5.51079041465554       -2.44857501917399
H           -7.76188728447805        2.74470728863839        1.09000747109628
H            0.08664378232128       -6.92767879973016       -0.81573209896432
H            1.92293899507390        6.66831889340288       -0.52097176075519
H           -3.05574652628070        6.37091149929932       -0.87414289287367
H            0.00923253679586        4.80448136627096        0.50186427899164
N           11.48514315113927       -0.13443408460862        0.58596586919567
C           11.54577685732877        1.28105377264460        0.47698255143103
C           12.68465467880738       -0.82854740150088        0.65634958808672
C           10.27474800894231       -0.74685260728296        0.28093834304757
N           12.70949072073171        1.86875274336559        0.59248118135394
N           10.48398149348440        1.96955546413647        0.12996273438262
N           13.83155987248162       -0.21989189731402        0.58399814635537
N           12.59547310074763       -2.17450482902132        0.75824994478287
N            9.29035862703550       -0.06313531417574       -0.21663079012300
N           10.22563239578349       -2.09631377329689        0.45225704732899
C           13.79837357395749        1.11903927113576        0.56451344728599
C           11.34687563811970       -2.73793028432513        0.94623349000541
C            9.41641735452746        1.26720759852292       -0.32514934548112
N           14.99015302886092        1.75870198717233        0.42456363957537
N           11.26988153709051       -4.07388201222451        1.28268839878449
N            8.52672446110055        1.98172279503122       -1.00037836831837
C           15.14296948785969        3.20103403715216        0.34024418073572
C           16.15165781926094        1.14475843102274        0.14102130363787
C            7.39575065904308        1.85993051701115       -1.43901113188517
C           12.34061461676401       -4.77328852197853        0.46234636002592
C           10.38647507843862       -4.71230651328941        0.24325920946963
N           16.15897764544703        3.70473982713450       -0.28848260855284
N           17.16552835679528        1.63158608800388       -0.32305037045253
N            6.74606840901675        4.22825841231160       -1.03277106098661
N            6.31041049302189        1.72669449553822       -1.93853650794789
N           13.45916935132175       -4.18993672274614        0.26557994474062
N            9.38223303674177       -4.06979671802928       -0.21581161992959
C           17.18237247527136        2.98534541523952       -0.80866712693966
C           11.41395968786345       -5.65161712401831       -0.21596364527688
N           18.09590817989144        3.32150613198023       -1.58932288687268
N           11.54240123754652       -6.72352013968279       -0.86402321987044
C           14.22680365543973        3.99503343228075        0.99773399962934
C           10.21184983283325        3.59518239623726        0.74390847059885
C           13.75266109797981       -2.99906232589279        0.68216914923098
C            9.07191676280581       -2.85435073687342        0.12173290030999
C           13.08584632170513        4.38189703327868        1.53947529626997
C           10.63033621602704        4.73221079382782       -0.24097911012040
N           13.93068215625173        5.44702765503936        1.21912920852556
N            9.38031289990025        4.34462126676991       -0.09019026265094
H           18.09159456078224        4.26677782656107       -1.94711405182790
H           10.68661512143171       -7.13467738883721       -1.21931385476048
H           13.64481776993527        6.01379230267772        0.41362582236922
H            8.40978257158832        4.42859789259234       -0.42216170558659
H           12.12938876070464        4.18122237128315        1.95751178315691
92
 energy: -209.966736604129 gnorm: 0.144083618376 xtb: 6.7.1pre (5071a88)
N            0.11556567888860        0.20005626951172        0.56186394328320
C           -0.00706703527782        1.60422477353660        0.47083023485156
C            1.39871958067677       -0.33475112220719        0.49152485287241
C           -1.02990772903945       -0.56200130911000        0.46691921322681
N            1.05971843603330        2.34415431918122        0.34349590872297
N           -1.20283065403383        2.14465833043415        0.38608370004949
N            2.41365869330306        0.41384719553244        0.16851622167621
N            1.50427599658772       -1.66231145439327        0.71293671855285
N           -2.18500905636821       -0.01542398956555        0.21891881998045
N           -0.87395813573834       -1.89776161890453        0.60645818133894
C            2.20548827848430        1.72675475739836        0.05912374405895
C            0.35600491154546       -2.36271043105922        1.04847684166307
C           -2.22563373097536        1.32231442284177        0.17409291764099
N            3.22514692751449        2.47198069414860       -0.45073095007052
N            0.45333597669240       -3.67392505059871        1.47007323714273
N           -3.43087628525757        1.86992192152497       -0.14050820829743
C            3.30385544904645        3.89760558427400       -0.37638644454767
C            4.18133778759676        1.74922755042265       -1.11537356637364
C           -3.66127055109073        3.29035863842945       -0.23138349053345
C           -4.48704470921755        1.08226976866692       -0.30744625883321
C            1.55463084416518       -4.29325099920138        0.62865603250259
C           -0.39090158876003       -4.45558256090591        0.48841410209001
N            4.35387285414721        4.52405998770975       -0.79388871916073
N            5.22370563334213        2.42729272468481       -1.54103019296901
N           -4.88343014968394        3.76763722473147        0.16506280064472
N           -5.46086381238385        0.46863612394639       -0.41522804553141
N            2.58320417845767       -3.59182839315498        0.34179025444833
N           -1.48799892023083       -3.97521500114080        0.04559799107241
C            5.43966142798427        3.86882155779502       -1.31798326659923
C           -5.89692076519017        3.29226733293739        0.62513463430095
C            0.70843444171464       -5.30900375766099        0.04675038046695
N            6.26178578205452        4.50646387641370       -2.31622308258865
N           -6.85385928072467        3.07642728965447        1.32385058525240
N            0.92057977164808       -6.41476573843763       -0.51785205263277
C            2.25428927825526        4.65411795294790        0.13614253010983
C           -2.74824171174161        4.11974025177592       -0.69962750437647
C            2.74410090195449       -2.34787335062936        0.64777996269867
C           -1.94021042369332       -2.79397160415932        0.34731301569311
C            1.03141851888388        5.04550635050670        0.38013919866041
C           -1.53782943779274        4.76526086627597       -1.22902489105472
N            1.93955638809928        6.12483146718371        0.33764583706728
N           -2.58583127539080        5.48462537983508       -0.92036873278791
H            6.08222457034841        5.50077938999476       -2.42260826903643
H           -7.77246768666634        2.74249093708104        1.09110884088230
H            0.09507470005029       -6.92878763653450       -0.80368765725212
H            1.91049712319742        6.68532908648459       -0.51953318169102
H           -3.05360383028154        6.36763944346998       -0.87419541022797
H            0.00277176896553        4.81195078224761        0.50887689948583
N           11.48809660828774       -0.10333210526432        0.59518420700698
C           11.55680927435107        1.31497487200419        0.50072342145462
C           12.68886723305939       -0.80961830707358        0.66610265780767
C           10.28521533196217       -0.71571403223330        0.27368971876206
N           12.72463022612867        1.88597714876528        0.61482763026931
N           10.48749699509707        2.02820962435700        0.16344651667454
N           13.83807825315714       -0.20948599706614        0.59908128162801
N           12.59302490978325       -2.15602472640336        0.76378547523922
N            9.31452597255333       -0.02137832641600       -0.24233922211933
N           10.22656605101264       -2.06952820872978        0.44676710506418
C           13.81263369090181        1.12933353137412        0.58047688189196
C           11.34541070928221       -2.71692314664258        0.94385882843436
C            9.42852700907079        1.30966678056510       -0.33055348605217
N           15.00674764944861        1.76415845856381        0.44253190072956
N           11.26510485396514       -4.05131690739738        1.28232194926038
N            8.55108659352791        2.01560466390225       -1.03154789032747
C           15.15509289320298        3.20397757284995        0.35026883743743
C           16.16781571767397        1.15057402363267        0.15422554543921
C            7.39559032308690        1.91453419754697       -1.40870133099727
C           12.33685486777835       -4.76272052189818        0.47149816954603
C           10.38132089528545       -4.69643593315081        0.24706180046085
N           16.16797350729341        3.70976897537725       -0.28204433596162
N           17.17739754341944        1.63864802970380       -0.31822605072975
N            6.74488789505586        4.19711266719034       -1.02815594906687
N            6.31767821102700        1.70386203243441       -1.88918985789537
N           13.45480595460077       -4.17857971458604        0.27171853541758
N            9.38248143250700       -4.04898065151724       -0.21679256399574
C           17.18861118211820        2.98921462906473       -0.80787901089598
C           11.40886710416450       -5.64216877289610       -0.20363514718379
N           18.09375280724418        3.32661877820076       -1.59830043100050
N           11.53711892140868       -6.71514109162273       -0.85021244020824
C           14.23457812615987        3.99584128656690        1.00444476648536
C           10.29275967368739        3.27885100629285        0.62129428712370
C           13.75085114311639       -2.98970247246417        0.68987932773375
C            9.07685850838500       -2.82846753271804        0.11114336286195
C           13.09052418308003        4.38018866940298        1.53715695296632
C           10.66527156356401        4.60023679154473       -0.24793155125324
N           13.93309028686356        5.44832694373853        1.21942662190717
N            9.41545360083976        4.22054237434657       -0.10986789351962
H           18.08159558098477        4.27166153658233       -1.95731279372209
H           10.68280044032020       -7.12506294974323       -1.21078243107541
H           13.64071423534580        6.00529159043770        0.40732552772056
H            8.41473986130763        4.39741656212459       -0.41190021268615
H           12.14070904874109        4.16976741732522        1.95968861346043
92
 energy: -209.977445309971 gnorm: 0.084737617565 xtb: 6.7.1pre (5071a88)
N            0.11367792618805        0.19927484237471        0.56215956542900
C           -0.01048928083081        1.60233627398094        0.45973912815917
C            1.39819819119319       -0.33383000167801        0.49071518804874
C           -1.03102006051936       -0.56180070481628        0.46461194247894
N            1.05339359615299        2.34262348682964        0.33923251100370
N           -1.20622533815170        2.14288444946514        0.37395279287240
N            2.41076609163014        0.41286227165786        0.17081685870384
N            1.50316167579649       -1.66211200219723        0.71471530556438
N           -2.18526181876363       -0.01484619539725        0.21487603656558
N           -0.87654196575887       -1.89688810988496        0.60724553078454
C            2.20172739237538        1.72915723230023        0.05951507948758
C            0.35395944145722       -2.36154983575438        1.04833543163802
C           -2.22628643819045        1.32369954193720        0.17471746887196
N            3.22038315055135        2.47485757475912       -0.43583835285138
N            0.44975030197534       -3.67212657575887        1.46769338062867
N           -3.42892268578845        1.86994972705411       -0.12949663932427
C            3.30995278261652        3.89392299563395       -0.36970516450484
C            4.16993528978961        1.74026852922661       -1.10645885949497
C           -3.65829587179846        3.28923804014316       -0.22768866735325
C           -4.48669014949518        1.07768074688623       -0.30477176449559
C            1.55271865792041       -4.29300626467532        0.63213551385248
C           -0.39605126323591       -4.45647820840237        0.49079417567641
N            4.36026877413442        4.51942521195092       -0.78137035947148
N            5.17293230776352        2.41747377801405       -1.55729492859615
N           -4.88432880797669        3.76296503060146        0.15788875926867
N           -5.44417056694549        0.47494535231004       -0.42954962977548
N            2.58028103130155       -3.59216151644680        0.34449170959333
N           -1.48975462174411       -3.97339349513747        0.04467007982978
C            5.43692555160215        3.85088539511645       -1.30868395903915
C           -5.89626779536925        3.28610969485217        0.62778841093678
C            0.70536672965971       -5.30882359123595        0.04889987676887
N            6.26078327046623        4.48737487407193       -2.30300641175216
N           -6.85979844106319        3.08940581320508        1.31476326530200
N            0.91806316981534       -6.41418403042467       -0.51612924055134
C            2.25351325702235        4.65615242603037        0.12495169610062
C           -2.74519250013990        4.11680914552741       -0.70064373533222
C            2.74370990659227       -2.34784361347686        0.65026274679301
C           -1.94219847970607       -2.79190249856727        0.34793514069519
C            1.02991426652373        5.04057576889447        0.37206818729339
C           -1.53893899974226        4.76060183930111       -1.23902051152290
N            1.94315359670570        6.12178402057088        0.33802688223556
N           -2.58316640458276        5.48274788805488       -0.92561140929409
H            6.09378179536418        5.48928766926984       -2.41586004754287
H           -7.76818155609636        2.74531045206536        1.07697034498405
H            0.09245998420986       -6.92749080252275       -0.80324976128539
H            1.91504181750445        6.68524465534200       -0.51525945370610
H           -3.05020186726174        6.36699596241751       -0.87818499212745
H            0.00179857066370        4.81071033552097        0.49892705436346
N           11.47266100258115       -0.09393337365372        0.59326360192266
C           11.55479505338752        1.31986535532922        0.51289401860847
C           12.68039169503336       -0.80171895148821        0.66287580074792
C           10.27625762502902       -0.71784965222911        0.28160710686180
N           12.72284319447450        1.89034720037884        0.59640589513158
N           10.45252708075206        2.06312174817469        0.22248743449950
N           13.82953912907420       -0.20476834242368        0.59736003724280
N           12.58711993953940       -2.14762019053349        0.76330656773932
N            9.30523046995230       -0.02029759016576       -0.23417871709701
N           10.22354158482556       -2.07664971436907        0.44317767224027
C           13.81227201163497        1.13541171338173        0.57535523537024
C           11.34029839798541       -2.71664414205396        0.93332322751979
C            9.41658819104016        1.29678906517877       -0.35503465173082
N           15.00635942522746        1.77059667383061        0.43407283462333
N           11.26625884813892       -4.04805478251307        1.27491659963031
N            8.55846310756099        2.00639102255491       -1.04469796765576
C           15.15717695267507        3.21092616714870        0.34645708993402
C           16.16481954359929        1.15291172724430        0.15826497085383
C            7.38757376956350        1.94584633865302       -1.40067377408841
C           12.33829330744081       -4.75965088073826        0.47462128991716
C           10.38241783049738       -4.69574505666785        0.24937513220032
N           16.17045969070968        3.71192592937860       -0.28306070035201
N           17.17765340488874        1.63870496004344       -0.31891700452821
N            6.76369306479025        4.15578486401586       -1.02106931751078
N            6.31148929790288        1.67818690450106       -1.87134413588936
N           13.45324141874055       -4.17060322707298        0.27459221948744
N            9.38395570767086       -4.05314327194696       -0.21732635192418
C           17.19138148521639        2.98890286551823       -0.80572394997992
C           11.41063475471982       -5.64129626296851       -0.19767076187176
N           18.09703771777598        3.32332507119298       -1.59788538391404
N           11.53911423803184       -6.71631113148837       -0.84232506025244
C           14.23986878819038        4.00649630891560        1.00340808629396
C           10.32934873745025        3.42529736948447        0.63608239593215
C           13.74951636330485       -2.97765560396093        0.68422112285313
C            9.07016911680576       -2.83039779035940        0.10585356495197
C           13.09945439681713        4.39018793282352        1.53751105914457
C           10.67582694843341        4.55400844889237       -0.29805704393074
N           13.93506187320697        5.46390735838422        1.21129735713855
N            9.44817229709550        4.18855990658888       -0.09673720849970
H           18.08884536138806        4.26800481095266       -1.95177117300609
H           10.68518282399541       -7.12620129755220       -1.20378654758175
H           13.65935258870917        6.01364334538180        0.39812863801866
H            8.45540559997826        4.30195970683229       -0.37767955039369
H           12.14224855030158        4.18418188840488        1.94905916539741
92
 energy: -209.987388290913 gnorm: 0.076360178929 xtb: 6.7.1pre (5071a88)
N            0.10420268319974        0.19823228581490        0.55965340663521
C           -0.02104217287060        1.60116694493766        0.45766765091293
C            1.38901088695562       -0.33348971724686        0.48673185619948
C           -1.03926502607302       -0.56363567511280        0.46156921913524
N            1.04136590777880        2.34310064478232        0.33907352489413
N           -1.21720383400313        2.14113201182985        0.37669714211058
N            2.39883435632125        0.41424072163470        0.16685588085448
N            1.49613451501406       -1.66133061543293        0.71233306700284
N           -2.19359386269994       -0.01721805929050        0.21130324044818
N           -0.88384938403274       -1.89802478133350        0.60579529234467
C            2.18792074534070        1.73060179325545        0.05562281285923
C            0.34744664912487       -2.36182298995133        1.04556582615353
C           -2.23534519056970        1.32167182622834        0.17665822730305
N            3.20728725332638        2.47314959148265       -0.43823369148695
N            0.44438749581098       -3.67297928734072        1.46322875306693
N           -3.43601297069474        1.86803627943951       -0.12565355269452
C            3.31242374199933        3.89053006119632       -0.36648338867293
C            4.15716686454295        1.72678054408293       -1.08909929904404
C           -3.66203806574918        3.28797351347446       -0.22227233812083
C           -4.49706960201584        1.07650074802230       -0.29925185434648
C            1.54841529221102       -4.29184623131500        0.62792171885700
C           -0.40073815324676       -4.45659978498311        0.48622386215077
N            4.37424313799868        4.50759843584654       -0.76167028359767
N            5.17240522303607        2.39856596870482       -1.52936140175538
N           -4.88668109899316        3.76215247682608        0.16678383451611
N           -5.45014818936701        0.48296985984514       -0.44747610741977
N            2.57512699797414       -3.58965780030461        0.34100991531638
N           -1.49528997098810       -3.97426835268153        0.04141100199288
C            5.44682852887815        3.82798240413047       -1.28663136189906
C           -5.90010492189013        3.28270542235326        0.63551992458496
C            0.70162521751002       -5.30745664319255        0.04287336932017
N            6.26778151052343        4.44613694623282       -2.29030306763291
N           -6.86754482371251        3.09196545549412        1.31362395824237
N            0.91506851778599       -6.41143891479296       -0.52494666837147
C            2.25212959988727        4.65660406498824        0.11609155989688
C           -2.74973588878057        4.11296751223375       -0.70229768678253
C            2.73762602936128       -2.34555714140910        0.64804686523033
C           -1.94897548434169       -2.79354614747166        0.34688182412104
C            1.02917261429795        5.04042421413918        0.36783650893198
C           -1.54175926229608        4.75046120851865       -1.24563301780118
N            1.94431820339072        6.12227086274623        0.34569352731621
N           -2.57984374419469        5.47921744163051       -0.92363026272844
H            6.11183504909006        5.45530525772774       -2.39192195614559
H           -7.77123084087772        2.74572245627699        1.06867320494671
H            0.08964567003672       -6.92416889489065       -0.81357957727161
H            1.91617284221564        6.69662654890862       -0.50202167482999
H           -3.04180749744809        6.36665528337248       -0.87369018166920
H            0.00078513751430        4.81021207296735        0.49664199927400
N           11.46582821943676       -0.09776405055672        0.59336908557822
C           11.56151031328381        1.30305922891888        0.52470503870251
C           12.68223812475831       -0.79855421863925        0.66010904258493
C           10.27402179358853       -0.72098784775459        0.28444159882880
N           12.72527426430136        1.88486788408330        0.58583075135838
N           10.43463314686798        2.05847758577817        0.28801334343667
N           13.82952601193033       -0.20277082953285        0.59759610399853
N           12.58684344616287       -2.14283384871936        0.75818191810950
N            9.30257187465050       -0.02233407284531       -0.22899723382350
N           10.22127716505558       -2.08225364474748        0.43691549252509
C           13.81789556881527        1.13961630389399        0.57119557368786
C           11.34057519774661       -2.71462272826424        0.91820544181440
C            9.40382401437276        1.28346599622220       -0.35361138466078
N           15.01327250019128        1.77684825548865        0.43004778380414
N           11.26862532425946       -4.04059792554405        1.26212846675937
N            8.57315812975889        2.01639256532134       -1.07229465126282
C           15.16931387581587        3.21504000002841        0.34766651720806
C           16.17130847779493        1.15577085955994        0.16587640371671
C            7.37097739927579        1.99243592478699       -1.38555443150247
C           12.34128748842835       -4.75805464615077        0.47397136537985
C           10.38175620911741       -4.69356804895540        0.24639407172695
N           16.18456910755915        3.71418507196999       -0.27798881456719
N           17.18742328214236        1.63953875098714       -0.31033926334921
N            6.78778222532188        4.09691347981907       -1.01089127964543
N            6.27345101584227        1.66248652519467       -1.84209312533082
N           13.45441814216118       -4.16507235318468        0.26971222195384
N            9.38521384222032       -4.05416554606681       -0.22641299752565
C           17.20407571804962        2.98707158220492       -0.80018691660144
C           11.41205445572285       -5.64152545756237       -0.19309107603112
N           18.11028697625465        3.32039695256061       -1.59301146841816
N           11.53973283409690       -6.71870375353245       -0.83478904599907
C           14.25242498328392        4.01750473361946        1.00163582920283
C           10.38515324767384        3.38244361758539        0.54970322225165
C           13.75353115907462       -2.97164270294993        0.67466757750625
C            9.06585678360388       -2.82816795389177        0.09144412413234
C           13.11408813855947        4.40470192595343        1.53614347368558
C           10.65846625425731        4.63143128107855       -0.29812207727792
N           13.95218500139657        5.47965543487553        1.20442875155848
N            9.43747148403231        4.26390851463009       -0.09647632759836
H           18.10362860719209        4.26613467443291       -1.94288532304737
H           10.68587507212489       -7.12671218478501       -1.19855359234282
H           13.68240751598239        6.02317745567035        0.38581225811709
H            8.48251238794746        4.29761734708970       -0.39068845558146
H           12.15176853355793        4.20243703954431        1.94101540455367
92
 energy: -209.995937584393 gnorm: 0.098927872044 xtb: 6.7.1pre (5071a88)
N            0.09017042105204        0.20258119235411        0.55689370470294
C           -0.03853427759052        1.60637648818946        0.46417143525717
C            1.37574822415600       -0.32584054801773        0.47581827789632
C           -1.05102869520554       -0.56336495728886        0.46270385147876
N            1.02175366193273        2.35218173664332        0.33724321235891
N           -1.23636521970461        2.14280967945999        0.38990078430220
N            2.38054629322564        0.42456150503298        0.14274169196092
N            1.49003405204974       -1.65202701267821        0.70651056812019
N           -2.20707019437038       -0.02075067337005        0.21185779850137
N           -0.88948816770839       -1.89725893260445        0.60926680964660
C            2.16590233931661        1.73957969851529        0.03388502576624
C            0.34527547875855       -2.35563828000945        1.04549905458859
C           -2.25231616601376        1.31885232491109        0.17930646759336
N            3.18480377038497        2.47436606499392       -0.47993294326480
N            0.44919593332394       -3.66562251706563        1.46682791218063
N           -3.45260740096845        1.86497290192332       -0.13025496267590
C            3.30948574727155        3.89412909608724       -0.38355877362796
C            4.13437189388809        1.71404118013483       -1.12498026399300
C           -3.67696275266620        3.28500856916737       -0.22658435823207
C           -4.51679715079573        1.07511384040106       -0.28959068842325
C            1.55346212422718       -4.28256314557258        0.63034522909468
C           -0.39517268197045       -4.45438944633680        0.49348083628006
N            4.39179773092359        4.49888461635850       -0.75169335625868
N            5.19802335789614        2.38457914024221       -1.51698099615274
N           -4.89721043981204        3.76057101043372        0.17637308253113
N           -5.49013664111160        0.47984143139178       -0.42148046494814
N            2.57685206884343       -3.57691591063093        0.33821592517414
N           -1.49397853759191       -3.97829481704863        0.05102003069125
C            5.45834274876943        3.80489211071903       -1.28235562701221
C           -5.90937501625987        3.27648351320211        0.64318318316290
C            0.70885133858633       -5.30338345827081        0.05108663548670
N            6.28459423428821        4.40742528635636       -2.28927154434406
N           -6.87514958509827        3.08112875110439        1.31937092478200
N            0.92488004787805       -6.40805487313030       -0.51457231824160
C            2.24781499551389        4.66477945881929        0.09333220791183
C           -2.76497406930051        4.10745790298186       -0.71169253775823
C            2.73495337037755       -2.33082301078886        0.64040007126142
C           -1.95223719854355       -2.79850594049540        0.35461128526275
C            1.02797232345494        5.04884478304683        0.35737702895398
C           -1.54990755547467        4.73919535353018       -1.24875776042068
N            1.94049997641444        6.13129242808912        0.33925843575260
N           -2.58569176827974        5.47328911593381       -0.92581241780088
H            6.15094565120349        5.43321100291063       -2.35447511843106
H           -7.78174145651487        2.74371627340294        1.07013600784965
H            0.10040257682196       -6.92484398134577       -0.79977455551104
H            1.90276588937018        6.71496025370023       -0.50317308798998
H           -3.04205772871262        6.36353382398799       -0.87231983424061
H            0.00019066210609        4.81585712416998        0.50095986846602
N           11.47144181299006       -0.10184640063349        0.59886483295333
C           11.58501644211860        1.27877766468141        0.50083078941638
C           12.69420501085898       -0.79336361937563        0.67595684613473
C           10.27944393803107       -0.71175545315771        0.28627611461980
N           12.74163815314856        1.87945350798986        0.55875136549835
N           10.45432261523210        2.02470830499742        0.27019933745366
N           13.84014433142485       -0.20030401895771        0.62057957722958
N           12.58897364704255       -2.13604056199260        0.77044186615023
N            9.30436175487357       -0.01241302168608       -0.21953878412960
N           10.21973944915923       -2.07267028732900        0.43659721761533
C           13.83474514715270        1.14518672076108        0.57468939256338
C           11.33947110187418       -2.70215989315780        0.91504822095028
C            9.40012970757867        1.28494194079343       -0.34655537264032
N           15.03188378702722        1.78445338116099        0.44117051506539
N           11.26071864164350       -4.02302549659606        1.25920477668887
N            8.60060014680438        2.05768039648913       -1.09275129433146
C           15.18598176791834        3.22068513202746        0.35810409202396
C           16.19332091251680        1.16601659595786        0.18384615518159
C            7.37346046677615        2.08311267732648       -1.37075013127962
C           12.33582829782158       -4.75156815753163        0.48572351057061
C           10.37230903039133       -4.67854766046023        0.24606199520777
N           16.19777333914125        3.72296969945716       -0.27196509655681
N           17.20699729525091        1.65187046111611       -0.29293000665984
N            6.81713474777326        4.00623687959451       -1.00824306974845
N            6.28738947547437        1.69117338379592       -1.83208843159524
N           13.45134224077029       -4.16045427042618        0.28189463435820
N            9.38101293106715       -4.03862641810998       -0.23750587658027
C           17.21409062395176        2.99336257563866       -0.80030637200346
C           11.40478874669648       -5.63277913144411       -0.18146914475721
N           18.11241023343971        3.32777759880366       -1.60228183291063
N           11.53101971831501       -6.71171972884807       -0.82003198056823
C           14.26531702304010        4.02535861747559        1.00986573818910
C           10.32956181218318        3.31043368784700        0.51450064200418
C           13.75569512816066       -2.96934061171138        0.68626905391608
C            9.06175867268768       -2.80829830089725        0.07614599500373
C           13.12828623312825        4.40745762446987        1.55224046475502
C           10.68202134943913        4.54323323637258       -0.27347513757468
N           13.96018551099625        5.48752438701783        1.20654288788273
N            9.44030998045345        4.21801576015304       -0.14316165683473
H           18.09547604787788        4.27339330982236       -1.95827044886953
H           10.67704192170082       -7.11507721751884       -1.18845778417878
H           13.67295714072449        6.01776017120497        0.37995503600623
H            8.50630806081427        4.27329107535313       -0.46234994633716
H           12.17272739614128        4.20074230597657        1.97091057239171
92
 energy: -210.016274163344 gnorm: 0.112803725493 xtb: 6.7.1pre (5071a88)
N            0.07831583951144        0.20247759243455        0.55453851309276
C           -0.05301607688888        1.60689816553862        0.46210433966549
C            1.36438613019720       -0.32283912337629        0.47024218560804
C           -1.06142303778543       -0.56452772929273        0.45889525991969
N            1.00235891167617        2.35816183001020        0.33923994745367
N           -1.25016446413120        2.14206572175862        0.39173029171625
N            2.36401489371060        0.42949847227149        0.13756031148156
N            1.48281728010742       -1.64957574557807        0.70342434944692
N           -2.21718499580658       -0.02460823904472        0.20796278131138
N           -0.89751621296584       -1.89809119460856        0.60781150735725
C            2.14758690993813        1.74795361513028        0.03486279609814
C            0.33975663529979       -2.35469258466681        1.03731137851839
C           -2.26541704134502        1.31703916921643        0.18369247709841
N            3.16629338599350        2.47265454727722       -0.48190308874115
N            0.44514328456387       -3.66316761386430        1.45607542514979
N           -3.46461640008956        1.86646365099200       -0.11492155165084
C            3.31906929976167        3.88952977219623       -0.37374810116796
C            4.10702869217111        1.68282781338039       -1.14707171834859
C           -3.68379638527580        3.28562890674323       -0.21877259130883
C           -4.53077988934975        1.07531081744057       -0.26988821388054
C            1.55121980761361       -4.28035934155489        0.62633351591082
C           -0.40087439308859       -4.45597309481507        0.48960692291465
N            4.41959800894793        4.48013151455593       -0.71415899589246
N            5.18476828300464        2.35791437658169       -1.51813333480266
N           -4.90471544871495        3.76110673234879        0.18495580854732
N           -5.50447609979926        0.47895983975732       -0.44919671926196
N            2.57249117579384       -3.57328464815727        0.33301936542181
N           -1.49928757894278       -3.97997951730927        0.04680525787082
C            5.46416106531877        3.75424637340337       -1.27684374685248
C           -5.91309522190679        3.27148926240960        0.65437494868200
C            0.70592239043496       -5.30211142397801        0.04714197613049
N            6.29649177255719        4.33187190602083       -2.28635883771018
N           -6.88235691705192        3.08277776268240        1.32237758661664
N            0.92337026514369       -6.40428187315016       -0.52232880828525
C            2.24682296151199        4.66882027194207        0.07785051272385
C           -2.77085650544421        4.10288853906124       -0.71148360186817
C            2.73170922042985       -2.32633442674172        0.63602539071856
C           -1.96023078751699       -2.80094394220924        0.35289821704331
C            1.03001921298011        5.04625649955085        0.34942144644296
C           -1.55154665235175        4.72727684564356       -1.24936522926946
N            1.94414024485098        6.13271478708637        0.34852446171460
N           -2.58366454776517        5.46844763422638       -0.92514245373035
H            6.19916984217403        5.37832665352631       -2.31471325351234
H           -7.78417688053688        2.74136792266092        1.06863187361098
H            0.09904090870140       -6.92082439840609       -0.80886336183760
H            1.90366944218421        6.72630423861791       -0.48746057597671
H           -3.03340417160956        6.36261600921705       -0.86473494192179
H            0.00230222701660        4.81600061326672        0.49328277357879
N           11.45774990540621       -0.10707357654198        0.60202650905222
C           11.59418267806283        1.24941383892973        0.45887171026463
C           12.69352987990714       -0.78264728833222        0.68158192711720
C           10.26826210923483       -0.70988178422586        0.29602263621907
N           12.74155632198724        1.88325355903585        0.48689124821506
N           10.44820835427182        1.97617141084525        0.24583538724669
N           13.83138507273619       -0.18950532021299        0.63130710137773
N           12.58496704113051       -2.12615117712210        0.77155590114460
N            9.27493888479694       -0.01165461163312       -0.17849700376012
N           10.21336414411726       -2.07491868221466        0.43049472224638
C           13.83454963672156        1.16260283181408        0.55504110160707
C           11.33515432035197       -2.69364981439441        0.89535234644304
C            9.36652749937246        1.27226321873890       -0.33054610041089
N           15.03653542247681        1.79854372417877        0.43000060694545
N           11.25855382980214       -4.00778936030542        1.24034914225573
N            8.61546883572950        2.10371303032328       -1.05687377876056
C           15.20044174932407        3.23137574323766        0.35437025185232
C           16.19827385566825        1.17584331144887        0.18854843495933
C            7.36430755490836        2.24248585427163       -1.30955737677690
C           12.33611299810733       -4.74582996466715        0.48651084634045
C           10.36716586616433       -4.67021355828337        0.23771352467063
N           16.21646915833312        3.73000651341134       -0.26907367097165
N           17.21775541941211        1.65628216103571       -0.27781816319590
N            6.86611306097319        3.83912086635398       -1.00912677943751
N            6.33488087303432        1.69349545628950       -1.80198937999363
N           13.45035172307959       -4.15173454758116        0.28131364633263
N            9.37694058840896       -4.03826073451361       -0.25620590694306
C           17.22925426440268        2.99185534419859       -0.79604534497472
C           11.40461764610626       -5.62848359726372       -0.17824093513247
N           18.12808500441372        3.32271471165242       -1.59666710201984
N           11.53062107822524       -6.71100332811371       -0.81120238668252
C           14.28294309403712        4.04217825047350        1.00883658201969
C           10.33251251995320        3.28416016417224        0.46647817322922
C           13.75491388078897       -2.95707170094336        0.67404481145357
C            9.05099041940968       -2.80260306124204        0.05490916505066
C           13.14667043179225        4.42566587040994        1.55320101269957
C           10.70532360666390        4.57985361706215       -0.20350216116491
N           13.98118787659491        5.50589566227364        1.20139180645200
N            9.46090798088201        4.22150456991757       -0.15856141042274
H           18.11152880957732        4.26947705743842       -1.95050254413844
H           10.67633028665919       -7.11252417797787       -1.17967089404087
H           13.69708386368086        6.02670074115269        0.36698769455144
H            8.49940321386120        4.30989637077499       -0.48647455435058
H           12.19498685615625        4.22395644592261        1.98236170756822
92
 energy: -210.009010575151 gnorm: 0.215694896354 xtb: 6.7.1pre (5071a88)
N            0.07557152954446        0.20380576419453        0.55358422867356
C           -0.05643651926358        1.60761752997984        0.45443888884598
C            1.36341363965175       -0.31760112225522        0.46616981535345
C           -1.06380720813365       -0.56332875126400        0.45675857991649
N            0.99483067210062        2.36287202837630        0.33119077024808
N           -1.25392297410896        2.14097070569436        0.38475965303740
N            2.35922168409726        0.43584601042550        0.13601758552563
N            1.48237911522481       -1.64574656270881        0.70235064134750
N           -2.21921005599052       -0.02632470122616        0.20378112694791
N           -0.89900645147919       -1.89678075882730        0.60950948113755
C            2.14480539045266        1.75935514635642        0.03364534800974
C            0.34101459709219       -2.35127957734697        1.03135005013048
C           -2.26978157745401        1.31688167427871        0.18318795647164
N            3.16345893890380        2.48182405974422       -0.47627075150343
N            0.44627568944581       -3.65784172263192        1.44789244450199
N           -3.46971963670999        1.86761602184483       -0.10465643331426
C            3.33567605101907        3.88701940865458       -0.37442493204285
C            4.10390232017239        1.66383105586158       -1.15069084701667
C           -3.68832332151388        3.28539964225772       -0.21558772003859
C           -4.53514080575581        1.07139835597218       -0.25419644987520
C            1.55365072444788       -4.27753821218998        0.62676762860048
C           -0.40275883300030       -4.45690656379717        0.49115488708240
N            4.45038246241729        4.46700209750273       -0.68311790269357
N            5.16380857498260        2.33474329643472       -1.53452622769882
N           -4.90975461274732        3.76046230002046        0.18764334824365
N           -5.50805810995443        0.47677464062736       -0.45366520189420
N            2.57226032847571       -3.56999237136774        0.33074564926425
N           -1.49938920016526       -3.98017580248707        0.04699387291677
C            5.47472487526421        3.71109362375050       -1.27505131222041
C           -5.91387116849249        3.26681703376888        0.65852986157964
C            0.70691475718216       -5.30103011536393        0.04898403308291
N            6.31237614249522        4.26571502019626       -2.28271153260640
N           -6.88829564718367        3.08406562745377        1.32420299939559
N            0.92563418814942       -6.40201249293123       -0.52188337365985
C            2.25001333993621        4.67373746999073        0.05010197477883
C           -2.77626087847666        4.09950489846001       -0.71403479122307
C            2.73455680761867       -2.32273762106618        0.63503167099562
C           -1.96154501508014       -2.80083216718088        0.35426058359887
C            1.03611267128577        5.03924382211830        0.34170523824283
C           -1.55404825837288        4.72128264724329       -1.24716553948214
N            1.95165310018992        6.13134951016078        0.34860527475436
N           -2.58623497692900        5.46529361395278       -0.92836327269056
H            6.23673655057627        5.30563554800811       -2.28913409191924
H           -7.78706306467236        2.73788733826911        1.06883416748316
H            0.10158046315228       -6.91958159046405       -0.80820365445499
H            1.90199064708541        6.72940977649118       -0.48268052307238
H           -3.03306530058532        6.36117562059980       -0.86246228874393
H            0.00886970177120        4.81456001859886        0.48822434731516
N           11.43690754498158       -0.09906308837973        0.59991360782694
C           11.58792047132810        1.24953918288640        0.43120865973667
C           12.68831598983384       -0.76808493268732        0.69070147584356
C           10.25650571683564       -0.69905183490825        0.28742640967883
N           12.73459275139342        1.90313144965856        0.43508698868368
N           10.41959363230421        1.96089803700142        0.21371211636109
N           13.81487105631032       -0.17607261699948        0.65477462961858
N           12.57845219430638       -2.11696162039626        0.78054790939850
N            9.24343162377058       -0.00666193938616       -0.18524796768240
N           10.20838377599156       -2.07319356685461        0.42665966755674
C           13.82571478924624        1.18514498474636        0.55269161630923
C           11.32928857771243       -2.68410971007129        0.88047718040282
C            9.31796215537677        1.27408608183156       -0.38540973145011
N           15.03575324627839        1.80983982135132        0.43022770948908
N           11.25636309459740       -3.99318465378464        1.22460179090174
N            8.60388561240056        2.14917180627377       -1.02098983917575
C           15.20696042382434        3.23916546798454        0.35674442453692
C           16.19723507217930        1.18485226920127        0.19283798554866
C            7.30899579644662        2.46385847410609       -1.23583446992512
C           12.33567321826200       -4.74583190192442        0.49455615449326
C           10.36174500560544       -4.66463975045510        0.23539819719276
N           16.22429729830800        3.73652897839543       -0.26540319711973
N           17.22189277701363        1.66171327931575       -0.26848298752700
N            6.91529604689831        3.69811872787365       -1.01270886677941
N            6.36080726305564        1.62877931514155       -1.77852983469660
N           13.44839072375394       -4.14934511042423        0.29000008500711
N            9.37340545946364       -4.04171549072530       -0.26749400554022
C           17.23571564231195        2.99295121329661       -0.79201555419849
C           11.40336862653866       -5.62669506133038       -0.17214785021020
N           18.12983745498956        3.32154729026171       -1.59887831161831
N           11.52816913733742       -6.71092376820153       -0.80390392762666
C           14.29033196091903        4.05090316499955        1.01425914741062
C           10.37620045156471        3.26986871968350        0.40707621566009
C           13.75143914103598       -2.94893106864056        0.66918885666989
C            9.04324633176725       -2.79856181244437        0.04064000794271
C           13.15339495494422        4.42885735847215        1.55331909816457
C           10.74537762603457        4.56765294935501       -0.14708613157677
N           13.98548165330153        5.51314567604167        1.20334116227326
N            9.50448355505588        4.18283058719164       -0.16144870240964
H           18.11096028188598        4.26924295724948       -1.94995491309473
H           10.67329364158193       -7.10823436300321       -1.17501427492363
H           13.70240887989749        6.02472113843529        0.36632363030726
H            8.49631877204147        4.31503057459443       -0.47468113872645
H           12.21138522460026        4.23106861107916        1.99897671589843
92
 energy: -210.028077046260 gnorm: 0.107393562385 xtb: 6.7.1pre (5071a88)
N            0.07528316861491        0.20441633647143        0.55464636562398
C           -0.05474627840941        1.60730650945674        0.45409175321055
C            1.36339945201545       -0.31777468958324        0.46765329740273
C           -1.06496706334635       -0.56283368771492        0.45801767053895
N            1.00049428190045        2.35968261046527        0.32471435217957
N           -1.25399662558883        2.13981266950351        0.38226816066520
N            2.36229612563755        0.43437862379015        0.13686784314108
N            1.48056904373117       -1.64554680598535        0.70089896580826
N           -2.22183122779897       -0.02504930657833        0.20759837544833
N           -0.89993665882359       -1.89664642445433        0.60854159183041
C            2.15266169510844        1.75503277772767        0.02729441728384
C            0.33967980129931       -2.35102354062641        1.03258574772285
C           -2.27147192724439        1.31624759710872        0.18388065744124
N            3.17737545024996        2.47999076438628       -0.47891744145554
N            0.44564900510553       -3.65783416494399        1.45104857330269
N           -3.47450590664625        1.86587389914315       -0.10234912015749
C            3.33541368781538        3.88014356583318       -0.38033805421534
C            4.12466628547284        1.67601089857938       -1.14512140534844
C           -3.68991248951089        3.28478210987463       -0.21339584502283
C           -4.53790634941045        1.07209953266916       -0.26215975835660
C            1.55250439195235       -4.27698145870732        0.62602086475223
C           -0.40300313245041       -4.45715296993875        0.49152055608629
N            4.44219013828395        4.46481581618537       -0.69663000962725
N            5.17425452360677        2.33365576458538       -1.53038739350057
N           -4.91044357319695        3.76219463421614        0.18489863611011
N           -5.49717243246725        0.48021127815320       -0.45043364324878
N            2.57144162166721       -3.56907267471638        0.33047754067607
N           -1.49987733349471       -3.98054242026377        0.04768902199965
C            5.47874848521092        3.72819800946617       -1.25896191872928
C           -5.91599874299244        3.27253836698317        0.65333287534036
C            0.70663030112049       -5.30027897779325        0.04781328966965
N            6.32367204616446        4.29335878684067       -2.25552332633548
N           -6.89054965610900        3.08335819591356        1.32659221874708
N            0.92564786473214       -6.40230676911252       -0.52129785324356
C            2.25706936136774        4.67046758294820        0.05157436983305
C           -2.77577091645510        4.09858285359083       -0.70873116906855
C            2.73180321738587       -2.32305901510897        0.63579909520580
C           -1.96125883721077       -2.80142657311993        0.35397660985444
C            1.03976485544535        5.03689428093415        0.34242840162659
C           -1.55781667533568        4.72090598433954       -1.24683654295987
N            1.95617716452263        6.12627531313185        0.34661521298718
N           -2.58771604822563        5.46354510751867       -0.92857397033067
H            6.22714288852023        5.29184056559738       -2.31163268185742
H           -7.79147595701572        2.73642453401353        1.07365690937173
H            0.10207940641237       -6.92008760557939       -0.80770284263748
H            1.90461591279004        6.72618280586932       -0.48210571863803
H           -3.03335346298051        6.35859508439367       -0.86237055816718
H            0.01134078169262        4.81472332619532        0.48551639387297
N           11.44448513828054       -0.09712610621789        0.59023958981227
C           11.57301886348363        1.27699332148434        0.43844766870858
C           12.68849785813980       -0.77354842119668        0.68511982780709
C           10.25761602045965       -0.70077740300533        0.28005631929587
N           12.72762527888485        1.90771214872256        0.44802600359387
N           10.41478603774955        1.98449052588115        0.20568864783458
N           13.81864647074693       -0.17701002728364        0.65289677113892
N           12.58236695311467       -2.12419354610208        0.78086786176653
N            9.24424668565924       -0.02094798225321       -0.20417419408962
N           10.21146571256650       -2.07173592503482        0.42835691686250
C           13.82103593392243        1.18049373408098        0.55048708217873
C           11.33136915551809       -2.68868780225011        0.88801348153630
C            9.31831971538259        1.27574240085889       -0.40010987072273
N           15.03216486377267        1.80474942878779        0.43204999226102
N           11.25582366854904       -4.00223445401462        1.23124509698271
N            8.56460693748635        2.09068742411315       -1.00592552273563
C           15.20313592679666        3.23783359221260        0.35495434922687
C           16.19510075845072        1.18366157650099        0.19129394087825
C            7.31279823708796        2.32615423075202       -1.26906739772691
C           12.33534090893994       -4.74854708982156        0.49216630187645
C           10.36459123898301       -4.66873604406719        0.23414406530798
N           16.22275162815675        3.73445123604946       -0.26686240806570
N           17.22102784929267        1.66097500712882       -0.27011123162146
N            6.86999206424686        3.84670487543960       -0.97903515218556
N            6.35647847394839        1.62544608924640       -1.79646600046480
N           13.44998332543787       -4.15663638946508        0.28910766282221
N            9.37601803702378       -4.04282445350320       -0.26623759283924
C           17.23714980187205        2.99511191115071       -0.78857078809373
C           11.40351576664177       -5.62963877696500       -0.17479099762104
N           18.13163558324429        3.32203213850132       -1.59824312729112
N           11.52805637316654       -6.71346017911912       -0.80580084709137
C           14.29025057625674        4.04690337380207        1.01325676923241
C           10.38431760372663        3.31303265141543        0.43819671542373
C           13.75118676844358       -2.95558210120913        0.67205448840180
C            9.04996069850226       -2.80543048196385        0.04786929581106
C           13.15350838422527        4.42796509131801        1.55006009444234
C           10.75727052810357        4.59176963643356       -0.15724645709907
N           13.98640002432722        5.50809197970880        1.20082309874217
N            9.50506659123289        4.20272338340610       -0.14968957577588
H           18.11366584391271        4.26783784349263       -1.95224508468624
H           10.67208951511626       -7.11058071486552       -1.17559706801679
H           13.70275686552366        6.02581966046301        0.36814225084263
H            8.50723674157465        4.30826992302060       -0.47539743171035
H           12.21395492888747        4.23298261269910        2.00051094018114
92
 energy: -210.002868166711 gnorm: 0.249241442817 xtb: 6.7.1pre (5071a88)
N            0.06593406942708        0.20562088386934        0.55047363972330
C           -0.06593885158149        1.60807907364846        0.45775850238450
C            1.35181996475227       -0.31849028249697        0.46732770510740
C           -1.07261353918795       -0.56447096601270        0.45648382603805
N            0.99115842114781        2.36137553985184        0.32908553314652
N           -1.26572591213353        2.14028600701059        0.39339999221418
N            2.34904477981274        0.43719068380925        0.13250942574665
N            1.47421204336680       -1.64349597204591        0.69741570566481
N           -2.23141410954156       -0.02552362622014        0.21016060180905
N           -0.90489758440521       -1.89699199448354        0.60465449762105
C            2.13364268300318        1.74940666849097        0.02042569523638
C            0.33348368753786       -2.35115380794212        1.03310454783073
C           -2.28103114140446        1.31316768637121        0.18879907947396
N            3.16011380078512        2.46211567830973       -0.50881629809749
N            0.44242969528959       -3.65940357955350        1.45571522086184
N           -3.48393972702272        1.86153864774130       -0.10049911578458
C            3.33981118398542        3.87365210245668       -0.37119930881403
C            4.08445673321941        1.65248072848865       -1.17039541175387
C           -3.69547027502400        3.28286495348611       -0.20440370912293
C           -4.54613248998320        1.07306174276441       -0.27203695460245
C            1.54855063613018       -4.27480597487970        0.62085824487163
C           -0.40228066991816       -4.45453367508037        0.48699936222565
N            4.46310287061226        4.44694144538687       -0.68031616814808
N            5.18071475148459        2.30634693675429       -1.50325943618983
N           -4.91347458056905        3.76437681712703        0.19779997516570
N           -5.50848980476075        0.48361164565738       -0.45384766119285
N            2.56890156516230       -3.56468412445841        0.32812400930878
N           -1.50396354769998       -3.98136221023320        0.04753503161173
C            5.47321376712781        3.69372925289359       -1.25460345712193
C           -5.92598413227267        3.27613950027011        0.66078758423367
C            0.70539063156507       -5.29775567236938        0.04244692912274
N            6.32131122593480        4.24247514960151       -2.26333666981051
N           -6.89614646472390        3.08194563678624        1.33115716697554
N            0.92442890854253       -6.40021722037432       -0.52655024499649
C            2.27017259188968        4.66649060617648        0.06127697831480
C           -2.78174632050966        4.09530881797216       -0.70472137614314
C            2.72317440345462       -2.31991635727536        0.63381687999454
C           -1.96553619591014       -2.80386353086613        0.35332382616292
C            1.05025076730455        5.04066234365428        0.33458188693399
C           -1.56124950083628        4.71192461895987       -1.24682243447724
N            1.95963989008557        6.12679317487829        0.35164462164294
N           -2.58664932243827        5.45880476067457       -0.92324373055408
H            6.29012396909845        5.30645286629543       -2.25256082503010
H           -7.79615055348733        2.73246902965584        1.07477060997058
H            0.10131081186695       -6.91757106514859       -0.81315345811765
H            1.91258749214648        6.73880222443851       -0.47066670261034
H           -3.02796963259350        6.35586267023102       -0.85984745212967
H            0.02107769647675        4.81008542779610        0.47591933493544
N           11.44527071720222       -0.09746965122694        0.57254522592099
C           11.58044004911632        1.27276248393746        0.42401043081791
C           12.68394758775807       -0.77179227775931        0.67511608065491
C           10.24865886043120       -0.69318151265419        0.27279467506298
N           12.72848571279183        1.89409673695748        0.42723200188928
N           10.43192927563559        2.00476848783158        0.25167920625055
N           13.82241600719228       -0.17272050647934        0.64683555763950
N           12.57739717752246       -2.11781683936515        0.77173159768512
N            9.24680116236950       -0.00738436807045       -0.19078956819232
N           10.19800521503842       -2.06142247919517        0.41523861883799
C           13.82489470637762        1.17691185166607        0.52765532101735
C           11.32448270364747       -2.68097020458426        0.87672854082865
C            9.31985620519356        1.28937861717796       -0.32336213041992
N           15.03485639753553        1.80926882579700        0.41959635756505
N           11.24697045117570       -3.99309642310044        1.22432886789195
N            8.56540545701088        2.11473518124144       -1.03218627087039
C           15.20944305586029        3.24161255619634        0.34801403228512
C           16.19790887244245        1.18729316637253        0.19520799319011
C            7.34483798039666        2.24718859220454       -1.29993408609420
C           12.33141737147996       -4.74082153412069        0.48924324633487
C           10.36076889577102       -4.66578557333419        0.22674912944336
N           16.23408141871774        3.73689784465905       -0.26462895788114
N           17.22492652747498        1.66285199600802       -0.26113525179656
N            6.90397544788090        3.73155604696984       -0.99333823923499
N            6.35503996155669        1.74491749954826       -1.77524436982748
N           13.44726342023804       -4.14817764205606        0.28341021553372
N            9.37487360750252       -4.03375451989851       -0.27861817706463
C           17.24550895032851        2.99502252892318       -0.78488249536286
C           11.40130359085420       -5.62848903844088       -0.17112272015134
N           18.14256818881808        3.31814818527303       -1.59245273453324
N           11.52780481082783       -6.71411496677421       -0.79781733449300
C           14.29871887006507        4.05564218830012        1.00434056628890
C           10.36037516135887        3.25527602990931        0.43205148360356
C           13.74705942714963       -2.94840497088121        0.67001080944557
C            9.04508912979472       -2.80147481090151        0.03515040043840
C           13.16743809606527        4.44245050323443        1.55700191102742
C           10.74442385218886        4.62221471142344       -0.13782932934834
N           14.00531107904793        5.51942700225060        1.19414570464849
N            9.47046097552656        4.28689030110529       -0.13366940028687
H           18.12682933937749        4.26278123209491       -1.94880179138779
H           10.67277356317878       -7.11170970666072       -1.17070336637635
H           13.71617337081329        6.03617914963834        0.35706939645029
H            8.56495052417807        4.28971060994998       -0.49730770063567
H           12.22577813985054        4.24664843475502        2.01091555353740
92
 energy: -210.035028734158 gnorm: 0.084849680087 xtb: 6.7.1pre (5071a88)
N            0.06423723666150        0.20534952660393        0.55041198853402
C           -0.06658560843070        1.60787892183409        0.45820868264020
C            1.35029932492049       -0.31814964803956        0.46596836562567
C           -1.07516703078881       -0.56433886541724        0.45764847748353
N            0.99067473526789        2.36066062790524        0.32305927977053
N           -1.26653957085775        2.13966399157647        0.39426223886730
N            2.34851546807174        0.43650028943724        0.13047417844034
N            1.47154670524544       -1.64329817691373        0.69733190614854
N           -2.23399885651321       -0.02610768758013        0.21153092768044
N           -0.90673182410527       -1.89727412367414        0.60569001203507
C            2.13577921467287        1.75001327147544        0.01447667012529
C            0.33195671145344       -2.35109742674252        1.03264465929906
C           -2.28388845214905        1.31297102112960        0.18913611992778
N            3.16379928569132        2.46638082584933       -0.51064834677572
N            0.44167780046123       -3.65884150756547        1.45438613199992
N           -3.48713294388715        1.86300553022278       -0.10082243321598
C            3.33968848955321        3.87182985854889       -0.38005825727394
C            4.09973359842546        1.65842236920607       -1.15789633049246
C           -3.69875064344093        3.28353903114493       -0.20509371018597
C           -4.54746084646350        1.07387969263965       -0.27861689339454
C            1.54801029250736       -4.27375558648531        0.62041154466824
C           -0.40302532764661       -4.45493373071447        0.48691517975752
N            4.45902097654590        4.44631087707018       -0.68413959145393
N            5.18886136557110        2.30717867726276       -1.50902241994637
N           -4.91599807241366        3.76655110849419        0.19908039074680
N           -5.51681501838651        0.48174987403693       -0.44894699058885
N            2.56749092824969       -3.56362251880444        0.32731332655202
N           -1.50478942570603       -3.98237602400485        0.04787474399054
C            5.47662579757061        3.70201644745315       -1.25644208813541
C           -5.92776560033404        3.27765935670912        0.65970594848732
C            0.70532204969011       -5.29734427800384        0.04212619000582
N            6.32908611710418        4.25675730684239       -2.25484274352887
N           -6.89827495968801        3.07976835984910        1.33239018632537
N            0.92511873083038       -6.39922261446293       -0.52740734676664
C            2.27006441417767        4.66454021544174        0.05720898573182
C           -2.78443509515097        4.09464969881285       -0.70419088686112
C            2.72190408298000       -2.31899841555116        0.63348159050661
C           -1.96707439882029       -2.80490832829343        0.35329776274541
C            1.05270835315967        5.03920150441665        0.33501887196683
C           -1.56283593273902        4.70972968455075       -1.24521702874342
N            1.96313752501994        6.12467279790984        0.35252804644622
N           -2.58820855681373        5.45734123795492       -0.92380349490561
H            6.28554652501484        5.29619558391952       -2.25595425497271
H           -7.79974180185707        2.73167085318180        1.07702995542493
H            0.10227834471043       -6.91780708041143       -0.81311585089675
H            1.91514355579190        6.73652804679782       -0.46858750268342
H           -3.02832290139763        6.35482306638938       -0.85948150994473
H            0.02334444476493        4.81243526262374        0.47347668858481
N           11.45146932088345       -0.10256655999421        0.57140854409116
C           11.58410630507796        1.27090182109756        0.42652362520628
C           12.69091964663464       -0.77556017326582        0.67378657776153
C           10.25600502959115       -0.69402628767982        0.26838854050238
N           12.73344118921622        1.89665334074883        0.43418245205556
N           10.44054508656332        1.98244546490631        0.22793018538880
N           13.82444039351093       -0.17641787341349        0.64797156448569
N           12.58177544069352       -2.12432119574371        0.77415963494338
N            9.24726403292716       -0.01450630697296       -0.19986408487386
N           10.20421666578116       -2.06318177924282        0.41856679445718
C           13.82593802984806        1.17658453115746        0.53216622271595
C           11.32851558074594       -2.68282103960795        0.87949114394478
C            9.31972300005807        1.28438458918655       -0.35330269691374
N           15.03666606347474        1.80626183448610        0.42149439534848
N           11.24861988915940       -3.99475425081399        1.22406621703419
N            8.57601641446762        2.11792118315016       -1.03067963244468
C           15.21016541209916        3.23895334773382        0.34901509687910
C           16.20057517962720        1.18667788231156        0.19305946374733
C            7.31805467497110        2.30346081323337       -1.28212196485014
C           12.33143823751643       -4.74532373637025        0.49036425214663
C           10.36090429438957       -4.66674921723882        0.22702236174610
N           16.23500110513297        3.73587060464029       -0.26408800978092
N           17.22857751984832        1.66320976545469       -0.25871187387627
N            6.89059248037295        3.76370234970125       -0.97940070694609
N            6.32558042506102        1.63813641405459       -1.76996693099825
N           13.44828127191374       -4.15575780859268        0.28481481182041
N            9.37631227868224       -4.03538597861474       -0.27917405686713
C           17.24858210438584        2.99538681864569       -0.78263775951295
C           11.40069213953452       -5.63074437599120       -0.17163643852992
N           18.14468036807957        3.31824606459484       -1.59030747487656
N           11.52634784567870       -6.71644019666818       -0.79872640125314
C           14.29840451916276        4.05343308060759        1.00347563407750
C           10.35125752160568        3.33233789796457        0.44165078536741
C           13.74915910380361       -2.95550717594455        0.67001899884916
C            9.04933769066964       -2.80189718526481        0.03812561319019
C           13.16822229431638        4.43947191471272        1.55435295494330
C           10.74946023549092        4.62873024911696       -0.12916494592035
N           14.00701089415105        5.51486932167218        1.19322774731161
N            9.47953560180714        4.29013725109062       -0.13642914065198
H           18.12820999646523        4.26222932661622       -1.94927751943194
H           10.67093987357245       -7.11331819474673       -1.17036467601037
H           13.71542093252933        6.03308147261267        0.35984224163193
H            8.54936185962140        4.31193237888615       -0.49992326110433
H           12.23037884430412        4.24832771314803        2.01492534540904
92
 energy: -210.042089244559 gnorm: 0.045767841491 xtb: 6.7.1pre (5071a88)
N            0.05895447519539        0.20607018374727        0.54732526049087
C           -0.07082079658710        1.60820091117773        0.44867604830034
C            1.34504359651345       -0.31808016589086        0.46266943791490
C           -1.08060253424408       -0.56389898284180        0.45846032661873
N            0.98656974627406        2.35978460534409        0.30812222211913
N           -1.27114697093666        2.13982001866359        0.38806376498917
N            2.34402591746314        0.43460369738813        0.12583647230479
N            1.46646788427477       -1.64225442124506        0.69643767631153
N           -2.24022758775866       -0.02544559630852        0.21512168798238
N           -0.91160952639859       -1.89693387685373        0.60614992784217
C            2.13189996814988        1.74774870494118        0.00496591436857
C            0.32739616164552       -2.35019734103554        1.03367176339313
C           -2.28970527391695        1.31345477265397        0.19095533372141
N            3.16324572186030        2.46190953577114       -0.51699769388458
N            0.43830507107323       -3.65779597904701        1.45549860281886
N           -3.49453288122407        1.86297921072817       -0.09507228532890
C            3.34207199975969        3.86248151649808       -0.38599430845010
C            4.09795451186525        1.64653738812897       -1.15310320206471
C           -3.70670786894005        3.28334643619946       -0.20071841914947
C           -4.55413838992850        1.07415027444131       -0.27820968313761
C            1.54511659119638       -4.27142707984732        0.62063478154778
C           -0.40560508941280       -4.45445391299871        0.48747808821230
N            4.46163719574956        4.43248592937885       -0.69005740802333
N            5.18433897162720        2.28328958789048       -1.51145914420609
N           -4.92447687592950        3.76790879464757        0.19929991769385
N           -5.51735318184761        0.48416762300051       -0.44786335964913
N            2.56422508947468       -3.56089135613434        0.32782623497019
N           -1.50752552369615       -3.98247649560898        0.04878730410563
C            5.46899801059392        3.68378968588659       -1.26706636963402
C           -5.93745116265553        3.28066476604653        0.65840021903697
C            0.70372669958707       -5.29544888064444        0.04192809205346
N            6.32217718627518        4.25176305205014       -2.25861938253015
N           -6.90405279541233        3.07828988880766        1.33596091608251
N            0.92530721615289       -6.39726237359633       -0.52680294250382
C            2.27831642966869        4.65843951890077        0.05403202875871
C           -2.79099600758102        4.09239312313119       -0.70004991081175
C            2.71712747775080       -2.31609174023398        0.63326762086340
C           -1.97054576364462       -2.80538105770842        0.35418221922203
C            1.06071444185467        5.03588549075760        0.32985731945066
C           -1.56938340505875        4.70439575817800       -1.24345348145319
N            1.97579196761899        6.11708528843612        0.35341947722553
N           -2.59317276601164        5.45413099066820       -0.92334122019381
H            6.29561604906886        5.27719799887997       -2.23917114416845
H           -7.80688626643133        2.73224284773930        1.08359282158074
H            0.10345022355263       -6.91765310686367       -0.81191542588438
H            1.93350988025689        6.73080724761130       -0.46573472139238
H           -3.03120891483970        6.35257511963345       -0.85910763667251
H            0.02924544013752        4.81338904841257        0.45835525685147
N           11.45413589732474       -0.09068935854369        0.55109833748110
C           11.58362686994681        1.29042518875849        0.41047971688292
C           12.68941703012122       -0.77013766501587        0.66480104326632
C           10.25687369196688       -0.68355811897824        0.25313395729108
N           12.73772353166116        1.90685759323136        0.42663048782412
N           10.44385466581486        2.00815176062209        0.20673245510610
N           13.82356384797930       -0.17260567706188        0.64612172051182
N           12.58049894015116       -2.12063144481337        0.77206392407660
N            9.24663974048572       -0.00259169897680       -0.21458371560645
N           10.20540295499407       -2.05436060862031        0.41032402668952
C           13.82726585368569        1.17938610559642        0.52875308364194
C           11.32665566343493       -2.67703336501709        0.87537476002793
C            9.31657096039257        1.30129747201703       -0.36386049069989
N           15.03936873353925        1.80533465706888        0.42031777915401
N           11.24436530680482       -3.98950349258729        1.22219505373069
N            8.57179603167840        2.12920307761638       -1.02304727049651
C           15.21404923164395        3.23863380700849        0.34710015718515
C           16.20312842057273        1.18596963085372        0.19237957723281
C            7.30841518059316        2.30872613938951       -1.27895206233314
C           12.32707592339197       -4.74466297193509        0.49339769682059
C           10.35902763864507       -4.66391306186098        0.22502473189202
N           16.24076554455420        3.73467052211428       -0.26455731449849
N           17.23425307204036        1.66209154823475       -0.25558735052971
N            6.88091678690010        3.75251648423834       -0.99337401274988
N            6.33218167762798        1.59737065369681       -1.71320739744377
N           13.44522823023706       -4.15810370515603        0.28974793415091
N            9.37728980133781       -4.03078191059608       -0.28367076195366
C           17.25676844559007        2.99527828393418       -0.77905559648106
C           11.39686828356578       -5.63084002583807       -0.16932417736402
N           18.15402308153615        3.31569631567728       -1.58714233366341
N           11.52210735425669       -6.71861752345390       -0.79381444798499
C           14.30455133300184        4.05294611853642        1.00266644714018
C           10.36715750925990        3.32896019037252        0.44670404618317
C           13.74548577018406       -2.95551718052381        0.67187508541679
C            9.05161486811545       -2.79768463452620        0.03331647463173
C           13.17764442821493        4.44039030932640        1.55733628693440
C           10.76723923802558        4.63689504424324       -0.07862859727721
N           14.01447783595127        5.51458900880731        1.19117504073471
N            9.49895432973024        4.29046186460404       -0.10968231303575
H           18.13745111082608        4.25795685578229       -1.95012778847212
H           10.66665834386754       -7.11600023467806       -1.16503066788795
H           13.71892884000307        6.03264161721702        0.36082570446195
H            8.56016179516005        4.32285427830156       -0.48771913775014
H           12.24690786295014        4.25349850204270        2.03060591003045
92
 energy: -210.046788352221 gnorm: 0.027155571382 xtb: 6.7.1pre (5071a88)
N            0.04753733872634        0.20627960984558        0.54282817798718
C           -0.08072568850580        1.60748475212361        0.43302111694150
C            1.33346760589827       -0.31910757692157        0.45808565205607
C           -1.09199717044885       -0.56423494163255        0.46035599143762
N            0.97667197830735        2.35671368266298        0.28110540749480
N           -1.28058302487933        2.13948602017807        0.37597791403004
N            2.33363313213219        0.43045592891283        0.11803013083621
N            1.45587333656071       -1.64149566788662        0.69574407534229
N           -2.25312911778398       -0.02531013160936        0.22185398932942
N           -0.92164242848474       -1.89730907257976        0.60758140131536
C            2.12195211531262        1.74178642975954       -0.01181132715715
C            0.31798475883159       -2.34976992777324        1.03691655773310
C           -2.30134044564542        1.31334138572880        0.19269107575855
N            3.15962730438928        2.45265808116374       -0.52891031133374
N            0.43127442678214       -3.65756228865905        1.45888645551768
N           -3.50831211746046        1.86264966200192       -0.08496571470612
C            3.34520328070692        3.84666498537634       -0.39439265654218
C            4.09856875011038        1.62577495061077       -1.13920165545771
C           -3.72128686586810        3.28250870389428       -0.19493914389908
C           -4.56902051500521        1.07459366587521       -0.26860374071294
C            1.53890897793721       -4.26819387942106        0.62149963498562
C           -0.41101282679576       -4.45419823451330        0.48842007841327
N            4.46788220978806        4.41138568270743       -0.69860621064696
N            5.18306285533686        2.25083510427108       -1.50943548942635
N           -4.93851764704958        3.76824024786439        0.20424637878103
N           -5.52782238060954        0.48087485054083       -0.45540183071399
N            2.55745951941799       -3.55676059421781        0.32925973675185
N           -1.51332605775192       -3.98318302140755        0.05006438332835
C            5.46221221755814        3.65895710771869       -1.28497652535924
C           -5.94971570782826        3.28110432818392        0.66710660709299
C            0.69989496056019       -5.29279770056115        0.04167754295550
N            6.30892849791239        4.24239846798820       -2.27626182336865
N           -6.91889787280394        3.08245354545933        1.34229146079847
N            0.92466234819704       -6.39460166997669       -0.52567281819318
C            2.29037813909885        4.64882101393671        0.05165957927194
C           -2.80385943494304        4.08897616670548       -0.69523226258082
C            2.70717295495831       -2.31175263454980        0.63392637482173
C           -1.97788637195418       -2.80689258060632        0.35579375680466
C            1.07241394465362        5.03191121356464        0.31969072718528
C           -1.58059833290591        4.69708853940016       -1.23810287224212
N            1.99650841394326        6.10561207494328        0.35654215280113
N           -2.60384525160727        5.44952961526740       -0.92387721490829
H            6.29030205706144        5.25539380126141       -2.23597901225357
H           -7.81992626538537        2.73262483618601        1.08928152489023
H            0.10460816207804       -6.91763945755152       -0.81085289966797
H            1.96549743417208        6.72381759505595       -0.45925276915648
H           -3.03839239188571        6.34954059452341       -0.85874615145469
H            0.03718756545822        4.81671431228398        0.43049010060759
N           11.46288589882210       -0.07959875856092        0.51908619458621
C           11.59022872317249        1.31137865678195        0.39045315489850
C           12.69138488675554       -0.76521650723918        0.65166718776806
C           10.26308472565291       -0.67092466384987        0.22948254989349
N           12.75021634365638        1.91611084558358        0.41627481284124
N           10.45534557976566        2.03718242632911        0.18315057399743
N           13.82694008530148       -0.17009287068385        0.64477558870915
N           12.58083079283346       -2.11716287902799        0.76881012406943
N            9.25139021295605        0.01189601319093       -0.23385152733337
N           10.20948994585802       -2.04248470190813        0.39470869886474
C           13.83446157531351        1.18077021296147        0.52292789672941
C           11.32501175411388       -2.66923668937009        0.86617737312659
C            9.31799309440135        1.31960050561287       -0.37648095962466
N           15.04835325380345        1.80376584739285        0.41776694752652
N           11.23691153997308       -3.98087449892730        1.21804439981967
N            8.56925576984900        2.15258671904211       -0.99904281178996
C           15.22389325850909        3.23837152158828        0.34416872853294
C           16.21182349882259        1.18612117930046        0.19177335390908
C            7.29789086763109        2.32609791060350       -1.26724380966492
C           12.31987602098656       -4.74252963681224        0.49854144507535
C           10.35485702183871       -4.65828100063658        0.22096990822765
N           16.25258688985555        3.73285526265927       -0.26647336243728
N           17.24628102363430        1.66114008954322       -0.24995447743420
N            6.87497261722667        3.73995150960250       -1.02388483471303
N            6.34697467348609        1.55125558796246       -1.63820054074263
N           13.44118608228383       -4.16159598047457        0.29694776090042
N            9.37854967469426       -4.02095897456737       -0.29397942661024
C           17.27030260335836        2.99441903826377       -0.77629801862766
C           11.38974314686813       -5.63062232251600       -0.16352318937958
N           18.17052913217488        3.31086088547603       -1.58303155301680
N           11.51466359949825       -6.72167639853053       -0.78307643731100
C           14.31831633946945        4.05321325022998        1.00252483480248
C           10.38688223158049        3.32667308712685        0.44664230883119
C           13.74245930744623       -2.95555166559126        0.67211751243498
C            9.05473498678906       -2.78953679864916        0.02392049596219
C           13.19809459831766        4.44324781456242        1.56852585985742
C           10.78124142928424        4.66011228613468       -0.00451331175200
N           14.03002608172895        5.51574662343910        1.18865818816581
N            9.51599527552808        4.29812262087875       -0.07061045007578
H           18.15619295306837        4.25146814024647       -1.94991246661682
H           10.65932060530023       -7.11975639514100       -1.15402750399408
H           13.72605924695842        6.03146721172285        0.36138970557929
H            8.57624616783443        4.34379459467893       -0.46877144313354
H           12.27965611326046        4.26389032543308        2.06661996362318
92
 energy: -210.049324464219 gnorm: 0.030828103744 xtb: 6.7.1pre (5071a88)
N            0.03309033169649        0.20511887944583        0.53804984735062
C           -0.09403991119075        1.60534018066894        0.41656626915081
C            1.31857507852037       -0.32163783555851        0.45440330794729
C           -1.10633445428023       -0.56601779780198        0.46154831110367
N            0.96371176466752        2.35236142784891        0.25321156187496
N           -1.29352097985696        2.13789883371315        0.36395911488431
N            2.32019607199060        0.42472540153707        0.11134960309362
N            1.44224803959982       -1.64216400229781        0.69644144643872
N           -2.26883810279423       -0.02699820697382        0.22662524801898
N           -0.93454558057029       -1.89900945043165        0.60938245735932
C            2.10965130717305        1.73389245125520       -0.02753426094382
C            0.30556005174378       -2.35065730034277        1.04126566033253
C           -2.31653806034914        1.31143178887188        0.19362372577847
N            3.15489322689012        2.44061816075381       -0.53952696094878
N            0.42108019623234       -3.65890762641134        1.46341303547588
N           -3.52488647320521        1.86107935193520       -0.07816219094712
C            3.34580135779939        3.83087009854165       -0.40215670402839
C            4.10383823681707        1.60405918855864       -1.11943065957031
C           -3.73788884550645        3.28106988777219       -0.18931144069970
C           -4.58260011812831        1.07299540081909       -0.27888176882470
C            1.52995394730395       -4.26629803739188        0.62404962218789
C           -0.41900270319472       -4.45500930598484        0.48966812155493
N            4.47060156363973        4.39322525378281       -0.70646203279213
N            5.18791286690904        2.22564088928304       -1.49837794933234
N           -4.95595317226513        3.76852980061468        0.20534775445476
N           -5.54531840728541        0.47963428381647       -0.43616883072962
N            2.54814830239515       -3.55399320828481        0.33280130882279
N           -1.52172223820666       -3.98516837714590        0.05122006332191
C            5.45714793496417        3.64007205404866       -1.30079526229261
C           -5.96838436901739        3.28343544071036        0.66782183674859
C            0.69355222036724       -5.29128078311758        0.04230846204685
N            6.29158834937659        4.22886973015821       -2.30156421599671
N           -6.93225554846539        3.07987365548387        1.34920555273276
N            0.92176882947958       -6.39287269223863       -0.52396868541751
C            2.29884639299861        4.63846531707828        0.05093725138855
C           -2.81837804460971        4.08578783036432       -0.68856060480124
C            2.69442353114556       -2.30874317859399        0.63686413856376
C           -1.98807633165186       -2.80969685101120        0.35734677969703
C            1.08067276135803        5.02927194093484        0.30647487400896
C           -1.59416520120584        4.69009784310477       -1.23282904865065
N            2.01567243338141        6.09418559466414        0.36201603171418
N           -2.61638570884792        5.44533802604570       -0.92209721054412
H            6.26804717713680        5.24033858417885       -2.25377224520127
H           -7.83610885601157        2.73455916752334        1.10005167608156
H            0.10366977807738       -6.91810903038132       -0.81044080350247
H            2.00063779307432        6.71831621815839       -0.45010489454820
H           -3.04817585441333        6.34667226307452       -0.85731405019577
H            0.04133015501072        4.82257703325110        0.39711063244657
N           11.47585463505359       -0.07423581923287        0.48870630349648
C           11.60473566465344        1.32156880698955        0.37226396725724
C           12.69889048122088       -0.76252761319249        0.63886414790938
C           10.27430077634558       -0.66116555648976        0.20447754741989
N           12.76771947181604        1.91983760258454        0.40560201036177
N           10.47230446503579        2.05241037329064        0.16894507255842
N           13.83609729560787       -0.17019602795269        0.64288411404245
N           12.58407177678862       -2.11483790228661        0.76412586481378
N            9.26174108668548        0.02391652251953       -0.25301396294600
N           10.21610604065182       -2.03204699992839        0.37493285319440
C           13.84757319124745        1.18044343245866        0.51657974473596
C           11.32518674768296       -2.66142949244570        0.85433728065780
C            9.32542759073669        1.33169915872523       -0.38722628012009
N           15.06305144059941        1.80231834735032        0.41543329363905
N           11.22978032146967       -3.97072899343607        1.21333937910918
N            8.57079114063171        2.17940285940989       -0.97554376353404
C           15.23895829183501        3.23795268477167        0.34204730325645
C           16.22636853532732        1.18652927649318        0.19233319798522
C            7.29538898982416        2.34612267932729       -1.25779633895003
C           12.31273380747248       -4.73988792160378        0.50433319771902
C           10.34995611726912       -4.65130933078682        0.21680003401826
N           16.26866912705455        3.73090612040629       -0.26890743198756
N           17.26326796993605        1.66012251415654       -0.24434574279599
N            6.87342839678283        3.73503992550362       -1.05364521309398
N            6.36262106086777        1.52896612847305       -1.58961122794454
N           13.43823003936963       -4.16614560820171        0.30471797019143
N            9.37935516632587       -4.01029520698145       -0.30608149948201
C           17.28758892372535        2.99296701515447       -0.77461401953029
C           11.38215135025580       -5.62964312787428       -0.15644853299673
N           18.19052183381824        3.30580116839525       -1.57977846988570
N           11.50656782179670       -6.72443790284840       -0.76966667240238
C           14.33743601396706        4.05380439855021        1.00403004854874
C           10.40268845028193        3.33161213111882        0.44766390193839
C           13.74210909345211       -2.95647097448782        0.66981474751646
C            9.05816664707347       -2.77961278219811        0.01084345789040
C           13.22546088477159        4.44601203483597        1.58561088384063
C           10.78646005217485        4.69030685036803        0.06609272613231
N           14.05056239745065        5.51736987462544        1.18713673839996
N            9.52383500555933        4.31737735997457       -0.02713126026800
H           18.17859543526480        4.24513494272393       -1.94980700932645
H           10.65115898105927       -7.12371384157515       -1.13928914061808
H           13.73500052493678        6.02866840750420        0.36158136602311
H            8.59051125264374        4.37119793289285       -0.44198685683724
H           12.31925096473419        4.27327525887861        2.10884739541241
92
 energy: -210.052072124405 gnorm: 0.033944747405 xtb: 6.7.1pre (5071a88)
N            0.01143603253522        0.20290759977005        0.53071878271726
C           -0.11371340478661        1.60165403563980        0.38921181504296
C            1.29587205977577       -0.32625986029580        0.44964137723819
C           -1.12819713358515       -0.56900062758404        0.46475188428102
N            0.94458760806445        2.34527947740311        0.20891152355854
N           -1.31214304675454        2.13529671492808        0.33931439177295
N            2.30007376963506        0.41510073363804        0.10220876311262
N            1.42124784005639       -1.64422377821333        0.69880055020869
N           -2.29301310175484       -0.03003751677172        0.23667352515138
N           -0.95461973866268       -1.90194408197525        0.61370985073775
C            2.09241813109186        1.72126888990764       -0.05039644988337
C            0.28622323579055       -2.35286195903540        1.04869912458532
C           -2.33902032959288        1.30793646151920        0.19183572201905
N            3.14943172209170        2.42173936666557       -0.55376578313537
N            0.40434547525533       -3.66210023317492        1.47070026803454
N           -3.55105801931477        1.85854499907029       -0.06264913592232
C            3.34478983445218        3.80871242154193       -0.41265108349526
C            4.11685067643368        1.57374422039992       -1.08693993939819
C           -3.76300850580400        3.27842724545404       -0.18094558101487
C           -4.61580197696010        1.07384121420696       -0.23347692127166
C            1.51505658972873       -4.26487162786082        0.62918897560010
C           -0.43250185939115       -4.45663825195440        0.49187525181239
N            4.47072796303262        4.37089738904739       -0.71722599777098
N            5.20083299144457        2.19573270844604       -1.47396053581611
N           -4.98001463747115        3.76736487249723        0.21463297037711
N           -5.55964371252433        0.47323783060505       -0.47364374660370
N            2.53305004900797       -3.55158512970746        0.33968068660971
N           -1.53564386894471       -3.98821251785607        0.05314146601387
C            5.45002202235653        3.61865655265240       -1.32145346397025
C           -5.99019101574732        3.28276574320992        0.68285198269881
C            0.68220016790588       -5.29002699285055        0.04403366364363
N            6.26218355910704        4.20606453161003       -2.34360808756854
N           -6.95814669205246        3.08598429669202        1.36004661959774
N            0.91524430809814       -6.39115994952882       -0.52101521525137
C            2.30773537038397        4.62275890941267        0.05182355976939
C           -2.84328601998364        4.08058135309055       -0.68420787228729
C            2.67466025631888       -2.30585488242001        0.64299809765063
C           -2.00442697371203       -2.81386098255848        0.36046478778087
C            1.08928630553319        5.02558365041328        0.28640093683631
C           -1.61788790602021        4.68028254071516       -1.23029932508983
N            2.04049130790434        6.07732322071604        0.37150912446201
N           -2.63876615804215        5.43897272764941       -0.92334415610422
H            6.22176431465846        5.22062189944404       -2.29693651931692
H           -7.85938856347634        2.73446279033507        1.10991145546274
H            0.09994387612121       -6.91900517912786       -0.81035867330068
H            2.05057448026420        6.71028626431270       -0.43508100773967
H           -3.06557206152569        6.34244323654190       -0.85535869328035
H            0.04447233534144        4.83162615475536        0.34750433306963
N           11.49656850122294       -0.06870967311577        0.44781645388112
C           11.62994819703134        1.33056068284871        0.34981346720148
C           12.71286119546054       -0.75905908191560        0.62192747269897
C           10.29291790393116       -0.64777459781292        0.16874954193446
N           12.79540724909627        1.92283331871177        0.39116421575777
N           10.49888663248569        2.06609531164319        0.15917834311402
N           13.85245855812355       -0.17132479306729        0.64058559220076
N           12.59035887262299       -2.11150794852215        0.75715315051314
N            9.27908139667102        0.04146453059763       -0.27953459220284
N           10.22724279007016       -2.01731353669496        0.34346907665990
C           13.86995238469463        1.17943835214042        0.50769034426283
C           11.32630458584766       -2.64950992411052        0.83627323323281
C            9.33834187128151        1.34723818396562       -0.39807437526780
N           15.08778928628212        1.80011841418770        0.41300456220954
N           11.22006726640496       -3.95474775294438        1.20681916872749
N            8.57669713316060        2.22292317389050       -0.93741255851944
C           15.26388219643568        3.23700989124623        0.34043964454542
C           16.25107313273757        1.18719865766596        0.19416418537873
C            7.29945283216084        2.37756047417060       -1.24508607234463
C           12.30260667794855       -4.73524987914084        0.51291141277003
C           10.34275113371638       -4.64030849576753        0.21099666984055
N           16.29385746731346        3.72791755689041       -0.27262561337744
N           17.29078120469525        1.65853534228342       -0.23641627658579
N            6.87286283369631        3.73809627160212       -1.09480687575970
N            6.38746514085286        1.51543521013386       -1.53517204953402
N           13.43473901666198       -4.17291243693613        0.31610608328570
N            9.38039157576676       -3.99476626775987       -0.32413316530177
C           17.31434185875847        2.99070664978321       -0.77286641404257
C           11.37127417198405       -5.62725789979935       -0.14576307827424
N           18.22061709629339        3.29873301322806       -1.57601899374483
N           11.49495505615738       -6.72768082280127       -0.74908875429644
C           14.36760667200044        4.05370579208076        1.00806354817088
C           10.42506451318816        3.34218133312911        0.44777158665916
C           13.74273466184951       -2.95757401103184        0.66359404129659
C            9.06363575965778       -2.76426249443946       -0.01034241483291
C           13.26772778068143        4.44828563362882        1.61237196538972
C           10.79254719885489        4.72596535451786        0.15389670387884
N           14.08234178692124        5.51854353241940        1.18678866162542
N            9.53198542135988        4.34675417677948        0.03426527195425
H           18.21195183269644        4.23639229785327       -1.95026484052644
H           10.63944044705052       -7.12920370431166       -1.11609422782007
H           13.74930777277968        6.02236881923968        0.36283095276566
H            8.61261284695476        4.40805246114091       -0.40218373828823
H           12.37780653010681        4.28445940300715        2.16717038910072
92
 energy: -210.054621608441 gnorm: 0.032588288658 xtb: 6.7.1pre (5071a88)
N           -0.00900266906232        0.19982340319156        0.52296059454890
C           -0.13252710701562        1.59727227711123        0.36410558559597
C            1.27403466889807       -0.33161629345079        0.44547860722844
C           -1.14878668530814       -0.57255723483982        0.46454246453734
N            0.92652365569645        2.33764784501709        0.16868862236652
N           -1.33074544702637        2.13151493240585        0.31921285624812
N            2.28095626108871        0.40509277432693        0.09483068372674
N            1.40047643082568       -1.64757088259859        0.70161774408216
N           -2.31469321154085       -0.03390940682439        0.23901662175445
N           -0.97451194351329       -1.90547819590437        0.61618672930899
C            2.07720035801783        1.70904242656691       -0.06973531731890
C            0.26649278138702       -2.35597144816519        1.05488272729818
C           -2.36051453385969        1.30359895848723        0.18835239071115
N            3.14560006272814        2.40358376381922       -0.56388518053616
N            0.38577482968678       -3.66627285059563        1.47674785908107
N           -3.57352080948866        1.85492436198929       -0.06085318817081
C            3.34126639131352        3.78978678354775       -0.42130594605021
C            4.13302555431023        1.54885534009203       -1.05326905105427
C           -3.78614861132480        3.27518149092904       -0.17736913192083
C           -4.63145064799250        1.06882150682135       -0.26520252734125
C            1.49857764047764       -4.26544768793701        0.63519445875875
C           -0.44778600548140       -4.45893266511234        0.49317300362998
N            4.46545598475732        4.35553299764371       -0.72821963597953
N            5.21777589084971        2.17524259604203       -1.44155054774558
N           -5.00367410709899        3.76416714674016        0.21749206094620
N           -5.59235786759756        0.47144484219731       -0.41423688423641
N            2.51695848661643       -3.55177181024168        0.34796081258332
N           -1.55094145420869       -3.99167296750626        0.05338278393232
C            5.44294554977234        3.60532622753701       -1.33740480425638
C           -6.01305197929206        3.28096105554489        0.68898332887483
C            0.66875525802387       -5.29035928914699        0.04596644808955
N            6.23047910338676        4.17864319414040       -2.38768396219165
N           -6.97949568322754        3.08482495172016        1.36864695388153
N            0.90605038510395       -6.39084561840594       -0.51840345133431
C            2.31123423384997        4.60753127834654        0.05467532798605
C           -2.86540956357627        4.07830473703710       -0.67697666637682
C            2.65493093819549       -2.30542077157228        0.65062758490544
C           -2.02153165951618       -2.81794422504212        0.36133607705993
C            1.09276000323119        5.02230797777950        0.26675379962137
C           -1.63882372948716        4.67648611540796       -1.22134411071959
N            2.05888081766154        6.06122094727666        0.38234188726795
N           -2.66055418823854        5.43611363682116       -0.91872759712223
H            6.16511086729068        5.19903977332922       -2.35960719407570
H           -7.88269124725072        2.73643870658099        1.12071057312320
H            0.09328335841778       -6.92020457443369       -0.81194074426337
H            2.09447102180037        6.70214994936932       -0.41865319169650
H           -3.08568125006052        6.34028495828371       -0.85080739695203
H            0.04360290713168        4.84084051976584        0.29905866004219
N           11.51676065973617       -0.06339303807403        0.41552817360775
C           11.65596844736053        1.33566768100378        0.33582740648536
C           12.72824467826423       -0.75496138168696        0.60755805885819
C           10.31160992811585       -0.63442730575578        0.13773687391851
N           12.82231611345003        1.92516428182816        0.38022032770090
N           10.52338066882766        2.07315814842751        0.16518077690472
N           13.86988919451912       -0.17205566716995        0.63772828428694
N           12.59740253669205       -2.10733442985507        0.74930682180413
N            9.29632660285405        0.06004458514085       -0.30056188921512
N           10.23886369671904       -2.00291083245857        0.31114285426258
C           13.89346424023438        1.17907888481214        0.49979126062850
C           11.32812923851886       -2.63695274512186        0.81843008164492
C            9.35106593410170        1.36260484706186       -0.39950451457964
N           15.11381367854289        1.79811110961058        0.41183611621816
N           11.21200997348361       -3.93795812223755        1.20041878725706
N            8.58617650071436        2.26601129306360       -0.89726975557265
C           15.29062111749033        3.23580269704954        0.34117200783786
C           16.27731156459664        1.18732943353976        0.19681888817730
C            7.31169163739687        2.40508669585933       -1.23193220220071
C           12.29358083919990       -4.72950298279570        0.51974066762835
C           10.33625380119308       -4.62836764417566        0.20513271810747
N           16.31965776866718        3.72491829844421       -0.27539005494232
N           17.31905812651708        1.65640018342864       -0.22944167626190
N            6.87228687479754        3.75454205595015       -1.12967476817200
N            6.41125157734912        1.51919983572405       -1.49575587067283
N           13.43198563789010       -4.17811236388035        0.32496187577876
N            9.38143467637001       -3.97993996369941       -0.34185592284072
C           17.34113093140289        2.98813969255526       -0.77150409984278
C           11.36143487633409       -5.62349903158107       -0.13627413886818
N           18.24990636613437        3.29238995772236       -1.57304564849256
N           11.48409576253756       -6.72951907082919       -0.72936501824665
C           14.39873221554080        4.05242500458207        1.01475754952708
C           10.44679696637124        3.35523731825029        0.44771678295842
C           13.74368193574526       -2.95770089178721        0.65384270160070
C            9.06997531609250       -2.74780346314649       -0.03450628315859
C           13.30991061111938        4.44807953354156        1.63896576421892
C           10.80257146115047        4.74399133787845        0.21454811370800
N           14.11450493018604        5.51792566087179        1.18993323776034
N            9.54041122451077        4.37143683108832        0.08518756175671
H           18.24396682878283        4.22871516852894       -1.95072364214565
H           10.62854553997475       -7.13325330335305       -1.09380911754648
H           13.76513825387396        6.01409400349888        0.36701183662257
H            8.63715479824828        4.43682542240973       -0.36806012057454
H           12.43293922899147        4.29114772163443        2.21548347618504
92
 energy: -210.056930425507 gnorm: 0.026785280885 xtb: 6.7.1pre (5071a88)
N           -0.02591792941058        0.19650459621347        0.51418961662945
C           -0.14715762901838        1.59281908231389        0.33819486689688
C            1.25556443009198       -0.33726477133001        0.44076577538869
C           -1.16670213494933       -0.57543894406631        0.46402442348663
N            0.91277311535288        2.32951975870974        0.13180508892163
N           -1.34518162724927        2.12783651861842        0.29550301283284
N            2.26550557474179        0.39493720568206        0.08828406073973
N            1.38154587908687       -1.65182264113434        0.70447646662196
N           -2.33345286587694       -0.03687079820463        0.24217024527718
N           -0.99316528832546       -1.90847124178441        0.61895363036997
C            2.06686608377842        1.69802067006819       -0.08653862037889
C            0.24770683715515       -2.35922434151246        1.05945175594643
C           -2.37813250405090        1.30020245667319        0.18270173414197
N            3.14501349829726        2.38788689420825       -0.56960042645545
N            0.36623955763369       -3.67031052499515        1.48125687649846
N           -3.59369694481840        1.85223349786308       -0.05447460127971
C            3.33719731190817        3.77500458018724       -0.43010302892233
C            4.14804566493927        1.53151329689914       -1.02498024242549
C           -3.80694741672012        3.27255820980219       -0.17100507115362
C           -4.65404677799363        1.06675675663817       -0.24808452362411
C            1.48078926064321       -4.26810595668237        0.64215480205762
C           -0.46491696931762       -4.46122924342423        0.49458963173675
N            4.45723291869509        4.34618945786717       -0.74263523234891
N            5.23369967882762        2.16123297143884       -1.40921428455134
N           -5.02533030446598        3.76110946258874        0.22277554660079
N           -5.61329988310091        0.46634665432050       -0.40776600022934
N            2.50030321683787       -3.55508945513084        0.35748805798695
N           -1.56764717933556       -3.99423082863345        0.05354005074389
C            5.43710415321442        3.59629954554770       -1.34909433503746
C           -6.03544252629263        3.27985354229177        0.69461063986299
C            0.65275467855139       -5.29212251512429        0.04875808643007
N            6.20366571001105        4.14407760945757       -2.42743544763885
N           -6.99763786891701        3.08062834892068        1.37948020101924
N            0.89295797653302       -6.39173684053424       -0.51591209596883
C            2.31071158554097        4.59327008566260        0.05565641925625
C           -2.88808401432988        4.07705290646628       -0.67168020042105
C            2.63653380719898       -2.30804297699332        0.65913847401992
C           -2.03897770222251       -2.82069227961262        0.36239563451569
C            1.09311256093233        5.01818524328073        0.24932237721395
C           -1.66331990562952        4.67519053872156       -1.21971787654312
N            2.07027733839458        6.04579715875375        0.39160535358442
N           -2.68438280393311        5.43467420453075       -0.91424142754148
H            6.11610340353004        5.16674697868372       -2.43329796728232
H           -7.90381836344171        2.73735991615590        1.13499479126382
H            0.08210042993680       -6.92140752937188       -0.81408254036032
H            2.12718768171671        6.69270895294996       -0.40349014247994
H           -3.10830305377023        6.33917975013201       -0.84357524085023
H            0.04156977365005        4.84797745924875        0.25730134946564
N           11.53327553968790       -0.05389195984975        0.39534322689588
C           11.67739082877708        1.34349177460443        0.33216340653597
C           12.74184408641620       -0.74845705050817        0.59555443663549
C           10.32699537464359       -0.61896541087050        0.11514501498927
N           12.84479099878440        1.93069811842734        0.37491237623293
N           10.54141646516795        2.08204862993571        0.18284909154977
N           13.88501013885551       -0.17002964781625        0.63278474990090
N           12.60374115615485       -2.10089835478439        0.73998533921202
N            9.31010238001475        0.08151780817179       -0.31315048208722
N           10.24936204092358       -1.98768655980060        0.28150460425324
C           13.91459833799382        1.18113605153011        0.49352574415825
C           11.33031665009608       -2.62331255589503        0.80279804979557
C            9.36072764920524        1.38223869634019       -0.39158855481583
N           15.13778351176861        1.79649865533360        0.41122725005610
N           11.20635078215966       -3.92066700773471        1.19438776356422
N            8.59764134863090        2.30050669418941       -0.86442380450770
C           15.31747682990002        3.23435492918428        0.34362813285465
C           16.30158428364296        1.18568133544940        0.19908279661570
C            7.32882642882353        2.42120957752689       -1.22088265259078
C           12.28637496030923       -4.72260659002711        0.52385718966134
C           10.33148684517037       -4.61522564401105        0.19960975291810
N           16.34532382151368        3.72169085812477       -0.27644655042221
N           17.34527439804593        1.65260232363645       -0.22458131853278
N            6.86986845852420        3.77672654271890       -1.15681423340293
N            6.42983540669971        1.52290501825577       -1.45819664252516
N           13.42928086942714       -4.17964881257635        0.32897862420889
N            9.38335013308503       -3.96581666483128       -0.35801836869579
C           17.36681811916043        2.98451303878733       -0.77019045101474
C           11.35329040516528       -5.61843514050372       -0.12821749661491
N           18.27719672452660        3.28606206879087       -1.57090059946752
N           11.47403287002565       -6.73005257360531       -0.71090724312633
C           14.42967555057482        4.05025193365791        1.02337095972910
C           10.46862344463593        3.36873392321428        0.45075250308140
C           13.74345519328698       -2.95615536326051        0.64210397911295
C            9.07796576597131       -2.72958652538086       -0.06188578728888
C           13.34948820192393        4.44576775161952        1.66141730485027
C           10.82544726916433        4.74974473400543        0.26069009991231
N           14.14621034403410        5.51557163426399        1.19673438546171
N            9.55660307423174        4.38844473093716        0.12021459894353
H           18.27305565361065        4.22125011789053       -1.95153191157207
H           10.61847253475497       -7.13510258340971       -1.07368304214440
H           13.78392944504874        6.00571447042657        0.37546445335814
H            8.66748851213270        4.45876143748724       -0.35212582312429
H           12.48139273325030        4.29266916798456        2.24985446338811
92
 energy: -210.059512284779 gnorm: 0.022203404901 xtb: 6.7.1pre (5071a88)
N           -0.04414638681447        0.19185630153807        0.50110072895582
C           -0.16211691177627        1.58685964968152        0.30479951152795
C            1.23545959210836       -0.34476976643944        0.43332425527995
C           -1.18672785847686       -0.57852311791774        0.46091469973267
N            0.89915090723114        2.31796425814595        0.08817867073089
N           -1.36008617358464        2.12278703935184        0.26199158963892
N            2.24926359825957        0.38173005840565        0.07962304668024
N            1.35919467475378       -1.65803357983669        0.70757894912482
N           -2.35380674607174       -0.03991935339604        0.24279984301570
N           -1.01569182496983       -1.91167969750668        0.62170839403308
C            2.05761348246799        1.68483796597080       -0.10665496575294
C            0.22453451074498       -2.36313471294236        1.06309241377675
C           -2.39660329149790        1.29669311128510        0.17129945542479
N            3.14614210784264        2.37018655967084       -0.57326250669746
N            0.34003938583418       -3.67461505601107        1.48590913463430
N           -3.61554458013947        1.84863872149558       -0.05091359290207
C            3.33234481642435        3.75925868420457       -0.44085664354264
C            4.16250751539227        1.51653858570790       -0.99683920921601
C           -3.83180178719119        3.26837501297675       -0.16635620007742
C           -4.67987601152957        1.06307730202084       -0.22299743838412
C            1.45644834151143       -4.27352124425886        0.65285489215703
C           -0.48901804063502       -4.46403208103259        0.49732671382524
N            4.44701917150956        4.33713788007750       -0.75936282713554
N            5.24849010477899        2.14918310912081       -1.37287528099882
N           -5.04950909888769        3.75397400095106        0.23379180871641
N           -5.63669512674515        0.45982790106021       -0.39494617643385
N            2.47832843324492       -3.56263058878238        0.37161069201070
N           -1.59071881104835       -3.99668947553773        0.05407123788849
C            5.43203841619717        3.58534793481980       -1.35735568787179
C           -6.05709598186205        3.27324486109995        0.71124668032420
C            0.62936593829497       -5.29595452273832        0.05454573713864
N            6.18090774956631        4.09478740665052       -2.46305654916474
N           -7.02412947841627        3.08262702847605        1.39170219054135
N            0.87179834567861       -6.39442045018259       -0.51121268881171
C            2.30653708153215        4.57570142491621        0.05272456620645
C           -2.91719070738267        4.07704957658860       -0.66814387215808
C            2.61433489325037       -2.31454031992548        0.67099793961848
C           -2.06175489377700       -2.82271589432227        0.36332971423089
C            1.09063419884075        5.01185187379982        0.22675450333606
C           -1.69398130975629        4.67979587178402       -1.21416350500549
N            2.07768091799710        6.02627595304798        0.40020123610101
N           -2.71781750465411        5.43534796451140       -0.90808697187704
H            6.07685680136657        5.11472899924602       -2.51729264909601
H           -7.92825824733120        2.73491471929701        1.14634234799643
H            0.06270309768791       -6.92334855190589       -0.81542153993079
H            2.15776923491993        6.67969686531329       -0.38636763948728
H           -3.14285315231471        6.33901116841672       -0.83379167810088
H            0.03761411172740        4.85507256085165        0.20681113046025
N           11.55036887085566       -0.03732752334421        0.37775912994430
C           11.69961584006922        1.35738844009428        0.33185752720964
C           12.75683077631264       -0.73780805105895        0.58144405698698
C           10.34351808513724       -0.59785754264957        0.09058674213849
N           12.86837279905291        1.94162332520400        0.37130796005466
N           10.55883623067584        2.09673777555490        0.20469007128788
N           13.90132341446110       -0.16381972022392        0.62368421358613
N           12.61130726804327       -2.09027858596584        0.72661209626254
N            9.32531458618311        0.10957583044209       -0.32763352387886
N           10.26200533346985       -1.96795850656855        0.24531845681162
C           13.93812252384674        1.18666520159981        0.48614331355301
C           11.33378088399211       -2.60485079156467        0.78541057825247
C            9.37129730794736        1.40978466500122       -0.38307730540989
N           15.16484941008987        1.79527950330609        0.40921062581629
N           11.20151764036605       -3.89801166689516        1.18754184100219
N            8.60894378686923        2.33368741422066       -0.83846926779321
C           15.35101162220752        3.23263374120664        0.34603137800562
C           16.32879090988633        1.18176161850987        0.20038028615238
C            7.34868294452107        2.42877881064248       -1.21445251566205
C           12.27909093589469       -4.71333135407528        0.52786360706544
C           10.32770709940824       -4.59744951234611        0.19336158730360
N           16.37810721871319        3.71720673918241       -0.27725387369518
N           17.37505027714777        1.64548813455001       -0.22120315053477
N            6.86420258609292        3.79496790439973       -1.18085598799538
N            6.44477585990082        1.52544350975068       -1.41342248467414
N           13.42569770844999       -4.17793061915339        0.32985769764847
N            9.38844098377655       -3.94822398116130       -0.37840999319009
C           17.39833315017221        2.97808320268463       -0.76915151814888
C           11.34470214100489       -5.61138898752743       -0.11772504948360
N           18.31038968631625        3.27648898088094       -1.56930427909217
N           11.46176322836539       -6.73019806052087       -0.68691583062068
C           14.46903766526365        4.04763066322733        1.03406642605106
C           10.49620947624049        3.38444661974849        0.45517795334238
C           13.74183854677088       -2.95241301417538        0.62555837171358
C            9.09073191561640       -2.70510641269068       -0.10087753453105
C           13.39796574565183        4.44211327935033        1.68604822242483
C           10.86577424218762        4.75864045408449        0.33176959615702
N           14.18685882159327        5.51203594494180        1.20786061728866
N            9.58318042632561        4.41045330705209        0.16316347483057
H           18.30833579072571        4.21036801766531       -1.95328349046126
H           10.60605960545683       -7.13579125649453       -1.04840050064996
H           13.81078213003908        5.99721494612257        0.39038752009908
H            8.71210295515669        4.49042178979213       -0.34320950512724
H           12.53919406539122        4.29084082944372        2.28693299945488
92
 energy: -210.061762769235 gnorm: 0.023880836273 xtb: 6.7.1pre (5071a88)
N           -0.06328275559657        0.18651852523796        0.48539538171312
C           -0.17760422828783        1.58013169923922        0.26850287215497
C            1.21483170673435       -0.35329136125589        0.42413161886447
C           -1.20785893882139       -0.58147260139905        0.45519335119285
N            0.88532252058298        2.30457590808795        0.04230145586124
N           -1.37524395403940        2.11742884268129        0.22421491928988
N            2.23278267435387        0.36702016776676        0.07031283233450
N            1.33519284590356       -1.66512515165671        0.70966886796408
N           -2.37504926480951       -0.04234359281585        0.24123750041000
N           -1.04008789310571       -1.91461060247263        0.62313606429540
C            2.04774100613527        1.67009686147465       -0.12808681666217
C            0.19910275827242       -2.36696169971583        1.06514608418076
C           -2.41538365049914        1.29398288808396        0.15764124772825
N            3.14603485166928        2.35082312361753       -0.57703471670719
N            0.31047296821582       -3.67825147788972        1.49075162659103
N           -3.63777205987640        1.84552634396465       -0.04828886441465
C            3.32756267238445        3.74157276755134       -0.45368398088097
C            4.17547068474420        1.49779879795502       -0.96584838992979
C           -3.85842619071678        3.26447445252036       -0.16042248875028
C           -4.70519524127628        1.05903148011783       -0.19952779302852
C            1.42851397148662       -4.28010306831359        0.66491625358775
C           -0.51694014375302       -4.46678694585212        0.50088763416692
N            4.43817008114667        4.32434199971655       -0.77639197612629
N            5.26008138912730        2.13267509892011       -1.33792096920640
N           -5.07741408832137        3.74661732236761        0.24061228219871
N           -5.66149144150994        0.45405785638159       -0.37009611984969
N            2.45352556037174       -3.57226147243371        0.38732418787006
N           -1.61734665743224       -3.99882786090553        0.05487972708967
C            5.42807282572426        3.56987095769055       -1.36579133355644
C           -6.08588044005417        3.26846794773772        0.71822618056366
C            0.60175729517428       -5.30071635361635        0.06213715874589
N            6.16161792073647        4.04600761065137       -2.49363469177248
N           -7.04738251474926        3.07475884248880        1.40575583879179
N            0.84564791659554       -6.39822072571556       -0.50479384859312
C            2.30136296334311        4.55618947054239        0.04387744917367
C           -2.94853199257368        4.07841137376240       -0.66243096283484
C            2.59021133111814       -2.32313068363043        0.68358420535424
C           -2.08740433647967       -2.82390335306366        0.36339650968306
C            1.08714095366176        5.00404479041013        0.19893212022871
C           -1.72942080415188        4.68746439854078       -1.21022485832198
N            2.08337250319501        6.00427647426868        0.40677914444745
N           -2.75526674076781        5.43796433685147       -0.89867307736173
H            6.04845978327087        5.05887598179230       -2.59184900166361
H           -7.95537770528589        2.73355798480384        1.16545799671551
H            0.03796604227846       -6.92586620405697       -0.81489708228566
H            2.18764931722027        6.66698534009782       -0.36891988441328
H           -3.18286498421301        6.34013140527323       -0.82045439609149
H            0.03223107142886        4.86166882602151        0.14868201971896
N           11.56832495427559       -0.01781054933033        0.36087116456980
C           11.72251310808451        1.37591712962856        0.33163609890031
C           12.77237241718548       -0.72579095636193        0.56587509039728
C           10.36132835389303       -0.57449929581543        0.06509234501307
N           12.89279575461864        1.95558017382361        0.36889099484024
N           10.57861990632747        2.11809801893080        0.22214553485404
N           13.91818242875013       -0.15522808486939        0.61206898510198
N           12.62018297695157       -2.07784244243088        0.71133512057120
N            9.34348570666003        0.13970948655617       -0.34413911713554
N           10.27628838461221       -1.94622395866365        0.20779632158141
C           13.96194330913041        1.19401740984376        0.47811611286907
C           11.33871989778496       -2.58453949551154        0.76788602937995
C            9.38596696568176        1.44084482821238       -0.37724597499533
N           15.19186426668507        1.79493555761356        0.40481502865280
N           11.19706251312254       -3.87346226784838        1.17986043696829
N            8.61764134807763        2.36737663824378       -0.81496865384009
C           15.38678086319701        3.23138715907516        0.34670927429766
C           16.35481946230318        1.17668851195497        0.19905737854822
C            7.36222722781538        2.43350757920627       -1.20474637258851
C           12.27193284234282       -4.70397736665300        0.53231831118407
C           10.32506895706789       -4.57746974968131        0.18587157515440
N           16.41471064342899        3.71224375122972       -0.27809186422871
N           17.40410319003671        1.63616043834277       -0.22001078310073
N            6.85723902071938        3.80351446175382       -1.20886868461674
N            6.45902576224252        1.51822474802584       -1.35649886734626
N           13.42168248494411       -4.17506137086390        0.32875157025809
N            9.39749770677287       -3.92724117513881       -0.40344750940268
C           17.43231469022534        2.96964845517058       -0.76860105618834
C           11.33581628628032       -5.60409740593950       -0.10591040710901
N           18.34665301344290        3.26382840283786       -1.56798332818467
N           11.44781793413271       -6.73075127083407       -0.66042210876038
C           14.51263536226559        4.04617631650323        1.04464412631193
C           10.53188856683278        3.40381865296175        0.45292205097994
C           13.74029824449362       -2.94767268467603        0.60618297513423
C            9.10696475922065       -2.67807555666615       -0.14386273597279
C           13.45162954335591        4.43921080416860        1.71418180378600
C           10.91186276126288        4.76730006474762        0.39840706062944
N           14.23251666921880        5.50957665424502        1.22213549930546
N            9.61342515898292        4.43869136979453        0.21720732057021
H           18.34818084398497        4.19662279439736       -1.95457260960535
H           10.59146907173898       -7.13624873709665       -1.02017155805934
H           13.84186672979914        5.99203155207015        0.41034003046119
H            8.75952669704945        4.53075610731748       -0.31845499631144
H           12.60385962639683        4.28851557989279        2.33182210861645
92
 energy: -210.063972944789 gnorm: 0.022751045531 xtb: 6.7.1pre (5071a88)
N           -0.08088062827586        0.18035922678225        0.46703661939149
C           -0.19117066618395        1.57246745633244        0.23105312757519
C            1.19621290232909       -0.36298994418637        0.41338457668636
C           -1.22773503395845       -0.58397249415590        0.44583035617325
N            0.87415421425915        2.28917732843222       -0.00141031058440
N           -1.38815877865403        2.11179301324984        0.18210435053062
N            2.21832658426223        0.35087260844209        0.06086922791671
N            1.31148496889408       -1.67343417635082        0.71031224297964
N           -2.39427262906647       -0.04370493563207        0.23534161689855
N           -1.06450353116162       -1.91692993556388        0.62251275985462
C            2.03949636996871        1.65408381841226       -0.14888506166391
C            0.17301362109776       -2.37069438452338        1.06417469644317
C           -2.43149386864265        1.29255836195982        0.13965016435853
N            3.14524240158469        2.33076759037348       -0.57975756040533
N            0.27850173767597       -3.68071532029945        1.49500962689793
N           -3.65686829462490        1.84286826688095       -0.05061519096970
C            3.32194214268536        3.72391711116495       -0.46837106465160
C            4.18754276359909        1.47904002618045       -0.93444424757554
C           -3.88448636197203        3.26034475583948       -0.15768014606396
C           -4.72601604093915        1.05372998409824       -0.17930467884902
C            1.39760035634402       -4.28860796607641        0.67829572219219
C           -0.54839845525802       -4.46949178739073        0.50565403585367
N            4.42991229722367        4.30989839082652       -0.79171762601165
N            5.26902900939296        2.11722551709557       -1.30489472718357
N           -5.10356014260940        3.73630378760263        0.25021841792460
N           -5.68471719159739        0.44810961465974       -0.33085011298444
N            2.42674244258875       -3.58522497567309        0.40426842896835
N           -1.64709912705204       -4.00044492530576        0.05623394222861
C            5.42669722572741        3.55262534730270       -1.36912699096754
C           -6.10985307581519        3.25899150642042        0.73290516885163
C            0.56978160579739       -5.30716496034713        0.07247411510923
N            6.15032058130199        3.99733649812695       -2.51210080682164
N           -7.07430881572023        3.07336929580600        1.41854191542667
N            0.81335787614074       -6.40403675823160       -0.49581876160388
C            2.29202659492201        4.53622547667919        0.02543082651219
C           -2.98056886010092        4.08209450986811       -0.65836138563391
C            2.56599852742370       -2.33506320836156        0.69617272909065
C           -2.11499367491275       -2.82360096544953        0.36201970224723
C            1.08057921749332        4.99439539987999        0.16644533972659
C           -1.76537109738690        4.70292261636795       -1.20148834824158
N            2.08154917305031        5.98109841197473        0.40662456144565
N           -2.79697857630532        5.44423766154749       -0.88707864703411
H            6.03395965891943        5.00011525851478       -2.65335354869505
H           -7.98090132250735        2.72804394872110        1.17958112560436
H            0.00613831947881       -6.92921798113700       -0.81110464487041
H            2.20600664219019        6.65422512597357       -0.35571138480338
H           -3.23057590849768        6.34326039981086       -0.80522156620316
H            0.02624541474157        4.86515872599086        0.09106820544245
N           11.58453625611771        0.00350663121298        0.35117484908155
C           11.74337980105452        1.39628188916915        0.33397281452466
C           12.78701363825292       -0.71252915764550        0.55081976785126
C           10.37780795435279       -0.55025211085510        0.04390364812909
N           12.91446825705262        1.97154699830930        0.37024834319580
N           10.59819178696028        2.14216890141179        0.23575101408389
N           13.93409973350057       -0.14392341673423        0.59701422559334
N           12.62967545521078       -2.06324766382728        0.69396025046208
N            9.36225578942774        0.17017953293182       -0.35785037324514
N           10.29074436059640       -1.92375159524887        0.17305395213915
C           13.98347001614795        1.20352039226548        0.47078825058673
C           11.34511290860269       -2.56288914217471        0.75245209453387
C            9.40393948239584        1.47297742727283       -0.37049466228174
N           15.21595366599955        1.79636552531669        0.39837454518468
N           11.19420354004874       -3.84781445963013        1.17151716266467
N            8.62485781292392        2.39549246817348       -0.79726752850072
C           15.42270574520134        3.23120317157640        0.34710494402464
C           16.37624984954528        1.17026884949418        0.19430011164785
C            7.37073384831565        2.43142457327323       -1.19101444272391
C           12.26607040202488       -4.69460094750339        0.53610636826953
C           10.32463033300800       -4.55594896462645        0.17750858060633
N           16.45284696125793        3.70721914095642       -0.27800701258109
N           17.42854196202058        1.62436031648007       -0.22300551103091
N            6.84885098975503        3.80053019003044       -1.23201419756876
N            6.47269499973653        1.51235092913147       -1.30159972286789
N           13.41720677211736       -4.16930385309526        0.32318915692855
N            9.41104631630211       -3.90472507899634       -0.43185501100305
C           17.46540620140710        2.95886312981797       -0.76952967956731
C           11.32777376773157       -5.59603263721178       -0.09426532515273
N           18.38220287698926        3.24808508585623       -1.56815019503897
N           11.43288569500344       -6.73058712723775       -0.63326263519163
C           14.55789791744676        4.04631888727174        1.05606534608000
C           10.57220092328624        3.42832865052033        0.44571745334459
C           13.73836205066450       -2.94142867698450        0.58308975106571
C            9.12691633874520       -2.65032839578648       -0.18937456303634
C           13.50568076246002        4.43667491047161        1.74052236070063
C           10.96545397497537        4.77844379464594        0.46431546453715
N           14.28047144001541        5.50820533052351        1.24198210162272
N            9.64897089103527        4.46779699221045        0.27320206502496
H           18.38927132578680        4.18058506220040       -1.95520962770033
H           10.57531877076134       -7.13472439749840       -0.99128845634341
H           13.87880165472458        5.99231514905177        0.43757816362152
H            8.81483217893448        4.57322363629349       -0.29179773094162
H           12.66749002420325        4.28339473654521        2.36941209871349
92
 energy: -210.066031833023 gnorm: 0.025231811146 xtb: 6.7.1pre (5071a88)
N           -0.10073917700673        0.17375282312566        0.44843412495651
C           -0.20661815760150        1.56414522422745        0.19333228121533
C            1.17559314865223       -0.37384074435016        0.40363737075368
C           -1.24969523355587       -0.58671167330124        0.43515127103293
N            0.86156398239734        2.27338892078216       -0.04469374846694
N           -1.40230672709511        2.10631683350970        0.13913502080478
N            2.20224672251431        0.33346284642776        0.05442821345704
N            1.28550416148843       -1.68259529568742        0.71028651715505
N           -2.41551715699718       -0.04457166600277        0.22856342137861
N           -1.09085957611625       -1.91941814933247        0.61992938987158
C            2.02925386817435        1.63620831748327       -0.16672410351107
C            0.14460277742373       -2.37508226582136        1.06201899014502
C           -2.44912960193673        1.29177657171642        0.12187751994840
N            3.14299997630438        2.30756207009037       -0.58030784427472
N            0.24443070514220       -3.68329078933176        1.49930901883118
N           -3.67724113357403        1.84138242952052       -0.05163472570907
C            3.31640343185989        3.70279273097745       -0.48464055640240
C            4.20297491536338        1.45036214398006       -0.88601207166310
C           -3.91165199278617        3.25753683118054       -0.15303979875142
C           -4.74649537363288        1.04910974341649       -0.16118319429660
C            1.36444222112958       -4.29732629841822        0.69044279572712
C           -0.58205808740386       -4.47253418456262        0.50994940347607
N            4.42291171151450        4.28946738876482       -0.81052838693551
N            5.28044251330736        2.08957122319558       -1.26284226336947
N           -5.13217075680489        3.72725964534296        0.25695260506440
N           -5.70766459342432        0.44278391226806       -0.28862577839170
N            2.39784454254304       -3.59852040306210        0.42000048126618
N           -1.67896063558011       -4.00238945878677        0.05698281567416
C            5.42536611764896        3.52827912098302       -1.37535348506836
C           -6.13794066559301        3.25152553909675        0.74184879384598
C            0.53549581387742       -5.31397401725152        0.08255763417613
N            6.13223197950990        3.94365646305305       -2.54156440266741
N           -7.09888663870408        3.06684928080507        1.43266564649305
N            0.77835219162682       -6.41068761674606       -0.48649852274866
C            2.28315568294480        4.51495079696258        0.00228656672479
C           -3.01288524912606        4.08687212971473       -0.65106725312119
C            2.53967167489805       -2.34757554127112        0.70761985062518
C           -2.14469600301102       -2.82336877576892        0.35877011565589
C            1.07361348202250        4.98447887885025        0.12770880354149
C           -1.80315213161075        4.72008558494572       -1.19182503642150
N            2.08015160555595        5.95652767828971        0.40384400895245
N           -2.83981623709141        5.45196768717749       -0.87225445228365
H            6.00935069229309        4.93848003722798       -2.72554059471107
H           -8.00739678620400        2.72286292177535        1.19896709842336
H           -0.02884428120696       -6.93332528619678       -0.80589581262116
H            2.22683142309069        6.64311125831908       -0.34365864872110
H           -3.28024799358883        6.34741026016204       -0.78689533553679
H            0.01794756968906        4.86919926349051        0.02302405519681
N           11.60282214380003        0.02421011124928        0.33973308602082
C           11.76726094514634        1.41716880466425        0.33254053035063
C           12.80261623241566       -0.69947132396530        0.53520114496092
C           10.39511404991020       -0.52389171266297        0.02278526290276
N           12.93929289790228        1.98692855645081        0.37187318329471
N           10.62424958201587        2.16932836737307        0.24055257759651
N           13.95207652517687       -0.13342054974661        0.58161377735442
N           12.63978888851857       -2.04841133925621        0.67621706270199
N            9.38304402568706        0.20413081984415       -0.37087090999008
N           10.30536976985071       -1.89870363778064        0.13965805793417
C           14.00660103186071        1.21233496622699        0.46403067168733
C           11.35154076126595       -2.54005594400332        0.73634369676053
C            9.42752914092687        1.50851543655426       -0.36452020710489
N           15.24127634150142        1.79841409601428        0.39157434393866
N           11.18985669485405       -3.82113984586613        1.16073156472315
N            8.63771634807513        2.43182892038233       -0.77658009013151
C           15.45978881048033        3.23155537455776        0.34755640134120
C           16.39743600141456        1.16382858320801        0.18782585393363
C            7.37936148057652        2.43925771284997       -1.16970265055619
C           12.25896659153696       -4.68557021983118        0.54005713271369
C           10.32368158033616       -4.53325228051242        0.16633376710472
N           16.49291948174382        3.70207193144723       -0.27746234358961
N           17.45292786650581        1.61203087478120       -0.22731682581952
N            6.84310946122239        3.79770278595258       -1.26554115252008
N            6.49380875102178        1.49464689678796       -1.22364413259508
N           13.41180986852888       -4.16440403575379        0.31704202162938
N            9.42640491240356       -3.87906750564138       -0.46523539841765
C           17.49964375979773        2.94734095999065       -0.77090328732053
C           11.31810715728638       -5.58758307630381       -0.08379358581488
N           18.41926661443483        3.23078550716042       -1.56847052903460
N           11.41567272033477       -6.73029182091787       -0.60650905308993
C           14.60498744680199        4.04752127894018        1.06754273763803
C           10.61786612917831        3.45792454630568        0.43380622204799
C           13.73657593907977       -2.93546278913142        0.55767051231761
C            9.14786465854973       -2.62196339899262       -0.23416487786114
C           13.56188407442628        4.43488719085646        1.76899903614199
C           11.01908826147880        4.79703897885668        0.53082743678445
N           14.33082118922516        5.50812382879620        1.26447863613037
N            9.68639415487201        4.50033360204788        0.33517214122460
H           18.43360682889287        4.16360816270552       -1.95443421951886
H           10.55661168602055       -7.13255707749502       -0.96274724928413
H           13.91819711099456        5.99690023079862        0.46848325825025
H            8.87377138090616        4.62198850793907       -0.25644104423511
H           12.73503798167191        4.27878213413954        2.41380464063237
92
 energy: -210.067673161026 gnorm: 0.027978997343 xtb: 6.7.1pre (5071a88)
N           -0.11296935895007        0.16625435396017        0.42867810282870
C           -0.21369598905453        1.55487258326825        0.16205559907692
C            1.16317469713606       -0.38605188424933        0.39288858289046
C           -1.26459584842103       -0.58848668569226        0.41963467167105
N            0.85883238400134        2.25668764226485       -0.07205027213062
N           -1.40768207420214        2.10112844064485        0.09849592256776
N            2.19375858129551        0.31545806310627        0.04932478531275
N            1.26499672714835       -1.69359479689501        0.70696877275063
N           -2.42820633610295       -0.04299176331104        0.21545792267477
N           -1.11204735488861       -1.92079515073488        0.61290013764060
C            2.02621649454908        1.61871941358059       -0.17729174871308
C            0.12023353226632       -2.37969106028204        1.05345838649285
C           -2.45717180010600        1.29387902555728        0.10142001246271
N            3.14288925548935        2.28736213332975       -0.57404974272891
N            0.21201918547073       -3.68397180743734        1.50089490085799
N           -3.68679226103706        1.84253521071206       -0.05762697554192
C            3.31086437981618        3.68626834156062       -0.49896716658748
C            4.21581597970879        1.43034592518449       -0.84227299851504
C           -3.92992327785291        3.25691618675958       -0.15029102569250
C           -4.75421124358285        1.04481345357118       -0.14436140559915
C            1.33151499432111       -4.30899994035498        0.70128792008827
C           -0.61655298204398       -4.47576157663588        0.51499396126421
N            4.41801996828218        4.27126162818526       -0.82213122860231
N            5.28821844938975        2.07105407235333       -1.22571757882897
N           -5.15343686553283        3.71789399153146        0.25905502861339
N           -5.71875710288730        0.43902415662773       -0.24004898532132
N            2.37028175561802       -3.61676918331331        0.43346887703171
N           -1.71110612573112       -4.00352734225299        0.05806526570695
C            5.42976767882920        3.50592333457389       -1.36606023026876
C           -6.15990935676940        3.24371766408277        0.74340295223497
C            0.49873200322880       -5.32364360178498        0.09510298959456
N            6.13156520945490        3.89233503394756       -2.54358110161686
N           -7.11365332890324        3.05668060581440        1.44359040423023
N            0.73714442611656       -6.42110981572011       -0.47485777877212
C            2.26713913482325        4.49712581561853       -0.03394846110681
C           -3.03719729580831        4.09589785584682       -0.64373794554288
C            2.51831668736889       -2.36528939544053        0.71525220001510
C           -2.17276344128455       -2.82082313397371        0.35253642278712
C            1.06079640905333        4.97334435361379        0.08793207457649
C           -1.83674246643160        4.74763109464489       -1.18325473351852
N            2.06243207260216        5.93521592201504        0.38723771724814
N           -2.87950840610023        5.46570557390818       -0.85283146240286
H            6.01116398356141        4.87649432051449       -2.76669642036536
H           -8.02529660593346        2.71508935490527        1.21804983900572
H           -0.07237594150812       -6.93914204356170       -0.79551428586096
H            2.21832392543353        6.63356964827392       -0.34427523277245
H           -3.33205773578880        6.35501274614223       -0.76500976829108
H            0.00789113944076        4.86655878257625       -0.03051908676416
N           11.61290415391526        0.04437067479618        0.35026724037641
C           11.78175032770477        1.43613680575371        0.33896833446995
C           12.81280532402815       -0.68595493072177        0.52599963048030
C           10.40374415901569       -0.49904996788700        0.02112365286004
N           12.95339875097793        2.00250786846068        0.38174171376260
N           10.64403679956227        2.19504817221474        0.24092168620556
N           13.96494774650543       -0.12044601991250        0.56264864957467
N           12.64823955763923       -2.03193707789777        0.65885490522372
N            9.39752388698273        0.23548687374984       -0.36702504932402
N           10.31541240595527       -1.87529955519097        0.12240804260243
C           14.02069848700932        1.22324896615051        0.46084854470931
C           11.35844545743892       -2.51850471437782        0.72846307408345
C            9.45174290783648        1.54271427583347       -0.35011281114425
N           15.25614649554166        1.80395334653965        0.38338613341434
N           11.18902399270868       -3.79737040389430        1.14928119193879
N            8.65018496946526        2.45293920370443       -0.77229644603797
C           15.48941639565514        3.23396904576467        0.34834445326890
C           16.40550080597594        1.15597233773848        0.17621669222496
C            7.38213922089319        2.43828740903000       -1.14312116482253
C           12.25533476788408       -4.67806883213515        0.54102854545976
C           10.32659968441821       -4.51169268849889        0.15441406322186
N           16.52735347912333        3.69792764312491       -0.27433302428155
N           17.46348154695520        1.59760094907347       -0.23950412173106
N            6.83740766696700        3.77819019846797       -1.27600506395528
N            6.51286065194321        1.49093499412115       -1.16652706263974
N           13.40583876932235       -4.15439076968438        0.30214983691354
N            9.44695351402387       -3.85512874451945       -0.49932212871263
C           17.52489695147230        2.93379541294105       -0.77452030316746
C           11.31125509463305       -5.57838702635064       -0.07776898817040
N           18.44646029941109        3.21202749123596       -1.57160881073449
N           11.39908028623205       -6.72754771146979       -0.58564743578839
C           14.64484248544029        4.05155074991594        1.07822210216715
C           10.66463918409004        3.49363459539777        0.41169299915860
C           13.73337852669298       -2.92780134238753        0.52892156343125
C            9.17107972199224       -2.59777287037207       -0.27362425161238
C           13.60562105566681        4.43367800221708        1.78789806229973
C           11.08084108685370        4.79783348615825        0.54217687151860
N           14.37473830599523        5.51007436357438        1.29427138353814
N            9.72834584496793        4.52385384386054        0.37829417416145
H           18.47000148852981        4.14703039082495       -1.95173038109244
H           10.53800246372407       -7.12536674783795       -0.94157179991610
H           13.96120146728014        6.01280065364620        0.50832656537427
H            8.93442575802492        4.66879734526626       -0.22178324809490
H           12.78401819801097        4.26809375653213        2.43562916465732
92
 energy: -210.069110433092 gnorm: 0.025428972012 xtb: 6.7.1pre (5071a88)
N           -0.12889421606114        0.15980024089960        0.41316791437240
C           -0.22454218203723        1.54666519663182        0.13158105121885
C            1.14605864938454       -0.39744654288310        0.38531401753856
C           -1.28278407833968       -0.59143148837995        0.40968039666466
N            0.85163674775554        2.24310611355952       -0.10420176177725
N           -1.41686727174286        2.09657828384930        0.06262716082837
N            2.18098699849004        0.29828407469230        0.04483287694020
N            1.24238465624136       -1.70356194027999        0.70639748251759
N           -2.44514413757378       -0.04325784333488        0.20797715867019
N           -1.13453898558111       -1.92354646537516        0.60869185490477
C            2.02000317028020        1.60149812733326       -0.18899856034166
C            0.09528575734772       -2.38518865611731        1.05076969306997
C           -2.46999361205316        1.29374879396055        0.08536829316987
N            3.14509465472462        2.26619577312889       -0.56886769994080
N            0.18203048883822       -3.68689153525065        1.50523244074794
N           -3.70163055084597        1.84256725762485       -0.05946278840261
C            3.30727516700099        3.66705427345112       -0.50989877240815
C            4.23401963332163        1.40822208163269       -0.79330086572116
C           -3.95028545614748        3.25591143001576       -0.14798558393058
C           -4.76791698932095        1.04124485760697       -0.12967528566857
C            1.30175253860313       -4.31804572881288        0.71074357402221
C           -0.64695596714656       -4.47973175594272        0.51989838563316
N            4.41356802568757        4.25294323350132       -0.83469585893500
N            5.30416542420805        2.04929927488383       -1.18160848932044
N           -5.17455796873612        3.71055290617751        0.26527202143748
N           -5.73384309902099        0.43411949221283       -0.20351085989802
N            2.34421667063128       -3.63034733540762        0.44511014494521
N           -1.73963973485232       -4.00621292243542        0.05983028814020
C            5.42919627362057        3.48504318521412       -1.36578394050966
C           -6.17763950625137        3.23525559511768        0.75579718756081
C            0.46725381883951       -5.33137415676925        0.10517184543672
N            6.11385528476120        3.84267092102289       -2.56777659787040
N           -7.13493163273313        3.05726611108282        1.45326952090679
N            0.70375065940481       -6.42987450119355       -0.46388221395939
C            2.25844519681280        4.47886319544057       -0.05763787076361
C           -3.06129007824436        4.10128318103868       -0.63756915947015
C            2.49537153702231       -2.37828664410197        0.72252065387247
C           -2.19892969070652       -2.82106084352397        0.34877823562444
C            1.05258594322671        4.96340836464026        0.04858743329969
C           -1.86598371140351        4.76601682049942       -1.17190536750450
N            2.05639607679259        5.91474239051492        0.37662168125438
N           -2.91469032421244        5.47408216139309       -0.83924715380017
H            5.98346758027169        4.82223633067176       -2.82246995245018
H           -8.04361475040922        2.70734478580019        1.22932707493801
H           -0.10695971282023       -6.94531143537468       -0.78580123586886
H            2.22908092084950        6.62373687748891       -0.34290520647708
H           -3.37529009268768        6.35902785931796       -0.74920301008396
H           -0.00114650616243        4.86578335198851       -0.09233371643478
N           11.62772658951389        0.05907462395533        0.34073272941756
C           11.80192932068068        1.44951694466698        0.32947528514671
C           12.82534113374971       -0.67517383581529        0.51418386004096
C           10.41573306023532       -0.47721160778620        0.00637908898428
N           12.97398259533277        2.01304581885664        0.38123650092686
N           10.66830542721222        2.21213903026978        0.22752698888162
N           13.98074527283333       -0.11314467035715        0.54941925246179
N           12.65606015195557       -2.01973705099804        0.64537703879899
N            9.41247771353641        0.26253042647950       -0.37625880329643
N           10.32526516674948       -1.85309597593885        0.10041769156295
C           14.03963412293040        1.22969004064086        0.45609746053955
C           11.36288376991678       -2.49927090477306        0.71640285532376
C            9.47348138337843        1.57044619108548       -0.35003888043913
N           15.27688940858576        1.80695438055271        0.37875714905300
N           11.18490082864388       -3.77532626610109        1.13819010906012
N            8.66668762613227        2.48481362445395       -0.76137824829783
C           15.51920315354415        3.23527494694029        0.34969265202648
C           16.42139832889624        1.15113749083758        0.16913325431140
C            7.39221203990828        2.45471592374031       -1.12003709436610
C           12.24916987431802       -4.67139637583730        0.54464700801722
C           10.32565853158781       -4.49368366534906        0.14380112801823
N           16.55939084391066        3.69404671356970       -0.27366979857534
N           17.48165525823594        1.58769400109987       -0.24625887440277
N            6.83575904186408        3.77577606665792       -1.29694472582082
N            6.53906184870005        1.49315438662627       -1.11151900917553
N           13.40066033286813       -4.15077705457323        0.29604980296645
N            9.46054859432576       -3.83428847648057       -0.52916296553707
C           17.55116613030913        2.92417976279918       -0.77763435760898
C           11.30244616988900       -5.57143314152152       -0.07059090643309
N           18.47429690699015        3.19787357597223       -1.57445133547187
N           11.38332747575073       -6.72721583053659       -0.56446324288084
C           14.68238438468770        4.05366612552901        1.08761139548157
C           10.69399940555472        3.51264734619181        0.40653544381106
C           13.73128981098179       -2.92339457469776        0.50603015279400
C            9.18803909686121       -2.57639045514134       -0.30832307730871
C           13.64856563145862        4.43288895848456        1.80772180862786
C           11.12608360626049        4.82422641586010        0.63120775174977
N           14.41643106751861        5.51099830070664        1.31664165829685
N            9.76213730801453        4.55141789365049        0.43427499271780
H           18.50496819577784        4.13406640061917       -1.95133701494308
H           10.52104669117919       -7.12228337487340       -0.92022678941286
H           13.99910907699163        6.02224277717470        0.53759533117536
H            8.99455583409238        4.72454489447115       -0.20626705890660
H           12.83375616906067        4.26394445167003        2.46263235645662
92
 energy: -210.070257416053 gnorm: 0.023226668599 xtb: 6.7.1pre (5071a88)
N           -0.14225687325627        0.15411404615685        0.40072132102327
C           -0.23318043171126        1.53950836736507        0.10705326677843
C            1.13095713431261       -0.40771099597545        0.37943053745429
C           -1.29832870203256       -0.59446892670754        0.40096771094495
N            0.84601125313191        2.23228179478588       -0.12938319094521
N           -1.42400612452802        2.09275699616958        0.03438285512318
N            2.17017965052474        0.28350122000015        0.04240001892281
N            1.22259397213435       -1.71300573916451        0.70532291996526
N           -2.45946527925927       -0.04362255371127        0.20086073388983
N           -1.15404347049294       -1.92653761658454        0.60362964197272
C            2.01583588710029        1.58705444755718       -0.19572551895153
C            0.07350166692047       -2.39107110916412        1.04850475414449
C           -2.48055536498712        1.29323718849716        0.07152085881662
N            3.14931755869133        2.24846515482675       -0.56100960405136
N            0.15598843877706       -3.69099965954730        1.50783266845778
N           -3.71404921134526        1.84297499835598       -0.06072207307918
C            3.30394073680656        3.65089283942653       -0.51953626812615
C            4.25076498714984        1.39050936208583       -0.74659453928255
C           -3.96662441588102        3.25568029657081       -0.14617048404445
C           -4.78011755717216        1.03932051106499       -0.11603740218652
C            1.27573529614151       -4.32655351063127        0.71637918857706
C           -0.67339205566433       -4.48392691335719        0.52240539215135
N            4.40776406464790        4.23884391792860       -0.85095096313966
N            5.32153378499757        2.02849547016415       -1.13811687443817
N           -5.19053732693786        3.70510401766639        0.27365158329946
N           -5.74528882228557        0.43043479249043       -0.17893105478381
N            2.32108275792009       -3.64260360317772        0.45229213578662
N           -1.76426980733577       -4.00887954665411        0.05983070532875
C            5.42585906647405        3.46777866319404       -1.37042657972536
C           -6.18841914540610        3.22680598627235        0.77242486874375
C            0.43970698859071       -5.33863198365904        0.11128248316401
N            6.09523330466822        3.79930892323367       -2.59382622366528
N           -7.15418148530117        3.06195161894999        1.46138697308430
N            0.67445721636543       -6.43851278320632       -0.45599355251444
C            2.25217945878641        4.46375751563571       -0.07519234969634
C           -3.08053594796450        4.10621087293956       -0.63216507088649
C            2.47489378517672       -2.39011002466074        0.72653365746815
C           -2.22121101026294       -2.82175664474803        0.34442780746390
C            1.04616799579065        4.95441289690533        0.01514399676319
C           -1.88886472332660        4.78171343143816       -1.15989855255601
N            2.05221893434072        5.89853805674656        0.36558037537737
N           -2.94315672102338        5.48122493300294       -0.82759955021832
H            5.95307967809417        4.77531476026808       -2.86958408234394
H           -8.05697584702464        2.69866607323165        1.23558579331767
H           -0.13745948626951       -6.95188253188267       -0.77847821208369
H            2.23894739423884        6.61402206517568       -0.34628051743544
H           -3.41021581448977        6.36241386743726       -0.73492292046725
H           -0.00877703735807        4.86321506719740       -0.14528965163336
N           11.64129317566253        0.07276153836132        0.33505450960764
C           11.82103062460472        1.46221130549858        0.32585385673072
C           12.83638000478373       -0.66546771116230        0.50576100510583
C           10.42529537346130       -0.45611104679690        0.00075732544027
N           12.99455231162435        2.02215307873264        0.38047552877827
N           10.69005443117325        2.22931880657480        0.22740985800936
N           13.99484408988777       -0.10840752122000        0.53990133055554
N           12.66196806136574       -2.00986379528359        0.63577906777575
N            9.42284995203208        0.28945410352804       -0.37316798622563
N           10.33235878572973       -1.83217406422288        0.08537765426313
C           14.05789436476006        1.23424668743718        0.45197319711880
C           11.36565027833987       -2.48296805186574        0.70588912267926
C            9.48940557199029        1.59843089784654       -0.33905164025922
N           15.29717396485627        1.80847817407895        0.37676050236963
N           11.18094648037211       -3.75714667484334        1.12711523487807
N            8.68515966346689        2.51701333308667       -0.74639383913148
C           15.54529566681604        3.23571529717272        0.35269505024108
C           16.43791243718910        1.14745741933556        0.16390766089702
C            7.40710600135930        2.47430335542367       -1.09809338138833
C           12.24300808100116       -4.66497971833364        0.54539174525675
C           10.32329386720728       -4.47783772889044        0.13341516326032
N           16.58634333575414        3.69102971783184       -0.27180622973805
N           17.49976110884913        1.58051718455229       -0.25140269023766
N            6.83322873927046        3.78250370506410       -1.31488589203688
N            6.56306661008945        1.48766723886183       -1.04929580127663
N           13.39594738931814       -4.14822156332886        0.28991958315137
N            9.46969907732882       -3.81478478233159       -0.55353224839955
C           17.57398348613787        2.91777402562674       -0.77919064220554
C           11.29356078930910       -5.56485855264588       -0.06690119414648
N           18.49769763580725        3.18900615085450       -1.57613009507237
N           11.36903387337905       -6.72590241017603       -0.54980388755144
C           14.71362080902381        4.05392893264294        1.09689126701444
C           10.72481162986818        3.53298901599577        0.39819329382166
C           13.72920537116642       -2.91991703070172        0.48637515895886
C            9.20000148127208       -2.55623790544386       -0.33533727040568
C           13.68394485612847        4.43122251207356        1.82549698416111
C           11.16394282774896        4.82113831453749        0.63249174925711
N           14.45237116615078        5.51022236596073        1.33738087788637
N            9.78770193790366        4.57058373124257        0.46850574896846
H           18.53346222799626        4.12627731034084       -1.94985716722128
H           10.50595970203226       -7.11902618249444       -0.90554968814085
H           14.03280669284399        6.02892744848662        0.56376756844100
H            9.03087306696119        4.77138806918583       -0.17225874340508
H           12.87364064746172        4.26081600949091        2.48645634039797
92
 energy: -210.071509726083 gnorm: 0.020142730557 xtb: 6.7.1pre (5071a88)
N           -0.14761982178012        0.14802459069396        0.38954083393741
C           -0.23333428567892        1.53191245995815        0.09175814119308
C            1.12349072937104       -0.41852441480424        0.37225564837041
C           -1.30656349324108       -0.59704452855950        0.39049363957519
N            0.84971642251788        2.22189201008315       -0.13896755759316
N           -1.42273430015124        2.08933965884903        0.01579425412622
N            2.16630173487379        0.26922963421101        0.03778622197959
N            1.20895800630814       -1.72360362023343        0.70127327098505
N           -2.46548624951646       -0.04215249652351        0.19069167405171
N           -1.16761860464136       -1.92895662762958        0.59593500252184
C            2.01857548016487        1.57406738971741       -0.19763022747601
C            0.05710127387792       -2.39716402202774        1.04380062668558
C           -2.48227206638042        1.29443678749705        0.05940872261945
N            3.15610125200687        2.23594981300369       -0.55031460757526
N            0.13409978350267       -3.69426866640545        1.50982136157038
N           -3.71654746346279        1.84585465173011       -0.06267227089724
C            3.30068021674677        3.63952148422067       -0.52510996603946
C            4.26160167991893        1.38779728402453       -0.71688769063871
C           -3.97275978486266        3.25804998344284       -0.14375066602901
C           -4.78160750553684        1.03958742653881       -0.10267523220349
C            1.25228988970330       -4.33709993439646        0.72071393263346
C           -0.69787249915540       -4.48871814801955        0.52715729003483
N            4.40352318274162        4.22885362494335       -0.85821044097933
N            5.33436025924771        2.02251440091149       -1.10941733441087
N           -5.19977356480689        3.70325352241095        0.27144554177415
N           -5.74505110176589        0.42866433821303       -0.15923225866839
N            2.30056833310370       -3.65813575444344        0.45586857698776
N           -1.78658569745900       -4.01131891280012        0.06219757534698
C            5.42460169682111        3.45699996719723       -1.36544073606232
C           -6.19767840298870        3.22401500150092        0.76878600040327
C            0.41267777975043       -5.34825728888436        0.11964834100971
N            6.09363846409984        3.77470168354270       -2.58803887974931
N           -7.15638186411940        3.05325276433796        1.46589568609175
N            0.64303059609104       -6.45114720739998       -0.44393347921378
C            2.24343111814639        4.45346635403548       -0.09544386912669
C           -3.08923538666677        4.11293379086347       -0.62604722276459
C            2.45945267244957       -2.40517247012466        0.72532658444524
C           -2.23939857093102       -2.82121165473041        0.34025269679208
C            1.03811977707779        4.94487490945783       -0.01272088092266
C           -1.90685358585533        4.79863623999277       -1.15905190199749
N            2.03853254028141        5.88869368917756        0.34073770107669
N           -2.96236829106938        5.49012270881718       -0.81583478114761
H            5.94397013022397        4.74444800449861       -2.85976614102376
H           -8.06133424094123        2.69083417135742        1.24684708706993
H           -0.17177039803185       -6.96174001422435       -0.76378748801097
H            2.22708692324166        6.60240662574575       -0.36884307458960
H           -3.43728904172668        6.36668412661587       -0.72056324072661
H           -0.01467789060946        4.85340062909267       -0.17660713599828
N           11.64872534073141        0.08340152964912        0.33694418735691
C           11.83239301080101        1.47121876473799        0.32060533422302
C           12.84272552426698       -0.65691590370093        0.50163049956854
C           10.42836315609535       -0.44014579424713        0.00506944338979
N           13.00699346939911        2.02958746632141        0.38004532221964
N           10.70476974765815        2.23981643555524        0.21527843815017
N           14.00395902294081       -0.10398930548270        0.53119610040020
N           12.66561361748238       -2.00137270756435        0.62980011177864
N            9.42691054847285        0.30710128622488       -0.36431169947281
N           10.33488403865331       -1.81559874779634        0.08401739173117
C           14.06890511473525        1.23872600162852        0.44956439939238
C           11.36794290415381       -2.47061651847291        0.70124239668105
C            9.50173449838647        1.61791474122543       -0.33361263321093
N           15.30978861030880        1.81104508478394        0.37556916299384
N           11.18026968374377       -3.74415023435549        1.11626010624327
N            8.69996721980246        2.53429322959702       -0.74985571871411
C           15.56325555984583        3.23687759157316        0.35545194809639
C           16.44618952336867        1.14424130564774        0.15651939920204
C            7.41613489073038        2.48808592360395       -1.07935271105212
C           12.23971579651345       -4.66033700080579        0.54408512117202
C           10.32259249723218       -4.46621352991954        0.12523624172689
N           16.60514435494372        3.68920221929456       -0.26949977012337
N           17.50868333574842        1.57437563827421       -0.26103995508854
N            6.82946105078997        3.77951634868193       -1.30671862682433
N            6.57935909565013        1.49608848416163       -1.01719783731217
N           13.39200419050532       -4.14400806527476        0.28033642241325
N            9.47848863561698       -3.80040813874860       -0.57127896192687
C           17.58797450984584        2.91257512172401       -0.78268560864212
C           11.28694527210223       -5.55907979577653       -0.06620422229147
N           18.51078720745297        3.18306693893771       -1.58082989932328
N           11.35693639827158       -6.72279883512399       -0.54152663795101
C           14.73481775705764        4.05494108942332        1.10288500207967
C           10.73913227889194        3.54426883214542        0.39818174167622
C           13.72659112938811       -2.91660320228164        0.46878831596842
C            9.20928884183152       -2.54266318971516       -0.35197194180115
C           13.70467199124914        4.43063930552410        1.83174901935698
C           11.19616215073827        4.81804729801063        0.63581752891662
N           14.48012986637202        5.50996580283623        1.35725904654053
N            9.81126119299082        4.57859870079228        0.48686570886926
H           18.55103779680265        4.12215011000363       -1.94936408588440
H           10.49293657792619       -7.11354914138952       -0.89748999699180
H           14.06662634239122        6.04089809337736        0.58854707309579
H            9.06740567013168        4.81687989591942       -0.15684495799115
H           12.89340074704081        4.25688990551792        2.49140547386858
92
 energy: -210.072753844711 gnorm: 0.016322708894 xtb: 6.7.1pre (5071a88)
N           -0.15712500141696        0.13860973121979        0.37244516835381
C           -0.23619762793975        1.52031924650304        0.06645851030562
C            1.11095168028862       -0.43434795264179        0.36075846813425
C           -1.32010437637485       -0.60122178821483        0.37528634518521
N            0.85149719742520        2.20470691722595       -0.15991239965150
N           -1.42363401049291        2.08350501735974       -0.01433770861871
N            2.15886237342782        0.24781464207230        0.02925444703627
N            1.18778519714564       -1.73911814469192        0.69504093724509
N           -2.47599371184721       -0.04096667282016        0.17601078895682
N           -1.18913564706172       -1.93279872328136        0.58595204487744
C            2.01948006621321        1.55397906326036       -0.20487493761334
C            0.03188763909106       -2.40572379355595        1.03805708665667
C           -2.48709645151617        1.29509901108112        0.04070783196894
N            3.16200029183762        2.21655735719711       -0.53896532770021
N            0.10056039801853       -3.69949587304110        1.51294777142266
N           -3.72199220743937        1.84838872379696       -0.06753590363358
C            3.29226393339545        3.62185416607048       -0.53487665040009
C            4.27854785638793        1.38125986246723       -0.66777804715072
C           -3.98404385046113        3.25936353813755       -0.14200033892362
C           -4.78562214884351        1.03867458337378       -0.08678734773360
C            1.21625451795769       -4.35302804360410        0.72826693111739
C           -0.73534536785414       -4.49570594474912        0.53460292780494
N            4.39303231864355        4.21482633832488       -0.86974055439218
N            5.35022306593038        2.01689983464293       -1.06459811030070
N           -5.21427386522309        3.69866383494953        0.27102978671266
N           -5.75037547726332        0.42371830268639       -0.12225982780325
N            2.26877804687404       -3.68140951008047        0.46184275349777
N           -1.82089440247417       -4.01476164246476        0.06605255520479
C            5.42158272081733        3.44167063010022       -1.35802651991435
C           -6.21103679788068        3.21792970743255        0.76908445647043
C            0.37130563697172       -5.36271268105847        0.13227357284518
N            6.08769225028652        3.73420484399912       -2.58512482134295
N           -7.16394411017429        3.04372223472475        1.47354092812932
N            0.59561426855970       -6.46997736159542       -0.42557329160138
C            2.22897138820258        4.43575949021502       -0.12005255787856
C           -3.10420882567282        4.12150292484075       -0.61823135540358
C            2.43491382110218       -2.42759512257714        0.72416375063981
C           -2.26720422086935       -2.82029246002338        0.33550808736459
C            1.02414312554778        4.93198582560070       -0.05766593841602
C           -1.93255043267303        4.82236025439878       -1.15353403544947
N            2.02202548793304        5.87237620044291        0.31218946830448
N           -2.99247486189083        5.50174885181917       -0.80045757395052
H            5.91877135192150        4.69818839742658       -2.87440209761458
H           -8.06986412030451        2.67880564603225        1.26193747418574
H           -0.22269996437549       -6.97703796756656       -0.74232610902925
H            2.22579533682460        6.58646573824970       -0.39390558850364
H           -3.47841545619412        6.37188240307689       -0.70143654584187
H           -0.02729654061392        4.84420470028611       -0.23723193163038
N           11.66268987424963        0.10099045862409        0.33034374505171
C           11.85299449720703        1.48669812002910        0.30956857798241
C           12.85438465121167       -0.64436153858113        0.49088845377897
C           10.43672668162491       -0.41634923545187        0.00257395529293
N           13.02883482346049        2.04145755174598        0.37332648041486
N           10.72828116018213        2.25758094428044        0.20166808111835
N           14.01866886001120       -0.09690303856432        0.51804369554297
N           12.67233090764434       -1.98873791710023        0.61887266646473
N            9.43503373149440        0.33336227599196       -0.35664560799684
N           10.34153294351811       -1.79167770021904        0.07337933875578
C           14.08850214302902        1.24517003957759        0.44204789761343
C           11.37257090606822       -2.45152520042046        0.69056351140158
C            9.51803848222088        1.64654150176758       -0.32692954627524
N           15.33207349801128        1.81266275676474        0.37257769247798
N           11.17959267708342       -3.72302472717670        1.10000006327472
N            8.71296235033007        2.56165573435234       -0.74327263239134
C           15.59356127991725        3.23712484978272        0.35917347681438
C           16.46390166780640        1.13924521101942        0.14689178259552
C            7.42337980842085        2.50230415786265       -1.04419738516681
C           12.23377604947630       -4.65285158862282        0.54286815801649
C           10.32035403048938       -4.44795001402996        0.11442737211774
N           16.63641863234507        3.68629205011813       -0.26619888480444
N           17.52764017258135        1.56572199186245       -0.27240251695963
N            6.82267951057973        3.78240448246455       -1.30276356277256
N            6.59840820856277        1.51159531850480       -0.96677427424128
N           13.38634935713996       -4.13882824232004        0.26732636818513
N            9.49049891700791       -3.77792871785370       -0.59699727895403
C           17.61331932785522        2.90598799624835       -0.78621870132542
C           11.27600475446046       -5.55088816748360       -0.06201606706653
N           18.53502303302646        3.17573445738731       -1.58603594445649
N           11.33829207199074       -6.71913039498366       -0.52563716344490
C           14.77058238535118        4.05418805214152        1.11349783466017
C           10.76664824364419        3.56140410302918        0.40236188411950
C           13.72269893905364       -2.91186234550012        0.44100066858199
C            9.22377840015521       -2.51987449909951       -0.38132569972608
C           13.74161968439165        4.42860312224485        1.84458551700321
C           11.24747805199361        4.82035241867873        0.66189518877731
N           14.52605916306129        5.50747107969378        1.38518362129216
N            9.84764881174307        4.59885623105967        0.53270611083015
H           18.58009121843840        4.11639404526408       -1.94969843838994
H           10.47317332073270       -7.10731984451022       -0.88138683447916
H           14.11898737490177        6.05207061946223        0.62296681689505
H            9.12641244502640        4.88603197572925       -0.11899524393693
H           12.92876245850549        4.25232428917540        2.50003525135081
92
 energy: -210.073836144300 gnorm: 0.016435656431 xtb: 6.7.1pre (5071a88)
N           -0.16653795436147        0.12838330364108        0.35665207875287
C           -0.23972335260168        1.50810941605914        0.04322049275514
C            1.09855177527390       -0.45082695061476        0.34947964077338
C           -1.33348428796284       -0.60606527731650        0.36038866954633
N            0.85183887039397        2.18675805150584       -0.17975236807082
N           -1.42489015624816        2.07730854441066       -0.04161863270755
N            2.15140700173973        0.22605052344530        0.02170427589155
N            1.16688026454568       -1.75564303661567        0.68654521177859
N           -2.48638185829792       -0.04026690250241        0.16200189332596
N           -1.21068466876220       -1.93719284053732        0.57541238327126
C            2.01874773353622        1.53339127184405       -0.21043664256035
C            0.00685772904850       -2.41469959054816        1.03192922244964
C           -2.49205814105899        1.29529517122401        0.02439021940266
N            3.16453833229070        2.19742925910843       -0.52675081249889
N            0.06720201404796       -3.70536433586707        1.51526526018409
N           -3.72698013581542        1.85084235754592       -0.07015817545748
C            3.28185683937370        3.60376409136819       -0.54431378675707
C            4.29495687598853        1.37345510998313       -0.60692566250765
C           -3.99382673984037        3.26025292657823       -0.14026223879916
C           -4.78935186789470        1.03921614365794       -0.06935036409235
C            1.17901331571861       -4.37031387112302        0.73404093514813
C           -0.77411420802989       -4.50334923281235        0.54265014137973
N            4.38104256259292        4.19892631756292       -0.88110304304793
N            5.36286003140845        2.01031857408297       -1.01591243467028
N           -5.22599511953621        3.69416233419013        0.27344745217243
N           -5.74854120824119        0.42098536528830       -0.10560277121347
N            2.23523068310988       -3.70628649762695        0.46373304914158
N           -1.85631567665072       -4.01834169955470        0.07068026139642
C            5.41757983182435        3.42398966835548       -1.35042573800393
C           -6.21922772591914        3.21012270735533        0.77577215960964
C            0.32760241966445       -5.37885144256261        0.14501715273621
N            6.08401288962373        3.69648906590989       -2.57817772164013
N           -7.17236103496119        3.03883632256293        1.48048890945175
N            0.54473772963790       -6.49161040920008       -0.40503711928049
C            2.21483468575477        4.41993366902509       -0.14364021783628
C           -3.11743054534027        4.12892160377480       -0.61123742132581
C            2.40935151302236       -2.45178880551096        0.71870934897663
C           -2.29496023668205       -2.81923449603981        0.33149859044874
C            1.01257630552031        4.91987261834460       -0.09778715716153
C           -1.95698857140515        4.84328528049643       -1.15124953230419
N            2.00602944348058        5.86006301732942        0.27292053950195
N           -3.02011142880569        5.51165579262597       -0.78786237645644
H            5.89771627990890        4.65300535419687       -2.88103778036768
H           -8.07550942179999        2.66514588274202        1.27252375418079
H           -0.27739112451612       -6.99561997234947       -0.71691118842087
H            2.21806258286860        6.56576355945825       -0.43517784980017
H           -3.51563126635392        6.37571790131679       -0.68375376428975
H           -0.03467611133872        4.83409312840514       -0.28323509510270
N           11.67683952967654        0.12019006202263        0.31809587250915
C           11.87404503411939        1.50520178468474        0.29648931432018
C           12.86526809077825       -0.63152093669031        0.47835958899364
C           10.44489694944358       -0.39103025210937       -0.00152555469985
N           13.05206101666089        2.05403479961865        0.36287852929414
N           10.75252133182305        2.27973146707507        0.18801643222475
N           14.03228041187515       -0.08951731422850        0.50644733071510
N           12.67814294013669       -1.97566455368181        0.60801859346954
N            9.44246326262913        0.36145298859775       -0.34859313005908
N           10.34747450979472       -1.76686408720993        0.06234471923558
C           14.10847337020523        1.25132629731395        0.43261416822666
C           11.37668494453143       -2.43176250816621        0.67798652478561
C            9.53340317368665        1.67678228099450       -0.32288879486471
N           15.35507555734274        1.81279547114413        0.36905010250578
N           11.17855655424357       -3.70124862206200        1.08130475572675
N            8.72596709239627        2.59102235245191       -0.73762125470833
C           15.62378179543103        3.23644206095435        0.36284097496505
C           16.48319165534575        1.13514942025448        0.13669328890850
C            7.43078382368702        2.51821777101411       -1.01222096423260
C           12.22587170480244       -4.64441892333214        0.54048254659643
C           10.31551141649121       -4.42929243488356        0.10399365427285
N           16.66752149154099        3.68387784612936       -0.26206116785359
N           17.54792160669410        1.55868219370833       -0.28311067845843
N            6.81457590728569        3.78437629272462       -1.29985588822151
N            6.61399079832547        1.51897188475624       -0.89965974604748
N           13.37960371638341       -4.13378405813482        0.25319781498758
N            9.49971031217838       -3.75403427685699       -0.62057933780849
C           17.63906627559319        2.90160467602477       -0.78903007693444
C           11.26251598068322       -5.54201723017099       -0.05781033644458
N           18.55958079920099        3.17156513979411       -1.59024560863577
N           11.31777939608597       -6.71401384998945       -0.51095804657974
C           14.80577455259250        4.05167788606376        1.12404598924905
C           10.79459113293758        3.58061183925058        0.41328263591612
C           13.71738460339142       -2.90670815178236        0.41078576702364
C            9.23645451297018       -2.49574317924451       -0.40879554235084
C           13.77800906357166        4.42625874127756        1.85717648661503
C           11.30028308493105        4.82807614573519        0.68934004354575
N           14.57336208054321        5.50319376306269        1.41203012379408
N            9.88821429089354        4.61842794559557        0.57610673716164
H           18.60876758210254        4.11364980738768       -1.94937502862116
H           10.45175093488830       -7.10094852688009       -0.86553080590986
H           14.17335199866229        6.06105847908407        0.65604625085627
H            9.19350696607681        4.95034976976885       -0.08516928416772
H           12.96284987936831        4.24961776631406        2.50970625273832
92
 energy: -210.074847357601 gnorm: 0.016178848652 xtb: 6.7.1pre (5071a88)
N           -0.17586519199587        0.11760390505888        0.34312136073107
C           -0.24425758304796        1.49610292689828        0.02255289120499
C            1.08637221702357       -0.46747954132308        0.33804842560798
C           -1.34641359088967       -0.61164246494938        0.34728516681971
N            0.85026923584141        2.16878324510153       -0.19928648301997
N           -1.42699752658619        2.07106202280637       -0.06520230306415
N            2.14387585783610        0.20418420014018        0.01359004119290
N            1.14722871813207       -1.77279441573833        0.67548035550874
N           -2.49634959922863       -0.04081046700180        0.14835299515294
N           -1.23139879989199       -1.94241363597490        0.56587812418760
C            2.01642460883311        1.51278949485893       -0.21547500024712
C           -0.01657751299842       -2.42384229775698        1.02612126624858
C           -2.49713847727820        1.29453653887356        0.00875892853252
N            3.16488260244810        2.17922456675594       -0.51288881670217
N            0.03640298427978       -3.71207364924063        1.51618386751933
N           -3.73125898979254        1.85231421343914       -0.07581822919471
C            3.27117865176908        3.58526920251037       -0.54488872034313
C            4.30810924540609        1.36976219173142       -0.54545984532109
C           -4.00170468252259        3.26020842018941       -0.14143787061106
C           -4.79110237903378        1.03914617220681       -0.06427430497888
C            1.14291542936110       -4.38833005756747        0.73736568940789
C           -0.81166637262266       -4.51155610300742        0.55076445277416
N            4.36722762569807        4.18460926013287       -0.88461722393290
N            5.37030335259085        2.01030730821920       -0.96657372768138
N           -5.23438791119852        3.69044672965039        0.27565073248485
N           -5.75181671954184        0.41577256863557       -0.07706300576508
N            2.20177108832293       -3.73162821703147        0.46018112926322
N           -1.89057909332161       -4.02227350788584        0.07578755055072
C            5.41178252430750        3.40930151307258       -1.33799069045783
C           -6.22386291345372        3.20296314224755        0.78237729428321
C            0.28423969721198       -5.39617469799996        0.15697438373184
N            6.08065356375485        3.66315233310782       -2.56789133978940
N           -7.17695888020900        3.03298472742843        1.48722065206649
N            0.49365357095316       -6.51513054849588       -0.38343706395578
C            2.20124876330655        4.40214196340113       -0.15420115403431
C           -3.12746063525928        4.13450646067698       -0.60610022678913
C            2.38393394564189       -2.47666874796410        0.70807420017420
C           -2.32091796053952       -2.81863215616098        0.32903621925753
C            0.99838971536941        4.90980013376170       -0.14126520900943
C           -1.97581929439187        4.85930624456873       -1.14898831089087
N            1.99437484189988        5.84881768383695        0.24021052490635
N           -3.04183625807581        5.51867840865889       -0.77923169919422
H            5.88062459112827        4.61169526268084       -2.88943806804371
H           -8.07760468933880        2.65199388559171        1.28228719654467
H           -0.33209116968632       -7.01705419207096       -0.68914291834274
H            2.22826922325480        6.54569002002605       -0.47429862226894
H           -3.54426533470065        6.37770592046655       -0.66937244118395
H           -0.05032160768050        4.83036780982667       -0.34906917041253
N           11.69132689690475        0.13915987220266        0.29764925439040
C           11.89537779515783        1.52421601968278        0.28009555401728
C           12.87577049837520       -0.61971266532323        0.46354757379886
C           10.45394026796047       -0.36664535304681       -0.00941588621424
N           13.07601976416860        2.06561229920944        0.34519453451656
N           10.77584675899237        2.30357982792030        0.18019174444187
N           14.04473008994257       -0.08248435698410        0.49702828325330
N           12.68326398758151       -1.96334651812648        0.59745385215547
N            9.44895554115991        0.38914579803416       -0.34017705490190
N           10.35337707674719       -1.74348364174789        0.04840200953290
C           14.12870507784683        1.25635279761633        0.41927386968648
C           11.38042227901522       -2.41281790112896        0.66286322753913
C            9.54395423902875        1.70532592356424       -0.31698975104009
N           15.37853435877923        1.81095007290947        0.36337695703513
N           11.17727501439791       -3.68020825625256        1.06131994187408
N            8.73262364351320        2.62178810601395       -0.72076207236436
C           15.65262251363480        3.23453902697115        0.36532141566941
C           16.50496973680304        1.13299245453626        0.12642419212721
C            7.43530140535793        2.53475718419676       -0.97979578010221
C           12.21598158397774       -4.63538459869731        0.53712434029527
C           10.30739424264389       -4.41187353559085        0.09543519453745
N           16.69716833685254        3.68247751191562       -0.25785617073040
N           17.57085377611876        1.55491205392524       -0.29121095879624
N            6.80486077305638        3.78930666664427       -1.29426347997718
N            6.62495737612226        1.53383659706653       -0.83521832059557
N           13.37241632721129       -4.13025752295952        0.23938790493099
N            9.50375457964268       -3.73112605421363       -0.63932041419453
C           17.66530065660774        2.90109806273351       -0.79041720173350
C           11.24682855294038       -5.53335181425995       -0.05307719210041
N           18.58497621634357        3.17227914434401       -1.59221978492418
N           11.29669109308993       -6.70827295374223       -0.49785042637904
C           14.83890177250763        4.04674745797143        1.13385591744836
C           10.82639923575247        3.60027171824318        0.42892358182510
C           13.71110112963365       -2.90202966920082        0.37872086436812
C            9.24641151285136       -2.47151164512763       -0.43354500664354
C           13.81336135605371        4.42324608084154        1.87060695741392
C           11.35127024845097        4.83545996912790        0.70182929627080
N           14.61972355629619        5.49658976003674        1.43474473813647
N            9.92788943589063        4.63958967820235        0.62098084250106
H           18.63649063759329        4.11507751423752       -1.94867683037354
H           10.43004697966334       -7.09596106142498       -0.84971391446243
H           14.22474205210595        6.06471722931860        0.68407809094285
H            9.25816630394988        5.00419672727273       -0.04137641764501
H           12.99599243814484        4.24938521669060        2.52322052149136
92
 energy: -210.075681526169 gnorm: 0.016573579824 xtb: 6.7.1pre (5071a88)
N           -0.18688855235191        0.10720918620016        0.33045739981335
C           -0.25115286777890        1.48516271107165        0.00062453561038
C            1.07333025714608       -0.48309691704110        0.32647679723099
C           -1.36053448840331       -0.61703023795947        0.33652239577157
N            0.84581126605663        2.15181075794789       -0.22173342399969
N           -1.43163852696442        2.06490077453248       -0.08923127287374
N            2.13538909585765        0.18385303065853        0.00674927064269
N            1.12758112224222       -1.78938377175646        0.66283447623169
N           -2.50832976143092       -0.04236247284662        0.13835249936744
N           -1.25239453926493       -1.94770234840266        0.55872864456704
C            2.01235546308517        1.49395532556783       -0.21996717089393
C           -0.03943785845460       -2.43227210010376        1.01985002173115
C           -2.50473252478905        1.29316823169609       -0.00415799998296
N            3.16391236594300        2.16186259375988       -0.49760463710537
N            0.00725492113039       -3.71828543222455        1.51604058814561
N           -3.73898727865369        1.85288909769068       -0.07770337905149
C            3.26167163524218        3.56893561302344       -0.54673667027762
C            4.31991191721887        1.36490026466684       -0.48022132203821
C           -4.01129999100272        3.25965338477124       -0.14048903009691
C           -4.79810860254552        1.03917952524431       -0.05608525326915
C            1.10748958583353       -4.40608617243030        0.73948983725016
C           -0.84845939692668       -4.51950281591703        0.55909166678343
N            4.35344988262673        4.17270939507964       -0.89214726816104
N            5.37643681448863        2.00781350877790       -0.91099076049604
N           -5.24409710132513        3.68751238857344        0.27901469669478
N           -5.75419168455852        0.41321605278260       -0.06687712069669
N            2.16836950317438       -3.75634757190618        0.45338317679109
N           -1.92445418274423       -4.02621445261245        0.08159134182880
C            5.40659736527766        3.39519099585087       -1.32680458603667
C           -6.23131142054452        3.19781249141996        0.78770290742780
C            0.24113549602470       -5.41367501246465        0.16908802586009
N            6.07425865560054        3.62228135056819       -2.56952243366105
N           -7.18040398526096        3.02343204513738        1.49685665886330
N            0.44250217194489       -6.53860617136120       -0.36168692421599
C            2.18884270800728        4.38805783571263       -0.16798223172250
C           -3.13975459260990        4.13802958297665       -0.60240434957261
C            2.35849628688770       -2.50108546141963        0.69457283551602
C           -2.34659980475143       -2.81822166420066        0.32844044064431
C            0.99064259342859        4.89939331283058       -0.17034655387617
C           -1.99854900609040        4.86904512951007       -1.15786818682854
N            1.98391140519689        5.84177161557705        0.19754697460327
N           -3.06280353053513        5.52303352156431       -0.77425644159505
H            5.86593013873472        4.56148281924255       -2.92702924270311
H           -8.08115027834992        2.64078268908904        1.29638783309332
H           -0.38664725000119       -7.03889034303978       -0.66077726323450
H            2.22309378251416        6.52208074600320       -0.52640628699283
H           -3.56843807703635        6.37890729732062       -0.65603278666474
H           -0.05288626464695        4.82259707503293       -0.37682474841037
N           11.70599224083208        0.15755992968477        0.27546187379691
C           11.91590226150214        1.54284521526885        0.26669222245813
C           12.88655629794860       -0.60860479595306        0.44764870807035
C           10.46490829970154       -0.34252699362832       -0.02148345721972
N           13.09891196057663        2.07684922812627        0.32864244352893
N           10.79807353757777        2.32808812521343        0.18221589074234
N           14.05717692099620       -0.07462351875759        0.48758966121653
N           12.68853537372633       -1.95075484677124        0.58499210213652
N            9.45869104731799        0.41874389591591       -0.33471739756994
N           10.36035769631760       -1.72055781730070        0.02845134142066
C           14.14841120354969        1.26156688980099        0.40501369093429
C           11.38417430318869       -2.39342025318681        0.64563822111056
C            9.55562535573676        1.73430276920067       -0.30634027622386
N           15.40116406798420        1.80935045837489        0.35442296473536
N           11.17478149489493       -3.65837895365082        1.04110960307098
N            8.73717376868982        2.65503273085182       -0.68949235975431
C           15.68112343394400        3.23287049894605        0.36713684826749
C           16.52638957569171        1.13211349002789        0.11435234195050
C            7.43899835021478        2.55019839095985       -0.94165576118071
C           12.20440807049940       -4.62581399668963        0.53397870691850
C           10.29742701919548       -4.39409545239526        0.08727778903047
N           16.72731457863344        3.68188095783955       -0.25332657530205
N           17.59417952772796        1.55237725440960       -0.29823542778317
N            6.79553598371281        3.79546004487972       -1.29728341080753
N            6.63806736508288        1.54813440237074       -0.76231582190565
N           13.36408192620329       -4.12702000933946        0.22521313811428
N            9.50559027617010       -3.70848921880556       -0.65882133883477
C           17.69263721889655        2.90219024515188       -0.79099036427781
C           11.22971849159980       -5.52470914553498       -0.04702102507749
N           18.61268322319834        3.17358539265732       -1.59213316315943
N           11.27467732824429       -6.70305075231532       -0.48338178597601
C           14.87264037571082        4.04153582428466        1.14471493513070
C           10.86299390218734        3.62146724952468        0.44660288015800
C           13.70378301044213       -2.89805657604634        0.34457842594082
C            9.25685784994075       -2.44634709229540       -0.46130410312411
C           13.85060060581709        4.41989078128820        1.88654984731032
C           11.40951638305390        4.84432288962262        0.72385363896415
N           14.66539663909347        5.48972563901389        1.45652652774834
N            9.97389301378721        4.66680665822469        0.66847477643849
H           18.66718069846271        4.11694645966996       -1.94659434117041
H           10.40728095415024       -7.09195078403985       -0.83167122686723
H           14.27317798376789        6.06608701685073        0.71087288988908
H            9.32974973711612        5.05718878231853       -0.00556947251500
H           13.03271378022681        4.24927858203314        2.53946515959098
92
 energy: -210.076381835427 gnorm: 0.015608958323 xtb: 6.7.1pre (5071a88)
N           -0.19275311574541        0.09793275819706        0.32399772712587
C           -0.25443699530132        1.47652782461789       -0.00842882622719
C            1.06622299468110       -0.49606672636310        0.31662108202133
C           -1.36852907440081       -0.62202111981118        0.32969387987459
N            0.84432196595499        2.13913205177184       -0.22896340340531
N           -1.43315677683545        2.05955156650234       -0.09946334003243
N            2.13120956824110        0.16872358565930        0.00187677404199
N            1.11564308016618       -1.80452547796876        0.64661436609792
N           -2.51444530312549       -0.04465624364063        0.13036634017904
N           -1.26580732813834       -1.95294005281639        0.55357562256310
C            2.01013736221209        1.48078589744106       -0.21722825279268
C           -0.05343480922602       -2.43978125668819        1.01255171024843
C           -2.50751165007375        1.29126326048802       -0.01244197836463
N            3.16183356286607        2.15158084880737       -0.47868728963435
N           -0.01060210268937       -3.72377280289042        1.51327068141176
N           -3.74082120702666        1.85256054139366       -0.08275046877912
C            3.25437619854056        3.55853261602352       -0.53948701073651
C            4.32253646843889        1.37010191657355       -0.42894760287844
C           -4.01249184307217        3.25885498109989       -0.14420407509367
C           -4.79987349189498        1.03889729158825       -0.05867522980188
C            1.08111739352846       -4.42294997474691        0.73603773522589
C           -0.87615645409514       -4.52746531937513        0.56758067666128
N            4.34292765382831        4.16519422937499       -0.88916768911591
N            5.37610016857721        2.01167992288016       -0.86514730932236
N           -5.24230533695572        3.68644751062323        0.28498202407377
N           -5.75304960742812        0.41088727036797       -0.06398744743593
N            2.14209723174753       -3.77919375162439        0.43618938964958
N           -1.94999774834406       -4.03046774598994        0.08916545017541
C            5.40289190749347        3.38702833350601       -1.30913689331569
C           -6.22543402749500        3.19282371677560        0.79845149788334
C            0.20601590446669       -5.43150582527305        0.17969811668499
N            6.07696073383475        3.59942195968802       -2.55344627700566
N           -7.17701483744686        3.01928183473116        1.50430865340946
N            0.39796333261460       -6.56303743323082       -0.34006618036554
C            2.17739287481167        4.37764425975594       -0.17133481969930
C           -3.14130003657472        4.13861008127016       -0.60391281191141
C            2.34039659713415       -2.52401133811491        0.67135129570377
C           -2.36379519687933       -2.81839180717749        0.33073486446388
C            0.97992210701779        4.89313442538688       -0.19850739713062
C           -2.00325205747227        4.87223519023126       -1.16171030608314
N            1.97487281433879        5.84126988430094        0.16021595851214
N           -3.06843784258472        5.52336617599838       -0.77754498672095
H            5.87123301354263        4.52697910002494       -2.93139210468971
H           -8.07473858522591        2.63053082045349        1.30293488436791
H           -0.43514011316446       -7.06260497181992       -0.62928595653399
H            2.22684737011256        6.50519916148573       -0.57842517061011
H           -3.57433755238176        6.37788607001234       -0.65276720386083
H           -0.06481136930327        4.81951215781890       -0.41450613964718
N           11.71409477254108        0.17014165314118        0.25522275237895
C           11.92693515366999        1.55593555853825        0.25510961165162
C           12.89184756610029       -0.60114317573724        0.43492892154287
C           10.47080532648242       -0.32534365350213       -0.03062901346104
N           13.11219200814028        2.08416631138579        0.31248910341476
N           10.81096445192760        2.34607885434927        0.18729376026045
N           14.06341608794774       -0.06839061125521        0.48143290220697
N           12.69001953570924       -1.94137475696756        0.57536543237239
N            9.46432330196854        0.44082090472499       -0.32911880774250
N           10.36248638604995       -1.70418220669740        0.01384882053292
C           14.15938014917887        1.26512632871559        0.39129500196326
C           11.38536832959830       -2.37955890999751        0.63081567332060
C            9.56139689983512        1.75432923451351       -0.29588255556022
N           15.41422176952194        1.80842684592409        0.34282558770381
N           11.17222956987655       -3.64312235852671        1.02209024071562
N            8.73724806240967        2.67762721891493       -0.65847544938153
C           15.69731870649241        3.23212822873138        0.36732468164974
C           16.53934420453808        1.13511005678206        0.09954162872076
C            7.43947490370511        2.56237194260275       -0.91190255473222
C           12.19264538626149       -4.61788681474270        0.52892234493143
C           10.28531233539063       -4.38192110823438        0.08205143280281
N           16.74554220235463        3.68443170737106       -0.24872726525938
N           17.60911287285160        1.55526496172678       -0.30539505867456
N            6.78693285877228        3.79380447580527       -1.28564628582676
N            6.64368759792205        1.56185716040071       -0.70127563266098
N           13.35515556334928       -4.12458721347806        0.21070483486919
N            9.50008339943111       -3.69319152174917       -0.66941119143791
C           17.71033012554551        2.90943155674767       -0.79107233026159
C           11.21306286344410       -5.51751502540012       -0.04400945545303
N           18.63120047621731        3.18189340491264       -1.59049536715021
N           11.25559861015319       -6.69664693768398       -0.47731396071986
C           14.89170938768535        4.03618196924255        1.15163025409426
C           10.88949245920814        3.63504467529659        0.46938668890651
C           13.69456764447359       -2.89627395862887        0.31467210308771
C            9.26092525934670       -2.42863276221562       -0.47784468522351
C           13.87085653360796        4.41700689760683        1.89417130362400
C           11.46042288280776        4.85163698692441        0.73284352633664
N           14.69466769408622        5.48287623300951        1.47066327768200
N           10.01817933444211        4.68899659460239        0.69405846350892
H           18.68786476616557        4.12583773671756       -1.94304330748927
H           10.38750039657933       -7.08775101680973       -0.82111981153670
H           14.30796228186988        6.06615802710450        0.72777126756898
H            9.39324746023815        5.09635972235861        0.01172796269396
H           13.05166258078863        4.25015838615248        2.54562759478258
92
 energy: -210.077023878846 gnorm: 0.021006358554 xtb: 6.7.1pre (5071a88)
N           -0.20075397649254        0.08941889769205        0.31550902187000
C           -0.25912095862526        1.46863539388244       -0.02047549440374
C            1.05731945990878       -0.50826260327690        0.30636758260960
C           -1.37853222539969       -0.62627102603973        0.32185723227122
N            0.84197485798429        2.12782106867429       -0.23810433916727
N           -1.43650787028990        2.05404432548522       -0.11471574365972
N            2.12520716718149        0.15505421042440       -0.00168376221360
N            1.10150746692678       -1.81923055188973        0.63037679551808
N           -2.52276148670762       -0.04675965372539        0.12111687666508
N           -1.28101485786153       -1.95769594130139        0.54900985139853
C            2.00739202721112        1.46933645285129       -0.21481984884454
C           -0.06909711313898       -2.44724687506552        1.00363520484206
C           -2.51230359880059        1.28945005881049       -0.02424435137449
N            3.16178942370480        2.14083950287276       -0.45850476974716
N           -0.02980811793126       -3.72854106110236        1.51016262648579
N           -3.74526420806777        1.85186060723064       -0.09173901498052
C            3.24819557051612        3.54943452369807       -0.53990195092123
C            4.33018314691153        1.36980239692423       -0.37154951697009
C           -4.01715186751281        3.25834394981512       -0.14869060073072
C           -4.80464225919801        1.03651612032487       -0.06301289213175
C            1.05338385522503       -4.43956765727550        0.73230687026315
C           -0.90512056981746       -4.53534917199059        0.57607927278153
N            4.33501262274197        4.15633444412128       -0.89259464029151
N            5.38305034507676        2.00693456496500       -0.81053060518199
N           -5.24429065511784        3.68492014415156        0.29000157572129
N           -5.76189961104518        0.40598267340651       -0.03850844370138
N            2.11459470941686       -3.80194423216350        0.41849161687537
N           -1.97726971957712       -4.03507840217265        0.09711536613268
C            5.40209107261794        3.37576356203845       -1.29234778168743
C           -6.22488227007112        3.18895660859720        0.80608592982652
C            0.16974977307743       -5.44924035685547        0.19091344319788
N            6.07672520805009        3.56373818293176       -2.54284671174991
N           -7.17301986477671        3.01052721513461        1.51548095474739
N            0.35210580697378       -6.58666396645636       -0.31932189202723
C            2.16558831492323        4.36875582671471       -0.18600052004902
C           -3.14756400406102        4.13986224855744       -0.60809328823973
C            2.32136402790801       -2.54674902080017        0.64737856818040
C           -2.38336799491673       -2.81888945629799        0.33297690665477
C            0.97076998002610        4.88639826293325       -0.22481527348989
C           -2.01460664476409        4.87588394067461       -1.17444500422539
N            1.96423107003835        5.84013810972898        0.11730674225621
N           -3.07742581485490        5.52531108378375       -0.77967786705410
H            5.87087028393639        4.47782172527304       -2.94825841363915
H           -8.07151778523500        2.62212687866575        1.31676849234211
H           -0.48535620629073       -7.08481752683971       -0.59852151344709
H            2.21716762813700        6.48854375028780       -0.63241303676387
H           -3.58236167869748        6.37942105969930       -0.64534353054077
H           -0.07354933865818        4.81419886695985       -0.44161051046451
N           11.72307110568313        0.18283407483222        0.24215914281334
C           11.93935723944090        1.56745743718126        0.24799094365794
C           12.89912098606962       -0.59311932614976        0.42196493629057
C           10.47743154817216       -0.30594512491422       -0.04006858677532
N           13.12609515958744        2.09206110635098        0.30346914905441
N           10.82731850336158        2.36288595145784        0.19475796163119
N           14.07274931000039       -0.06214271307750        0.46980903334930
N           12.69244451704108       -1.93112518661519        0.56155474472122
N            9.47322004616726        0.46754893395980       -0.32567947101896
N           10.36516031739477       -1.68505151062616       -0.00560195859762
C           14.17162114864574        1.26942080945093        0.37908018650414
C           11.38639969466233       -2.36367181013991        0.61489941770449
C            9.57284102301520        1.77977951983121       -0.27810198827626
N           15.42788288081181        1.81031964062400        0.32876096259484
N           11.16741885550585       -3.62524397520696        1.00337068203010
N            8.74284683098951        2.70333460377990       -0.62175869079508
C           15.71499521439546        3.23323800672282        0.36649785643666
C           16.55117775618220        1.13807334102825        0.08105842820049
C            7.44436643130939        2.57509080533393       -0.87604686662764
C           12.17974394444071       -4.61149398781002        0.52621525333472
C           10.27378156352393       -4.36714757709024        0.07439679131103
N           16.76609361621950        3.68744567743360       -0.24463915691264
N           17.62362429963889        1.55709362760637       -0.31565788758947
N            6.78085019803309        3.78923946089585       -1.27508278658159
N            6.65736257378605        1.57145730903505       -0.63001075300985
N           13.34440741357141       -4.12324749998762        0.19623727100596
N            9.49721400917989       -3.67623921835534       -0.68755838909420
C           17.72986200075552        2.91600134044839       -0.79205247852791
C           11.19547808978564       -5.51062314158337       -0.04018024503641
N           18.65277703349554        3.18832277491207       -1.58856378682716
N           11.23380819856375       -6.69209396508060       -0.46798287151313
C           14.91263312652571        4.03288739456845        1.15752852919070
C           10.92518621723001        3.65099539208742        0.48055194263828
C           13.68454387952993       -2.89602950885096        0.28224538099710
C            9.26797360517317       -2.40887427398304       -0.50220439764454
C           13.89320602424938        4.41317036126004        1.90353200617465
C           11.52104177951520        4.85663795909549        0.73868425255537
N           14.72210782615967        5.47754301835637        1.48694188615749
N           10.06855186504695        4.71884931329404        0.72299275517094
H           18.71434256169157        4.13359600836375       -1.93704621427781
H           10.36449567651783       -7.08240990016916       -0.80920831117969
H           14.33856821847846        6.07010836981413        0.74891153916394
H            9.45673427905752        5.14540799598193        0.03761680477274
H           13.07918631076513        4.24565633187241        2.56310236981301
92
 energy: -210.077896954698 gnorm: 0.023737927587 xtb: 6.7.1pre (5071a88)
N           -0.20260300223463        0.08241190630471        0.31477569822021
C           -0.25964479648974        1.46414836300290       -0.01574559382471
C            1.05560754020751       -0.51673510788475        0.29719535245234
C           -1.38139635975558       -0.63016841014388        0.32015871606111
N            0.84227843986469        2.12378958547587       -0.22744908654194
N           -1.43679075509061        2.04927917471791       -0.10953005298010
N            2.12404680669482        0.14955851068508       -0.00211763770303
N            1.09677159096750       -1.83269014662073        0.60651228633918
N           -2.52533727394074       -0.05052119267433        0.11820208640639
N           -1.28693303885311       -1.96261705586069        0.54789765073232
C            2.00674520674026        1.46729985095490       -0.20178320670544
C           -0.07305836558435       -2.45408214646185        0.99206015360880
C           -2.51326610097825        1.28601244930088       -0.02465574140874
N            3.16187645460353        2.14088112755333       -0.42952595280952
N           -0.03345637258703       -3.73266407681819        1.50248486355508
N           -3.74536596456901        1.85008584587904       -0.09741459518787
C            3.24541264294350        3.55008526312714       -0.53001531330649
C            4.33054873287494        1.38211213194756       -0.32045621603526
C           -4.01188068035305        3.25838146187958       -0.15278758618858
C           -4.80765380156399        1.03638765747367       -0.07377736194283
C            1.03646655148703       -4.45601195413126        0.71832587158118
C           -0.92312555890181       -4.54389265087069        0.58580950310416
N            4.33194064097302        4.15435167869213       -0.88449743911993
N            5.38613371716796        2.01141647524231       -0.75681312063938
N           -5.23385702456258        3.68879300385534        0.29713009360776
N           -5.76040993303413        0.40682355733374       -0.05864316846339
N            2.09450577583429       -3.82369635921186        0.38071727052125
N           -1.99509878804880       -4.04046731924987        0.10956016564269
C            5.40463600112083        3.37308685268423       -1.26390004437765
C           -6.21336330811765        3.19051924694661        0.81235684726774
C            0.14191099937708       -5.46868032128196        0.20026736128120
N            6.08058548240833        3.53888873861220       -2.51746900184778
N           -7.15407540488517        2.99819708893080        1.52841837926385
N            0.31160088279176       -6.61323778180716       -0.29760672761967
C            2.15608833861230        4.36823925364984       -0.19298714654511
C           -3.14197815065207        4.13531786533276       -0.61906909401635
C            2.31104892548092       -2.56909461796434        0.60351378832039
C           -2.39273181787283       -2.82074975924064        0.34170948048975
C            0.96153814618909        4.88448206676452       -0.24250417774365
C           -2.01036259986693        4.86203363442031       -1.20189778148868
N            1.95499850990091        5.85168857258816        0.06539347680616
N           -3.06429293567351        5.51924709304788       -0.79523295188433
H            5.87669934689602        4.43753445476980       -2.95110562319335
H           -8.05630012346780        2.61798989554997        1.33119574525920
H           -0.53164959888405       -7.11110555806611       -0.56007909982323
H            2.20130990443458        6.47642201165990       -0.70626720743094
H           -3.55903632452052        6.37772851431924       -0.64947720440021
H           -0.08490880620206        4.80781006130506       -0.44828043232897
N           11.72592200328746        0.18722414045737        0.23306952459685
C           11.94310286735076        1.56979206733876        0.24617901445738
C           12.90222551401652       -0.59095247191198        0.41076725275773
C           10.47927019584646       -0.29509793479864       -0.04732448816511
N           13.13060703798164        2.09402101330847        0.29628175326078
N           10.83596483617487        2.37003955975771        0.21428911289639
N           14.07737787833603       -0.05991138679662        0.45788085071111
N           12.69111028600749       -1.92621662719917        0.54785611640099
N            9.47855428799590        0.48658600743006       -0.32093649489629
N           10.36221211074779       -1.67349791094617       -0.02351914169957
C           14.17545997313367        1.27019326608305        0.36568392204610
C           11.38445918696478       -2.35491838296806        0.59892778837094
C            9.57814062921639        1.79658899279098       -0.24864214186527
N           15.43151138617175        1.81370791468095        0.30835213514255
N           11.16113009141393       -3.61495394542790        0.98468914544981
N            8.73885779853558        2.72043138366079       -0.56264381028122
C           15.71699260146517        3.23617318160679        0.36233839285491
C           16.55453898835358        1.14786778112998        0.05539176798016
C            7.44305867144343        2.58501336610850       -0.82856161526525
C           12.16428482553748       -4.60954226168765        0.52320255864889
C           10.25770360914790       -4.35842115263504        0.06991277394796
N           16.77151473186117        3.69614452192414       -0.24059927791849
N           17.62996526236757        1.56837648126454       -0.32788736575141
N            6.77973831516501        3.78560945730010       -1.24819190666744
N            6.66478633178647        1.59046138551881       -0.56727732353729
N           13.33144874954759       -4.12700338771812        0.18251233175363
N            9.48375918026599       -3.66778512126191       -0.69672290727376
C           17.73848939501825        2.93429617437491       -0.79230565581081
C           11.17544774115465       -5.50667174058544       -0.03900644502815
N           18.66509090313530        3.20853812551300       -1.58286951330486
N           11.21180087578010       -6.68728703378675       -0.46834303153640
C           14.91318879394027        4.02881072500493        1.15668793574447
C           10.95910898524512        3.65772422414900        0.49496102375767
C           13.67091467326799       -2.90146880936522        0.25024386900744
C            9.26736562369135       -2.39701478245916       -0.51586206421154
C           13.89144803034005        4.40827364815661        1.90239805331001
C           11.58235393765890        4.85459801344600        0.70582270682733
N           14.72460036153262        5.47091923071634        1.49227827219172
N           10.12511749931932        4.74998836476634        0.72435514751201
H           18.73136960948392        4.15529222962454       -1.92624539845251
H           10.34093455010939       -7.07647159517208       -0.80654119970754
H           14.34693887828647        6.07063528252393        0.75670854919123
H            9.51069647836871        5.17826970110242        0.05585615420524
H           13.08743856261950        4.23891636925884        2.57729240331535
92
 energy: -210.078865635554 gnorm: 0.024717251391 xtb: 6.7.1pre (5071a88)
N           -0.20661847639376        0.07580210013325        0.30971338058495
C           -0.26128605984043        1.45886472110942       -0.01695778028822
C            1.05142241219057       -0.52538024851473        0.28903572435971
C           -1.38702379493354       -0.63371063469667        0.31501837488062
N            0.84220239299153        2.11918133733803       -0.21950900050362
N           -1.43816879425314        2.04437254452135       -0.11384846992192
N            2.12097877154795        0.14298967248565        0.00011056831948
N            1.08797479387479       -1.84516564894143        0.58743019278892
N           -2.53049146024174       -0.05321872549111        0.11274521615998
N           -1.29610815619182       -1.96654479972388        0.54529199922363
C            2.00693835406601        1.46391117372667       -0.18804310634296
C           -0.08125939942889       -2.46115252397438        0.98042323268375
C           -2.51641280581457        1.28323707603254       -0.03000965485898
N            3.16541660978874        2.13787702541062       -0.39752402683927
N           -0.04255139529391       -3.73624840510127        1.49643191992148
N           -3.74820709469049        1.84880782155223       -0.10459170748249
C            3.24428061094700        3.54719356312639       -0.52192587274157
C            4.33763521781903        1.38547465838738       -0.25937965558263
C           -4.01264629782167        3.25840475384021       -0.15493023259380
C           -4.81215046523803        1.03578054412568       -0.07869660195882
C            1.01660415113001       -4.47068566554065        0.70727274055226
C           -0.94398953402997       -4.55151440177288        0.59448826321174
N            4.33191492422656        4.14674506053293       -0.87925634707570
N            5.39554546218548        2.00764784579555       -0.69951394689551
N           -5.23039465149755        3.68979919624061        0.30582479247101
N           -5.76397830711429        0.40718005850113       -0.06346555246069
N            2.07264260233854       -3.84393826853535        0.35113857860487
N           -2.01609344227742       -4.04519912965284        0.12091604421184
C            5.40857166650883        3.36417133599230       -1.23911810558190
C           -6.20861853501776        3.18987534084095        0.82178482170044
C            0.11302060412572       -5.48522919695839        0.20892992969066
N            6.07620648143822        3.50124619419708       -2.50007177742459
N           -7.14279257359101        2.98863644947869        1.54390765738663
N            0.27172350239477       -6.63521278359736       -0.28010888333312
C            2.14604447624845        4.36446372143721       -0.20961822958184
C           -3.14404370828496        4.13314720784360       -0.62757104101482
C            2.29856757336509       -2.58979488561969        0.56773830778173
C           -2.40665057248054       -2.82246603718258        0.34843290456559
C            0.94804680874963        4.88081744101035       -0.27450094770255
C           -2.01362205973166        4.85557178960019       -1.21952193809304
N            1.94118962347264        5.85451699461074        0.02044919087502
N           -3.06152613626545        5.51710240265017       -0.80316530872686
H            5.86655342927142        4.38592132880025       -2.96040111854915
H           -8.04835503961900        2.61449205465583        1.34882900196169
H           -0.57713310629162       -7.13139405107890       -0.52803056708586
H            2.19044635065916        6.46675511143919       -0.76412845055762
H           -3.54954360630927        6.37830953190126       -0.64920245021798
H           -0.10218960493961        4.80005828514488       -0.47987311549683
N           11.72979470013769        0.19382218922594        0.23834112629931
C           11.94907529233741        1.57351148416415        0.25787566002017
C           12.90789857589791       -0.58731102606695        0.39987442878866
C           10.48076630219104       -0.28069891098787       -0.05104340623700
N           13.13663206371554        2.09847857289235        0.30462507990340
N           10.84703480796971        2.37811109458259        0.23613941986293
N           14.08567512708142       -0.05775509336074        0.43818177224644
N           12.69210383922702       -1.92064638446142        0.52982340896187
N            9.48521410069198        0.50923323258658       -0.31713669728017
N           10.36124525187910       -1.65847510294408       -0.04332284461866
C           14.18173073635711        1.27201317634895        0.35741745817675
C           11.38376651078510       -2.34401855741513        0.58333169738286
C            9.59100292538575        1.82039604097720       -0.21751156209490
N           15.43713410898233        1.81944236436937        0.29206718128972
N           11.15436238339830       -3.60155378534235        0.96627065846714
N            8.74305334638265        2.74144066594668       -0.51405350397197
C           15.72292926496094        3.24108200109611        0.36098008414143
C           16.55778863919536        1.15479617930774        0.03156203999548
C            7.44658605097222        2.59553972509381       -0.77742397281552
C           12.15080567926441       -4.60957905599911        0.52277163144426
C           10.24661947689125       -4.34597848566055        0.06080276559968
N           16.78039201784344        3.70394000436131       -0.23627136632732
N           17.63551320715593        1.57558684156641       -0.34294960293559
N            6.78191084304178        3.78396233493076       -1.23345848477814
N            6.67633102494168        1.60103723388664       -0.48994489932655
N           13.31890843414470       -4.13061489723508        0.16956791280131
N            9.48048846846554       -3.65512751025153       -0.71683791145422
C           17.74779497852280        2.94797839316693       -0.79373417621029
C           11.15703815670471       -5.50276553692106       -0.03799472276702
N           18.67845587573046        3.22423024046900       -1.57831230523363
N           11.18741300604045       -6.68439905972898       -0.46459435410361
C           14.91778049088770        4.02802191202682        1.15864309831240
C           10.99233311615965        3.66915800080066        0.50271373446362
C           13.65845365989424       -2.90614927186316        0.21583322345721
C            9.27284439094647       -2.38250041197172       -0.53924462431307
C           13.89076334794387        4.40415879329979        1.90067049267567
C           11.65951856909949        4.84668477116973        0.69167739875530
N           14.72770669266993        5.46715865594476        1.50359491912606
N           10.19492274642843        4.77987767092785        0.71461707640855
H           18.75220378965629        4.17332948560805       -1.91362378274322
H           10.31431353382742       -7.06926594938097       -0.80187123309511
H           14.35863981363184        6.07526970420946        0.77119766196744
H            9.58378055130280        5.22132296408979        0.03467939121507
H           13.09937835946339        4.22762337045893        2.58617617544752
92
 energy: -210.080310280949 gnorm: 0.025241664141 xtb: 6.7.1pre (5071a88)
N           -0.20571383046420        0.07240239205078        0.30861836156101
C           -0.26033347539351        1.45744808306079       -0.00743869912101
C            1.05291953071133       -0.52854415767845        0.28368331444462
C           -1.38705195043525       -0.63603179234590        0.31268830894572
N            0.84283527879173        2.12235161059998       -0.19788724732149
N           -1.43766744774930        2.04169493216687       -0.10856806362573
N            2.12141449122236        0.14490387706421        0.00592360133533
N            1.08610736947510       -1.85276900682260        0.56744838762920
N           -2.53082378559101       -0.05604101555362        0.10878626900813
N           -1.29775729223403       -1.96847511297147        0.54479140037965
C            2.00859952685334        1.46920429668524       -0.16761729148717
C           -0.08050467821447       -2.46590263122117        0.96876384964719
C           -2.51679922389310        1.27998634106726       -0.03309268041331
N            3.16742215794916        2.14470630316892       -0.36396319230692
N           -0.03989009470375       -3.73759741639925        1.48878672555749
N           -3.74764589633992        1.84659384675408       -0.11672515786809
C            3.24432638756428        3.55153662005090       -0.51169694071056
C            4.33905097698985        1.39501808198698       -0.20530401938239
C           -4.00927257945448        3.25769614645450       -0.16129266427164
C           -4.81261014877257        1.03595313373117       -0.09381520356205
C            1.00707435256193       -4.48058106584088        0.69006982275395
C           -0.95397129757069       -4.55710002322336        0.60349533869782
N            4.33742825008674        4.14139398642641       -0.86567257929851
N            5.40074695017899        2.00983759555062       -0.65303630854249
N           -5.21978352199032        3.69184556692540        0.31600956450870
N           -5.76813520652768        0.40839127813501       -0.07523242907893
N            2.05850657178436       -3.85813957206549        0.31255029745966
N           -2.02814988931544       -4.04847260135800        0.13596100050031
C            5.41465016112767        3.35808622532424       -1.20911199043147
C           -6.19538375399205        3.18991708975124        0.83601991339418
C            0.09501037953380       -5.49756668775655        0.21409997301691
N            6.07842234519364        3.47289126776710       -2.46393016753603
N           -7.12760323485923        2.98604467056797        1.55856286152314
N            0.24274212023199       -6.65243383864062       -0.26647109799176
C            2.14014580542734        4.37128066928970       -0.23192246300042
C           -3.14253996106092        4.12720623643644       -0.64685402496623
C            2.29363322317205       -2.60493000362826        0.52335440035204
C           -2.41252286499100       -2.82425074155162        0.36024042129918
C            0.94173028869775        4.87680657153172       -0.28502853632961
C           -2.01144335207939        4.83735971989635       -1.25256175622016
N            1.92667683854901        5.86489074053135       -0.03285467563119
N           -3.04667841579272        5.51030775331340       -0.82195489604903
H            5.86196617826950        4.34462938064423       -2.93591320680648
H           -8.03496057607512        2.61658615052309        1.36122568447504
H           -0.61194117669880       -7.14739092166847       -0.49622041541770
H            2.15667274541377        6.45868264493733       -0.83437450915479
H           -3.52085540547744        6.37753378011861       -0.65937577108222
H           -0.10810901539432        4.77976173257864       -0.46463874833572
N           11.72970899902517        0.19348165725057        0.25366033180341
C           11.95252387973429        1.56812717000959        0.27470854927501
C           12.91230783982780       -0.59055256019847        0.38937592092385
C           10.47738965126029       -0.27302882272870       -0.05156815427496
N           13.13822317027203        2.09606401518234        0.31749414197158
N           10.85610003291991        2.37755714868709        0.25571007485855
N           14.09302378987000       -0.06225822870432        0.41211075102757
N           12.69197068760290       -1.92236626713926        0.51092518521347
N            9.48659301220961        0.52397893957362       -0.31380779122847
N           10.35753596121602       -1.64977115004683       -0.06139600959504
C           14.18461732651322        1.26771114648247        0.34941427524266
C           11.38177867723887       -2.34023671838598        0.56968656327061
C            9.60122362489125        1.83738075183230       -0.18519666659584
N           15.43678806473399        1.82519535109081        0.27666613224151
N           11.14646034902517       -3.59489744521396        0.95026007657209
N            8.74354169966453        2.75271331417170       -0.46823631529762
C           15.71560274837336        3.24761884057184        0.35878925119438
C           16.55767534302322        1.16585386901795        0.01053873642108
C            7.44832577732252        2.60067905682164       -0.72911580493968
C           12.13752800878956       -4.61606487004958        0.52556868766100
C           10.23584236865805       -4.33803985571150        0.05330369966388
N           16.77532130226546        3.71587711580372       -0.23215674694334
N           17.63609873888508        1.59030228212264       -0.35589079029001
N            6.78783187297108        3.77864190031885       -1.20840050613069
N            6.67644546069527        1.61042416895250       -0.41775220762473
N           13.30623485495741       -4.14007615251505        0.16239992083318
N            9.47584355023812       -3.64788223498139       -0.73222148868479
C           17.74647675663338        2.96953252023708       -0.79307147150909
C           11.13822824231118       -5.50233470538588       -0.03862190482361
N           18.68272247702154        3.25165761252461       -1.56877397518548
N           11.16145474080861       -6.68325713325139       -0.46609197663243
C           14.90246450184547        4.02764035388804        1.15432088191200
C           11.02863911158397        3.67284612946001        0.49908451044750
C           13.64428976721089       -2.91639497644127        0.18501776125513
C            9.27552531696730       -2.37435088477105       -0.55565508877065
C           13.86145323986151        4.40078317214966        1.88242509434303
C           11.74185134474429        4.83077149995221        0.64930137344931
N           14.70451780574625        5.46317534035942        1.50303553812563
N           10.27102520470293        4.81726072869843        0.69348258907199
H           18.76313224319739        4.20280266800632       -1.89518562192692
H           10.28547780920730       -7.06255351537310       -0.80263026202539
H           14.34909573303815        6.07660230815713        0.77110212395064
H            9.64908165571632        5.25106255954776        0.01448819106000
H           13.09226940245978        4.21346876366142        2.58743266007056
92
 energy: -210.083118401265 gnorm: 0.043210265563 xtb: 6.7.1pre (5071a88)
N           -0.20723027095902        0.06863569771675        0.30448703958123
C           -0.26207160349808        1.45499379138370       -0.00095145069443
C            1.05154787817763       -0.53217542400335        0.27738482670442
C           -1.39008480231309       -0.63910899188200        0.30866826284965
N            0.84057344607928        2.12490110441854       -0.17815191326347
N           -1.43943575848762        2.03918056914424       -0.10713422915174
N            2.11929932432927        0.14549562006167        0.01132182985084
N            1.08041652171610       -1.85980385377551        0.54798379222333
N           -2.53400140566771       -0.05859866185089        0.10410076222255
N           -1.30268023521238       -1.96984925002945        0.54352905620467
C            2.00819565179812        1.47253296078805       -0.14774964123439
C           -0.08312744818076       -2.47092338741496        0.95778549655103
C           -2.52020795437330        1.27647591260318       -0.03831432830589
N            3.16800195430314        2.15059988637162       -0.32700658336026
N           -0.04047049892634       -3.73913454601688        1.48197256345262
N           -3.75058088231763        1.84450250488989       -0.12783060704572
C            3.24114478296538        3.55312615723853       -0.50056810779984
C            4.34303756574394        1.40262676982540       -0.13524268948725
C           -4.01051386470910        3.25651453865747       -0.16452973047552
C           -4.81631139517871        1.03807501834550       -0.10346745372922
C            0.99436688695980       -4.48894162760509        0.67150262533954
C           -0.96671533622938       -4.56217882740192        0.61331429958156
N            4.33859740555364        4.13564936828384       -0.85570821420677
N            5.40832211687818        2.01247672551433       -0.59284077248828
N           -5.21336948462407        3.69324445206570        0.32834480846274
N           -5.77336016587356        0.41239472723194       -0.09857698142781
N            2.04055362836404       -3.87091722805263        0.27392975047714
N           -2.04402235682511       -4.05094182015767        0.15396496806367
C            5.41714308621851        3.34805954785648       -1.17737982543604
C           -6.18724742753737        3.19053785625632        0.85147596368224
C            0.07467386813229       -5.50745939499126        0.21706545614984
N            6.08156397672469        3.42358087850155       -2.42580009921477
N           -7.11487153957862        2.98258810201098        1.57829557998726
N            0.21215357158458       -6.66680592487852       -0.25570526624590
C            2.13458346297540        4.37578948351278       -0.25538190623362
C           -3.14707577930442        4.12099459906209       -0.66531594586229
C            2.28496553070445       -2.61878052454416        0.47810021264387
C           -2.42223908560366       -2.82591469178306        0.37448893278458
C            0.93180844889950        4.87099896350618       -0.30480343408044
C           -2.01390226406015        4.81847916080043       -1.27997244675759
N            1.91016874044080        5.86990730629193       -0.08685986144436
N           -3.03678691892479        5.50320862186595       -0.83902659100062
H            5.85168932924330        4.28434176802986       -2.92071939807099
H           -8.02586054564850        2.62126249640739        1.38078552521061
H           -0.64808517129262       -7.15985274158699       -0.46665564268611
H            2.12720452015402        6.44628579064920       -0.90422537571749
H           -3.49673365121039        6.37646341228967       -0.67148340694704
H           -0.12004710898468        4.75592125259305       -0.47172854512718
N           11.73329781178400        0.19343899079956        0.27661063401422
C           11.96505233591074        1.56088320510551        0.29713940485079
C           12.92154619588887       -0.59690336749534        0.37481218507535
C           10.47564098806416       -0.26179716871327       -0.05080634425237
N           13.14741081659051        2.09012797216932        0.33415512962007
N           10.87444270507149        2.37865085233484        0.27625645488838
N           14.10663215474024       -0.07092786374388        0.37550304231566
N           12.69537075136913       -1.92722840263639        0.48740250807991
N            9.48803889772101        0.54235620918709       -0.30553208243030
N           10.35785507427736       -1.63786638279046       -0.08556941204601
C           14.19506587957186        1.25779611715348        0.33972039600298
C           11.38189739797430       -2.33620532462569        0.55313446720519
C            9.61535942704552        1.85916281518929       -0.14605377198709
N           15.44143540868915        1.82931633984992        0.26527297974230
N           11.13736123846855       -3.58711995489594        0.92930410037908
N            8.74682726885938        2.77120284243589       -0.41467948704457
C           15.70597603665859        3.25550718094306        0.35655380364493
C           16.56584463830957        1.17977343271963       -0.00119835725800
C            7.45367832664060        2.60889490238482       -0.66833488212180
C           12.12292261027214       -4.62586142089084        0.52968623838246
C           10.22539353764613       -4.32798540127015        0.04072461748625
N           16.76789970338034        3.73010179355868       -0.22813783236088
N           17.64288365312058        1.61022246329643       -0.36230587018537
N            6.79064134910399        3.77405386617635       -1.18345269799964
N            6.67576906643945        1.62630359088283       -0.32704730215537
N           13.29249247518464       -4.15318970009714        0.15640662343367
N            9.47729355607291       -3.63580499373318       -0.75596701067181
C           17.74563161334372        2.99553538766713       -0.78836055358809
C           11.11552513014888       -5.50283774486653       -0.04014926082178
N           18.68865583137946        3.28611945411586       -1.55300167391322
N           11.12754149182255       -6.68391709434364       -0.46596699463675
C           14.87798886749757        4.02790598058394        1.14267737668759
C           11.08534852953103        3.67901839971852        0.48708251787480
C           13.62758166750871       -2.93075064943986        0.14840246730138
C            9.28419125403534       -2.36198107999927       -0.57987126433590
C           13.81004049487849        4.40269455294166        1.84151377283333
C           11.85642351104973        4.80309856416642        0.59750813778192
N           14.67269173143906        5.45857329162557        1.49296244288132
N           10.37379745089954        4.86579847871362        0.68355030307842
H           18.77538051015650        4.23822510171849       -1.87182002437819
H           10.24818737582233       -7.05667354467869       -0.80153070241183
H           14.33959358937561        6.08229210492870        0.76194828035051
H            9.74116703066966        5.28038760893102        0.00177239822288
H           13.08342187311717        4.20301744672285        2.59736893786323
92
 energy: -210.089952544364 gnorm: 0.079673343626 xtb: 6.7.1pre (5071a88)
N           -0.20626509671326        0.06542232351540        0.30199954268434
C           -0.26090308883699        1.45335855427713        0.00661473514891
C            1.05265771990382       -0.53583721864132        0.27118191679858
C           -1.39026728176034       -0.64108127421982        0.30456185535548
N            0.84218856007160        2.12640543832772       -0.15889947753648
N           -1.43798362936550        2.03805772378630       -0.10261564631191
N            2.12053543721437        0.14502340850552        0.01492722754894
N            1.07791437189572       -1.86677452458580        0.52917094367555
N           -2.53352557372694       -0.05959795616132        0.09783094632265
N           -1.30513851134752       -1.97091182736654        0.54099435189856
C            2.01013339698452        1.47467687535818       -0.13000967305071
C           -0.08396899023938       -2.47475916155142        0.94751143799654
C           -2.51937114814649        1.27506894161902       -0.04285181161760
N            3.16985183602271        2.15563874228956       -0.29436859782779
N           -0.03988562962721       -3.74035239583839        1.47473285507609
N           -3.74886485615628        1.84385214139878       -0.13916164971089
C            3.24094227947309        3.55533917420924       -0.48931330296527
C            4.34282991401618        1.41508311338997       -0.08109798152933
C           -4.00735794967013        3.25660574896868       -0.16935926210566
C           -4.81446408663617        1.03935398139189       -0.11924421715261
C            0.98401435003927       -4.49725393262434        0.65463501111383
C           -0.97749598719729       -4.56646488963021        0.62082068551617
N            4.34088160447401        4.13268236566729       -0.84758434983026
N            5.41219652564269        2.01865674974958       -0.54141044138982
N           -5.20358573841964        3.69493179098976        0.33858828808494
N           -5.77677811147829        0.41429829323362       -0.10573238015386
N            2.02611624874224       -3.88302908424808        0.23913137888551
N           -2.05674276384070       -4.05252128214930        0.16783287733337
C            5.42206788620241        3.34156360686029       -1.14923456093581
C           -6.17460829786196        3.19002854628019        0.86567274108761
C            0.05661506207301       -5.51704270627247        0.21884221440385
N            6.08787950353357        3.38759385542163       -2.39670178909953
N           -7.10153300036138        2.98117502373461        1.59254806330834
N            0.18442962272961       -6.68080802011463       -0.24643562191951
C            2.13104000707494        4.38075051209740       -0.27201733090857
C           -3.14663152875088        4.11779996050778       -0.68052341177075
C            2.27877402618442       -2.63195610371671        0.43830332565999
C           -2.42864423076078       -2.82595681163255        0.38479199516280
C            0.92711965578642        4.86542625718133       -0.31481966444919
C           -2.01390491930483        4.80588715577643       -1.30703937170841
N            1.89834395467139        5.87835636481587       -0.13614962038039
N           -3.02596085122914        5.49939313802882       -0.85221319033789
H            5.85886356403673        4.23608846703491       -2.90666401378172
H           -8.01341915294168        2.62297800674157        1.39336658771645
H           -0.68075542154812       -7.17250067087425       -0.44154879067798
H            2.09794442841894        6.43709663096392       -0.96892244049188
H           -3.47516652282208        6.37718883047235       -0.67736751305336
H           -0.12243428678687        4.73365373911369       -0.45874500904026
N           11.73368873943793        0.18924486844062        0.29506723556361
C           11.97055516406319        1.55133736667083        0.31711938171457
C           12.92625878487919       -0.60479526091301        0.36517260515526
C           10.47296315862785       -0.25625087200214       -0.04584853083075
N           13.14973248132467        2.08183259694585        0.34768721528981
N           10.88543857636624        2.37563447425028        0.30098496461534
N           14.11421703325582       -0.07789658265337        0.35013844707848
N           12.69711699069017       -1.93240566748312        0.47110437199734
N            9.48881350253459        0.55364256447387       -0.29202402952835
N           10.35683693547712       -1.63131592320481       -0.10097840442617
C           14.19904034306992        1.24801967608575        0.33315445272467
C           11.38182244521028       -2.33580699322200        0.54144170943732
C            9.62388231056317        1.87201043335546       -0.10990736609308
N           15.43907532840934        1.83275414519968        0.25860639516599
N           11.13095752693908       -3.58548165685833        0.90930680249342
N            8.74842454076447        2.78215391070199       -0.36496350982294
C           15.68737550856289        3.26434048956831        0.35738815364305
C           16.56835197154797        1.19609754449270       -0.00487707761621
C            7.45594941367708        2.61513838613160       -0.61423692345321
C           12.10998019916702       -4.63453615903010        0.52935827624881
C           10.21429565457632       -4.32351561625811        0.02971734462709
N           16.75337464708286        3.74530772227492       -0.22021657466726
N           17.64398722874519        1.63262682326486       -0.35883451467463
N            6.79655161993776        3.77062804716564       -1.16518988067514
N            6.67591291043282        1.64334157713008       -0.25491871183721
N           13.28067812246388       -4.16438650171249        0.14786062084811
N            9.47436069058256       -3.62889023375822       -0.77277844488893
C           17.73945794804391        3.02285662502745       -0.77781466104679
C           11.09613276833207       -5.50432952129088       -0.04438696194807
N           18.68756832041444        3.31848434534168       -1.53419316197253
N           11.10113050477694       -6.68410871959670       -0.47097784062299
C           14.84024429963991        4.02957293127838        1.12636733129795
C           11.13481240089630        3.67598985287087        0.49808912406734
C           13.61243346841541       -2.94443567829673        0.11804837043038
C            9.28916725010738       -2.35507886424401       -0.59413186079481
C           13.73349041746127        4.41529667625582        1.77263682179268
C           11.97089319187899        4.76371376412834        0.56157455667147
N           14.63838914390851        5.45531099351954        1.47740976303795
N           10.47616895126502        4.89572761503029        0.67781430024380
H           18.77855135580033        4.27022565505868       -1.85073326161788
H           10.21957798586028       -7.05278703200588       -0.80522665805401
H           14.35061351897559        6.09720650729460        0.74329434032356
H            9.84091401415001        5.30443704649715       -0.01395677583354
H           13.04330533197795        4.21236804199459        2.56587970482075
92
 energy: -210.112584571308 gnorm: 0.147645796241 xtb: 6.7.1pre (5071a88)
N           -0.20685972775800        0.06546484168634        0.29636609686406
C           -0.26100335411641        1.45359151365845        0.00619491594472
C            1.05242075787154       -0.53564518724446        0.26662343121694
C           -1.39182475713868       -0.64097862689983        0.30124819333467
N            0.84229838401965        2.12952044035687       -0.15192125299296
N           -1.43818597352251        2.03825413109450       -0.10607277357714
N            2.11980723099731        0.14726512590512        0.01579091699848
N            1.07455423177572       -1.86746107614007        0.52165258374889
N           -2.53558494626320       -0.05910868784650        0.09634304826619
N           -1.30716726311030       -1.96959250857271        0.53994971900666
C            2.01117723080705        1.47790435991990       -0.12458192538537
C           -0.08525100793170       -2.47584977904461        0.94098757931671
C           -2.52147738083230        1.27484238746867       -0.04532352795874
N            3.17247160507689        2.15952692890404       -0.27920758011714
N           -0.04019623513654       -3.73954378599197        1.47106267365163
N           -3.75153818740824        1.84374677921845       -0.14315314845678
C            3.24410972256885        3.55591546024954       -0.48847692430397
C            4.34613598343046        1.41775632274434       -0.05300660437817
C           -4.01044635030712        3.25707031929834       -0.16765897195492
C           -4.81833456727127        1.04079748248668       -0.11690841265700
C            0.97934621428607       -4.49822503589573        0.64552707059121
C           -0.98132023573993       -4.56654942597294        0.62278294247149
N            4.34960580604824        4.12534793517138       -0.84360758677803
N            5.41987640320451        2.01817982040437       -0.51587830942889
N           -5.20324894912115        3.69473418054164        0.34643123044610
N           -5.78070602361310        0.41900832754193       -0.12006712974319
N            2.01914634384954       -3.88585076043412        0.22459646208864
N           -2.06265663084810       -4.05159518007442        0.17434630395517
C            5.42978273584760        3.33378050697330       -1.13527182146151
C           -6.17491092877918        3.19091392645118        0.87313693884104
C            0.05042898618443       -5.51750544589438        0.21729949561690
N            6.09292164464153        3.35688564817481       -2.37522288354937
N           -7.09913571833189        2.98129343254690        1.60248840528073
N            0.17499277717913       -6.68109112307997       -0.24783610717660
C            2.13310420689404        4.38245980079080       -0.29054592517879
C           -3.15323258773511        4.11683545182877       -0.68817941329186
C            2.27546133815625       -2.63543917263189        0.42080105103205
C           -2.43337340223580       -2.82572268215680        0.38977428934058
C            0.92589737062313        4.86159509474197       -0.32165093331387
C           -2.01769458693862        4.80072766960980       -1.31328967900241
N            1.89391961157749        5.87434244741590       -0.15367415938040
N           -3.02494349770448        5.49890592718215       -0.85525409506212
H            5.85798984916080        4.19791033088836       -2.89426596641386
H           -8.01290604312504        2.62656252324733        1.40335492841619
H           -0.69202851395482       -7.17063723630560       -0.43588700200725
H            2.08540850689499        6.43318638619309       -0.98645325367372
H           -3.46805869831942        6.37946410050897       -0.68099098153570
H           -0.12616085964196        4.72101219999086       -0.46215371618544
N           11.73328525916963        0.18051717058380        0.32087309423003
C           11.97532115858432        1.53465882190599        0.33862957075995
C           12.93161630195009       -0.61465328297713        0.35776927786311
C           10.46900763533268       -0.25518622447743       -0.04482100037271
N           13.14822109236280        2.07089593134286        0.36914746994958
N           10.89459555123165        2.36239664064694        0.32192799490603
N           14.12296019343291       -0.08622359975470        0.32143616118891
N           12.70055767263007       -1.93919559575615        0.45589046749630
N            9.49001624583443        0.55945324109020       -0.29190852532430
N           10.35725042926432       -1.62815100267815       -0.11749533123647
C           14.20143028175204        1.23730639888733        0.33144234862282
C           11.38197276453974       -2.33722086216059        0.53668120512083
C            9.63436646160864        1.88213597670462       -0.08358767524600
N           15.43292027124715        1.83841032018126        0.25885753937645
N           11.12485125851234       -3.58541506833612        0.89998075073881
N            8.75612132276684        2.78857959421757       -0.33984372642690
C           15.66498497787258        3.27736921219006        0.36227132358849
C           16.56606161699197        1.21005297906930        0.00430793603153
C            7.46309364602786        2.61864932683749       -0.58809411311116
C           12.10304115850781       -4.64482236288610        0.53525590346960
C           10.21149464167573       -4.32039241555859        0.01999972128882
N           16.73810485435024        3.75805562313904       -0.21104314156662
N           17.63961209195351        1.64955152337797       -0.34663657896771
N            6.80488787548444        3.75954987478639       -1.15866253483253
N            6.67811949555727        1.65088657575129       -0.20740206195288
N           13.27325723680908       -4.17399984797709        0.14865862402073
N            9.47942106476542       -3.62557455652877       -0.79006508616300
C           17.72965203753419        3.04225259571689       -0.76410351958104
C           11.08605486351681       -5.50692528454429       -0.04749817168498
N           18.68277506903422        3.33661610878177       -1.51483689900009
N           11.08448379269790       -6.68739910129222       -0.47132721002222
C           14.79054111051965        4.03879288870837        1.10035299386347
C           11.18692222271796        3.66272518956907        0.50105956445968
C           13.60239512879403       -2.95600885877126        0.10090401422459
C            9.29657796837682       -2.35302067970888       -0.60740721351462
C           13.61651911905706        4.44617946207696        1.65260566174693
C           12.08667297379659        4.69757141090767        0.56577082330263
N           14.59594096808252        5.45584654143500        1.45109849040723
N           10.56946670861886        4.92088364232250        0.71028962753614
H           18.78065407196160        4.28607371291854       -1.83384400251542
H           10.20155054402326       -7.05112975039878       -0.80730915446612
H           14.37920384564009        6.12867862327980        0.71647388510613
H            9.93133805007522        5.31980759609029       -0.00739050743011
H           13.00024445108284        4.23928242228041        2.54442881257710
92
 energy: -210.144639601991 gnorm: 0.125748444667 xtb: 6.7.1pre (5071a88)
N           -0.20744991285761        0.06527184708336        0.29716180834204
C           -0.26244746040865        1.45310412915240        0.00640649297188
C            1.05150702217255       -0.53627361967189        0.26675460126257
C           -1.39163947752504       -0.64165462547740        0.30071075802865
N            0.84156648495825        2.12699786393159       -0.15239007375343
N           -1.43850228908714        2.03950654626111       -0.10286625418252
N            2.12048096826046        0.14543656221296        0.01637952092673
N            1.07531667005521       -1.86689947678612        0.52073644288381
N           -2.53453388350952       -0.05863352120324        0.09515121758713
N           -1.30694293177138       -1.97004653090369        0.53936136518560
C            2.00937654706347        1.47425651768542       -0.12339907305161
C           -0.08507490622359       -2.47482176466170        0.94310968956506
C           -2.52025604662929        1.27563693143837       -0.04497050414180
N            3.17031687506651        2.15623482484569       -0.28093703959342
N           -0.03920058404394       -3.74011496843627        1.47251539883647
N           -3.75021576822466        1.84389441163229       -0.14085441098344
C            3.24184577014784        3.55393734207565       -0.48756613019052
C            4.34286649033108        1.42121499569116       -0.04364678028064
C           -4.00866216404207        3.25686508506348       -0.16716950705046
C           -4.81710058608887        1.03962473010638       -0.12338164594818
C            0.97975376166397       -4.49716575929957        0.64392328249426
C           -0.98074461298958       -4.56573331557305        0.62289344891032
N            4.34285612401029        4.12827858018155       -0.84897273150773
N            5.41423571632279        2.02478425066206       -0.49774047811720
N           -5.20184291085799        3.69475637253777        0.34517578934791
N           -5.77910336312326        0.42270926600883       -0.11944954576271
N            2.01961159488803       -3.88309898130091        0.22344013069311
N           -2.06265219286110       -4.05119186280016        0.17646690885060
C            5.42248603007062        3.33017835301856       -1.13721598110055
C           -6.17432320186616        3.19194445805360        0.87027597961064
C            0.05038222004802       -5.51669414621559        0.21447769219607
N            6.09749011263115        3.35404922112082       -2.38293501355192
N           -7.09754581252718        2.98030825354060        1.60329683314116
N            0.17503032702146       -6.68134120381397       -0.25002209947292
C            2.13260717854573        4.38043676793310       -0.28243818663910
C           -3.15201311014137        4.11667938229870       -0.68667731520844
C            2.27492661034429       -2.63270116129852        0.42178027006169
C           -2.43244337888946       -2.82436636929119        0.39156505690441
C            0.92191040331790        4.86062252505300       -0.31795381113638
C           -2.01689991982892        4.80019640583974       -1.31267352249462
N            1.89369541269964        5.87535457804035       -0.15449834547837
N           -3.02456490982045        5.49765835998151       -0.85533949180461
H            5.87141472075777        4.19863570966967       -2.90586478172425
H           -8.01178299276174        2.62733072263526        1.40681225755593
H           -0.69172831737439       -7.17178906346446       -0.43782811038109
H            2.08600415134693        6.43212202395937       -0.99071339414828
H           -3.46891800555455        6.37794752965747       -0.68229757645060
H           -0.12854116511893        4.72202318971929       -0.46754672543216
N           11.73133830662099        0.17519318685407        0.31798897301796
C           11.97127496725323        1.53019706477181        0.33258133327632
C           12.92839931033498       -0.61971676677448        0.35426422459305
C           10.46869359133751       -0.25890947978003       -0.04261897507898
N           13.14346047280201        2.06271503647736        0.36346375525509
N           10.89036366943139        2.36175978374381        0.31005193653799
N           14.11920497304941       -0.08705748136608        0.31489936529287
N           12.70004867548337       -1.94208155431220        0.45695132663055
N            9.48926498398408        0.55290261849981       -0.28406834154504
N           10.35928406801561       -1.63033230572286       -0.11746878773702
C           14.19866446558586        1.23216153290448        0.32708722494167
C           11.38136241052015       -2.33984412992788        0.53810774129048
C            9.62738274123483        1.87477845240432       -0.09359703835077
N           15.42303897020364        1.83766883970085        0.26241178373098
N           11.12349411339970       -3.59050111382582        0.89729159950190
N            8.75416900833094        2.78577134263957       -0.33880842710840
C           15.63969485389063        3.29013389847775        0.35615297738912
C           16.56199930395141        1.22203456761719        0.01967421244287
C            7.46040755802330        2.61894097529750       -0.58430929082390
C           12.10036267044270       -4.64622197884764        0.53263149792131
C           10.20768223792427       -4.32529605381225        0.01623936243359
N           16.72596235352637        3.76761991906021       -0.20868422251452
N           17.63279040071194        1.66358090843333       -0.32666716864121
N            6.79832745086130        3.75515052730694       -1.15740467639089
N            6.67995073204549        1.65279112277362       -0.21034788889487
N           13.27208893192305       -4.17714486512825        0.14757490237623
N            9.47681766465336       -3.62637758873592       -0.79099799651642
C           17.72078425972351        3.05753673513617       -0.75406277845773
C           11.08314735247927       -5.51032470395832       -0.04871855857956
N           18.67618258171884        3.34630828321156       -1.50233080105559
N           11.08262708388010       -6.69105407021169       -0.47134582245522
C           14.75568725904476        4.05433169208283        1.07021068551043
C           11.19927719902729        3.64964527381985        0.49975834334198
C           13.60118873668401       -2.95951373220746        0.10177917191063
C            9.29423215952492       -2.35361761798453       -0.60502408046654
C           13.54490437119242        4.48783673640720        1.61559486129008
C           12.12594572770424        4.61156655968218        0.59194906264903
N           14.58223620994022        5.44682433492692        1.42973807999239
N           10.62071102709159        4.90443805217400        0.75277245314207
H           18.77558607587890        4.29222166558835       -1.83196267467792
H           10.20083338362024       -7.05443432552985       -0.81007008942395
H           14.41013152168065        6.13591612261607        0.70270319369941
H           10.04825187752815        5.35047460131254        0.02008293991907
H           13.01236900009782        4.27832356731346        2.53853519478715
92
 energy: -210.169679140227 gnorm: 0.145686695593 xtb: 6.7.1pre (5071a88)
N           -0.20844202722520        0.06544760455946        0.29873257223422
C           -0.26518436621816        1.45290694216726        0.00597971922649
C            1.04937385225112       -0.53732431769646        0.26666951841424
C           -1.39140078770900       -0.64305527130812        0.29980855113026
N            0.84094655187981        2.12267134779077       -0.15430515121326
N           -1.43927845932645        2.04224227542005       -0.09882902879203
N            2.12295383720534        0.14242115801378        0.01602409770095
N            1.07775196738176       -1.86588157270019        0.51730001710913
N           -2.53262183746318       -0.05732119506551        0.09312366048924
N           -1.30702388829661       -1.97154543935228        0.53653087238964
C            2.00613680953588        1.46685695760525       -0.12191363126243
C           -0.08517605078410       -2.47260740972515        0.94770764988041
C           -2.51804371454113        1.27747624803978       -0.04614755199825
N            3.16810695303649        2.14869969835793       -0.28714770205170
N           -0.03784065096806       -3.74212949527603        1.47632598021252
N           -3.74835586791511        1.84412181973574       -0.13615427438238
C            3.24090476976381        3.54948698244895       -0.48627458446154
C            4.33770407110653        1.42560179444181       -0.03568500934033
C           -4.00645332728255        3.25625931780450       -0.16799394422640
C           -4.81701875888625        1.03865229888991       -0.12365691185601
C            0.98028553858491       -4.49590657787156        0.64209126488831
C           -0.98000709544029       -4.56390683562812        0.62287986640240
N            4.33364744631289        4.13619291099838       -0.85530415363871
N            5.40462325271672        2.03432501351194       -0.46764898537839
N           -5.19948684815289        3.69378137376758        0.34479186728162
N           -5.77637856255390        0.42484311411691       -0.12421863680855
N            2.02013677693419       -3.87884534709783        0.22234904165929
N           -2.06225305452665       -4.05058961273878        0.17913154577621
C            5.41183914517615        3.32209343335690       -1.13599851971629
C           -6.17218876969412        3.19182708621073        0.86822122511916
C            0.04981077231384       -5.51543488697255        0.20990245132233
N            6.10743262841567        3.35109941860471       -2.39765975869773
N           -7.09746995141177        2.98079540385990        1.60365851600645
N            0.17482463863351       -6.68252154484045       -0.25103147227915
C            2.13578978157008        4.37774612557879       -0.26750628328981
C           -3.15161234711209        4.11727987618019       -0.68541006704842
C            2.27225440488611       -2.62776881599662        0.42363417383898
C           -2.42994830565207       -2.82099543449888        0.39343381053902
C            0.91694402608762        4.85722011718157       -0.31400099441702
C           -2.01609862968179        4.79965618921104       -1.31198592867432
N            1.89508696577080        5.87734357830576       -0.15526160824869
N           -3.02430771044780        5.49579985472848       -0.85594640456415
H            5.88699055266205        4.20345638282886       -2.92063383480285
H           -8.01056830815708        2.62798830791135        1.40923343004509
H           -0.69153429692584       -7.17397303250564       -0.43940690939363
H            2.08778500163373        6.43299887841078       -0.99628658059586
H           -3.46990112075091        6.37597382073159       -0.68333111495461
H           -0.13094621772568        4.72161071512483       -0.47416049891846
N           11.73237033686253        0.17489632879637        0.31644330242006
C           11.96991932576565        1.53553500052586        0.32933041748597
C           12.92314270864374       -0.62493081352583        0.35128476698270
C           10.47421938244974       -0.25858223145620       -0.03800583705004
N           13.14224625716911        2.05221442775151        0.35934217061682
N           10.88878614870108        2.38080209613904        0.28855256880751
N           14.11465547262094       -0.08499770735475        0.30369398835366
N           12.70076368655259       -1.94198860283095        0.46081732148475
N            9.49738679789519        0.54749821458802       -0.26748118017975
N           10.36793757593890       -1.62779773397240       -0.11874783818692
C           14.20268548817048        1.22264578611044        0.32107422075392
C           11.38183454725168       -2.33947886450135        0.54264251119438
C            9.61683504447511        1.86611112038122       -0.11325653129205
N           15.41139924414060        1.82773045787274        0.26837704359683
N           11.12377725358699       -3.59626751663465        0.89235761015742
N            8.75530030278468        2.78485411069867       -0.33465741140045
C           15.60813761375637        3.31567300448335        0.37005037084822
C           16.55672239225201        1.23975370369897        0.03330291803213
C            7.45884097843477        2.62114106707198       -0.57981380357641
C           12.09604878383741       -4.64257476719062        0.52978263767511
C           10.20129826101870       -4.33213655098035        0.00896596549200
N           16.72534277928067        3.77838841239902       -0.19524056214806
N           17.62099645980607        1.67804255732202       -0.30448245656982
N            6.78797117036894        3.74861844533865       -1.15485952196374
N            6.68803313935869        1.65959423058467       -0.21725823596184
N           13.27178306183563       -4.17869531560981        0.14667245776514
N            9.47455684580388       -3.62281229933347       -0.79117164396213
C           17.71105847472604        3.08597525261539       -0.74290659737628
C           11.07977961626791       -5.51268549817530       -0.04932820051509
N           18.66949454140477        3.35631542214006       -1.49026789867767
N           11.08166151536543       -6.69397123689830       -0.46985050917365
C           14.69176439228066        4.07559190595759        1.01391369728396
C           11.21997347514711        3.65975114136740        0.49279797894412
C           13.59978274679748       -2.96185807993999        0.10516917202905
C            9.29140994060554       -2.34972664253498       -0.59958694130582
C           13.32213381017953        4.55072560411626        1.48035393376561
C           12.20742965756289        4.45666306758427        0.72743264828030
N           14.52321574213943        5.38634266425250        1.38212752019194
N           10.68200444495256        4.89212520976819        0.82763503618514
H           18.77589952390383        4.29415390408137       -1.83973156910999
H           10.20141349800935       -7.05723895246665       -0.81184258353834
H           14.46347268627570        6.13607529660981        0.69196375132532
H           10.22955472597551        5.37467335253596        0.03574886490402
H           13.05534736058932        4.31064877199504        2.52808115668168
92
 energy: -210.183727463065 gnorm: 0.054598147444 xtb: 6.7.1pre (5071a88)
N           -0.20855810913172        0.06516911011841        0.29888118724103
C           -0.26467701310928        1.45280002164777        0.00717667003926
C            1.04894554515987       -0.53725616949484        0.26721625177081
C           -1.39181738579914       -0.64291095362949        0.29994102045539
N            0.83995721797252        2.12387525223046       -0.15445876148047
N           -1.43910753140854        2.04162172451058       -0.09821127914573
N            2.12101377380013        0.14295887975887        0.01620928586389
N            1.07593572723549       -1.86653325383700        0.51873934110569
N           -2.53355677106217       -0.05809339086824        0.09271618370720
N           -1.30706958258024       -1.97151396631041        0.53749825924035
C            2.00538505289936        1.46904795075856       -0.12294057077003
C           -0.08543457970660       -2.47372277172187        0.94805008935040
C           -2.51899905056485        1.27664072903611       -0.04450546487372
N            3.16587492366718        2.15253935477393       -0.28363325293240
N           -0.03747000513687       -3.74255214772189        1.47539780624079
N           -3.74861348265842        1.84418544171517       -0.13666652742733
C            3.23764483404717        3.55120225981371       -0.48808957473052
C            4.33552366278728        1.42598474143193       -0.03345667748527
C           -4.00642910219695        3.25629831537215       -0.16722446014568
C           -4.81669258352404        1.04042709000594       -0.12165646848093
C            0.98040329732192       -4.49553198376095        0.64067504151647
C           -0.97963259738628       -4.56396995129661        0.62227276639198
N            4.33345771085949        4.13246389897283       -0.85876463788620
N            5.40424874368905        2.03213739120242       -0.47737078808940
N           -5.19978275427042        3.69413799807699        0.34506041877275
N           -5.77916527065887        0.42237966866395       -0.12946868004556
N            2.01970105100169       -3.87926011676458        0.22158784449696
N           -2.06264269287660       -4.05056383536019        0.17932725074108
C            5.41387108315873        3.32554933810985       -1.13790176402175
C           -6.17275441202890        3.19212995981124        0.86948849292565
C            0.05038138866815       -5.51451388506020        0.20868362771928
N            6.10243841210435        3.34688026198378       -2.39118436419930
N           -7.09494097222436        2.98168803779468        1.60408305289366
N            0.17521982845020       -6.68023142041701       -0.25324831674131
C            2.13174941516969        4.37925866222175       -0.26840246944115
C           -3.15050548972586        4.11705385297852       -0.68538113138800
C            2.27206835905220       -2.62859739653470        0.42318466401181
C           -2.43086350740161       -2.82203106240644        0.39440577257383
C            0.91918926786687        4.85813916449130       -0.31416261598762
C           -2.01486055083728        4.79996193363588       -1.31168188028620
N            1.89342962181446        5.87568299439726       -0.15549351553715
N           -3.02376573776627        5.49649804889724       -0.85635102460488
H            5.88721177314792        4.19461004500888       -2.91822019645258
H           -8.00932005323636        2.62872726920816        1.41015678057193
H           -0.69094014833487       -7.17253027447714       -0.44023300324028
H            2.08800554917279        6.42724114181139       -0.99634614252741
H           -3.46986068015665        6.37623683721772       -0.68447858502037
H           -0.12985649978313        4.72198537746819       -0.47553882664115
N           11.72833012043111        0.16654988651549        0.31279309338337
C           11.96166791991087        1.52274953708914        0.31886255913595
C           12.92269342830792       -0.62917266424398        0.34989636300533
C           10.46693167915337       -0.26834972984416       -0.04091944173865
N           13.13174340064294        2.04968455343332        0.35040406494186
N           10.87624362265981        2.35156464379531        0.28109435559952
N           14.11408471969274       -0.09147552166961        0.30280423085120
N           12.69898140923489       -1.94798449915992        0.46077476688064
N            9.48476465405689        0.53547120165453       -0.27758685172550
N           10.36251625847959       -1.63662028346540       -0.11946479719088
C           14.19472652000594        1.22247902444976        0.31732856776052
C           11.37966421693534       -2.34620740494071        0.54133946446434
C            9.60959788654855        1.85588114208688       -0.11723367101036
N           15.40508635415398        1.83649797455622        0.26735720988501
N           11.12142687943456       -3.59991079760152        0.89223239408056
N            8.74973476804501        2.77824683433521       -0.34425615264311
C           15.60538420105808        3.31507152321960        0.36081106333212
C           16.55536636772171        1.24626984623098        0.04237219825043
C            7.45235471463943        2.62142067257897       -0.58237956839005
C           12.09423960206589       -4.64865886387462        0.52900623968532
C           10.20073926795949       -4.33441781625628        0.00835110117228
N           16.71444890434519        3.78524996942504       -0.19509074776911
N           17.62453626080655        1.68952948512199       -0.28868709677419
N            6.78852280493419        3.75360899050346       -1.15847058962586
N            6.67682454852107        1.66046498851165       -0.20376788402925
N           13.26985629157458       -4.18337614470796        0.14660790905653
N            9.47108009911437       -3.62760123020024       -0.79142791397996
C           17.70993449448378        3.09479835172479       -0.73104097847042
C           11.07903882937020       -5.51639272356311       -0.05273745090021
N           18.67050471967039        3.36579353479721       -1.47827482109813
N           11.08073643655023       -6.69797454348070       -0.47282102812071
C           14.71822527339336        4.08511336347607        1.02826506532803
C           11.19345513277622        3.63190673518576        0.49432922162068
C           13.59907392117711       -2.96656543415354        0.10629395763447
C            9.28757479350071       -2.35646281142664       -0.59869905862049
C           13.42897083657987        4.54885042065041        1.55705508963398
C           12.17691969419624        4.47151320732178        0.67742629519909
N           14.54809122216581        5.43113861518970        1.36082583969338
N           10.67491228327969        4.89371669618263        0.82555953650443
H           18.76932557065487        4.29892325614568       -1.84228790369003
H           10.20012676877354       -7.06191675966206       -0.81351849620093
H           14.45840294890091        6.14481911527116        0.65013161183303
H           10.24857700554077        5.41761621408279        0.03753183190554
H           13.11041949302760        4.33432427125294        2.58658459301712
92
 energy: -210.189448327641 gnorm: 0.038777478581 xtb: 6.7.1pre (5071a88)
N           -0.21041498571314        0.06464947212419        0.30108342996425
C           -0.26724660856676        1.45218889743664        0.00927709314067
C            1.04676959314844       -0.53733785684199        0.26923246948850
C           -1.39317185347791       -0.64410354461805        0.30109107535420
N            0.83682597487891        2.12328561429009       -0.15377032209319
N           -1.44132503145552        2.04126815740591       -0.09429162372484
N            2.11904911707114        0.14297482050762        0.01815132936171
N            1.07500585334807       -1.86641217243983        0.51984176166866
N           -2.53479823057534       -0.05943459913539        0.09238710943572
N           -1.30785698083441       -1.97268789924708        0.53880448342292
C            2.00181109972779        1.46849970680930       -0.12108678821001
C           -0.08603994019439       -2.47413363217992        0.95094165929354
C           -2.52051349201746        1.27549820884723       -0.04244698713881
N            3.16155749515822        2.15307480106686       -0.28127609230976
N           -0.03658870453053       -3.74426280317871        1.47643155291725
N           -3.74963289746410        1.84325412982464       -0.13580637915584
C            3.23280197582016        3.55072134982805       -0.48975380502311
C            4.33048342745761        1.42975362309735       -0.02365874227683
C           -4.00593348777739        3.25553010886690       -0.16716295691450
C           -4.81739811373123        1.03906068327271       -0.13057771952691
C            0.98095152336242       -4.49458527259701        0.63848729552158
C           -0.97892343601770       -4.56397790883576        0.62216950378394
N            4.32682388400865        4.13161015609137       -0.86684009598695
N            5.39868458453841        2.03519093944019       -0.46892879222846
N           -5.19931258684588        3.69452868896263        0.34378694957136
N           -5.78094934514125        0.42530604238477       -0.13207838376986
N            2.01970667377955       -3.87713945878848        0.22008266474886
N           -2.06306947054595       -4.05118399433644        0.18174416483411
C            5.40784081592878        3.32295709253878       -1.14084311669774
C           -6.17271397820088        3.19351823323435        0.86807500297646
C            0.05106927139247       -5.51316236424798        0.20504793351816
N            6.09885979967026        3.33600648185968       -2.39458666300756
N           -7.09234400648745        2.98183372532750        1.60619793865146
N            0.17628632910266       -6.67849400750973       -0.25773041992599
C            2.12817745272264        4.37907974907297       -0.26533314690513
C           -3.14926334879703        4.11588439716167       -0.68462863032672
C            2.27086521240118       -2.62653496505779        0.42389339397075
C           -2.43120250734463       -2.82262530781014        0.39793288774452
C            0.91549705494171        4.85803253360866       -0.31536283967271
C           -2.01348367537948        4.79807045891775       -1.31166948336672
N            1.89057360548633        5.87550124802299       -0.15862877350069
N           -3.02283851416121        5.49495249637722       -0.85793929221671
H            5.88829172376975        4.18105396376931       -2.92808462030170
H           -8.00785510336400        2.63033696365070        1.41537101248542
H           -0.68948382858206       -7.17194354109250       -0.44348755938684
H            2.08826760819465        6.42238377654635       -1.00189994757604
H           -3.47005791707892        6.37460726247399       -0.68846963114289
H           -0.13294246302665        4.72286363926204       -0.48138381962331
N           11.72455025825202        0.16093437964936        0.30389628614470
C           11.95747529132696        1.51798047831062        0.30352556287579
C           12.91866065292846       -0.63552497817545        0.34442986590655
C           10.46201828295589       -0.27534879760968       -0.04609906810394
N           13.12742693147398        2.04349945582806        0.33626779366416
N           10.87327923704574        2.34803645432153        0.26461790099814
N           14.11116346759248       -0.09680191489550        0.29753937422758
N           12.69498430204849       -1.95428087198529        0.45929346282676
N            9.47978118656947        0.52777402257096       -0.28365646240479
N           10.35807737295079       -1.64372395529988       -0.12231350503833
C           14.19270995048728        1.21726362137600        0.30994443092266
C           11.37521910001656       -2.35355087066493        0.53944755049310
C            9.60458314484063        1.85045844250116       -0.13157724929253
N           15.40040373187044        1.83782161683273        0.27028626638398
N           11.11715891595631       -3.60809450762588        0.88836151128926
N            8.74612609326627        2.77505103502527       -0.35250873995177
C           15.59556837012511        3.32134474851768        0.35596907715440
C           16.56064488179553        1.25943592338796        0.06247351772651
C            7.44619923467035        2.62240196659590       -0.58158204992071
C           12.08853703677004       -4.65605789491159        0.52634081346338
C           10.19500358464694       -4.34328315815966        0.00460676489075
N           16.70490999811426        3.79654706691951       -0.19493369191351
N           17.63090160031551        1.70887360507855       -0.25570251051242
N            6.78223917125322        3.75106461241828       -1.16347126941403
N            6.67136541983754        1.66513075551351       -0.19394277069318
N           13.26560736468505       -4.19102992953382        0.14627638855447
N            9.46304203801780       -3.63440789675368       -0.79089336950639
C           17.71015107054626        3.11558241504683       -0.71357606014076
C           11.07483518926492       -5.52435184048802       -0.05749132848601
N           18.67445272124836        3.38253549457284       -1.45660050331858
N           11.07782158361943       -6.70629618318767       -0.47693737350070
C           14.71747772559141        4.09679048735340        1.01799612750363
C           11.19533038557241        3.62875226421168        0.50484829805336
C           13.59506157323810       -2.97438865034897        0.10847715398327
C            9.27952600327054       -2.36370495700553       -0.59541502934549
C           13.43226023401983        4.55523173548100        1.56923276576290
C           12.19847900103160        4.44331280496478        0.75243677777595
N           14.53239977754953        5.44500114430856        1.30271904094549
N           10.70491926625427        4.89920523271867        0.86061771773275
H           18.76170467752973        4.30774003325744       -1.84636479830796
H           10.19783824443086       -7.07171944172055       -0.81768862128043
H           14.44669137029770        6.13681292131745        0.57373581749962
H           10.35080481792313        5.47177896561033        0.05691889336137
H           13.18194617015575        4.37261307051505        2.63124616107131
92
 energy: -210.193267866458 gnorm: 0.030043866280 xtb: 6.7.1pre (5071a88)
N           -0.21328959882488        0.06429167122957        0.30470845793935
C           -0.27086000171823        1.45168281833792        0.01213721610541
C            1.04343867805005       -0.53686638356964        0.27265394865342
C           -1.39574819928690       -0.64544740456121        0.30386504419320
N            0.83245847561493        2.12354416247309       -0.15310531336547
N           -1.44504429925563        2.04017845184572       -0.09087754590238
N            2.11613454069029        0.14403465665834        0.02123060335204
N            1.07327957952597       -1.86623569798590        0.52156824086606
N           -2.53775195397192       -0.06141525677257        0.09309067543658
N           -1.30962289136814       -1.97421717387707        0.54103927141594
C            1.99736730720453        1.46916876473568       -0.11815626297218
C           -0.08740276772605       -2.47515011528275        0.95484289094708
C           -2.52389748084038        1.27343133188637       -0.04048920839503
N            3.15695946718013        2.15511000815916       -0.27561857976907
N           -0.03582618374691       -3.74739424218400        1.47724025252031
N           -3.75237003004689        1.84250775959344       -0.13408369854219
C            3.22786692360017        3.55052861996492       -0.49243241132867
C            4.32587800378569        1.43557554301542       -0.00967795876722
C           -4.00583734259368        3.25512847356437       -0.16757730898246
C           -4.82202828868989        1.04167621879673       -0.12496857126240
C            0.98136384472729       -4.49334049316741        0.63441929408051
C           -0.97833173023343       -4.56400140089250        0.62112539979194
N            4.32094606625521        4.12874668146655       -0.87710999701558
N            5.39452345430428        2.03759637015760       -0.46040364440164
N           -5.19796881988907        3.69548067353365        0.34527807281117
N           -5.78259246539961        0.42267763354640       -0.15723170982838
N            2.01919760655671       -3.87461833563819        0.21701028876910
N           -2.06412415316664       -4.05196301057935        0.18440768253063
C            5.40343508620266        3.31908594013725       -1.14345838282288
C           -6.16949227478693        3.19422518124608        0.87286782919612
C            0.05171000446546       -5.51091388740834        0.19884510522596
N            6.09338600661327        3.31700538416226       -2.39654675728073
N           -7.09048028381615        2.98692405527740        1.61008288946528
N            0.17754632818547       -6.67517170658457       -0.26555162841479
C            2.12478039314857        4.38050581542678       -0.26393714389474
C           -3.14849559162080        4.11459852303097       -0.68575192250940
C            2.26858181677463       -2.62387809431566        0.42386489223231
C           -2.43234668527137       -2.82354594652800        0.40328037890497
C            0.91232288610380        4.85807788022930       -0.32104397632289
C           -2.01254808440597        4.79537454695982       -1.31439770131789
N            1.88691074331697        5.87556116238234       -0.16470281659468
N           -3.02143037039010        5.49341200107499       -0.86131015418064
H            5.88339319105350        4.15507587359888       -2.93936684844102
H           -8.00522350367866        2.63274236450218        1.42026345247718
H           -0.68769427870770       -7.16979947149198       -0.45018242564439
H            2.08820673743671        6.41674057157357       -1.01015067159651
H           -3.46902824457851        6.37319334498181       -0.69346570449119
H           -0.13629006680102        4.72293779799107       -0.48739959550726
N           11.72460154283246        0.15802200281226        0.29324722030198
C           11.95973116692047        1.51704152161464        0.28977931945717
C           12.91663423103642       -0.64257260803700        0.33763853033367
C           10.45946393283369       -0.28027515600376       -0.05362258254232
N           13.13163045070015        2.03812541113273        0.32321242292142
N           10.87791673176516        2.34981514984957        0.25501876689936
N           14.11213108852166       -0.10563779863208        0.29407677575867
N           12.69053404871507       -1.96154506870421        0.45540170340419
N            9.47983690945117        0.52450233509349       -0.29242378808423
N           10.35283414167044       -1.64971969536562       -0.12716619509413
C           14.19815497684636        1.20863275896219        0.30511151087216
C           11.36985738953229       -2.36197176520114        0.53497003298253
C            9.60498022994487        1.84964248644093       -0.14134724393701
N           15.40389648235219        1.83475027652141        0.27937384458960
N           11.11191011371830       -3.61727377854924        0.88130730011729
N            8.74572333866661        2.77372082264670       -0.35882935878343
C           15.59340765390928        3.32285893609545        0.35541376227485
C           16.57791635665058        1.27437242656958        0.09287212532340
C            7.44202108548063        2.62442433451059       -0.57990197893318
C           12.07993309713358       -4.66537787728658        0.52165397701935
C           10.18666809525662       -4.35309776717892       -0.00164939914830
N           16.69596886554682        3.80735872631622       -0.19998623605363
N           17.64816975332598        1.73197857756340       -0.20829044308978
N            6.77740504865739        3.74740675248744       -1.17172758197861
N            6.66592249241850        1.67327475094884       -0.17519639698077
N           13.25941093560805       -4.20116498702279        0.14430529257803
N            9.45103790291162       -3.64040756100193       -0.78962782787416
C           17.71285763464110        3.14152463255714       -0.69747805314730
C           11.06803616822464       -5.53371455672871       -0.06542261656955
N           18.68637153678512        3.40221999347345       -1.42977511824161
N           11.07233716644180       -6.71634185924699       -0.48386926651127
C           14.72624776332342        4.10342155576382        1.01478985425379
C           11.19653446601902        3.63577935217926        0.53787028629210
C           13.58955602945053       -2.98492571667901        0.11010244782270
C            9.26835308034151       -2.37027886915518       -0.58999470417702
C           13.43099797650193        4.55546051644251        1.55648028719989
C           12.19556290660819        4.43248038897028        0.82836173515302
N           14.51807432972604        5.45562576001292        1.23253815431473
N           10.72097481063030        4.91658749574357        0.91173340246474
H           18.75701811636996        4.31454544485669       -1.85451244600959
H           10.19311751244140       -7.08443885623904       -0.82403514856302
H           14.45431956646035        6.12817699507531        0.47808002734961
H           10.41367712301905        5.48580383416979        0.11603574013912
H           13.24448020058374        4.43019602152490        2.63371291845694
92
 energy: -210.195324466907 gnorm: 0.026978461774 xtb: 6.7.1pre (5071a88)
N           -0.21621384029043        0.06401315849396        0.30885810209859
C           -0.27445588997704        1.45149942081416        0.01685427554814
C            1.04036574997381       -0.53610202599712        0.27678649583530
C           -1.39830967587907       -0.64674444808644        0.30619396625191
N            0.82814594740386        2.12457436879440       -0.14916016285341
N           -1.44904189906981        2.03920192193985       -0.08516595874741
N            2.11302925064961        0.14574218277064        0.02606379450590
N            1.07130819062655       -1.86601418841399        0.52354997040887
N           -2.54062223159420       -0.06379172223316        0.09213539450172
N           -1.31144795478213       -1.97557555097553        0.54301125467401
C            1.99342400743451        1.47089200793662       -0.11264099436386
C           -0.08888953067382       -2.47641861313375        0.95750306973840
C           -2.52752144993304        1.27108515851627       -0.03846282950378
N            3.15307507882928        2.15761009072504       -0.26733957155532
N           -0.03555918483623       -3.75042013468466        1.47687821161587
N           -3.75553302121438        1.84061962806586       -0.13711687392485
C            3.22441480158752        3.55081888646639       -0.49364256716388
C            4.32208137200967        1.44069300376574        0.00629979096578
C           -4.00715932920967        3.25373416991020       -0.16935633035509
C           -4.82418733258103        1.03828602745398       -0.14999832450231
C            0.98145613025271       -4.49229251079121        0.62967627834438
C           -0.97803653947998       -4.56441993563978        0.61911783754300
N            4.31754352750637        4.12454757695907       -0.88519359956911
N            5.39116811181693        2.03803913873370       -0.45213620662105
N           -5.19888216508362        3.69611787755161        0.34332869767932
N           -5.79301153354039        0.43141855794459       -0.14690584702856
N            2.01851159585369       -3.87233650542885        0.21325296793681
N           -2.06539905680803       -4.05287213307367        0.18587862965978
C            5.40007655457155        3.31365628580224       -1.14622786965242
C           -6.17022639757660        3.19585626194742        0.87236054921872
C            0.05217422155683       -5.50903617745907        0.19201182955595
N            6.08653090070249        3.29568374650397       -2.39824943080114
N           -7.08650012162583        2.98725353440479        1.61460889373417
N            0.17864003164090       -6.67198188076953       -0.27502885931731
C            2.12250491354502        4.38304625976021       -0.26522648263777
C           -3.14789800758706        4.11256704421710       -0.68567842411709
C            2.26661845706517       -2.62158319897150        0.42323136205777
C           -2.43386617606405       -2.82491349259215        0.40772711303060
C            0.91023446082456        4.85863584519013       -0.32797000381927
C           -2.01259826308516        4.79187851040642       -1.31717829935671
N            1.88354209059533        5.87707570183629       -0.17333943196362
N           -3.01975650230745        5.49137604090282       -0.86237022899143
H            5.87594998259521        4.12631115497199       -2.95096121363123
H           -8.00363692394090        2.63634286066147        1.42937755568333
H           -0.68618012882951       -7.16728437353841       -0.45951871114727
H            2.08670260825141        6.41353283355504       -1.02084113211660
H           -3.46761363909615        6.37135929370609       -0.69641601131304
H           -0.13884646856198        4.72234274552818       -0.49230324174104
N           11.72445255514665        0.15247236663312        0.28228412201671
C           11.95909919606686        1.51149467860026        0.28174716982301
C           12.91615383194718       -0.64840177152009        0.33051534799658
C           10.45717988222605       -0.28630764299557       -0.06365170874868
N           13.13148241156086        2.03343403659018        0.31590093358216
N           10.87584592049973        2.33966785348672        0.25673351572165
N           14.11337949242460       -0.11149284015305        0.29434228395676
N           12.68773837085528       -1.96760716586366        0.44855743634507
N            9.47868909854589        0.51932685300723       -0.30348235501902
N           10.34854167576761       -1.65564289566305       -0.13490731468208
C           14.20009255367364        1.20321477956751        0.30478386776203
C           11.36628691094612       -2.36904157123055        0.52696953529344
C            9.60275181625326        1.84446314434580       -0.14347280507943
N           15.40428862002675        1.83565337742337        0.28977679967656
N           11.10816536071468       -3.62399031721253        0.87276399336029
N            8.74359379266479        2.76842935186926       -0.36023882540835
C           15.58328321643956        3.32661325116442        0.34185812955249
C           16.59015280025737        1.28859325969241        0.12661080783477
C            7.43848912909314        2.62217747047962       -0.57837050306893
C           12.07356676571333       -4.67278721088078        0.51520049172646
C           10.17984089159065       -4.36035774115086       -0.00830770431454
N           16.68229958076908        3.81379726427777       -0.21731269989210
N           17.66104766121156        1.74871175439089       -0.16336568406754
N            6.77451916990789        3.74006339965272       -1.18084423003411
N            6.66080517177958        1.67661682456838       -0.15981304418042
N           13.25487363807456       -4.20920512738262        0.13944271036868
N            9.44045853556128       -3.64558881036556       -0.79023554182018
C           17.71393944632087        3.15698250626551       -0.68792834064799
C           11.06199585252132       -5.54080165606231       -0.07321613008220
N           18.69933923284731        3.41004835287702       -1.40713251811240
N           11.06678988026931       -6.72395236292672       -0.49052053741353
C           14.73205163349933        4.12248438983663        1.00698426623111
C           11.18878087566794        3.62212710753719        0.57508953422066
C           13.58571088306982       -2.99334277621554        0.10722088257833
C            9.25918288685551       -2.37610558014569       -0.58813496873679
C           13.45173393294040        4.57875171032520        1.56407587314252
C           12.18270575329284        4.40579207235621        0.89845231415430
N           14.52764608839702        5.48141168752429        1.17401312583497
N           10.72857463058130        4.92183409025324        0.95075581763542
H           18.75924813185574        4.30983242203908       -1.86097021563064
H           10.18829108607343       -7.09410023500967       -0.83058062029241
H           14.45952691930188        6.13161765245321        0.40178608915535
H           10.48612138674270        5.52262962529088        0.14226322641678
H           13.31535460833520        4.50832701782662        2.66113503897569
92
 energy: -210.196609436870 gnorm: 0.019055320891 xtb: 6.7.1pre (5071a88)
N           -0.21970374164841        0.06407646694569        0.31465087037608
C           -0.27854477209729        1.45122441032915        0.02124316470478
C            1.03705515455598       -0.53483195442229        0.28297478401734
C           -1.40157592584791       -0.64756773271928        0.31147028996320
N            0.82360365142855        2.12564731239591       -0.14457423461196
N           -1.45379747585044        2.03726671541445       -0.08293498404498
N            2.10968744505750        0.14801000359986        0.03403168324781
N            1.06901696434589       -1.86540108663761        0.52702838007009
N           -2.54469672715483       -0.06581681885797        0.09596452097378
N           -1.31377213384751       -1.97640580576078        0.54757931530173
C            1.98984186338915        1.47320565151924       -0.10437771727705
C           -0.09061746501504       -2.47763474515297        0.96098059594151
C           -2.53229211153220        1.26849229742453       -0.03645354411599
N            3.15012525550251        2.16013330094817       -0.25564907491392
N           -0.03544771576654       -3.75359108537939        1.47662297191644
N           -3.75986576354462        1.83992157051065       -0.13509986322871
C            3.22242641765769        3.55091480112570       -0.49453917971664
C            4.31982143587518        1.44674979777310        0.02855979534733
C           -4.00817010092788        3.25359240533973       -0.16895560799809
C           -4.83225466001823        1.04407952685308       -0.13284604755501
C            0.98122462382004       -4.49094320879684        0.62437729182102
C           -0.97802273000233       -4.56474773533574        0.61725325411124
N            4.31590845069790        4.11852601856485       -0.89365785970560
N            5.38950482344806        2.03802237308046       -0.43870165895157
N           -5.19793885124897        3.69825238909836        0.34671904467498
N           -5.79290115434446        0.42482387503808       -0.19151728425074
N            2.01750858740199       -3.86948870016292        0.20893193258353
N           -2.06719145587263       -4.05334103340624        0.18837701451462
C            5.39755072872388        3.30518113529584       -1.14908115683959
C           -6.16719850934293        3.19791800691340        0.87984129528347
C            0.05227525329651       -5.50677050074106        0.18426837011731
N            6.07943955716492        3.26728762854912       -2.40057144216821
N           -7.08367695948929        2.99273374614462        1.62269835613194
N            0.17936260331086       -6.66801106386699       -0.28698972777595
C            2.12167662254033        4.38628563071927       -0.26970794065354
C           -3.14875992512365        4.11000279010187       -0.68867311328997
C            2.26456314454844       -2.61883029925250        0.42270555871468
C           -2.43600247610545       -2.82619706242950        0.41468710909538
C            0.90857717662244        4.85872377616701       -0.33736941751018
C           -2.01487944800480        4.78648461915345       -1.32560865269260
N            1.88010846315684        5.87980931229193       -0.18730503017600
N           -3.01860934473281        5.48856804828072       -0.86705785262916
H            5.86741586218274        4.08859721790895       -2.96647244966083
H           -8.00020034709152        2.63907790969360        1.43953289437327
H           -0.68512737092343       -7.16376227515699       -0.47169793195680
H            2.08375610086410        6.41110369646774       -1.03782089046738
H           -3.46471681449633        6.36928608295517       -0.70065363295133
H           -0.14086612153360        4.72043050528072       -0.49908100086565
N           11.72709921409007        0.15040543608626        0.27136112591361
C           11.96173900483662        1.50959991182552        0.27788379274886
C           12.91786942121523       -0.65110326218193        0.32285645794188
C           10.45765928032505       -0.28769876499029       -0.07312738485819
N           13.13491879908187        2.03231069039521        0.31289347713411
N           10.87732779636730        2.33405329835216        0.26515026998451
N           14.11643477817649       -0.11427328646377        0.29708189633411
N           12.68666826908440       -1.97047838834560        0.43862492575485
N            9.48084545059889        0.51997643071454       -0.31161019284216
N           10.34608911717120       -1.65657377094631       -0.14414726625136
C           14.20390535120882        1.20022569058105        0.30820199614235
C           11.36458014155568       -2.37220668211231        0.51576437270610
C            9.60421487976318        1.84468931193190       -0.13807266165015
N           15.40753437068287        1.83691891075168        0.30540433245197
N           11.10579208886425       -3.62654721989328        0.86164641048627
N            8.74254936554617        2.76566152593325       -0.35604772019047
C           15.57370718192675        3.32816010352873        0.32781569871234
C           16.60280277490132        1.30214832858535        0.16549995910320
C            7.43742639239580        2.61890487096652       -0.57445160546079
C           12.06801058040146       -4.67676640223709        0.50597000668266
C           10.17318120447020       -4.36301069736656       -0.01631416789175
N           16.66629120344649        3.81669223569690       -0.24246577891141
N           17.67383679946742        1.76150367726675       -0.11827425797191
N            6.77312021623181        3.72867052922741       -1.19213739803490
N            6.65877985248818        1.67919904329576       -0.14255168043308
N           13.25089595064868       -4.21430212480775        0.13056354662201
N            9.43013981886219       -3.64567011456398       -0.79183824019766
C           17.71489299053143        3.16733211266882       -0.68159314749502
C           11.05496587443140       -5.54405702486659       -0.08179603810630
N           18.71204942523209        3.41117240248746       -1.38719290614939
N           11.05930870974724       -6.72779947248452       -0.49757680073405
C           14.73624375507278        4.13849512672662        1.00313817285749
C           11.18811354187125        3.61052528678786        0.60659832785700
C           13.58250331755717       -2.99881406666799        0.09906973839496
C            9.25158712450745       -2.37648820203746       -0.58745243542173
C           13.47428972513698        4.59341222166408        1.58009603218815
C           12.17506008586122        4.38661572960824        0.95690093349608
N           14.52656539144604        5.50273440089812        1.12255907421776
N           10.74436455618060        4.93247394230177        0.97700344158241
H           18.76599420089491        4.29705917502604       -1.86632640429649
H           10.18146982801630       -7.09992678378774       -0.83726923706665
H           14.43913280534748        6.12173067599763        0.32947869952437
H           10.53645502311026        5.53775529279236        0.17148263737031
H           13.37014025717398        4.57806898785427        2.67715380040587
92
 energy: -210.197320411851 gnorm: 0.022210608474 xtb: 6.7.1pre (5071a88)
N           -0.22201029915486        0.06443824250509        0.32173458049952
C           -0.28129892327421        1.45179316611513        0.02904160211379
C            1.03509788054740       -0.53331227402407        0.29116712778593
C           -1.40342994197357       -0.64833637592764        0.31559551366128
N            0.82076410354610        2.12746599431727       -0.13470654421361
N           -1.45728198366798        2.03635662826824       -0.07651401729214
N            2.10777710464425        0.15070890399753        0.04546209596142
N            1.06762592933490       -1.86469993569650        0.53152265048833
N           -2.54667903133922       -0.06805523915770        0.09569267733498
N           -1.31527849928559       -1.97699681717533        0.55175342150416
C            1.98799501532535        1.47605406476180       -0.09191089722938
C           -0.09185053875129       -2.47870104780450        0.96414524376632
C           -2.53533820711421        1.26609768468155       -0.03533033677335
N            3.14916983850632        2.16231300067909       -0.24137486655822
N           -0.03543757710554       -3.75644525231214        1.47621542422322
N           -3.76293883955312        1.83685887727562       -0.14295377851585
C            3.22285127512728        3.55072133934997       -0.49443965979685
C            4.31968025449560        1.45259889425213        0.05330145743834
C           -4.01056938468063        3.25101929585983       -0.17362277728619
C           -4.83365106015366        1.03784276158934       -0.17234204988790
C            0.98097596458444       -4.48983001118196        0.61969566400929
C           -0.97810026361863       -4.56506608519557        0.61542043364656
N            4.31668642188630        4.11192376539207       -0.90106697995616
N            5.38981806828081        2.03718437235991       -0.42167947621256
N           -5.19883954264867        3.69796443196884        0.34441486654377
N           -5.80735777304879        0.44072212943148       -0.16121903455321
N            2.01676203492801       -3.86695353586234        0.20531800577477
N           -2.06875472471710       -4.05355190292408        0.19044803377151
C            5.39664088501469        3.29456654604374       -1.15046416925663
C           -6.16709202937237        3.19884962227290        0.88046320367396
C            0.05222912057954       -5.50467177882037        0.17700983937131
N            6.07378204798728        3.23548620447848       -2.40272979730594
N           -7.07781460514627        2.99188289018952        1.63030783538596
N            0.17979172458597       -6.66398043745228       -0.29916289067723
C            2.12303110694049        4.38952463119759       -0.27633682984249
C           -3.14926757700315        4.10666517134825       -0.69121712313645
C            2.26326853707177       -2.61655416769504        0.42304148563687
C           -2.43762305326739       -2.82715401224391        0.42074731521112
C            0.90830501813563        4.85778349556179       -0.34743137127453
C           -2.01581624343155        4.78133306423804       -1.33052626408984
N            1.87768900193014        5.88305467916323       -0.20516899080326
N           -3.01720396947418        5.48513667269724       -0.86944056786687
H            5.85948096984851        4.04686948242755       -2.98264537066397
H           -7.99784336681268        2.64431650605668        1.45279976560733
H           -0.68456197847123       -7.15967663982903       -0.48469971309845
H            2.07966585890684        6.40890136089916       -1.05969057430957
H           -3.46265933659223        6.36633480510550       -0.70388542650974
H           -0.14111292049568        4.71675748374743       -0.50635395667577
N           11.73234264519776        0.15327409807441        0.26288408774204
C           11.96753766407092        1.51316252332459        0.28020536647601
C           12.92146694682799       -0.64993433830158        0.31682849214915
C           10.46163016023502       -0.28314865929659       -0.08059122770579
N           13.14168152569305        2.03505919239148        0.31734742775924
N           10.88285568351231        2.33769128360944        0.27703974972549
N           14.12073052044205       -0.11334646571189        0.30215085728088
N           12.68781137369109       -1.96927099241746        0.42760420684524
N            9.48706670845111        0.52742326948239       -0.31620270923779
N           10.34671556852494       -1.65152026752195       -0.15380565997473
C           14.20928427910243        1.20020287807554        0.31606138422932
C           11.36532175416256       -2.37016132653291        0.50326734448284
C            9.61029758877888        1.85153801771726       -0.13062480798137
N           15.41298158953832        1.83779490142612        0.32465686020946
N           11.10544621539241       -3.62391971230118        0.84944278270250
N            8.74352028104327        2.76719908583321       -0.34934656392041
C           15.56799968911777        3.32720654956650        0.32039688851937
C           16.61261769646919        1.31226863765424        0.20125777057868
C            7.43907518128594        2.61585107955219       -0.56914013264183
C           12.06437865170613       -4.67571286338678        0.49502346628518
C           10.16808801134667       -4.35981785191326       -0.02497021066863
N           16.65177571759104        3.81511015940132       -0.26931644925776
N           17.68289120667640        1.76811754934262       -0.08383058629568
N            6.77334396333304        3.71562940206303       -1.20388270460087
N            6.66042595215497        1.68222126030606       -0.12368424629431
N           13.24835335477857       -4.21506325971282        0.11859616115827
N            9.42266910627945       -3.63968950846345       -0.79514426352915
C           17.71356113040174        3.17111166416207       -0.68066433444202
C           11.04836749649376       -5.54209271506527       -0.09022398226349
N           18.71894449817292        3.40554806253154       -1.37611763774430
N           11.05126310332222       -6.72639504375129       -0.50438703163488
C           14.73781464647810        4.14359216893759        1.00462074963583
C           11.19408829755895        3.60885154849707        0.62779063808556
C           13.58074333794747       -2.99987073237343        0.08641851961590
C            9.24772194384839       -2.37031112985629       -0.58925278771173
C           13.48443323025497        4.59021432198298        1.59870597635789
C           12.17098848666273        4.38356166785152        0.99901921627165
N           14.51105472408821        5.50558053243943        1.09330199684973
N           10.75814806497570        4.94725459174582        0.98089373331633
H           18.77417840788572        4.27906840263972       -1.87276385084127
H           10.17355460133086       -7.09996866527227       -0.84272589270149
H           14.39557812311071        6.09570537146918        0.28196645399215
H           10.56658620880980        5.53893801453304        0.17695632541063
H           13.40556417115622        4.61737364234345        2.68890884406815
92
 energy: -210.198158366315 gnorm: 0.016064926179 xtb: 6.7.1pre (5071a88)
N           -0.22377117127232        0.06504401154507        0.32885373532353
C           -0.28335738423763        1.45227087177526        0.03493796279375
C            1.03378134377729       -0.53196502596387        0.29965774697971
C           -1.40483503761511       -0.64848149874813        0.32146264680264
N            0.81884578485007        2.12856447022748       -0.12646866490779
N           -1.45974952665874        2.03539091823588       -0.07437545051898
N            2.10666713188833        0.15287674063295        0.05734155781592
N            1.06675309152220       -1.86393772863050        0.53654540984160
N           -2.54832277745431       -0.06899744264680        0.10022087777321
N           -1.31641478181523       -1.97701660131648        0.55740034294114
C            1.98677260460088        1.47811873003644       -0.08023508591759
C           -0.09267129018606       -2.47939229814794        0.96763894970208
C           -2.53754263404351        1.26470536701984       -0.03384046149980
N            3.14863692821622        2.16338878195031       -0.22892248149468
N           -0.03524900387692       -3.75873391340375        1.47624051538874
N           -3.76508253850808        1.83566278281555       -0.14324634045012
C            3.22394279552032        3.54990160767935       -0.49449182271869
C            4.31926164070921        1.45723746259685        0.07583982375125
C           -4.01137083675346        3.25006059343742       -0.17470124503411
C           -4.83860546110737        1.04078379982573       -0.16389626739445
C            0.98065954158507       -4.48892733247907        0.61612614440327
C           -0.97834272470327       -4.56512217424840        0.61439971074086
N            4.31783635372018        4.10597526510002       -0.90756934717131
N            5.38955384020011        2.03587878101165       -0.40359390725338
N           -5.19710808681251        3.69843213151596        0.34819431080260
N           -5.80855272415861        0.43748513037324       -0.18737295088299
N            2.01609276997885       -3.86466658509264        0.20269745262875
N           -2.07013943275047       -4.05303937349278        0.19300628050408
C            5.39562191915110        3.28329879830664       -1.15058327611838
C           -6.16294997547992        3.19940567530651        0.88867729050860
C            0.05181332790251       -5.50272819037765        0.17107393300160
N            6.06998339195449        3.20555957092495       -2.40472280672025
N           -7.07379726494750        2.99555920464214        1.63928720997208
N            0.17953740705948       -6.66008241230232       -0.31010979010349
C            2.12495369597647        4.39166507904970       -0.28355638718534
C           -3.15075483283548        4.10392418798690       -0.69600370430763
C            2.26237988495485       -2.61469600767086        0.42415838382851
C           -2.43895894726529       -2.82736371005715        0.42723658385437
C            0.90842340713132        4.85614885203277       -0.35629897009620
C           -2.01795144026708        4.77616435931226       -1.33879955921511
N            1.87635244791499        5.88566811012974       -0.22403340747487
N           -3.01671551535331        5.48192607157854       -0.87504923869057
H            5.85490816127054        4.00859199790451       -2.99686001882561
H           -7.99353467901875        2.64690570384609        1.46336823172843
H           -0.68484468942509       -7.15552930433850       -0.49640502247213
H            2.07522052741925        6.40601832404777       -1.08317089517028
H           -3.45993215331485        6.36395549000632       -0.70792513893700
H           -0.14061442752199        4.71285562993803       -0.51409769288606
N           11.73627391749927        0.15654146754815        0.25755416900678
C           11.97071173774738        1.51687569825448        0.28664038492678
C           12.92446242132413       -0.64746809224189        0.31369662630347
C           10.46595841460387       -0.27772682099132       -0.08626671789540
N           13.14483825628292        2.03806549243147        0.32823734628805
N           10.88542005108290        2.34311358584184        0.28722557042092
N           14.12332012834656       -0.10987994037689        0.30872932469120
N           12.69003275800677       -1.96650603594240        0.41825268819178
N            9.49269820657458        0.53455208659753       -0.31926990289906
N           10.34932030313288       -1.64532217599758       -0.16313998661775
C           14.21154709875598        1.20242318993215        0.32735892253790
C           11.36741115102036       -2.36600829733484        0.49188634176670
C            9.61523587870257        1.85774647577453       -0.12798663841920
N           15.41479024657143        1.83988743475358        0.34485115308047
N           11.10643431107322       -3.61941003862030        0.83808749696312
N            8.74373011383189        2.76910894568806       -0.34419227794774
C           15.56201118174727        3.32785634971265        0.31830239187811
C           16.61496221202043        1.31945601236176        0.23112090075942
C            7.44013080549179        2.61226183835484       -0.56401616704138
C           12.06299950802624       -4.67183029454428        0.48405887997167
C           10.16518005936479       -4.35430365373657       -0.03347354935367
N           16.63882917501455        3.81077939355375       -0.29261693054176
N           17.68430159585045        1.76983064320697       -0.06163999208877
N            6.77304326337910        3.70261272422994       -1.21382957811702
N            6.66245591019814        1.68486904618473       -0.10572973656998
N           13.24749390834262       -4.21317093070506        0.10601261322186
N            9.41899719110939       -3.63214522267854       -0.80058746204900
C           17.70787289261735        3.16920413406135       -0.68292340943159
C           11.04369887849476       -5.53762079491171       -0.09778146988968
N           18.71719848182202        3.39441117754366       -1.37362352652273
N           11.04469051088157       -6.72230993360558       -0.51050212444031
C           14.73634681121403        4.14630696833444        1.00570974011243
C           11.19912923393543        3.60891698565788        0.64098781430460
C           13.58050664125049       -2.99810625895187        0.07251827511528
C            9.24730653771283       -2.36231342067439       -0.59426079088624
C           13.48492059273442        4.58977324009647        1.62040020295808
C           12.16999264620309        4.37883487284240        1.03603658409066
N           14.49796267816020        5.50087801902558        1.08320062044429
N           10.76630843113978        4.95629975144910        0.96833450256373
H           18.77967923719541        4.25869067992678       -1.88305133207885
H           10.16646074416439       -7.09625248319719       -0.84683142419750
H           14.35134141583304        6.07088656852544        0.26124151871682
H           10.60924189142989        5.55209008233944        0.14239276818619
H           13.43809991014477        4.64122362841159        2.71390601277071
92
 energy: -210.198714173501 gnorm: 0.012389850554 xtb: 6.7.1pre (5071a88)
N           -0.22435205566559        0.06608342952174        0.33707452101100
C           -0.28398435293743        1.45339420956136        0.04231759311236
C            1.03361861369219       -0.53043753218938        0.30991574993737
C           -1.40503895473577       -0.64799996923883        0.32773811867780
N            0.81836472503796        2.12996400780582       -0.11615151863556
N           -1.46047914618142        2.03543848762189       -0.07110544429955
N            2.10671973041916        0.15513345111113        0.07184474216061
N            1.06652622404846       -1.86311251818283        0.54268310843798
N           -2.54840850414152       -0.06899595080985        0.10524130840689
N           -1.31677763598779       -1.97646922138469        0.56347971035695
C            1.98660955157746        1.48036720803137       -0.06693344723585
C           -0.09301909164129       -2.48001771336759        0.97099108264640
C           -2.53796299672234        1.26448509578053       -0.03128239580869
N            3.14872162997462        2.16448624217532       -0.21564444663186
N           -0.03496306371642       -3.76099611440335        1.47526180003843
N           -3.76533798236229        1.83495867534602       -0.14344362788123
C            3.22562615488251        3.54860736365549       -0.49541725079209
C            4.31882180127161        1.46233815548610        0.10061289933350
C           -4.01092020430432        3.24953239616870       -0.17535779952994
C           -4.84111933036336        1.04331544590384       -0.15903867612733
C            0.98021601244663       -4.48811144329654        0.61180854374232
C           -0.97886123869238       -4.56479146124485        0.61237016026482
N            4.31967063790169        4.09913607419865       -0.91538655833302
N            5.38955793683875        2.03453333751275       -0.38245392766893
N           -5.19466244268429        3.69916301479347        0.35092989540929
N           -5.80941740324637        0.43539800688717       -0.21020948722822
N            2.01547474021021       -3.86245120564486        0.19983834533594
N           -2.07152888523656       -4.05145909176321        0.19462654562459
C            5.39525576183564        3.27043920272831       -1.14928789135304
C           -6.15944065510045        3.20106897211729        0.89407363800467
C            0.05093000954783       -5.50034623761460        0.16387560860778
N            6.06775257266000        3.17254108310424       -2.40474904522116
N           -7.06584544873309        2.99569318167314        1.64974756603895
N            0.17838922878435       -6.65514154291564       -0.32355578235637
C            2.12728183608414        4.39303906285411       -0.29287819209652
C           -3.15139150113081        4.10169741219942       -0.70110218897960
C            2.26211072274309       -2.61329895291989        0.42592513673586
C           -2.44000250668905       -2.82660521588284        0.43302918532416
C            0.90937966330628        4.85390019115629       -0.36612544371385
C           -2.01934140345726        4.77129821150793       -1.34796874614876
N            1.87609110098489        5.88722345984073       -0.24720948203945
N           -3.01538795856459        5.47908836940257       -0.88149218348489
H            5.85336085388883        3.96648789142177       -3.00945289604477
H           -7.98750711520487        2.65004540248274        1.47798794937851
H           -0.68616752173836       -7.15004511281665       -0.51073560657609
H            2.07070344278040        6.40003943927878       -1.11223904325986
H           -3.45601558582186        6.36208482927662       -0.71253855133173
H           -0.13919410473193        4.70853976436161       -0.52333232913503
N           11.73879916450575        0.15882941682749        0.25492023229485
C           11.97147337539979        1.51855953739173        0.29612923987794
C           12.92718935713446       -0.64510605281603        0.31363435707708
C           10.46986397467404       -0.27233604101122       -0.09085123707144
N           13.14442626879620        2.03984534245787        0.34623792416261
N           10.88614180674890        2.34733712742014        0.29827661710780
N           14.12505766893868       -0.10603285150169        0.31884362959781
N           12.69264531572313       -1.96394678449508        0.40984431660313
N            9.49689842179722        0.54127573928463       -0.32123092817319
N           10.35265914984053       -1.63903808294563       -0.17363617666750
C           14.21132246744216        1.20570961202044        0.34478600784872
C           11.36987036190701       -2.36132437897361        0.47992133224066
C            9.61900207943099        1.86327803169961       -0.12617095222564
N           15.41382287719228        1.84394677127308        0.37231168712960
N           11.10741192306411       -3.61447216824297        0.82519988274537
N            8.74321850171878        2.77145604148335       -0.33781140606225
C           15.55669028393696        3.33056599192150        0.32314097912330
C           16.61394632981718        1.32536320504131        0.26626304749302
C            7.44053058984599        2.60839790087740       -0.55662104627387
C           12.06215816466566       -4.66703128807439        0.47056871284712
C           10.16322269195862       -4.34723129063565       -0.04453163011895
N           16.62590104859398        3.80350376903508       -0.31246451317847
N           17.68274265275768        1.76874905704726       -0.03976276790593
N            6.77260266315677        3.68837401435186       -1.22274871490984
N            6.66412543219090        1.68899771238665       -0.08156466898357
N           13.24686532748822       -4.21055908147553        0.09100270338880
N            9.41754731113779       -3.62343407403450       -0.81024570350348
C           17.69949579474266        3.16243009080506       -0.68309277242944
C           11.03953069001107       -5.53185116017532       -0.10816955766096
N           18.70962661075263        3.37683529139910       -1.37427139962589
N           11.03790749944185       -6.71677347191634       -0.51976393592387
C           14.73542857602805        4.15431585727698        1.00468641613269
C           11.20739145193342        3.60865439681222        0.65479050151074
C           13.58100110085172       -2.99550228154598        0.05650540687120
C            9.24898079533523       -2.35306187525799       -0.60354264830596
C           13.48635262258534        4.60531940116673        1.63574703313674
C           12.17550148989539        4.37559349844595        1.05674262306630
N           14.48995981991728        5.50773257582920        1.07189657162308
N           10.77994897666598        4.96131851776467        0.95872105448620
H           18.78281853943185        4.23213778936237       -1.90005333351474
H           10.15825560250520       -7.08980705438291       -0.85318074177623
H           14.30914501293128        6.05717391518470        0.24005714818318
H           10.63143713918672        5.54192262803853        0.12343004347378
H           13.45720320675155        4.66250991359401        2.72283041953971
92
 energy: -210.199073282084 gnorm: 0.011790103917 xtb: 6.7.1pre (5071a88)
N           -0.22436155161350        0.06710141115650        0.34674345467041
C           -0.28406777312369        1.45460386153961        0.05142263146626
C            1.03397255111761       -0.52887833261376        0.32226313554335
C           -1.40460998893078       -0.64757566842273        0.33438104687030
N            0.81830593154608        2.13138509903439       -0.10425601405731
N           -1.46048883639854        2.03579223608924       -0.06621997659437
N            2.10737658580515        0.15740115839996        0.08894097713319
N            1.06664587669075       -1.86238938368566        0.55038828229685
N           -2.54759781993055       -0.06915788604507        0.10902558262704
N           -1.31667852844147       -1.97601261241289        0.56998488591322
C            1.98669337645950        1.48263846456366       -0.05185076585254
C           -0.09316669590438       -2.48104674557013        0.97505698544710
C           -2.53753454791610        1.26425292536849       -0.02897922680374
N            3.14868692316251        2.16594149603172       -0.20045883638643
N           -0.03455349567015       -3.76412423794792        1.47377395153498
N           -3.76473070433715        1.83358110690106       -0.14644079151271
C            3.22657639361763        3.54675193935953       -0.49742736592596
C            4.31818483614435        1.46937307041671        0.13039884821624
C           -4.01012347094978        3.24833728877295       -0.17802754063860
C           -4.84098760930687        1.04282966384175       -0.16731485247803
C            0.97984404247933       -4.48734867919181        0.60624660945561
C           -0.97939751107663       -4.56447110992615        0.60918158191828
N            4.32057087015496        4.09075108428995       -0.92626186611471
N            5.38958619988499        2.03442871426839       -0.35785307593277
N           -5.19066259752916        3.69882696907556        0.35442623441244
N           -5.81053347252592        0.43885153922074       -0.21656251985031
N            2.01501071672103       -3.85999845091272        0.19650805017921
N           -2.07291558563949       -4.04946169097879        0.19559455478069
C            5.39442726330293        3.25611428358092       -1.14810509753104
C           -6.15283192555692        3.20132775556200        0.90272454653604
C            0.04997434205409       -5.49748812434091        0.15448107685886
N            6.06552790736204        3.13485319023123       -2.40380787483943
N           -7.05743160920984        2.99796731984499        1.66118610984541
N            0.17699065208329       -6.64916236255124       -0.34054228974228
C            2.12878068837316        4.39388265708015       -0.30411781488077
C           -3.15191124422877        4.09917872264571       -0.70800752954339
C            2.26221387820253       -2.61194415232915        0.42869275535307
C           -2.44087996132017       -2.82554144844571        0.43878162712193
C            0.90972982103110        4.85158490963527       -0.37924121573856
C           -2.01990999567324        4.76617637223618       -1.35776106806636
N            1.87567203022170        5.88793718902282       -0.27591170617827
N           -3.01368099586160        5.47597045501054       -0.88954905913808
H            5.85209546100861        3.91783109971225       -3.02312391575237
H           -7.97961838254625        2.65235703612107        1.49262495907016
H           -0.68770721185737       -7.14340770839366       -0.52893696521333
H            2.06633015485843        6.39058442103506       -1.14804905782937
H           -3.45158974949638        6.35997519734313       -0.71872663144531
H           -0.13868890480702        4.70410484895276       -0.53445839812934
N           11.74081586158008        0.16189395248519        0.25344409146551
C           11.97168959923157        1.52102420981047        0.30701629214296
C           12.92954772332105       -0.64273137765279        0.31536177344851
C           10.47360953015567       -0.26666614495883       -0.09580127151640
N           13.14426835732154        2.04166027821502        0.36905418599266
N           10.88580001125975        2.35195363848801        0.30954484242701
N           14.12672986387034       -0.10309863958876        0.33176806125940
N           12.69442473869358       -1.96180533382902        0.40218483589556
N            9.50065094222069        0.54788507595164       -0.32357749040555
N           10.35567269343442       -1.63285350104897       -0.18562723335282
C           14.21165142247210        1.20849034779207        0.36713240142154
C           11.37143490427520       -2.35713690967985        0.46725422365889
C            9.62144984894484        1.86853083268325       -0.12288479600978
N           15.41355371351852        1.84725452233148        0.40508598727853
N           11.10711915667985       -3.61057163737472        0.80987859303032
N            8.74208917363291        2.77429943774417       -0.32925612621282
C           15.55285740621385        3.33308271356137        0.32733802732435
C           16.61522981720169        1.33064973771474        0.30730323047993
C            7.44012848535965        2.60520409747581       -0.54673662346361
C           12.06003353291158       -4.66303694995911        0.45428957383703
C           10.16074956737066       -4.34034326741444       -0.05922422035939
N           16.61272279828158        3.79411449710866       -0.33448546788172
N           17.68225700318067        1.76688362200492       -0.01458560770023
N            6.77107136629386        3.67254910592109       -1.23203888928019
N            6.66520423171347        1.69535943239548       -0.05166370459282
N           13.24508246548233       -4.20841442076462        0.07438684140275
N            9.41609269018284       -3.61448335137213       -0.82371239131186
C           17.69009787154750        3.15309701738996       -0.68566714707863
C           11.03475175034273       -5.52660788843375       -0.12273483228641
N           18.70241846661617        3.35523093735047       -1.37672104560062
N           11.03030718156236       -6.71182742761217       -0.53336686497396
C           14.73582024405374        4.16503568993182        0.99711607681663
C           11.20904921166870        3.61089998576877        0.67785582020213
C           13.58089444981742       -2.99330427968791        0.04064340457703
C            9.25055528427929       -2.34343733018330       -0.61541480483422
C           13.49396236079878        4.62278656393110        1.64945646574569
C           12.17088676431377        4.37709796544936        1.09939713987811
N           14.47963570253772        5.52233699126673        1.04184016365988
N           10.78352141359624        4.96623163585660        0.95986206328436
H           18.79040819722366        4.20064517721137       -1.91530573319263
H           10.14896959217468       -7.08302353174670       -0.86443959180810
H           14.26118003981398        6.04481144762276        0.19777206299379
H           10.65602828335166        5.53563227656155        0.11108049561706
H           13.49321594902395        4.69188290871305        2.73939575686960
92
 energy: -210.199331139259 gnorm: 0.014489786012 xtb: 6.7.1pre (5071a88)
N           -0.22286249245995        0.06783089447523        0.35596521718847
C           -0.28242667425932        1.45548724063137        0.06008541281263
C            1.03573377764616       -0.52787438685135        0.33425449569355
C           -1.40286677472407       -0.64700156392073        0.34088918744447
N            0.81990792280805        2.13218869715612       -0.09377424059635
N           -1.45853113239592        2.03646512599946       -0.06075268454789
N            2.10939300418501        0.15874479905404        0.10495942286958
N            1.06764759980655       -1.86209788970515        0.55884832458245
N           -2.54530289869229       -0.06888060927482        0.11292805421479
N           -1.31552344651715       -1.97547067779018        0.57641517219259
C            1.98820374027826        1.48409672266277       -0.03879628839611
C           -0.09253901713173       -2.48226250791655        0.97922749434884
C           -2.53531833728239        1.26465304792935       -0.02564721106415
N            3.14961364132169        2.16708302408181       -0.18771204965112
N           -0.03395284357679       -3.76703591915191        1.47264175746572
N           -3.76222286537943        1.83277200817124       -0.14797062559128
C            3.22721188275794        3.54434655982196       -0.50059142504885
C            4.31869389830853        1.47630595743694        0.15628792727230
C           -4.00784129737802        3.24768528116461       -0.17942228237693
C           -4.83805235908362        1.04167121595447       -0.17573628285485
C            0.97978987782625       -4.48708734891744        0.60208061896077
C           -0.97977470316027       -4.56426041197184        0.60643570501725
N            4.32120116657688        4.08256352918318       -0.93688795621346
N            5.39087249795631        2.03572772438555       -0.33683645445864
N           -5.18611386957705        3.69849899181692        0.35709373264933
N           -5.80940261345815        0.44194587539936       -0.21838525793969
N            2.01514545678287       -3.85841151685582        0.19489634133589
N           -2.07363807005071       -4.04723163562364        0.19606274237801
C            5.39480066455782        3.24448198838999       -1.14607389609810
C           -6.14679315354297        3.20187621929383        0.90868700771683
C            0.04922639468701       -5.49499194822132        0.14657374100498
N            6.06581832305040        3.10378475786203       -2.39986507809842
N           -7.04718595296906        2.99726568305137        1.67181114244371
N            0.17554463382965       -6.64359208125325       -0.35571330157579
C            2.12927500112542        4.39306506689428       -0.31639032357005
C           -3.15145923687119        4.09731902800550       -0.71434139186613
C            2.26341341720914       -2.61164323986530        0.43300796200668
C           -2.44104181041753       -2.82416494788854        0.44329245367911
C            0.91004410695899        4.84938719462629       -0.39334831080388
C           -2.01994001639127        4.76158780901188       -1.36809736908420
N            1.87598655123336        5.88670918337961       -0.30509671449114
N           -3.01129068422111        5.47350366835323       -0.89795203718248
H            5.85284651249848        3.87660400642057       -3.03124488132684
H           -7.97107394610044        2.65399129723728        1.50728331900387
H           -0.68932761290460       -7.13698516442355       -0.54551236861837
H            2.06362351658049        6.37866647329980       -1.18386601048530
H           -3.44638415838227        6.35860565950056       -0.72556254228602
H           -0.13866632157325        4.70026559933180       -0.54522241999195
N           11.74105464781058        0.16514423264138        0.25792104536600
C           11.97070433596081        1.52317155635524        0.32087287067154
C           12.93071388587834       -0.64019394258139        0.32071916143610
C           10.47557722898611       -0.26101334658364       -0.09587290464608
N           13.14301027105109        2.04321527142914        0.39415346181785
N           10.88550493200740        2.35627224858864        0.32148786163271
N           14.12719447758803       -0.10104403446813        0.34456199142125
N           12.69484799287977       -1.95994897394159        0.39884923484665
N            9.50204260902254        0.55450341636098       -0.32054708530678
N           10.35739905743236       -1.62723766507399       -0.19413599095919
C           14.21067713493806        1.21122859253534        0.38932304337332
C           11.37172149342845       -2.35353304635109        0.45842246044010
C            9.62215967447085        1.87395435920023       -0.11378479805512
N           15.41172743696031        1.85086966380508        0.43331575705910
N           11.10547048270909       -3.60783179290622        0.79679782553695
N            8.74139998699594        2.77914461492418       -0.31735450102572
C           15.54841787251165        3.33613996624156        0.33001847165854
C           16.61430730126772        1.33351521873529        0.33853469107611
C            7.44007102459487        2.60495578127834       -0.53481348744733
C           12.05773136797979       -4.65983671931607        0.43897622746521
C           10.15938162565823       -4.33354189946521       -0.07417933293434
N           16.60189105041108        3.78478063073156       -0.34853067925440
N           17.67911433984622        1.76393373560678        0.00106103341630
N            6.76999100919802        3.66039891388953       -1.23702188474061
N            6.66634267828337        1.70350403332930       -0.02282727368285
N           13.24273157220954       -4.20583534668732        0.06015019639438
N            9.41701721073200       -3.60606193661273       -0.83939559087262
C           17.68093122272182        3.14194907292781       -0.68816757757645
C           11.03115988442785       -5.52174733749769       -0.13852158159305
N           18.69340917633342        3.33438049021390       -1.38165069452356
N           11.02405768574555       -6.70704483276307       -0.54910016789363
C           14.72798897693745        4.17253102227854        0.98325045247795
C           11.21209055970333        3.61489388221992        0.69473211085730
C           13.58051417269134       -2.99060828039559        0.02911078258840
C            9.25300882764157       -2.33443096929869       -0.62824090371452
C           13.49587367025295        4.63547546809653        1.64773660444016
C           12.17206439533194        4.38332224856975        1.10771203096466
N           14.46881788210469        5.53196184082758        1.02999668516867
N           10.79035674560511        4.97241925561702        0.95810151282550
H           18.79596664409556        4.17276454647060       -1.92673064199404
H           10.14087896721652       -7.07510213761911       -0.87908931003354
H           14.23140446639286        6.04118973728710        0.18522343766029
H           10.67102458282714        5.53639160497241        0.10453534948130
H           13.49796413963091        4.69867937608320        2.72852727803610
92
 energy: -210.199520026513 gnorm: 0.014175589056 xtb: 6.7.1pre (5071a88)
N           -0.22128318017885        0.06816965473843        0.36562365163640
C           -0.28080297169414        1.45586392640059        0.06907516587952
C            1.03749581060195       -0.52720732616235        0.34656930549316
C           -1.40111551294708       -0.64679479893423        0.34769751297323
N            0.82142285892430        2.13261188148860       -0.08362796375392
N           -1.45653469854520        2.03685246111302       -0.05406996607844
N            2.11157564750700        0.15981118960335        0.12117592646021
N            1.06879557984148       -1.86214004280335        0.56774621699457
N           -2.54303049471532       -0.06892879724516        0.11690203029297
N           -1.31432709241215       -1.97537707788871        0.58260612712699
C            1.98960582383243        1.48515945313568       -0.02538631338694
C           -0.09193540405120       -2.48406702287517        0.98359960046567
C           -2.53307546667183        1.26476994255342       -0.02146166472972
N            3.15037590737626        2.16832146950662       -0.17417174664825
N           -0.03347542842917       -3.77093801394056        1.47114759887858
N           -3.75947260261875        1.83225880949536       -0.14808795524809
C            3.22704278004425        3.54149852444961       -0.50411049685639
C            4.31911119973324        1.48434032126027        0.18339415173695
C           -4.00474580079923        3.24745615157095       -0.17977175579292
C           -4.83508328578642        1.04092371078261       -0.18310767869318
C            0.97984747496431       -4.48706991765153        0.59700497186064
C           -0.98007337071236       -4.56438107099676        0.60239257666052
N            4.32080523993582        4.07370571992700       -0.94828077497971
N            5.39176306271375        2.03813977355930       -0.31562114696819
N           -5.18110308103939        3.69864811809254        0.35997544625578
N           -5.80868174675249        0.44406972017553       -0.22462459172914
N            2.01555337534606       -3.85689422363906        0.19313894690206
N           -2.07420050561767       -4.04519796478437        0.19533594099064
C            5.39495893932840        3.23307276852806       -1.14360468012328
C           -6.14068562860861        3.20286481065963        0.91398758652732
C            0.04868946011235       -5.49238621155725        0.13684253340080
N            6.06643800964452        3.07247103290388       -2.39445501531334
N           -7.03507894601030        2.99474638238901        1.68343540332448
N            0.17442922756965       -6.63769610538682       -0.37312061750195
C            2.12887419874312        4.39191169609229       -0.32987990954355
C           -3.15048489302300        4.09557187334360       -0.72037097113132
C            2.26475493189451       -2.61149356022502        0.43803592078832
C           -2.44113137826277       -2.82299335410911        0.44715494838893
C            0.90952353683951        4.84747373362011       -0.41057544580172
C           -2.02012366364208        4.75626204346373       -1.38028698920589
N            1.87589024499648        5.88522879974724       -0.33830849563398
N           -3.00802561797542        5.47100317415484       -0.90705415784795
H            5.85259733986100        3.83423023372039       -3.03835476956940
H           -7.96143568952525        2.65532959125461        1.52396057750285
H           -0.69054239289381       -7.13008226668167       -0.56493251713152
H            2.06157978734883        6.36490203696057       -1.22413600697907
H           -3.43989371813385        6.35746860545032       -0.73339255821260
H           -0.13981475284283        4.69647664125922       -0.55695179244904
N           11.73975657189812        0.16864262164517        0.26641539497170
C           11.96874492404883        1.52612349342310        0.33789179738017
C           12.93010768484854       -0.63765846507283        0.32851518272157
C           10.47575195462049       -0.25591784295244       -0.09284467746174
N           13.14120229089416        2.04492899298041        0.42105612569853
N           10.88452397322411        2.36051473138424        0.33519822274390
N           14.12619555687919       -0.09919915743147        0.35869842711848
N           12.69332635684303       -1.95826686570021        0.39795105735474
N            9.50179270500941        0.56022865173637       -0.31342960355605
N           10.35751649588708       -1.62226831479157       -0.20112685874678
C           14.20931120063526        1.21349873501044        0.41287610277201
C           11.37023398136041       -2.35126161817630        0.45112281135458
C            9.62068011269569        1.87849293622570       -0.09892256231780
N           15.40919122749675        1.85377792261682        0.46119871789827
N           11.10225159125155       -3.60725888765704        0.78304669300527
N            8.74057395935026        2.78402633678686       -0.30182282410719
C           15.54416001683670        3.33984801780223        0.33116485461355
C           16.61242123432783        1.33635126146679        0.36741844708289
C            7.43971903731591        2.60610535913621       -0.52062592964552
C           12.05432053719079       -4.65794716922910        0.42221146366881
C           10.15764292106616       -4.32801193619436       -0.09201799102804
N           16.59295736601604        3.77473449981020       -0.36220118182661
N           17.67501902245806        1.76041733353379        0.01752403393717
N            6.76879408834249        3.64854590149069       -1.24069931910064
N            6.66691988638099        1.71320449717357        0.00667744285956
N           13.23948014967262       -4.20313223210526        0.04633465971202
N            9.41795660379777       -3.59814100604317       -0.85760423641668
C           17.67371184574587        3.13009396210554       -0.69074269241764
C           11.02766984368664       -5.51792237021095       -0.15807012523888
N           18.68714676188642        3.31118442962088       -1.38567996582312
N           11.01833760001327       -6.70296295724665       -0.56961284975993
C           14.71860809315699        4.18331307289895        0.96515175373998
C           11.21161127202749        3.62011910963570        0.70859471998806
C           13.57898082180995       -2.98783555233361        0.02097853302733
C            9.25414729758858       -2.32636297279577       -0.64123432677629
C           13.49811801494586        4.65079374265890        1.64558682512903
C           12.17448367927340        4.38544262401727        1.11723743915302
N           14.45896184529862        5.54413129807757        1.00485084191909
N           10.79650554757582        4.98316626721826        0.95768395945287
H           18.80051997763301        4.14155819814685       -1.94088516367050
H           10.13370281801738       -7.06729813470427       -0.90031847547274
H           14.20581063144967        6.03935818590085        0.15991464132580
H           10.67923341065523        5.53591339719960        0.10710682283603
H           13.52710197557463        4.72083040642980        2.73943065259283
92
 energy: -210.199753924545 gnorm: 0.008407505142 xtb: 6.7.1pre (5071a88)
N           -0.22023476778452        0.06799736993875        0.37287493975367
C           -0.27984001938375        1.45551437861080        0.07561491505233
C            1.03867187910223       -0.52703942275045        0.35556225627515
C           -1.39998841922599       -0.64708402890864        0.35304716852563
N            0.82221737911426        2.13254447673663       -0.07689026592576
N           -1.45538192384383        2.03649188159258       -0.04870898213211
N            2.11304079248686        0.16038496733577        0.13272311169218
N            1.06969050635633       -1.86240302180549        0.57479162086601
N           -2.54167403680268       -0.06954517402925        0.12005348311268
N           -1.31341846236190       -1.97572135544859        0.58733782768621
C            1.99046358829367        1.48564509946821       -0.01546421876962
C           -0.09140992256465       -2.48575267855904        0.98742125383622
C           -2.53180977257829        1.26417959192521       -0.01803789428071
N            3.15077112475998        2.16941658264735       -0.16358310455183
N           -0.03307207450837       -3.77424076973993        1.47078005058970
N           -3.75772351058120        1.83187224994616       -0.14716561541297
C            3.22615323250904        3.53932503177987       -0.50659713985844
C            4.31952658671271        1.49081800235401        0.20337659832849
C           -4.00226281325614        3.24734205847464       -0.17944971496304
C           -4.83335700365325        1.04073020416038       -0.18592099702243
C            0.98025731888754       -4.48711035949158        0.59381970459061
C           -0.97987811741951       -4.56477478993484        0.59954036672442
N            4.31954920913605        4.06703052478066       -0.95672217443594
N            5.39203543509147        2.04079388386521       -0.30115937843308
N           -5.17673688843558        3.69891129879318        0.36390067298003
N           -5.80827339829951        0.44445534067704       -0.23170815073282
N            2.01636005433768       -3.85582337062985        0.19285959821385
N           -2.07418954306228       -4.04418690212161        0.19478574147257
C            5.39476291201722        3.22579292688285       -1.14209766220109
C           -6.13472223455177        3.20313631513389        0.92062642732610
C            0.04893724717712       -5.49050208521488        0.12979350995939
N            6.06667423040476        3.05083735137376       -2.38986336659311
N           -7.02706751585513        2.99455211316207        1.69220168295717
N            0.17450930494328       -6.63344429859484       -0.38557728433549
C            2.12769729574901        4.39095659821004       -0.34037028275863
C           -3.14967879658504        4.09401452680327       -0.72473683842795
C            2.26599620141588       -2.61140255789353        0.44285261830676
C           -2.44100033410351       -2.82266798025017        0.45013074499072
C            0.90845079328569        4.84647659642223       -0.42485792965053
C           -2.02014073135891        4.75152219975755       -1.38952763854343
N            1.87527433476697        5.88432347421996       -0.36515454472495
N           -3.00529935922587        5.46882454899533       -0.91434606196154
H            5.85159737370338        3.80412575525711       -3.04335610510922
H           -7.95382989254436        2.65542787133294        1.53492898171232
H           -0.69045807337508       -7.12508169792826       -0.57920914801512
H            2.06053806493682        6.35390754815443       -1.25638527847335
H           -3.43465903985001        6.35645476493234       -0.74035846728491
H           -0.14147987827020        4.69388401793541       -0.56606164757678
N           11.73784773534014        0.17200198009871        0.27519471891760
C           11.96726266963535        1.52970116015066        0.35155155148207
C           12.92829011169913       -0.63504912334607        0.33552492544527
C           10.47450361893599       -0.25232686115202       -0.08865544822623
N           13.14027899446546        2.04723869832843        0.44025341437245
N           10.88359358954473        2.36361658844451        0.34426066785795
N           14.12440428533778       -0.09736402229460        0.36862616182948
N           12.69060308626660       -1.95633098809317        0.39946396782667
N            9.50043163437945        0.56382411326482       -0.30677894350228
N           10.35630391840731       -1.61860220847401       -0.20416232993757
C           14.20850677991298        1.21540522673086        0.42905963866248
C           11.36780224032054       -2.35004550965702        0.44772870870634
C            9.61911038298630        1.88161714843881       -0.08707643290659
N           15.40855498835133        1.85514746052112        0.47869986886689
N           11.09871153215430       -3.60766115185584        0.77372319785513
N            8.74009040513453        2.78764411425602       -0.29070821315582
C           15.54670432555494        3.34093621627938        0.33562497320596
C           16.61060177454129        1.33733200417413        0.38142253374818
C            7.43924198370235        2.60839465201630       -0.50984991187419
C           12.05121192752581       -4.65706200947474        0.41012036486526
C           10.15631697212464       -4.32426240105287       -0.10614581045324
N           16.59198530510184        3.76767875470384       -0.36716646813209
N           17.67220692765627        1.75721237133056        0.02643464859831
N            6.76812443402710        3.64116886608208       -1.24290543353791
N            6.66679772557797        1.72096954438244        0.02651648523583
N           13.23667471341946       -4.20016828052680        0.03801382929111
N            9.41871310158684       -3.59225904143804       -0.87174114771111
C           17.67190333373860        3.12153413452189       -0.69292510741847
C           11.02541345890589       -5.51521778287201       -0.17414378874442
N           18.68475337794702        3.29501322382802       -1.38968811850253
N           11.01496577003471       -6.69972441217773       -0.58732194512538
C           14.71718984641844        4.18798002979557        0.95990959978917
C           11.20453527316042        3.62506432475919        0.71585782839014
C           13.57697825148535       -2.98493929706631        0.01905273239517
C            9.25404328518218       -2.32090168738345       -0.64999437546970
C           13.50574077593464        4.65618452461700        1.64519931266491
C           12.16965768927195        4.39018534169524        1.13879843546075
N           14.45694349275002        5.55108867199193        0.99069528413759
N           10.79127299900486        4.99315950911865        0.95483094491928
H           18.80022316338583        4.11978838237263       -1.95306804977852
H           10.12992684859312       -7.06134094094022       -0.92028917373119
H           14.20008181331049        6.03701762554737        0.14221020125913
H           10.69005953261570        5.54646227335726        0.09755115137321
H           13.53602358882088        4.73084671864647        2.73363716819555
92
 energy: -210.199917583178 gnorm: 0.007699158852 xtb: 6.7.1pre (5071a88)
N           -0.21931495194455        0.06793248073937        0.37932206662104
C           -0.27888639556310        1.45520724284037        0.08141146192833
C            1.03971952416328       -0.52686212528688        0.36369881052934
C           -1.39902890826382       -0.64731736608857        0.35753116870623
N            0.82314519938183        2.13255878509452       -0.07084650671056
N           -1.45438936780239        2.03600122688488       -0.04454037448778
N            2.11442982829707        0.16104513402612        0.14342022179615
N            1.07046434555297       -1.86260174995680        0.58106068567655
N           -2.54055747186024       -0.07011669371894        0.12258536165923
N           -1.31267115067979       -1.97601230207915        0.59095970370697
C            1.99157139057491        1.48614465556732       -0.00590204030642
C           -0.09103729726753       -2.48731037417348        0.99051608351112
C           -2.53083753442601        1.26348642685846       -0.01575625991341
N            3.15174434430456        2.17053029726558       -0.15310097368129
N           -0.03301557277253       -3.77739455111856        1.46999170198798
N           -3.75645225373452        1.83161752032852       -0.14664097503095
C            3.22598220156711        3.53736622402194       -0.50863363561135
C            4.32071824876420        1.49693148437358        0.22191698852596
C           -4.00029893335607        3.24729185456142       -0.17941945087825
C           -4.83221031430839        1.04119081968701       -0.18481216885924
C            0.98067440850387       -4.48700248481831        0.59059539366411
C           -0.97958788527429       -4.56501289568983        0.59571926784430
N            4.31914432501848        4.06111711411815       -0.96355559274837
N            5.39314853398729        2.04356784075737       -0.28671714671193
N           -5.17186217570598        3.69921710434948        0.37021589579043
N           -5.80620715598133        0.44419426262336       -0.23864408138726
N            2.01738513261697       -3.85470692698032        0.19301463343007
N           -2.07393668903414       -4.04319417735823        0.19282620394375
C            5.39588266812457        3.21980319179623       -1.13925950498008
C           -6.12705097082277        3.20257424797237        0.93117475227722
C            0.04948538491821       -5.48848958632407        0.12226864911172
N            6.06911354508980        3.03181083261593       -2.38354254623102
N           -7.02108375283577        2.99702472328985        1.70098628874187
N            0.17517316428533       -6.62918028534680       -0.39802021511934
C            2.12705102901827        4.38999572531513       -0.35104115477319
C           -3.14941233626138        4.09255851677557       -0.72931813305222
C            2.26715323349299       -2.61122666626581        0.44781131028767
C           -2.44075311620921       -2.82241780377726        0.45168994364226
C            0.90799718887463        4.84520094841585       -0.43899067720176
C           -2.02018044818562        4.74690871474219       -1.39771581169389
N            1.87483852537607        5.88355128188634       -0.39236281265484
N           -3.00290247367049        5.46674823437272       -0.92131380173040
H            5.85309253737461        3.77714315968477       -3.04608531959575
H           -7.94616722159156        2.65424901307293        1.54348008404912
H           -0.68977843343915       -7.12000032436079       -0.59381860708972
H            2.05967847800961        6.34300172648889       -1.28895053356393
H           -3.42968249293203        6.35555202672369       -0.74699531372416
H           -0.14225184801977        4.69092132096109       -0.57602610190358
N           11.73601681364687        0.17413046147147        0.28815451225186
C           11.96692866301586        1.53197173022923        0.36933824672659
C           12.92602585508174       -0.63354819174396        0.34519916860370
C           10.47308729705153       -0.24880689216897       -0.08085896347492
N           13.14004506548831        2.04802319600701        0.46029787332114
N           10.88507763128455        2.36618711540063        0.35862960599782
N           14.12238438473642       -0.09673776801476        0.37934161263444
N           12.68745417124203       -1.95497929096800        0.40355980296506
N            9.49974435749329        0.56827652078240       -0.29707210758214
N           10.35501838172403       -1.61445787007253       -0.20409312445425
C           14.20763869560148        1.21563113102249        0.44410442412806
C           11.36499213716965       -2.34930968968089        0.44674352356739
C            9.62000075912574        1.88586962100900       -0.07383851538251
N           15.40772618377602        1.85516371606688        0.49264932669854
N           11.09468736132340       -3.60860199537447        0.76574996295048
N            8.74140517816338        2.79222735751551       -0.27825251654625
C           15.54803439810044        3.34115539056266        0.33983800568173
C           16.60856494435853        1.33680017386489        0.39276252219776
C            7.44026573966599        2.61181759091370       -0.49756090078885
C           12.04803630033232       -4.65647480772485        0.39856070981770
C           10.15519619683944       -4.32004885408672       -0.12077702399524
N           16.59162542537100        3.76177661813449       -0.36896559987949
N           17.67010574783779        1.75397581014235        0.03551493968587
N            6.76939288037409        3.63579206565198       -1.24269297922889
N            6.66769709194892        1.72882186681530        0.04617279917336
N           13.23417027762536       -4.19700773521765        0.03149091354182
N            9.42011818604965       -3.58492309905850       -0.88590708321203
C           17.67096645555122        3.11358929932670       -0.69349484710404
C           11.02344183382673       -5.51174644580753       -0.19165970069148
N           18.68267917427048        3.28085621235892       -1.39270852589764
N           11.01241575895960       -6.69501113844827       -0.60822281928500
C           14.71238041465855        4.18977243172891        0.95435655797779
C           11.20273904755781        3.62933293315580        0.72712639538438
C           13.57488084382155       -2.98204071888749        0.02024144484061
C            9.25417855133716       -2.31459106296225       -0.65764710107564
C           13.50515570538899        4.65954588669092        1.63736086744340
C           12.16615958614545        4.39740423355643        1.13507061361782
N           14.45022209474592        5.55490097377591        0.97199834787794
N           10.78937624420048        5.00013622872480        0.95594220805444
H           18.79601086435395        4.10068363969227       -1.96334662468611
H           10.12757717621802       -7.05420913741836       -0.94443226309518
H           14.19191017032058        6.03297802378014        0.11752681854011
H           10.69577664400003        5.55060147718010        0.09284876954363
H           13.53482922481873        4.74334216721514        2.72381878528731
92
 energy: -210.200096432826 gnorm: 0.007372876445 xtb: 6.7.1pre (5071a88)
N           -0.21828460904582        0.06795202774547        0.38664010259661
C           -0.27786263933650        1.45495315515631        0.08812762840578
C            1.04089633986944       -0.52663964071444        0.37293429111591
C           -1.39787335327935       -0.64761694335882        0.36244840724247
N            0.82408820478055        2.13270074030765       -0.06383487384998
N           -1.45332423688179        2.03549847922479       -0.03960043621548
N            2.11590556060323        0.16195041004687        0.15536692155417
N            1.07152175832954       -1.86269844918587        0.58825299264699
N           -2.53922510186463       -0.07072382358578        0.12563990654963
N           -1.31170279160204       -1.97639434086184        0.59468831920883
C            1.99259880741728        1.48671443060662        0.00471556351664
C           -0.09048776684078       -2.48893853612514        0.99405690079400
C           -2.52972122355688        1.26274444391803       -0.01278131299041
N            3.15257944155984        2.17179730890193       -0.14191562853484
N           -0.03294441710995       -3.78077119327108        1.46944487647708
N           -3.75505634278966        1.83134820788537       -0.14560054311409
C            3.22574279977453        3.53511550563347       -0.51115512823363
C            4.32149789647654        1.50349222362150        0.24076192224447
C           -3.99800296090511        3.24727865493628       -0.17887111003786
C           -4.83094015895471        1.04155842814310       -0.18281555976380
C            0.98156591526864       -4.48667728553544        0.58789103516187
C           -0.97881605501601       -4.56513351700805        0.59126459106892
N            4.31861934793778        4.05487052061693       -0.97072146156814
N            5.39372324785525        2.04651948990176       -0.27126631159170
N           -5.16690352717080        3.70020656601798        0.37583986811927
N           -5.80373506910008        0.44452269998299       -0.24169655300810
N            2.01916683804108       -3.85325087032176        0.19464697278031
N           -2.07303534819059       -4.04212572145046        0.18992464191767
C            5.39686365879601        3.21341373410157       -1.13582998456867
C           -6.12053056091002        3.20316808591399        0.93901408707628
C            0.05081895258239       -5.48605705176440        0.11428962474636
N            6.07263134194940        3.01259317024833       -2.37592111183935
N           -7.01154180395311        2.99519696334656        1.71181707949124
N            0.17693734510777       -6.62426985622129       -0.41115023107378
C            2.12615122214251        4.38855468845997       -0.36432867354028
C           -3.14881219864759        4.09064396476567       -0.73398007059719
C            2.26872182666085       -2.61079874595096        0.45456950587998
C           -2.44005423718570       -2.82224106538038        0.45261403320418
C            0.90744618218729        4.84361534942770       -0.45622956092711
C           -2.02076328677373        4.74053919987072       -1.40875421703076
N            1.87434247698972        5.88216819854064       -0.42501978136103
N           -2.99935982402096        5.46394654547399       -0.92910054617475
H            5.85627594027036        3.74973878492907       -3.04704428637967
H           -7.93777553446490        2.65424778148353        1.55665757266231
H           -0.68796327433496       -7.11406815251358       -0.60985865633607
H            2.05859416455148        6.32973003545587       -1.32764791123311
H           -3.42272550451017        6.35436077283920       -0.75462844606679
H           -0.14300959445352        4.68768932771311       -0.58919147656561
N           11.73210920265299        0.17627911651454        0.30588931537571
C           11.96477404575075        1.53433045994274        0.38827487796160
C           12.92169789212051       -0.63161414600121        0.35942502581368
C           10.47001814844730       -0.24524683496111       -0.06955063726699
N           13.13773566888046        2.04885201782272        0.48033628949542
N           10.88506553733438        2.36919010106460        0.37104072880545
N           14.11841135436941       -0.09542616188998        0.39244950314991
N           12.68297855612430       -1.95297872646057        0.41168072171332
N            9.49721420293610        0.57225739249568       -0.28452935921311
N           10.35318238488291       -1.60971460847345       -0.20112921317697
C           14.20487116559031        1.21620030117908        0.45952620352753
C           11.36107470243546       -2.34841436591509        0.44864661034144
C            9.61951919982881        1.88981041258485       -0.06103675940885
N           15.40518879801907        1.85514470191310        0.50280136290035
N           11.08969579393746       -3.60990490764953        0.75851645961490
N            8.74194817768076        2.79671967632688       -0.26610138552970
C           15.54881716954514        3.34251027450313        0.34130843907755
C           16.60412061980663        1.33405872017205        0.40038690838434
C            7.44064806097537        2.61525714491255       -0.48476903316706
C           12.04484866841484       -4.65535834688145        0.38648188369656
C           10.15466666004535       -4.31493362789421       -0.13752923113615
N           16.59418286964545        3.75501825382468       -0.36880233466274
N           17.66636439199441        1.74782839320918        0.04115263438173
N            6.77073732112196        3.63037749732915       -1.24123028318097
N            6.66814920697391        1.73706643610053        0.06671454110995
N           13.23186574234871       -4.19214519620694        0.02652226996353
N            9.42296028265223       -3.57587558230322       -0.90216243278077
C           17.66999118873322        3.10221712512771       -0.69623598502045
C           11.02241338622910       -5.50671792414001       -0.21273898105687
N           18.67956315590315        3.26304743959424       -1.39986396845343
N           11.01140969719497       -6.68781234849663       -0.63516388375721
C           14.70940557326702        4.19143739493327        0.94847621949907
C           11.19982891105069        3.63583366661322        0.72909933812283
C           13.57238414993900       -2.97743370099536        0.02541586545075
C            9.25470255924329       -2.30730725025634       -0.66587306479902
C           13.50385032258056        4.66762219706731        1.62786723874557
C           12.16519438692083        4.40796155519895        1.12528931374735
N           14.45508009568871        5.55427295648682        0.96587160404067
N           10.78500935411241        5.00624699691388        0.95264261369295
H           18.78881291933727        4.07860812741938       -1.97567412114140
H           10.12726393016983       -7.04423522219919       -0.97614054406013
H           14.19878888332736        6.03439094095943        0.11350305520362
H           10.68723782002896        5.54750149460053        0.08624787859602
H           13.53015599346389        4.75652045395496        2.71335634346294
92
 energy: -210.200347563297 gnorm: 0.008750346880 xtb: 6.7.1pre (5071a88)
N           -0.21730918690725        0.06834806304285        0.40081169683030
C           -0.27707100175453        1.45501791286664        0.10154815998889
C            1.04218703651426       -0.52562077898518        0.39065280324609
C           -1.39640169909016       -0.64817728320210        0.37166837414732
N            0.82459470988753        2.13371183162759       -0.04910443363187
N           -1.45255798357221        2.03477216188969       -0.02927307441248
N            2.11757901186364        0.16447536041836        0.17837557707051
N            1.07295174556536       -1.86235858285605        0.60123708517862
N           -2.53752011399088       -0.07199780033218        0.13156404006915
N           -1.31037334626812       -1.97713658010232        0.60148009510934
C            1.99331517918950        1.48862216455977        0.02519964458215
C           -0.08979192882505       -2.49175179907283        1.00046738424186
C           -2.52862041030754        1.26126055160433       -0.00608305721892
N            3.15302141030071        2.17465074312296       -0.12053616638661
N           -0.03261727192581       -3.78702950140607        1.46786519309647
N           -3.75341871911471        1.83037429022817       -0.14343730887871
C            3.22512285781328        3.53128988142639       -0.51613603675108
C            4.32174209015939        1.51623947351966        0.27851929623600
C           -3.99437795003443        3.24679857948816       -0.17699166297916
C           -4.83013738034878        1.04185366540135       -0.18367310094323
C            0.98350353286804       -4.48540303421484        0.58197303389191
C           -0.97699777050173       -4.56507015414283        0.58240148225827
N            4.31768292801194        4.04296064151103       -0.98548245287023
N            5.39422002646619        2.05138578401410       -0.24009073750419
N           -5.15864464962709        3.70239931960503        0.38561572458989
N           -5.80341999735718        0.44685288705489       -0.24602980050469
N            2.02255264834315       -3.84949778798333        0.19681076615854
N           -2.07147209673075       -4.04019620212496        0.18458497248209
C            5.39760892575970        3.19972859858628       -1.13083567275270
C           -6.11024619842052        3.20519103235938        0.95186437672761
C            0.05381292034027       -5.48101198873503        0.09835072935334
N            6.07786622333683        2.97253377961563       -2.36391477464707
N           -6.99239298436056        2.98985136281147        1.73360726880397
N            0.18106532370551       -6.61453134211634       -0.43706412229815
C            2.12458173495640        4.38645922827059       -0.38894427937140
C           -3.14772236169151        4.08644961670727       -0.74114332878729
C            2.27117034045245       -2.60880517315216        0.46641311396944
C           -2.43898300330735       -2.82208732303937        0.45483799871748
C            0.90606930217045        4.84020258191867       -0.48845990463584
C           -2.02269383394528        4.72774121124071       -1.42947105337012
N            1.87250872992433        5.87946766484932       -0.48475872167840
N           -2.99270136170468        5.45803300841608       -0.94217043394845
H            5.86236598332231        3.69382961549550       -3.05280476621144
H           -7.92266680703959        2.65591174269633        1.58494323321995
H           -0.68361110379647       -7.10267116798852       -0.64114672261459
H            2.05504084165462        6.30556827187306       -1.39833308079612
H           -3.40977435053372        6.35142772910426       -0.76759619796321
H           -0.14459993583141        4.68135181405562       -0.61557765253346
N           11.72546086929887        0.17902366472404        0.33577635691309
C           11.96089100570650        1.53712795268925        0.41979408487327
C           12.91410352113280       -0.62946378493662        0.38451971402797
C           10.46499569298439       -0.23917460898012       -0.05120244234055
N           13.13399874960085        2.04952422105467        0.51513323753653
N           10.88426109522359        2.37366434726034        0.39409044548041
N           14.11179515383935       -0.09442176685849        0.41743312462045
N           12.67516929618418       -1.95067865417748        0.42479234608482
N            9.49342968753617        0.57973232438766       -0.26448503492437
N           10.35000121455213       -1.60125886080063       -0.19684325893454
C           14.20042725900753        1.21603201928093        0.48931232052605
C           11.35390257889939       -2.34748134289748        0.45046091082234
C            9.61865792641775        1.89712178709017       -0.03907631457734
N           15.40164246179706        1.85405546933068        0.52694060706900
N           11.08051970408641       -3.61270968291333        0.74370498404702
N            8.74172388723125        2.80398373290735       -0.24458842234288
C           15.54784506462390        3.34376501433061        0.34618705283400
C           16.59928165419506        1.33006249917016        0.42713037343422
C            7.44060233530699        2.61946117467382       -0.46218212396428
C           12.03832385071696       -4.65395969810849        0.36330678681138
C           10.15239634645277       -4.30613145575542       -0.16887995781167
N           16.59377375003264        3.74351345786052       -0.37043320884124
N           17.66262246443201        1.73811262528679        0.06434735564797
N            6.77214661591450        3.61774191866736       -1.24121230398071
N            6.66867974697750        1.75123390344056        0.10688652862320
N           13.22732288485287       -4.18488912702659        0.01618797026541
N            9.42585120171282       -3.55874581740790       -0.93050110039230
C           17.66678902369730        3.08301918106782       -0.69521115745663
C           11.01943595802616       -5.49758591607287       -0.25271906950479
N           18.67282812569857        3.22986276982419       -1.40761494230969
N           11.00909090888654       -6.67433058574929       -0.68700226771821
C           14.70650492426389        4.19835925834976        0.94161645307444
C           11.19970617000739        3.64446100480315        0.73571020213623
C           13.56756227804210       -2.97062035760973        0.03299865920087
C            9.25453250084330       -2.29349084858790       -0.67979202801711
C           13.50375873990643        4.68882291894113        1.61898685023220
C           12.17033601806576        4.41944330380085        1.11536539935398
N           14.45979717450208        5.56165952169315        0.93969276606399
N           10.78853101477693        5.01940114572663        0.94596220562374
H           18.77212651072617        4.03463369555139       -2.00300382089996
H           10.12667542438560       -7.02647570133154       -1.03676793682595
H           14.19838849662767        6.03375228766738        0.08100545506022
H           10.68820131107574        5.54697150951278        0.07242886001622
H           13.53164534609128        4.79732843020289        2.70306583410472
92
 energy: -210.200557455048 gnorm: 0.008376365334 xtb: 6.7.1pre (5071a88)
N           -0.21692834790120        0.06896155274203        0.41072033984420
C           -0.27698308892245        1.45546961212814        0.11094234925530
C            1.04278797793352       -0.52449912191876        0.40316641391174
C           -1.39541596487139       -0.64847740070511        0.37788194335598
N            0.82435017615268        2.13484534356320       -0.03882270913387
N           -1.45246434165460        2.03454062350465       -0.02189382187995
N            2.11819397924434        0.16665225621537        0.19377315269944
N            1.07405461457251       -1.86153126914504        0.61062652462804
N           -2.53641523692124       -0.07282665760283        0.13588718278792
N           -1.30927763153658       -1.97767683510430        0.60540863788053
C            1.99304722504046        1.49019912991849        0.03790381659914
C           -0.08918203288283       -2.49332616019538        1.00494843501832
C           -2.52806937762173        1.26032582151556       -0.00074195339924
N            3.15243078960595        2.17667543061004       -0.10851628560896
N           -0.03224704294877       -3.79099136315128        1.46673486545954
N           -3.75246088543883        1.82942582493104       -0.14092553381438
C            3.22417976513518        3.52801447341279       -0.52096079380963
C            4.32065810697447        1.52485418876083        0.30055091683278
C           -3.99196002263179        3.24607669740154       -0.17494186008505
C           -4.83010535727247        1.04184362786193       -0.18364200738944
C            0.98587769617449       -4.48365943312498        0.57886813651997
C           -0.97463302563785       -4.56448117698419        0.57532080079266
N            4.31699639741818        4.03446134960941       -0.99471069866248
N            5.39391329788583        2.05458598670448       -0.22101197240169
N           -5.15132544705379        3.70394826684146        0.39626737493803
N           -5.80510088720454        0.44853575244300       -0.24522240907991
N            2.02616265721029       -3.84580256912517        0.20038044173366
N           -2.06924869087610       -4.03879761830301        0.17927078288991
C            5.39781201038449        3.19075814108506       -1.12677530212649
C           -6.09999619669485        3.20589075753148        0.96692407649882
C            0.05758981294182       -5.47670536569904        0.08732628032502
N            6.08339042718348        2.94935777729460       -2.35353876464129
N           -6.98033108046842        2.99021100428470        1.75003718487500
N            0.18633277685199       -6.60687193354216       -0.45477244818951
C            2.12248902122055        4.38332722154568       -0.40895241729884
C           -3.14744066618122        4.08281191330564       -0.74647232372980
C            2.27332155661879       -2.60624398716263        0.47654820661439
C           -2.43755866890889       -2.82208730949061        0.45472037939445
C            0.90415991470543        4.83632694937942       -0.51544575478323
C           -2.02449640460168        4.71719963863358       -1.44454598829164
N            1.87013761786117        5.87455023760759       -0.52895156455508
N           -2.98819380075397        5.45285682990472       -0.95269265313943
H            5.86993954804465        3.66078570522841       -3.05190772662732
H           -7.91046394318211        2.65583436840756        1.60317128323152
H           -0.67794124280876       -7.09383361519841       -0.66357711493362
H            2.05216992427736        6.28570021960198       -1.44897318313714
H           -3.40039710235337        6.34859333270574       -0.77863350335686
H           -0.14654711039803        4.67606358202480       -0.64004232867007
N           11.71957420675557        0.18116385862358        0.36298538890698
C           11.95725775423625        1.53931993812629        0.44328172632973
C           12.90719311359809       -0.62816499160880        0.40730568146517
C           10.46091101522193       -0.23494845619556       -0.03394839962073
N           13.13105448784277        2.05048307978299        0.53928847550400
N           10.88178781658523        2.37738790668097        0.41137997982589
N           14.10582634412453       -0.09431508271466        0.43593784534484
N           12.66874880125305       -1.94946105649527        0.43899156066743
N            9.49033693181285        0.58458094223134       -0.24776453510351
N           10.34754920829111       -1.59507509576139       -0.18887274379178
C           14.19680352987181        1.21569880484027        0.51005626815378
C           11.34772959749948       -2.34742623639740        0.45640065378262
C            9.61664200072179        1.90181983267016       -0.02180636162417
N           15.39986554519881        1.85099061832665        0.53899198794834
N           11.07313825906132       -3.61580227859585        0.73526426543931
N            8.74001856635921        2.80851866410753       -0.22749401828917
C           15.55186432847626        3.34139018134558        0.35307487712290
C           16.59480751749801        1.32239202873994        0.43855628876988
C            7.43961178093098        2.62164662028569       -0.44611604007475
C           12.03367727449670       -4.65308614481102        0.34765333150778
C           10.15127434686990       -4.29970073952813       -0.19179673224394
N           16.60028597793167        3.73321546655823       -0.36212904322401
N           17.65910096746533        1.72601778906604        0.07310439871780
N            6.77249834238394        3.60942243264875       -1.23716208212557
N            6.66834480859340        1.75957657977808        0.13086342225196
N           13.22422948879071       -4.17916183705380        0.01181149994993
N            9.42867159110441       -3.54463997603771       -0.94980053221088
C           17.66503033696833        3.06515292995435       -0.69432583159876
C           11.01873124087211       -5.48960813479159       -0.28454565313992
N           18.66465280541355        3.20407476670469       -1.41742861249591
N           11.01072817278470       -6.66153300410586       -0.73194845580374
C           14.71122930904201        4.20285328114990        0.93932394986258
C           11.19864115643290        3.65263243787266        0.73716918831440
C           13.56385196106845       -2.96527372706614        0.04385946434557
C            9.25471239226949       -2.28257384062356       -0.68743482207767
C           13.50448132319400        4.70629489738499        1.60644238867811
C           12.17175277950735        4.43293388496236        1.10155894394190
N           14.46907823109487        5.56708258329167        0.92248305283802
N           10.78516407401327        5.02601319056223        0.94132031736297
H           18.75523835852439        4.00355738195281       -2.01825282564700
H           10.13073664561754       -7.01043935496864       -1.09090575265973
H           14.21123052850569        6.03761011186746        0.06210592144499
H           10.67233651389035        5.54269599767747        0.06416304241975
H           13.52896487207365        4.82667894932035        2.69070511341420
92
 energy: -210.200787094764 gnorm: 0.007656713529 xtb: 6.7.1pre (5071a88)
N           -0.21753316884409        0.07007945411754        0.42271288466565
C           -0.27825809187243        1.45657316140683        0.12230980911778
C            1.04263749840333       -0.52229334073323        0.41833049972485
C           -1.39500632288835       -0.64872129638040        0.38555894586647
N            0.82255473843211        2.13691897216479       -0.02599719817643
N           -1.45386075188406        2.03441565511679       -0.01329691728783
N            2.11786273306091        0.17022407361853        0.21238249872330
N            1.07494615730385       -1.85972762096476        0.62191378358961
N           -2.53609305319352       -0.07400250558546        0.14138422617039
N           -1.30828412024056       -1.97830111674335        0.61014942055448
C            1.99146165212165        1.49318360734918        0.05296971673447
C           -0.08863467603803       -2.49472188567309        1.01039510653964
C           -2.52871417397961        1.25909005479456        0.00573947751676
N            3.15042767846268        2.17975902337394       -0.09521273023377
N           -0.03135787641373       -3.79527650432931        1.46528392134193
N           -3.75264916971000        1.82781214817042       -0.13785756795154
C            3.22250572135247        3.52449094763625       -0.52806222692471
C            4.31774216336897        1.53559934608969        0.32842942592580
C           -3.98999316954550        3.24487444102263       -0.17216794927001
C           -4.83154774379393        1.04197431750831       -0.18402440399722
C            0.98946613037635       -4.48073780340998        0.57516935707189
C           -0.97091089680205       -4.56348070627458        0.56679644152478
N            4.31619346751013        4.02390292565766       -1.00790835617270
N            5.39264578961518        2.05765339064049       -0.19771252676970
N           -5.14360343566702        3.70632259801824        0.40782252433729
N           -5.80890262032774        0.45158581498830       -0.24252605389505
N            2.03083753839214       -3.84014490538153        0.20439838951480
N           -2.06614717803628       -4.03735897518056        0.17302180123467
C            5.39740417716471        3.17862418771720       -1.12340429489975
C           -6.08973964689365        3.20810204760326        0.98268456577089
C            0.06327282246333       -5.47105644451412        0.07426437688970
N            6.08778451625756        2.91752642793336       -2.34388686708492
N           -6.96381658386005        2.98853069101045        1.77200609814830
N            0.19427410923858       -6.59713928460500       -0.47599749278287
C            2.11972783578490        4.38003099952183       -0.43328172238081
C           -3.14762331463936        4.07775360260015       -0.75234690687372
C            2.27572447151207       -2.60175401284617        0.48838609176058
C           -2.43587510013975       -2.82242910460998        0.45472362190303
C            0.90117486061417        4.83089243853107       -0.54790416908761
C           -2.02771809420049        4.70360256655319       -1.46306610844297
N            1.86641160730360        5.86846522162084       -0.58190040839702
N           -2.98324700375564        5.44590162905201       -0.96504715886404
H            5.87726419268257        3.61637139122110       -3.05605778124408
H           -7.89642031257509        2.65850871118919        1.63019959539048
H           -0.66924246739106       -7.08309636244648       -0.69031904343624
H            2.04743926309400        6.26194329433050       -1.50970925597177
H           -3.38947941568056        6.34445161144021       -0.79149636327050
H           -0.14969115105023        4.66870710731052       -0.67034307319729
N           11.71386931919212        0.18423026699554        0.39296761358297
C           11.95382773669784        1.54229551996237        0.46841678349343
C           12.90021981731735       -0.62688057733208        0.43273716865059
C           10.45747653294217       -0.22956128225454       -0.01543387734413
N           13.12870465698370        2.05258254536813        0.56458404565986
N           10.87887699758214        2.38249336124077        0.43190986386772
N           14.09985860195333       -0.09456133410962        0.45751335737173
N           12.66201655371330       -1.94868369652885        0.45384252258972
N            9.48858885561829        0.59108889990633       -0.23106902300994
N           10.34482496499334       -1.58777559343961       -0.17989503867329
C           14.19316172070297        1.21558808774287        0.53370758886989
C           11.34068773101014       -2.34749783452486        0.46225800918897
C            9.61483371981691        1.90801796810520       -0.00187362342949
N           15.39845098242697        1.84763552370731        0.55478284292401
N           11.06488356723601       -3.61921572277069        0.72456417539539
N            8.73730189063185        2.81350649725584       -0.20785344014132
C           15.55310181844102        3.33748342285958        0.35776597977420
C           16.59252386922502        1.31501245118042        0.46044472214447
C            7.43762704482985        2.62289360479857       -0.42752923440484
C           12.02802365380751       -4.65174210236932        0.32884865490809
C           10.14908380996738       -4.29218096981787       -0.21773084028240
N           16.60290059008429        3.72255044669377       -0.35707650743312
N           17.65808794024751        1.71334027132719        0.09219886893713
N            6.77194745905482        3.59744077604851       -1.23631693817635
N            6.66667082435269        1.76933160850012        0.16233826137525
N           13.22021378903236       -4.17329700594914        0.00539311126217
N            9.42985617663552       -3.52729412278981       -0.96926315703921
C           17.66307587491736        3.04522336588237       -0.68861646446521
C           11.01753153906434       -5.47964458514526       -0.32188308006774
N           18.65644373088541        3.17244358248724       -1.42372112911338
N           11.01349723943488       -6.64507634050058       -0.78640859240688
C           14.71804121376732        4.20958776597666        0.93665163494420
C           11.20021679646703        3.66109221122307        0.74256174737027
C           13.55940735576118       -2.96000294901130        0.05456942403425
C            9.25391595491646       -2.26897519372001       -0.69378494424079
C           13.50826114186441        4.72510986389028        1.59459583109505
C           12.17357385095134        4.44742728527913        1.09359977363660
N           14.47782609166148        5.57373684493173        0.90253418364531
N           10.78476209420002        5.03508935279700        0.93585308302357
H           18.73498968865032        3.96303767677293       -2.04211353634528
H           10.13684631490703       -6.99051010796588       -1.15669492164958
H           14.22591377625854        6.03802047196003        0.03704172995688
H           10.66085153361679        5.54339273010407        0.05391208570226
H           13.53199159304557        4.86148402561150        2.67722028133476
92
 energy: -210.201004351240 gnorm: 0.008232416518 xtb: 6.7.1pre (5071a88)
N           -0.21921491507287        0.07159417853756        0.43714772281329
C           -0.28095603122398        1.45813767492352        0.13571644957881
C            1.04171915175864       -0.51903163467085        0.43687343594267
C           -1.39528500439837       -0.64894062940976        0.39502304903993
N            0.81922305647167        2.13963416500930       -0.01084597680426
N           -1.45676780972865        2.03424257460721       -0.00368367630987
N            2.11664375611481        0.17502361332308        0.23473735731664
N            1.07555733272666       -1.85688403942607        0.63654954748886
N           -2.53665820135289       -0.07558313316759        0.14834855272306
N           -1.30745537057587       -1.97906486247547        0.61584952564691
C            1.98862268698628        1.49734060889995        0.07048533191958
C           -0.08839443450139       -2.49599561154271        1.01727744159123
C           -2.53066776093135        1.25747716665810        0.01324491797372
N            3.14709288507677        2.18368151054363       -0.08082646531659
N           -0.03047609306343       -3.79990613772624        1.46361557372413
N           -3.75417058226992        1.82550021362908       -0.13388157679045
C            3.21974949838532        3.52008592617808       -0.53748292023846
C            4.31302313908118        1.54830753235425        0.35994648972634
C           -3.98880113882869        3.24319179467335       -0.16897804323333
C           -4.83454408907290        1.04228656140399       -0.18184867661696
C            0.99433915504400       -4.47657650131894        0.57186856670339
C           -0.96579492087470       -4.56208905857755        0.55645938748268
N            4.31509235843643        4.01082465443892       -1.02315196436654
N            5.39011719910730        2.06092809413786       -0.17189139791777
N           -5.13449015547286        3.70916262046341        0.42309058478948
N           -5.81385666942942        0.45487893614365       -0.23802597870924
N            2.03684928184495       -3.83244311325744        0.21066780532154
N           -2.06179075953792       -4.03594122927460        0.16484767043218
C            5.39673398756489        3.16411259691830       -1.11859337465768
C           -6.07670357996458        3.21089154528516        1.00467630164200
C            0.07123541645739       -5.46387707260404        0.05940790880788
N            6.09212869550010        2.88059786086811       -2.33150522144858
N           -6.94419656861854        2.98898531197927        1.80057912547165
N            0.20556573283643       -6.58479592806350       -0.50073492822033
C            2.11543050010148        4.37558901720270       -0.46436462294986
C           -3.14950049773842        4.07110793630451       -0.76064898309019
C            2.27853068108938       -2.59535421762130        0.50402278926487
C           -2.43386588564096       -2.82331277366543        0.45391376699030
C            0.89630615245045        4.82264395042100       -0.58970698625673
C           -2.03350118907441        4.68642610221697       -1.48681425915772
N            1.86042300528318        5.86001848930252       -0.64929683335876
N           -2.97893914207011        5.43688275946220       -0.98154358522151
H            5.88474084197207        3.56449882148106       -3.05910768315307
H           -7.87870492523085        2.66171911690176        1.66500613689342
H           -0.65669963950140       -7.06982181467779       -0.72217467918834
H            2.04054573239383        6.23119812998273       -1.58684658977379
H           -3.37746848765649        6.33889518605359       -0.80796995665004
H           -0.15481319949108        4.65739174794102       -0.70949014097411
N           11.70720520919226        0.18850932421364        0.43001939074040
C           11.94997201327181        1.54618951245951        0.49882636223012
C           12.89232464864842       -0.62509417283698        0.46334440710469
C           10.45368860201066       -0.22255367978052        0.00797232537129
N           13.12588178874838        2.05577343909939        0.59391869204659
N           10.87609309177978        2.38950668877446        0.45654851089883
N           14.09266463235212       -0.09466217476427        0.48339478791840
N           12.65425781121545       -1.94764378110025        0.47148629219895
N            9.48721609672453        0.59971945009987       -0.21077614992084
N           10.34101605308371       -1.57885554375455       -0.16754114732419
C           14.18816796667747        1.21603525390248        0.56183301168715
C           11.33216344290690       -2.34738564538146        0.46982416043832
C            9.61289873281950        1.91615872768957        0.02334358827289
N           15.39579409085830        1.84375427401623        0.57379635653149
N           11.05556708253450       -3.62311640472666        0.71176854797849
N            8.73359210229345        2.81967880362976       -0.18314366762782
C           15.55446796858357        3.32993821717374        0.36629545989151
C           16.58794566219652        1.30575031576151        0.48421734498582
C            7.43478785855253        2.62392374864378       -0.40513360606149
C           12.02190109021874       -4.64908384557123        0.30550183983543
C           10.14660816475645       -4.28264989421141       -0.24797214461856
N           16.60599376980448        3.70771988000989       -0.34901163963818
N           17.65434562839754        1.69660868148247        0.10862812932801
N            6.77062210670587        3.58261594573242       -1.23451664698242
N            6.66336664004036        1.78082438150243        0.19858280347124
N           13.21562747398467       -4.16551860119129       -0.00357605021783
N            9.43032411842919       -3.50560018865895       -0.99005332038778
C           17.65682393933107        3.01880608526436       -0.68577457590861
C           11.01716506700730       -5.46632150478740       -0.36746717016405
N           18.64301095112645        3.13398911971155       -1.43342138235900
N           11.01944878195919       -6.62260491073578       -0.85513057070890
C           14.72743041160230        4.21667171722877        0.93753274712408
C           11.20664874071824        3.67055518900765        0.74818461483850
C           13.55428516305840       -2.95308121798761        0.06651074328990
C            9.25213768125135       -2.25191286219652       -0.69864566135952
C           13.51530359662897        4.74518559429726        1.58293117234590
C           12.18205198053433        4.46297266187659        1.08233280690995
N           14.48681035052481        5.58150885098074        0.87890559080403
N           10.79146881683511        5.04720025420395        0.92787920563551
H           18.71626609132123        3.91647084109022       -2.05597873892385
H           10.14724274667925       -6.96340678669020       -1.24008388398272
H           14.24569691557716        6.03309814804624        0.00285179152912
H           10.65150592046917        5.54890843313479        0.04282015768712
H           13.53643180318623        4.89964603458599        2.66208959613194
92
 energy: -210.201146528076 gnorm: 0.006343595821 xtb: 6.7.1pre (5071a88)
N           -0.22131716947530        0.07287958373069        0.44845966630008
C           -0.28397431708981        1.45942862331175        0.14586375669140
C            1.04035701210305       -0.51600262283405        0.45166000533417
C           -1.39622103083807       -0.64906747889335        0.40265567916936
N            0.81571512929925        2.14182556541442        0.00026352502654
N           -1.46000583149216        2.03397905918786        0.00340185237545
N            2.11504235521310        0.17918339922896        0.25226755173003
N            1.07560402890495       -1.85413890590268        0.64910581789172
N           -2.53793840365734       -0.07697736397862        0.15417025040399
N           -1.30719331058309       -1.97966000428301        0.62043043738406
C            1.98569319488102        1.50098577592962        0.08383879111848
C           -0.08864091659490       -2.49673688488177        1.02298700120285
C           -2.53320110053863        1.25606455317779        0.01904593220499
N            3.14392140988680        2.18691360378017       -0.07033073408544
N           -0.03002186971901       -3.80330388586852        1.46222545832238
N           -3.75645752313100        1.82358113757981       -0.13041793084497
C            3.21699408527445        3.51631746653289       -0.54630277843230
C            4.30856664024935        1.55828335166282        0.38319053125699
C           -3.98881800121493        3.24192546206375       -0.16683809467034
C           -4.83811015343333        1.04275606029169       -0.17807366550495
C            0.99852523426438       -4.47282251449809        0.56972569742250
C           -0.96136087407819       -4.56091715967460        0.54786681522637
N            4.31402520428959        4.00001336972089       -1.03488584618264
N            5.38727306630803        2.06342918527216       -0.15296909122011
N           -5.12739451110902        3.71136416547431        0.43630192115548
N           -5.81837014756610        0.45697335384183       -0.23547157136380
N            2.04173180161267       -3.82564131577503        0.21634728803702
N           -2.05789154790029       -4.03501757588147        0.15752320075495
C            5.39634321220995        3.15269302955371       -1.11382705466319
C           -6.06531513638392        3.21321313407679        1.02528966982679
C            0.07831739845059       -5.45783318009350        0.04772861398346
N            6.09522963008504        2.85220193985299       -2.32029969734899
N           -6.92866477786210        2.99232401090867        1.82539987415069
N            0.21579758469869       -6.57428174492749       -0.52055055079596
C            2.11124354025407        4.37155796171936       -0.49174103586134
C           -3.15260953934606        4.06557177640735       -0.76877330952540
C            2.28055404362561       -2.58964685930639        0.51740552497602
C           -2.43242429283383       -2.82441795236823        0.45251936728877
C            0.89153129934768        4.81433370735660       -0.62715227728407
C           -2.03984925482763        4.67235552621422       -1.50714954544546
N            1.85418970749473        5.85163484755460       -0.70520174859567
N           -2.97719480916648        5.42937890228937       -0.99658005477407
H            5.88936345729916        3.52425745109964       -3.05861429854449
H           -7.86372367422754        2.66511855724608        1.69489832481807
H           -0.64517009754511       -7.05879934856909       -0.74809964495029
H            2.03476165479895        6.20525891529839       -1.64940808277089
H           -3.36908989288990        6.33417792672116       -0.82225723468110
H           -0.15970085751610        4.64594978740041       -0.74398297033724
N           11.70248945384416        0.19224515740234        0.45842242875118
C           11.94734465245224        1.54965209483700        0.52342189006052
C           12.88721784396580       -0.62318093600821        0.48658701898088
C           10.45118757450334       -0.21671275684886        0.02616202951918
N           13.12376413286700        2.05855642032892        0.61700700965012
N           10.87486048323532        2.39547501851681        0.47653794905679
N           14.08771426540468       -0.09390079706482        0.50524537357407
N           12.64878659538123       -1.94611500071401        0.48404759056684
N            9.48683951834078        0.60687721793003       -0.19529404804428
N           10.33777323038928       -1.57163361324837       -0.15796929282789
C           14.18442198634209        1.21720369912217        0.58460378700607
C           11.32598936055280       -2.34667201507464        0.47485689136371
C            9.61186337297374        1.92277213534060        0.04357496359989
N           15.39314430652612        1.84258094594403        0.59152567444156
N           11.04943976540111       -3.62553066181156        0.70061223855128
N            8.73056897841447        2.82440109363281       -0.16238977630666
C           15.55379667887351        3.32432065414331        0.37004361529556
C           16.58454358846028        1.30052451702898        0.50818606674252
C            7.43243359410403        2.62439992007365       -0.38704129725730
C           12.01809426897954       -4.64556000173123        0.28520591065501
C           10.14509381187642       -4.27427551355402       -0.27155760036685
N           16.60645352605076        3.69534233842066       -0.34883784591297
N           17.65185713617105        1.68421671345716        0.12682283095979
N            6.76953234985810        3.57035002397114       -1.23182152564030
N            6.65968818153589        1.78996276232580        0.22576158588147
N           13.21274468001814       -4.15813218612631       -0.01312458123254
N            9.42995327343758       -3.48811585835799       -1.00505346246539
C           17.65335525140895        2.99666182195233       -0.68181800524282
C           11.01794994663033       -5.45446987113357       -0.40410577707069
N           18.63535418858604        3.09894154736164       -1.43756563788138
N           11.02585394296789       -6.60255971978291       -0.91091050489445
C           14.73469125773034        4.22285239041721        0.93603915062490
C           11.21130643977034        3.67742559022659        0.75822157997954
C           13.55082831279728       -2.94656098475200        0.07357358598136
C            9.25001596945435       -2.23812626083547       -0.70083659334982
C           13.52311743825760        4.76047579101526        1.57235580983250
C           12.18571419107554        4.47508405583349        1.08058612183607
N           14.49575211972760        5.58618271877217        0.86005616348101
N           10.79524537144862        5.05527640199910        0.92890401128028
H           18.70178667774669        3.87187257592244       -2.08022629443997
H           10.15700089462543       -6.93903787940636       -1.30706194239643
H           14.26376178843575        6.02694624673985       -0.02251811807148
H           10.64526591126184        5.55202190177604        0.04147663216351
H           13.54545803854392        4.92916290980543        2.64970405731568
92
 energy: -210.201254512191 gnorm: 0.005599545608 xtb: 6.7.1pre (5071a88)
N           -0.22347660670831        0.07402962807140        0.45720170592153
C           -0.28686543308626        1.46050167880110        0.15332053430836
C            1.03888246802303       -0.51323418593020        0.46347300091100
C           -1.39748313739408       -0.64903173584293        0.40874009114943
N            0.81245980006320        2.14359491915343        0.00804854226889
N           -1.46312999305543        2.03374454938673        0.00865751898917
N            2.11340911227044        0.18287011002579        0.26642264836473
N            1.07527984176334       -1.85156930514252        0.65989307103138
N           -2.53952997432328       -0.07800975837860        0.15918501296816
N           -1.30731119050736       -1.97997592676813        0.62428217110698
C            1.98305291845664        1.50426033126965        0.09445843457574
C           -0.08919287715406       -2.49702421866660        1.02774799390800
C           -2.53585666146497        1.25502623358071        0.02383336409351
N            3.14126292404787        2.18984383945669       -0.06188459495077
N           -0.02991304504197       -3.80558257646928        1.46141653144336
N           -3.75901573181412        1.82225785054876       -0.12711250608533
C            3.21465056635312        3.51346230946379       -0.55476962702668
C            4.30485049678148        1.56686808887120        0.40288480608686
C           -3.98959921199967        3.24125267228740       -0.16502334783586
C           -4.84172591244923        1.04325532167635       -0.17400919983023
C            1.00191898376188       -4.46958345483667        0.56871263546174
C           -0.95773266203054       -4.55995400422235        0.54120131015289
N            4.31295187428391        3.99144218758714       -1.04628978695323
N            5.38478864702290        2.06617475251235       -0.13626727131095
N           -5.12343083671168        3.71346622720443        0.44417037756464
N           -5.82246972492605        0.45839891178366       -0.23425567074620
N            2.04546382256303       -3.81980888837873        0.22148133860003
N           -2.05455766755723       -4.03431590030238        0.15132479372789
C            5.39633242887393        3.14345940566301       -1.11039247151875
C           -6.05905437772265        3.21668268525886        1.03756591905318
C            0.08430984552238       -5.45292362036211        0.03911183523702
N            6.09732591593504        2.82706454724322       -2.31205954419119
N           -6.91312126554461        2.99156927364766        1.84760766753664
N            0.22466011070174       -6.56560300938505       -0.53578157412757
C            2.10776204807353        4.36813165691619       -0.51527923995669
C           -3.15619795732635        4.06117952999200       -0.77546835558276
C            2.28191041416490       -2.58483369037473        0.52883334891968
C           -2.43151073075684       -2.82548407272682        0.45089317883174
C            0.88743379818501        4.80613713372127       -0.65911786969961
C           -2.04690679710250        4.66110392769327       -1.52487295670155
N            1.84845607069232        5.84390828207119       -0.75073661935246
N           -2.97725505324929        5.42338095916166       -1.00923385169081
H            5.89193531772461        3.48898316245193       -3.06018914339525
H           -7.85221985620661        2.67097746013773        1.72545680991100
H           -0.63502821937588       -7.04995607773438       -0.76836653535747
H            2.03012104273313        6.18379687567546       -1.69953152917026
H           -3.36359829006022        6.33033747942681       -0.83374464228179
H           -0.16366982429222        4.63473379361359       -0.77332675538876
N           11.69925256113506        0.19534827945628        0.47753298802855
C           11.94562537961552        1.55253236239927        0.54215891052449
C           12.88425929082656       -0.62125279087207        0.50185875929448
C           10.44936422322069       -0.21152266759310        0.03911710807321
N           13.12240506378791        2.06035893917172        0.63557931522994
N           10.87519404035777        2.40087227543760        0.49161308946484
N           14.08454922129303       -0.09280488609281        0.52238325369857
N           12.64517067741470       -1.94397892623025        0.49074163029014
N            9.48672350300414        0.61348626523980       -0.18356240107004
N           10.33486615737267       -1.56543903636030       -0.15161095350375
C           14.18192093190632        1.21830971365164        0.60315125760189
C           11.32204074275415       -2.34492567555951        0.47669590780608
C            9.61162514420886        1.92892275133711        0.05888215277236
N           15.39077465805818        1.84273269533322        0.60886807135721
N           11.04635384630528       -3.62599385996338        0.69060916459369
N            8.72860873566666        2.82897013045674       -0.14604858002880
C           15.55247972547401        3.31914090652433        0.37322603976049
C           16.58127438788501        1.29775917493489        0.52810723449572
C            7.43074482266886        2.62545605490094       -0.37179985780308
C           12.01642895039369       -4.64097710300636        0.26742238622284
C           10.14437850201579       -4.26644972052078       -0.28906001581533
N           16.60417848780894        3.68357835544440       -0.35369463260515
N           17.64781423117809        1.67516490270104        0.13793324028824
N            6.76913718402964        3.56025689437208       -1.23150549084095
N            6.65626047990601        1.79889176722651        0.25057539182009
N           13.21142729358088       -4.15096435484563       -0.02392347550077
N            9.42888523525569       -3.47437312481266       -1.01540077122742
C           17.64734716342829        2.97833928353399       -0.68412510109470
C           11.01927771729506       -5.44387346030773       -0.43194210793089
N           18.62777175462475        3.07142921357989       -1.44240959207291
N           11.03131761921861       -6.58516224142242       -0.95301829087663
C           14.73946452576375        4.22552978595944        0.93576014991231
C           11.21592356401041        3.68212734327962        0.76956123846545
C           13.54865386468479       -2.94026101096510        0.07442460384968
C            9.24751657480505       -2.22712120881118       -0.70124839895252
C           13.53056049557506        4.76999239148217        1.56706394199391
C           12.19000320375833        4.48195971232124        1.08463518401595
N           14.50169431378536        5.58739789289595        0.84423722489940
N           10.80098153722313        5.06178257017880        0.93388941126982
H           18.69860738682111        3.83814332566765       -2.08896615300116
H           10.16435385066714       -6.91771244934612       -1.35598732531971
H           14.27177603969095        6.01589236627818       -0.04410242486581
H           10.64749366188188        5.55479094248441        0.04423072946546
H           13.55632383946579        4.95050786163959        2.64299063826515
92
 energy: -210.201351983331 gnorm: 0.005006774583 xtb: 6.7.1pre (5071a88)
N           -0.22609790204855        0.07518476588242        0.46431127766676
C           -0.29020037684676        1.46137788681523        0.15858689110229
C            1.03693197756334       -0.51040393034852        0.47388320518952
C           -1.39924302092208       -0.64900140764552        0.41370543033767
N            0.80877582686186        2.14504373399405        0.01265704337185
N           -1.46678560808056        2.03329553020239        0.01201660797809
N            2.11119579738893        0.18644524003389        0.27820103868513
N            1.07459526720449       -1.84866510312528        0.67095068823993
N           -2.54165412081263       -0.07911188072109        0.16346615350931
N           -1.30770462156440       -1.98023856259547        0.62727426966143
C            1.97997861713326        1.50727077657805        0.10216595447580
C           -0.09011033945933       -2.49687199119343        1.03237147224773
C           -2.53912225183977        1.25383851898686        0.02738664865907
N            3.13837358908777        2.19262385828910       -0.05582001647366
N           -0.03031081661231       -3.80703441754798        1.46130121348859
N           -3.76241444978764        1.82074132485184       -0.12384862401572
C            3.21218505421838        3.51041193456486       -0.56274649056125
C            4.30087989897421        1.57465443543480        0.41684798901060
C           -3.99184863398467        3.24025963673297       -0.16356530550488
C           -4.84579515246722        1.04284849713983       -0.16837467105663
C            1.00557684799587       -4.46604629456109        0.56963462330977
C           -0.95378690599710       -4.55889944120234        0.53476563313839
N            4.31176159129501        3.98376766238666       -1.05516420689838
N            5.38196402075334        2.06987507728798       -0.12297824547195
N           -5.11931372218200        3.71451170334574        0.45587056297949
N           -5.82683123665668        0.45928016886742       -0.22731341449955
N            2.04948609457340       -3.81364652870083        0.22881615205946
N           -2.05049121365255       -4.03379754811891        0.14386164401778
C            5.39667645978268        3.13686030166123       -1.10598155595829
C           -6.04980854737163        3.21880270517370        1.05854035838941
C            0.09117282176616       -5.44802069304049        0.03227038415230
N            6.10068891697470        2.80906059365106       -2.30173615612078
N           -6.90232985982014        3.00001394749725        1.87032177799870
N            0.23510318602045       -6.55699403102662       -0.54851260643145
C            2.10367671435931        4.36330044770877       -0.53888127326619
C           -3.16244752773556        4.05665549585815       -0.78367713085526
C            2.28315558885406       -2.57974878263542        0.54188906253668
C           -2.43053417507754       -2.82687648061385        0.44718964709934
C            0.88262978146181        4.79536218842324       -0.69289313861511
C           -2.05643709719701        4.65034456000452       -1.54227779099480
N            1.84160200678158        5.83416809165863       -0.79759466440373
N           -2.98073713062799        5.41725418987981       -1.02339424977935
H            5.89565894244396        3.46278262553547       -3.05585952871096
H           -7.83972823068712        2.67488493357722        1.75285880432874
H           -0.62294621080935       -7.04142539488056       -0.78676187630176
H            2.02581317208595        6.15949232407517       -1.75083591292168
H           -3.36144011050271        6.32614447404918       -0.84598796678568
H           -0.16794940296081        4.62062348740969       -0.80557325664482
N           11.69583109882605        0.19819192435987        0.49466928888411
C           11.94386033039604        1.55521114545448        0.55853894091774
C           12.88155732439578       -0.61909993227297        0.51562461498015
C           10.44680147968812       -0.20646768236939        0.05268585768074
N           13.12114555983539        2.06127719960078        0.65176055060387
N           10.87648408599660        2.40643031097475        0.50372445258444
N           14.08159686692423       -0.09171339447082        0.53946779646877
N           12.64178898729894       -1.94099540366504        0.49659620443226
N            9.48558718084232        0.61999477429927       -0.17023238863014
N           10.33118442202984       -1.55926656097858       -0.14366936782581
C           14.17983028824074        1.21898613331388        0.62073159342280
C           11.31879068548347       -2.34259156033391        0.47892753406841
C            9.61103907965402        1.93514917421294        0.07370386956708
N           15.38860905770707        1.84316895384743        0.62761469782431
N           11.04507049618074       -3.62594008496688        0.68117390810665
N            8.72655658137309        2.83385985446993       -0.12958601123636
C           15.55110173894331        3.31281443562390        0.37712680013917
C           16.57829458730948        1.29471544212733        0.54828747586641
C            7.42909644869101        2.62748413684502       -0.35706819170105
C           12.01668765355316       -4.63526417885238        0.24887608165131
C           10.14477352958325       -4.25804264449722       -0.30474874237176
N           16.60078852858146        3.67008335158658       -0.35944252930634
N           17.64337688264301        1.66641395229171        0.14938339177281
N            6.76931649968712        3.55274081535157       -1.22744413177806
N            6.65236171178647        1.80758744582093        0.27002140532254
N           13.21180495175968       -4.14218244164780       -0.03605512389379
N            9.42758735156277       -3.46114088502959       -1.02343506970087
C           17.64194199585504        2.95899842340617       -0.68566658950889
C           11.02233189260446       -5.43234560973435       -0.45926824285181
N           18.62136395143502        3.04306591463865       -1.44543889601962
N           11.03844991127165       -6.56618609165406       -0.99555948377461
C           14.74288493208479        4.22503377465423        0.93724026321127
C           11.22111676322684        3.68659910115728        0.77820917577833
C           13.54734513381150       -2.93233178995037        0.07355810290955
C            9.24406822918384       -2.21681443409520       -0.69844308390137
C           13.53743232774291        4.77700625418224        1.56307986346020
C           12.19843088907625        4.48627481856410        1.08529690044965
N           14.50755690790213        5.58573339808123        0.82900377500118
N           10.80993488964486        5.06807975598026        0.94172141858374
H           18.69719066010232        3.80329111407686       -2.09888869993551
H           10.17274011144923       -6.89423358282492       -1.40418132496132
H           14.27793107580971        6.00090059605162       -0.06502667591265
H           10.65279445116389        5.55862643855738        0.05208747819270
H           13.56392496074583        4.96836600822604        2.63673165998733
92
 energy: -210.201423301691 gnorm: 0.005249614049 xtb: 6.7.1pre (5071a88)
N           -0.22801611311941        0.07639659344345        0.47229735832149
C           -0.29275881174883        1.46212331149317        0.16442168439638
C            1.03561401588260       -0.50772461175487        0.48566904996643
C           -1.40036572998167       -0.64901667038506        0.41906538727993
N            0.80582451942987        2.14642544424765        0.01787292199176
N           -1.46966460882958        2.03286068884589        0.01612606429977
N            2.10971540974715        0.19013366470673        0.29224151092890
N            1.07441399323299       -1.84594950458067        0.68264913780966
N           -2.54307315345546       -0.08011501786529        0.16811054418117
N           -1.30763921553149       -1.98049408121245        0.63054159987749
C            1.97753592707509        1.51022484486890        0.11182174512760
C           -0.09064009754928       -2.49712775859976        1.03714938555373
C           -2.54162079142038        1.25273327888314        0.03183784991061
N            3.13601847342698        2.19584245223586       -0.04671881673237
N           -0.03058847268886       -3.80913357430863        1.46101701187622
N           -3.76494741888708        1.81949287521231       -0.11982424261021
C            3.21019667627731        3.50737464753022       -0.57132728364586
C            4.29760745870128        1.58466285593519        0.43776854717040
C           -3.99323641436721        3.23946093931119       -0.16113810094297
C           -4.84912907040762        1.04258124932614       -0.16284150521468
C            1.00929944913525       -4.46275541198023        0.56989937502369
C           -0.94988968464271       -4.55796503640533        0.52767862601165
N            4.31063283913360        3.97530002088663       -1.06748534222449
N            5.38004993359129        2.07506254343865       -0.10350964535804
N           -5.11552905980002        3.71620236508400        0.46555922676272
N           -5.83108012795579        0.46043517294377       -0.22129688258991
N            2.05395622929039       -3.80760484921387        0.23630717261336
N           -2.04633213342011       -4.03289746423616        0.13601331685519
C            5.39720583948794        3.12873597720462       -1.10237167010350
C           -6.04280187891412        3.22256249742257        1.07456671148766
C            0.09799237867959       -5.44293840877666        0.02387581626520
N            6.10554665907421        2.78401159201149       -2.29156802695734
N           -6.88599076892683        3.00159104498527        1.89661453615450
N            0.24548016680616       -6.54800218636937       -0.56360369732737
C            2.10016069813266        4.35901724348678       -0.56427352232624
C           -3.16768721745134        4.05205896070301       -0.79120279547866
C            2.28489630002539       -2.57486038430039        0.55573392437877
C           -2.42922797791647       -2.82795998197110        0.44366600366493
C            0.87840179937363        4.78538731280951       -0.72870028439545
C           -2.06590823255426        4.63855770061636       -1.56210079797636
N            1.83557824822650        5.82544882843975       -0.85016496687813
N           -2.98278683327010        5.41097733485489       -1.03767819064266
H            5.90176145937465        3.42726354638192       -3.05623033681177
H           -7.82709093409351        2.68234647847871        1.78855288894670
H           -0.61100153751482       -7.03230249614898       -0.80788238556311
H            2.02167883410568        6.13383068568684       -1.80953291960519
H           -3.35749385514786        6.32213145743464       -0.85875626216577
H           -0.17179778366336        4.60736060036587       -0.83900605354151
N           11.69224195112824        0.20142266676322        0.51246719439349
C           11.94198445255751        1.55847470034585        0.57721317034194
C           12.87813872768909       -0.61658396465666        0.53099984693597
C           10.44383542128427       -0.20091836300213        0.06679712889107
N           13.12008607261466        2.06222913460866        0.67272934340875
N           10.87719849492450        2.41213515236425        0.51817277188779
N           14.07840816934795       -0.09062997690958        0.55887099354695
N           12.63785475921075       -1.93783056388179        0.50263780000655
N            9.48359725678003        0.62693347245360       -0.15469909902694
N           10.32761496591600       -1.55236147692213       -0.13674108016520
C           14.17833503639884        1.21940004125871        0.64254112806273
C           11.31542851533840       -2.34034863835888        0.48003423940713
C            9.61014262663573        1.94184254784142        0.09034433260872
N           15.38767051654003        1.84290022533970        0.65116378789726
N           11.04307707280935       -3.62642390655481        0.66958680503185
N            8.72488406343626        2.83980293838582       -0.11130914364545
C           15.55182657258683        3.30742462621999        0.38200306111995
C           16.57630532171749        1.29080184958067        0.57321625403258
C            7.42769541260674        2.63089581403119       -0.33921671787947
C           12.01624433511689       -4.63042387278206        0.22767578869612
C           10.14465828928176       -4.24937090075051       -0.32385186837487
N           16.59794279883458        3.65450524283596       -0.36604045268770
N           17.63988845620907        1.65697881726282        0.16513867110734
N            6.77019091597880        3.54422250313477       -1.22515630969160
N            6.64946639398306        1.81911810793095        0.29746116095932
N           13.21186651808630       -4.13345137734737       -0.04999050527327
N            9.42641585246048       -3.44714598201864       -1.03540455075112
C           17.63749489167932        2.93844395237524       -0.68658242075658
C           11.02409158287489       -5.42122795267284       -0.49027105808102
N           18.61517944640363        3.01230582106429       -1.44983513266170
N           11.04268278021617       -6.54827587066445       -1.04163810121914
C           14.74607273051777        4.22636438658418        0.93573070163113
C           11.22249394882389        3.69269700768153        0.78920200393213
C           13.54584129351093       -2.92410391777590        0.07195390763783
C            9.24073445910315       -2.20577634491701       -0.69804345052675
C           13.54340184789788        4.78807847177385        1.55764804907283
C           12.20226240323190        4.49239706597665        1.08893173358341
N           14.51279050113436        5.58612104909797        0.80907868976425
N           10.81344011462803        5.07520085715836        0.95054735157801
H           18.69404742578699        3.76444025297319       -2.11287451884978
H           10.17754188601666       -6.87162616871673       -1.45548807467378
H           14.27743980655259        5.98752759541856       -0.09018186832059
H           10.65556679678811        5.56040890162345        0.05878893316328
H           13.57282573036836        4.99354630469372        2.62960083604144
92
 energy: -210.201475014531 gnorm: 0.005673371620 xtb: 6.7.1pre (5071a88)
N           -0.23025494917594        0.07746986784979        0.47416582162408
C           -0.29545404533967        1.46254143374569        0.16371461351701
C            1.03370408962746       -0.50576385726814        0.49029038529673
C           -1.40206031130664       -0.64887466647013        0.42023446253029
N            0.80283680176474        2.14700356558027        0.01516079616853
N           -1.47270247875833        2.03257883895199        0.01533937209529
N            2.10750897683678        0.19253172976358        0.29661902338567
N            1.07355973919781       -1.84346891347110        0.68954776227206
N           -2.54513564496905       -0.08055934255009        0.17008808049667
N           -1.30815863027306       -1.98046650140293        0.63037941352771
C            1.97480936318842        1.51180050443352        0.11197798742639
C           -0.09165397355653       -2.49634670824969        1.03939252681236
C           -2.54448022151210        1.25220113164182        0.03360923188798
N            3.13344452796495        2.19770895216999       -0.04702763549862
N           -0.03164453004647       -3.80874256346213        1.46177265463048
N           -3.76812511518889        1.81880331662718       -0.11578008830757
C            3.20833695168818        3.50514181663234       -0.57909385410126
C            4.29422193127331        1.59027659270549        0.44317449912432
C           -3.99626884425514        3.23883253355718       -0.15849155218342
C           -4.85272275282313        1.04200251075203       -0.15500028748517
C            1.01223887224528       -4.45993861493823        0.57375471494197
C           -0.94675745455959       -4.55694104956439        0.52364823274104
N            4.31002924227513        3.97148154194324       -1.07271515325857
N            5.37817500925656        2.07953459569819       -0.09568094838589
N           -5.11509512197917        3.71728554354083        0.47224793183585
N           -5.83564148317773        0.46075111512794       -0.20902237060661
N            2.05756847252678       -3.80318256046140        0.24544798369558
N           -2.04242285468239       -4.03255407810873        0.12890977075018
C            5.39796922541040        3.12733430320026       -1.09946086152779
C           -6.04001502363647        3.22633179126811        1.08635444261777
C            0.10404666745741       -5.43957949053574        0.02197790940845
N            6.11119684259880        2.77793264991788       -2.28304847425533
N           -6.87479214127144        3.00424805517407        1.91774564872742
N            0.25518880253024       -6.54262590785536       -0.56784683184883
C            2.09653112496905        4.35391227575430       -0.58345136801262
C           -3.17419374255285        4.04890628204332       -0.79576657864046
C            2.28568067525519       -2.57086471472121        0.56710169401333
C           -2.42814805026876       -2.82895542916255        0.43769368005362
C            0.87440252131038        4.77524618229138       -0.75835684000998
C           -2.07644713625874        4.63099485141185       -1.57542771185231
N            1.82936405282673        5.81472700703892       -0.88047796621149
N           -2.98862932157555        5.40659031471711       -1.04792007720586
H            5.90962782553401        3.41749834333671       -3.05011423750118
H           -7.81903827231589        2.69000611108952        1.81853673546678
H           -0.59964987272324       -7.02721651685804       -0.81707716065378
H            2.02018323347713        6.11622858907477       -1.83890751509384
H           -3.35978883564389        6.31893952724323       -0.86839220919433
H           -0.17515258544381        4.59579864142883       -0.87027599869964
N           11.69054176212430        0.20321929849456        0.52046023722234
C           11.94140564208271        1.56055833609593        0.58476727132527
C           12.87630875662829       -0.61502404309753        0.53878034967431
C           10.44160428239541       -0.19821304718420        0.07637727655453
N           13.12031859177435        2.06250596263968        0.68119289781119
N           10.87802701120465        2.41540866571392        0.52439624174421
N           14.07696731777947       -0.09037590133235        0.57019909979410
N           12.63612926556507       -1.93567088759127        0.50486193182667
N            9.48134797809713        0.63028169164018       -0.14272574157861
N           10.32485188674710       -1.54878999450963       -0.12982986383708
C           14.17855010819538        1.21907174656019        0.65409071617286
C           11.31469304819213       -2.33917593044609        0.48100641260229
C            9.60899705018550        1.94532915164005        0.10048355474738
N           15.38867312745379        1.84187519122913        0.66559450136017
N           11.04456576007384       -3.62657610467541        0.66313418128790
N            8.72350390688481        2.84325720866121       -0.09941324033841
C           15.55371492058804        3.30206350768658        0.38367658211739
C           16.57674385733000        1.28637550361972        0.58878586729227
C            7.42643725092238        2.63419974264387       -0.32808091305597
C           12.01880065211128       -4.62641845302526        0.21377410425869
C           10.14588639253457       -4.24372795928845       -0.33280224592746
N           16.59654920875155        3.64189646334891       -0.37047668124193
N           17.63900301428326        1.65008017436418        0.17563934057860
N            6.77163941894648        3.54280091312870       -1.21879618439314
N            6.64655949988254        1.82598171920391        0.30947146427973
N           13.21422308067111       -4.12672991168598       -0.06049986555269
N            9.42456801364010       -3.43910831677260       -1.03802156680209
C           17.63683134878189        2.92367056386390       -0.68521723270189
C           11.02741289503122       -5.41284999469244       -0.50903058531521
N           18.61390361383595        2.99253150871467       -1.44916512043116
N           11.04741372728664       -6.53424139468446       -1.07160572695480
C           14.74991038977535        4.22482786253000        0.93459373739547
C           11.22232313848216        3.69620847760149        0.79452903632925
C           13.54608773916938       -2.91788294502697        0.06804327111597
C            9.23717176390524       -2.20019259425583       -0.69194615784966
C           13.54773464584815        4.79275610235183        1.55345327840184
C           12.20493104945361        4.49348564251197        1.09022171579020
N           14.51782116730761        5.58289013911505        0.79687052288177
N           10.81426361660735        5.07778363202856        0.96101395334731
H           18.69518511400609        3.74007663843755       -2.11588814755875
H           10.18202750075459       -6.85437743426606       -1.48743979849978
H           14.27702166665496        5.97575759547294       -0.10468208193635
H           10.65581067514903        5.56265781710260        0.06988731376967
H           13.57752358694592        5.00711105551551        2.62382163969953
92
 energy: -210.201523663049 gnorm: 0.004583960362 xtb: 6.7.1pre (5071a88)
N           -0.23179127086818        0.07859538758824        0.47772925272510
C           -0.29749998421658        1.46298081772879        0.16449409125726
C            1.03257448346925       -0.50373971799267        0.49738676930893
C           -1.40289912797477       -0.64888423492175        0.42215637640554
N            0.80043874272047        2.14778459067119        0.01509607493211
N           -1.47504168909316        2.03221719401698        0.01494688015981
N            2.10624301195258        0.19533798853598        0.30504313431901
N            1.07336020581983       -1.84111684791728        0.69748573164020
N           -2.54627673901347       -0.08127617119843        0.17203541792290
N           -1.30800377516134       -1.98060700452583        0.63071354454506
C            1.97272741438517        1.51376585774880        0.11607764301989
C           -0.09211981094764       -2.49609458392451        1.04206665270323
C           -2.54647636063458        1.25139916299744        0.03533169753200
N            3.13114340245891        2.20029704478473       -0.04299187918880
N           -0.03230508848963       -3.80930883967370        1.46206153639901
N           -3.77043780911194        1.81752400643565       -0.11208571019590
C            3.20666672779398        3.50310386376183       -0.58667230769419
C            4.29099470312123        1.59837229218323        0.45727108665687
C           -3.99847536284202        3.23746696377306       -0.15564333247656
C           -4.85545375230955        1.04093158707476       -0.14755912004692
C            1.01555589927703       -4.45728119231096        0.57663129954156
C           -0.94331864708343       -4.55607297582861        0.51864307437153
N            4.30950668877803        3.96640210041082       -1.08148746034099
N            5.37665691354903        2.08469894593929       -0.08140491683846
N           -5.11153750513873        3.71759002708593        0.48486823191751
N           -5.83986488732739        0.46134657700487       -0.19480091964060
N            2.06186901491505       -3.79874179653548        0.25462873710694
N           -2.03830580666408       -4.03200925332658        0.12151403335786
C            5.39853204466340        3.12328352313943       -1.09673459395636
C           -6.03132508568188        3.22811149592125        1.10857391699923
C            0.11041178047021       -5.43592073573120        0.01803771210766
N            6.11687536388760        2.76286354468031       -2.27477641142603
N           -6.86655125386658        3.01479120306562        1.93959108706868
N            0.26513388951739       -6.53668870791205       -0.57526022191824
C            2.09362467212718        4.35023211462320       -0.60365827873755
C           -3.18037977833092        4.04510291718698       -0.80133515737325
C            2.28716149301301       -2.56682900693065        0.57953389419754
C           -2.42653951120663       -2.82971229865820        0.43218547329221
C            0.87108718985239        4.76662439263376       -0.78762080326129
C           -2.08585739717081        4.62233774853288       -1.58873778395382
N            1.82484211904120        5.80735616621984       -0.92374557281222
N           -2.99363841463140        5.40142500072253       -1.05918806605128
H            5.91855907503365        3.39572591274815       -3.04945186963389
H           -7.80806051117653        2.69476988961719        1.84379614990292
H           -0.58815131131838       -7.02126391959141       -0.82985871131182
H            2.01751000713981        6.09465385835742       -1.88749762057288
H           -3.36097084131051        6.31524459198030       -0.87930373767179
H           -0.17830856957657        4.58507380242433       -0.89918256785646
N           11.68865461103410        0.20585272406832        0.53101432676944
C           11.94077097347085        1.56338721535149        0.59516886173150
C           12.87349274581358       -0.61318656210370        0.54918871328634
C           10.43938031971187       -0.19472370700363        0.08691032404084
N           13.12032749576571        2.06377693868323        0.69403708138730
N           10.87815079540196        2.41915777602765        0.53289345686232
N           14.07477693865726       -0.09006956760822        0.58359708142966
N           12.63367206130653       -1.93391216585753        0.50784087836911
N            9.47889465064974        0.63430864202057       -0.12913665399766
N           10.32237615242774       -1.54445478349254       -0.12413787539067
C           14.17813935875753        1.21907616121394        0.66953186372546
C           11.31315723181480       -2.33841926628718        0.48073207848910
C            9.60772190476369        1.94946652676109        0.11308218791834
N           15.38933901846017        1.84035510268827        0.68312714515061
N           11.04416214094649       -3.62738260604414        0.65391647024655
N            8.72224501496244        2.84755955055607       -0.08544838620117
C           15.55540423497492        3.29786195280541        0.38648266294734
C           16.57674856864205        1.28165339508780        0.60892644051650
C            7.42500390059914        2.63813526104913       -0.31364025956931
C           12.01954447229590       -4.62321612968262        0.19707066998697
C           10.14595761952600       -4.23764148810464       -0.34638595184574
N           16.59506369269297        3.62851412232636       -0.37335025715804
N           17.63845143543220        1.64233185143187        0.19086297736898
N            6.77285136212822        3.53909180066923       -1.21501240772637
N            6.64408967677984        1.83531019092510        0.33038088382772
N           13.21489001745733       -4.12054725328102       -0.07265205478703
N            9.42266368309096       -3.42915936184623       -1.04507377258347
C           17.63591885243499        2.90763238039506       -0.68138328019207
C           11.02884127958344       -5.40421986622607       -0.53261035957548
N           18.61155077625159        2.96995730709806       -1.44796999959336
N           11.04959266706954       -6.52004865705020       -1.10637060457683
C           14.75308617278229        4.22583690684723        0.93146604101557
C           11.22235022459689        3.70123745274366        0.79896409315762
C           13.54538559720394       -2.91219078829024        0.06416260659482
C            9.23402757661890       -2.19293484919855       -0.68923487018943
C           13.55154292458408        4.79961938842754        1.54973650526478
C           12.20778835200892        4.49674652565471        1.09129624622546
N           14.51967680405957        5.58220214250958        0.78251296857777
N           10.81523491100091        5.08231516354383        0.96712484224067
H           18.69217143102225        3.71128299044008       -2.12132786068743
H           10.18413080251687       -6.83702435442469       -1.52482164736769
H           14.27187333198061        5.96567568115557       -0.12169849686575
H           10.65540121626502        5.56665385216240        0.07655823147527
H           13.58378845057762        5.02413612125653        2.61782164318883
92
 energy: -210.201558017775 gnorm: 0.004260067060 xtb: 6.7.1pre (5071a88)
N           -0.23277769408654        0.07930168473507        0.47831151638686
C           -0.29882046568362        1.46318108219000        0.16301053750042
C            1.03182333460648       -0.50256597056272        0.50007432255177
C           -1.40340956439862       -0.64885860085659        0.42215355601502
N            0.79891031511968        2.14802485640576        0.01276315626833
N           -1.47654281473360        2.03204191410177        0.01306591484542
N            2.10541367353775        0.19683261421266        0.30795294462579
N            1.07323010545634       -1.83957494946121        0.70140774693388
N           -2.54708968365919       -0.08160438109917        0.17271639348192
N           -1.30782319479114       -1.98073768968439        0.62948273281703
C            1.97139739846765        1.51464738793549        0.11596801078633
C           -0.09240827513661       -2.49564692910374        1.04314600520910
C           -2.54781728252804        1.25111238316874        0.03611214684958
N            3.12949787813580        2.20164976335766       -0.04329608846622
N           -0.03294204101584       -3.80906697723237        1.46264546286770
N           -3.77218509359167        1.81687274136187       -0.10859424872525
C            3.20534637379644        3.50199800944537       -0.59175657368015
C            4.28856256440477        1.60263162499180        0.46154859561992
C           -4.00023017852294        3.23670444702230       -0.15313144173592
C           -4.85742071187047        1.04047502598896       -0.13908131045896
C            1.01795685097693       -4.45560742266546        0.58011866855226
C           -0.94077785064194       -4.55550931564291        0.51581158071810
N            4.30940513109474        3.96449367439629       -1.08487077138762
N            5.37543262904162        2.08783461940063       -0.07617851908385
N           -5.11042286959544        3.71845373101123        0.49072685324541
N           -5.84224656240671        0.46138620980186       -0.18145794013226
N            2.06509007220122       -3.79625707666420        0.26234895616325
N           -2.03510180068023       -4.03198413514245        0.11611194415634
C            5.39904121166383        3.12282584385511       -1.09427463338591
C           -6.02838286076754        3.23088838486146        1.11830815719848
C            0.11514271049828       -5.43401494428066        0.01741596496032
N            6.12141705423864        2.75972276601698       -2.26859407113027
N           -6.85763544446046        3.01681801607008        1.95600881944417
N            0.27253110966145       -6.53403967592486       -0.57665559291517
C            2.09136067673725        4.34781447339195       -0.61671723883007
C           -3.18436766184410        4.04275775344913       -0.80355340880422
C            2.28822519022765       -2.56418501526727        0.58812226812126
C           -2.42509612896019       -2.83024363108462        0.42705363545936
C            0.86877182568064        4.76129285743714       -0.80716292702080
C           -2.09279382946921        4.61666314011632       -1.59761664682150
N            1.82201905623582        5.80249368775997       -0.95155009500358
N           -2.99714412677341        5.39818273896119       -1.06543376780143
H            5.92586166560860        3.39001868267349       -3.04551561683563
H           -7.80154986046884        2.70074834092208        1.86657559349742
H           -0.57961375807262       -7.01867102066337       -0.83486910320765
H            2.01646370304084        6.08093018542788       -1.91842929028134
H           -3.36246594973599        6.31296789848620       -0.88620789736469
H           -0.18069001865649        4.57876812287299       -0.91904957477243
N           11.68788183840481        0.20749824824102        0.53727854306215
C           11.94089781231757        1.56509738839346        0.59993962866682
C           12.87145659569191       -0.61228330617203        0.55548466650939
C           10.43809343120066       -0.19318357578696        0.09396105512406
N           13.12052717289575        2.06500999317917        0.69950422904785
N           10.87813051316288        2.42080497482286        0.53658523910156
N           14.07323654138769       -0.09020961314468        0.59046710676374
N           12.63231120230885       -1.93338965389852        0.51019560575898
N            9.47709546379754        0.63567114130886       -0.12008918971478
N           10.32099592433997       -1.54257209411185       -0.11955741818965
C           14.17761573764475        1.21900026772515        0.67722062592849
C           11.31232000917222       -2.33879563554314        0.48113452684342
C            9.60676064829185        1.95105503528544        0.12084539520764
N           15.38963513755289        1.83862761976138        0.69151313247288
N           11.04380327265092       -3.62861949313958        0.64887809418629
N            8.72144408870284        2.84952842856252       -0.07673777899620
C           15.55741157176448        3.29514828600959        0.38978033046644
C           16.57624003338911        1.27792045490995        0.61931774595652
C            7.42393778782545        2.64091547438452       -0.30514816708221
C           12.01997989898856       -4.62200842676602        0.18738719590040
C           10.14584370861700       -4.23473169152140       -0.35408261977773
N           16.59619765350198        3.62043030305156       -0.37088451050879
N           17.63865786170312        1.63717088335705        0.20099578083109
N            6.77357872767296        3.53919249320668       -1.20949799501469
N            6.64223093925286        1.83975109506130        0.33850722744808
N           13.21503105108339       -4.11732943832829       -0.07955602628610
N            9.42100253548918       -3.42341607965243       -1.04788938147461
C           17.63706222014577        2.89770044020544       -0.67553303532553
C           11.02965775325511       -5.39923387510665       -0.54714344642455
N           18.61160097765156        2.95663267317611       -1.44423084252861
N           11.05095173398832       -6.51137784899405       -1.12803318380252
C           14.75576296278363        4.22646097674309        0.93061152239497
C           11.22320185206323        3.70419249159437        0.79846035393111
C           13.54502020015443       -2.90931649325583        0.06266169630546
C            9.23192036211872       -2.18915785643140       -0.68594415799412
C           13.55326219299835        4.80178510240397        1.54721547543526
C           12.21025049961798        4.49895095588443        1.08880941566785
N           14.51826859806845        5.58227913408518        0.77366338754793
N           10.81565430224564        5.08350611072263        0.97059367654713
H           18.68748612971559        3.69423370481233       -2.12386297400852
H           10.18567982931095       -6.82695727609522       -1.54801138174577
H           14.26907213223434        5.96049793450715       -0.13257439257022
H           10.65219176109819        5.57112972189910        0.08251321466685
H           13.58567052581914        5.03229109817427        2.61334190316011
92
 energy: -210.201595673649 gnorm: 0.003427448527 xtb: 6.7.1pre (5071a88)
N           -0.23388977185055        0.07998914404101        0.47627097047161
C           -0.30033044371315        1.46324528277411        0.15820816003884
C            1.03098474956085       -0.50135208692148        0.50018594697782
C           -1.40402224028877       -0.64885004178856        0.42022037105298
N            0.79717916486018        2.14800467181716        0.00660163108055
N           -1.47827964296543        2.03168922893169        0.00798323157244
N            2.10453376655433        0.19827065232996        0.30789145406180
N            1.07302575129981       -1.83790437142322        0.70358529752237
N           -2.54815496499763       -0.08200182150431        0.17205588127524
N           -1.30764064625680       -1.98090376650661        0.62651541620356
C            1.96997248455442        1.51540342543628        0.11245637711066
C           -0.09272199775892       -2.49473999668330        1.04327049409104
C           -2.54944362647861        1.25079615575544        0.03525266467144
N            3.12766786134510        2.20293093907362       -0.04709650679863
N           -0.03371760267446       -3.80792884014985        1.46367277987374
N           -3.77453784604779        1.81605888480819       -0.10480420208382
C            3.20370615626040        3.50153506405768       -0.59976352706457
C            4.28569843268758        1.60659803753387        0.46354466162026
C           -4.00287672218611        3.23569294281075       -0.15059536436032
C           -4.85996035205059        1.03975131148694       -0.12740636873087
C            1.02054393378867       -4.45406208711413        0.58532430812820
C           -0.93795171630368       -4.55506030192055        0.51387755691745
N            4.30943875364109        3.96433098459472       -1.08923176261444
N            5.37392267351369        2.09094280825286       -0.07273014010473
N           -5.10972286026175        3.71900487433272        0.49756872711456
N           -5.84510846704922        0.46098629190557       -0.16253075072612
N            2.06845815411972       -3.79429642976020        0.27136444791849
N           -2.03139912607962       -4.03251649577612        0.11048198448864
C            5.39975687037344        3.12379131124788       -1.09276546037646
C           -6.02477220693353        3.23362911151103        1.13106757420201
C            0.12038519880238       -5.43295881533993        0.01947591586530
N            6.12599667627865        2.75874878826972       -2.26438012278810
N           -6.85050667355319        3.02303760677032        1.97297349851124
N            0.28074252698356       -6.53322473876052       -0.57342375378055
C            2.08879022320616        4.34585678344036       -0.63184803578709
C           -3.18933895039626        4.04059458851241       -0.80526353171874
C            2.28918897221310       -2.56156405437471        0.59646185865495
C           -2.42330924094603       -2.83094109223609        0.42033570732027
C            0.86637645860381        4.75642328348712       -0.82945263682180
C           -2.10079809260832        4.61203483077397       -1.60494297970010
N            1.81884181427342        5.79665104867022       -0.97296217698780
N           -3.00251311210381        5.39524792356346       -1.07070181869911
H            5.93329939235261        3.38722384703860       -3.04362958374512
H           -7.79503584643495        2.70748323904364        1.88911126777659
H           -0.57011672068981       -7.01813237894728       -0.83501656039007
H            2.01688673163676        6.07170408047127       -1.93849188425222
H           -3.36675511254947        6.31068508420691       -0.89256001211556
H           -0.18320764212839        4.57372690096934       -0.94196248500479
N           11.68834675124950        0.20855652014795        0.53797586827249
C           11.94170496706446        1.56614364659672        0.60088677882591
C           12.87034083511292       -0.61186943530089        0.55717294373516
C           10.43741802996943       -0.19265839505626        0.09780230013436
N           13.12092505378624        2.06624376052156        0.70116507896878
N           10.87808125649776        2.42091953377707        0.53823764584934
N           14.07256142092453       -0.09039009059693        0.59421859959475
N           12.63206962217617       -1.93349323883801        0.50914915858133
N            9.47540483084118        0.63564710078482       -0.11353834383615
N           10.31999124197107       -1.54203062326641       -0.11691352455950
C           14.17721864270720        1.21899373433180        0.68181644525394
C           11.31251713532923       -2.33970761095237        0.47917001893823
C            9.60591872996577        1.95131934390244        0.12639302632319
N           15.38955174436479        1.83745685944173        0.69862456176500
N           11.04439907765496       -3.62975803094970        0.64387589513447
N            8.72095808050608        2.85044883984448       -0.06994088781008
C           15.55808072248476        3.29433692148908        0.39076988156609
C           16.57591204250394        1.27630801483308        0.63101596401977
C            7.42281409686969        2.64382303757584       -0.29770757641476
C           12.02068610609094       -4.62136291272610        0.17867651883547
C           10.14513767924481       -4.23313576677897       -0.35911843393336
N           16.59619407616667        3.61390655538352       -0.37172295164769
N           17.63957982166942        1.63436307261726        0.21375490920664
N            6.77444077342321        3.54096708928460       -1.20485875069393
N            6.63981676507483        1.84368028690038        0.34571577693468
N           13.21501531619373       -4.11544082075059       -0.08750131294634
N            9.41767392276020       -3.41971994384934       -1.04750993252982
C           17.63849185466025        2.88996278096847       -0.66938608026035
C           11.02964520578661       -5.39555011340964       -0.55802529141101
N           18.61433107043493        2.94595676483791       -1.43712183227115
N           11.05075712983638       -6.50475366006080       -1.14350018278289
C           14.75819972584177        4.22887650762512        0.92855675812888
C           11.22431313286084        3.70462782461779        0.79959994018374
C           13.54504441952155       -2.90786863095497        0.05792893451831
C            9.22909485996381       -2.18717955969302       -0.68103980788095
C           13.55588983603454        4.80305450321074        1.54742422710838
C           12.21128155966986        4.49713381632188        1.09332892734533
N           14.51556309861660        5.58299167006842        0.76624499847557
N           10.81600073634323        5.08216846755402        0.97777601881645
H           18.68623194913721        3.68019275968296       -2.12097855669621
H           10.18530537732934       -6.81987974483235       -1.56303541912419
H           14.26401033301297        5.95619368715951       -0.14131379121592
H           10.65149238131094        5.57653046909136        0.09332541236897
H           13.59247946539487        5.04023020074776        2.61146256717624
