77
 energy: -168.310445720146 gnorm: 0.015113265365 xtb: 6.7.1pre (5071a88)
N           -0.00168400000000        0.05080100000000        0.38102400000000
C            0.03489600000000        1.45341700000000        0.12329200000000
C            1.21506700000000       -0.63025200000000        0.37221900000000
C           -1.21788100000000       -0.59136800000000        0.28582200000000
N            1.18287100000000        2.05836700000000        0.00138700000000
N           -1.10059300000000        2.10754600000000       -0.00828300000000
N            2.34043400000000       -0.00188700000000        0.22262000000000
N            1.15689600000000       -1.97041800000000        0.52084000000000
N           -2.31255300000000        0.06413500000000        0.03674900000000
N           -1.22353500000000       -1.93253100000000        0.44700100000000
C            2.29884500000000        1.32573300000000        0.07668900000000
C           -0.04929100000000       -2.55215200000000        0.84215000000000
C           -2.21965800000000        1.40112800000000       -0.04579200000000
N            3.51207000000000        1.93103000000000       -0.03371100000000
N           -0.08697900000000       -3.88547900000000        1.21418100000000
N           -3.41539100000000        2.02678400000000       -0.21272200000000
C            3.79432200000000        3.33273900000000        0.08563600000000
C            4.65966600000000        1.21201900000000       -0.15820800000000
C           -3.63420900000000        3.44000800000000       -0.24751600000000
C           -4.48754700000000        1.24403500000000       -0.38227500000000
C            0.91800200000000       -4.56331200000000        0.30380400000000
C           -1.03870500000000       -4.51451900000000        0.22854700000000
N            4.97855300000000        3.80063500000000       -0.14345500000000
N            5.79398200000000        1.65009800000000       -0.28273400000000
N           -4.93239700000000        3.88076700000000       -0.22018700000000
N           -5.43845000000000        0.63541300000000       -0.56090300000000
N            2.01660400000000       -3.97357300000000        0.02442100000000
N           -2.09710000000000       -3.90309700000000       -0.14181500000000
C            6.06983000000000        3.03951000000000       -0.43308300000000
C           -6.03788400000000        3.41264600000000       -0.03845700000000
C           -0.04828900000000       -5.44608400000000       -0.30669700000000
N            7.21387000000000        3.39498000000000       -0.79291100000000
N           -7.16301700000000        3.25889700000000        0.34315000000000
N            0.02937600000000       -6.52846100000000       -0.94770700000000
C            2.79502700000000        4.19275000000000        0.52575700000000
C           -2.65924100000000        4.32835900000000       -0.33004700000000
C            2.32828000000000       -2.77377700000000        0.39543000000000
C           -2.39942700000000       -2.68807200000000        0.21349900000000
C            1.60969400000000        4.75217600000000        0.57702500000000
C           -1.41112700000000        5.09054500000000       -0.38743300000000
N            2.66169000000000        5.64837200000000        0.88749800000000
N           -2.55079100000000        5.72567900000000       -0.35756000000000
H            7.36493300000000        4.38136400000000       -0.95138300000000
H           -7.96095000000000        2.88658400000000       -0.13023600000000
H           -0.85622700000000       -6.93123600000000       -1.23318100000000
H            2.89505100000000        6.32177400000000        0.15334200000000
H           -3.07776600000000        6.57695800000000       -0.35270900000000
H            0.55073300000000        4.73097000000000        0.43692000000000
C            3.28979700000000       -0.20318900000000        7.25825800000000
C            2.06480600000000        0.22270700000000        7.64203100000000
N            0.97000800000000       -0.00675100000000        6.88570700000000
C            1.08214000000000       -0.71726500000000        5.63906100000000
O            0.08412700000000       -0.90139100000000        4.97855200000000
N            2.30119900000000       -1.12904200000000        5.28229200000000
C            3.36601400000000       -0.89473200000000        6.01030900000000
N            4.54135200000000       -1.34441500000000        5.54507800000000
C           -0.30736600000000        0.54196000000000        7.28130000000000
C           -0.75783700000000        1.70555700000000        6.35223700000000
C           -1.96687400000000        1.15693100000000        5.59032400000000
C           -2.46156900000000        0.05074300000000        6.54325600000000
O           -1.31394400000000       -0.41923200000000        7.24800800000000
C           -3.14427800000000       -1.13147100000000        5.83211000000000
O           -2.63685700000000       -1.40189900000000        4.56418100000000
O           -2.91128800000000        2.15602900000000        5.35114800000000
F           -1.06884000000000        2.78718800000000        7.10929200000000
F            0.24936000000000        2.12038000000000        5.54822600000000
H            4.16504000000000       -0.02220200000000        7.85664200000000
H            1.90893300000000        0.76681100000000        8.56427900000000
H            5.40596300000000       -1.13048300000000        6.00757400000000
H            4.54980600000000       -1.77933200000000        4.63864300000000
H           -0.19576400000000        0.94195900000000        8.30339000000000
H           -1.58478300000000        0.70944200000000        4.66312900000000
H           -3.15814900000000        0.50087600000000        7.26772300000000
H           -3.05442400000000       -2.00010400000000        6.49928500000000
H           -4.20517600000000       -0.90033300000000        5.69542500000000
H           -1.67131000000000       -1.50859600000000        4.62696900000000
H           -3.54008400000000        1.82985200000000        4.69820500000000
77
 energy: -168.310979050020 gnorm: 0.007242395624 xtb: 6.7.1pre (5071a88)
N           -0.00183994662114        0.05103741685975        0.39111069578355
C            0.03488643559458        1.45258431920983        0.13120913298695
C            1.21410824469705       -0.62956845932977        0.38734649406071
C           -1.21758721776498       -0.59113957395642        0.29668778808334
N            1.18257269440984        2.05733610589781        0.00513681305090
N           -1.10032909199648        2.10681304599428       -0.00535349606615
N            2.33961571258869       -0.00209099890258        0.23378063413580
N            1.15608874954101       -1.97020464028299        0.53296930001418
N           -2.31156883249400        0.06383316587927        0.04167519559712
N           -1.22317356875364       -1.93270507320219        0.45354100803905
C            2.29816423580591        1.32525607113953        0.08333970408342
C           -0.05013740535351       -2.55315027340272        0.84832767155018
C           -2.21879744799849        1.40015296753688       -0.04228311438942
N            3.51104333120670        1.93054634695919       -0.02961631441782
N           -0.08864065419483       -3.88537928658080        1.21416614283989
N           -3.41492594689389        2.02582005397004       -0.21196435149529
C            3.79234771777582        3.33259130685367        0.08598652843934
C            4.65926545310415        1.21042015454772       -0.14920647159131
C           -3.63389122109976        3.43961225504802       -0.24728912733221
C           -4.48623891805900        1.24307257787160       -0.38312903610600
C            0.91829959133128       -4.56262102963232        0.30662104227668
C           -1.03849862864866       -4.51423962297592        0.22782489696341
N            4.97686294482228        3.80032657394734       -0.14444972874194
N            5.79481860962485        1.64950054708919       -0.27344363723219
N           -4.93210540115213        3.88100297857486       -0.21848823903694
N           -5.43910475746192        0.63605158783384       -0.55924368516338
N            2.01756073758428       -3.97244378900368        0.02846886546969
N           -2.09501922875666       -3.90135464402759       -0.14664541372663
C            6.06804437700842        3.03822935901803       -0.43097291127422
C           -6.03631100127787        3.41353485138360       -0.03313941352951
C           -0.04728339331646       -5.44536663629068       -0.30534808107232
N            7.21268633701735        3.39304534858142       -0.79137337246207
N           -7.16388799329432        3.26663837765984        0.34377755808412
N            0.03158922642080       -6.52830840848194       -0.94692206921630
C            2.79379475684215        4.19293028194603        0.52713151676071
C           -2.65914414900346        4.32806876559503       -0.33070468321449
C            2.32824207275963       -2.77244627426196        0.40294554981617
C           -2.39711060645909       -2.68645392931754        0.20952523446236
C            1.60884663059887        4.75251385304058        0.58068726673761
C           -1.41126166291164        5.08989796129994       -0.39437064515002
N            2.66241498180118        5.64960845365709        0.88515715540693
N           -2.55071911088123        5.72522462355632       -0.35714676447982
H            7.36075885140189        4.37897658899042       -0.95533422917415
H           -7.95841085959423        2.88530060686800       -0.12717322423730
H           -0.85402738064179       -6.93040761350290       -1.23328485570490
H            2.89428021126071        6.32088905866267        0.14889654714337
H           -3.07734131754773        6.57656327524046       -0.34804598039436
H            0.54984029312201        4.73143173996152        0.44373040966233
C            3.28911820558780       -0.21007225618529        7.25366611973920
C            2.06467927805071        0.21562885554117        7.63772942845115
N            0.97012807582388       -0.00522549206055        6.87655196280590
C            1.08472490941402       -0.70371948223454        5.62306656179648
O            0.08935907982174       -0.86454414142491        4.94756847494818
N            2.30229980615710       -1.11352061197517        5.26485221890752
C            3.36686383319266       -0.89399875911026        6.00084157393242
N            4.53953983208944       -1.34726247558006        5.53716262028552
C           -0.30632233682393        0.54253087571971        7.27679067343345
C           -0.75878184075340        1.70622539662934        6.34904708644290
C           -1.96953419012549        1.15684325170203        5.59074130802427
C           -2.46276026868616        0.05058202647282        6.54384560666698
O           -1.31316406820763       -0.41861945516037        7.24514612477159
C           -3.14259132282087       -1.13006465204757        5.82746951491023
O           -2.62323204423212       -1.39314204448526        4.56180051185631
O           -2.91304890804349        2.15605381712600        5.34606265565378
F           -1.06943033233435        2.78951876311219        7.10329105145058
F            0.24406516044795        2.12049349593056        5.53792187230483
H            4.16307718551358       -0.03503882250248        7.85582795566649
H            1.90838457550533        0.75458563365548        8.56313518664839
H            5.40319997472735       -1.14473154122427        6.00680435564362
H            4.54896869505076       -1.78329808424737        4.63074796360638
H           -0.19270848372657        0.94119630691020        8.29920597189283
H           -1.58926762233050        0.70550089202245        4.66488637076362
H           -3.15915767658021        0.49994730175356        7.26864651510432
H           -3.05574561421872       -2.00100255676599        6.49154915186705
H           -4.20241505749280       -0.89981501723547        5.68432882135864
H           -1.66111111602169       -1.51684016197770        4.63955882774328
H           -3.55391218312756        1.82085757011921        4.70927120708719
77
 energy: -168.311605054041 gnorm: 0.009025278117 xtb: 6.7.1pre (5071a88)
N           -0.00272562434172        0.05195623402777        0.41574521312829
C            0.03463206163530        1.45086464199396        0.15012610403446
C            1.21174501567347       -0.62775428524929        0.42290838835281
C           -1.21756681865112       -0.59019574441892        0.32137276175191
N            1.18203322858507        2.05520862617398        0.01727557578345
N           -1.09985051437355        2.10576649710671        0.00427060818881
N            2.33786535076556       -0.00242485320039        0.26392866484912
N            1.15392304508336       -1.96954133337667        0.56371966684568
N           -2.31029217652980        0.06370223211146        0.05575205783566
N           -1.22315333730643       -1.93280561102913        0.47019609565185
C            2.29707951715449        1.32433537272916        0.10362573430441
C           -0.05271891210288       -2.55508172711858        0.86482838177771
C           -2.21754362574715        1.39886736123086       -0.03064571784868
N            3.50911876275235        1.92920153068064       -0.01580282502713
N           -0.09314926459556       -3.88560661886696        1.21698186507534
N           -3.41392489198139        2.02469352579387       -0.20739152928129
C            3.78776113422496        3.33199537975360        0.08968513193337
C            4.65853699113267        1.20654889161942       -0.12390374936253
C           -3.63194894269832        3.43947762560786       -0.24436992416390
C           -4.48536679838476        1.24359964167476       -0.37808854036681
C            0.91878794599003       -4.56114118693293        0.31515651239354
C           -1.03781366235220       -4.51438668936186        0.22682976700300
N            4.97200544201686        3.79933124753555       -0.14609679073558
N            5.79518037921049        1.64752734736887       -0.24856705479993
N           -4.93026771049878        3.88220435264222       -0.21748489268245
N           -5.43673725301400        0.63670800945617       -0.56380968270578
N            2.01898194864624       -3.96913307197966        0.04069174436755
N           -2.08932705599556       -3.89730724870754       -0.15814282685287
C            6.06268098324261        3.03432744061356       -0.42442800196442
C           -6.03413758748220        3.41641255212269       -0.03011543339728
C           -0.04417039440987       -5.44385617842591       -0.30150683535095
N            7.20784743850816        3.38717660735977       -0.78867900447834
N           -7.16007194729684        3.27203759038919        0.35243341512440
N            0.03832032106051       -6.52691140442495       -0.94481582667582
C            2.79048719618660        4.19378684623365        0.53118186175506
C           -2.65710061981549        4.32742633000989       -0.32962412951486
C            2.32742259854689       -2.77007751954401        0.42563406894926
C           -2.39210342390834       -2.68375188660113        0.20273031423651
C            1.60606567459495        4.75357585084744        0.58882294448936
C           -1.40933071635598        5.08827652888965       -0.40492501645526
N            2.66278117282262        5.65316016580896        0.87883972760861
N           -2.54852393692803        5.72406566821340       -0.35691770683910
H            7.34861629525746        4.37206919391245       -0.96660844381336
H           -7.95676240258877        2.88967355052647       -0.11244131702825
H           -0.84709898470074       -6.92721425616216       -1.23443084357742
H            2.89093840812998        6.31857180597395        0.13652888106951
H           -3.07445540874999        6.57562813260593       -0.34037858296544
H            0.54673116204011        4.73223312809471        0.45944574365459
C            3.28811372767562       -0.22695628892845        7.24027239033072
C            2.06465827254034        0.20004085068180        7.62419470334238
N            0.97213511152222        0.00278411353118        6.85039744156760
C            1.09544098239472       -0.65888731817192        5.57742691036651
O            0.10462215185125       -0.78758331851451        4.88146877564616
N            2.30688979842844       -1.08113518143438        5.22487536818376
C            3.36996354372827       -0.89458433516523        5.97773342320534
N            4.53690434225193       -1.35784954280387        5.51810857134394
C           -0.30347484421931        0.54580365924114        7.25985061095801
C           -0.76401026399706        1.71095258717254        6.33851734985858
C           -1.97764658874350        1.15991377925900        5.58697148422596
C           -2.46461157112013        0.05090388017016        6.53942827519503
O           -1.30841663974171       -0.41795884456460        7.22912323987815
C           -3.13686616169829       -1.12920064636177        5.81480322372080
O           -2.59854999704254       -1.38231806793329        4.55286551373822
O           -2.92155151536667        2.15808375299435        5.33730796958233
F           -1.07182584188216        2.79326295444997        7.09408300016371
F            0.23069217464979        2.12783569896550        5.51643070992965
H            4.15883930334918       -0.06757530221000        7.85199290003693
H            1.90618374812860        0.72236983518392        8.55913148760626
H            5.39834330013457       -1.18315722974641        6.00470752019872
H            4.54861787202058       -1.79426416904172        4.61122087712504
H           -0.18631677536474        0.93922962401361        8.28385427388254
H           -1.60047739237620        0.70479494671080        4.66173953040571
H           -3.15971318398134        0.49294307091680        7.26982032828686
H           -3.05361559219768       -2.00315512259635        6.47426263055974
H           -4.19533200650650       -0.90318586965615        5.66039778049310
H           -1.64105889882965       -1.52542722450518        4.65229369930602
H           -3.59133511806171        1.80109841463170        4.73981545659381
77
 energy: -168.312001104230 gnorm: 0.012947038251 xtb: 6.7.1pre (5071a88)
N           -0.00387351580678        0.05277799643290        0.43831744886334
C            0.03432857150412        1.44978023318653        0.16823237054531
C            1.20992544265416       -0.62634473658705        0.45355352858498
C           -1.21800145987624       -0.58940880244164        0.34078596587668
N            1.18183767303838        2.05368736022851        0.03308053232567
N           -1.09932636683071        2.10542689447737        0.01618123982231
N            2.33675778066103       -0.00255078316063        0.29469542319056
N            1.15204293666835       -1.96893282133823        0.59252020657658
N           -2.30962837227332        0.06367465638029        0.06848751354229
N           -1.22388021024426       -1.93276968820009        0.48539302725614
C            2.29667822335145        1.32362013200848        0.12672192429410
C           -0.05549721104243       -2.55635745409063        0.88158008300638
C           -2.21667284190279        1.39836500436464       -0.01939058106409
N            3.50801753764509        1.92774087284274        0.00208183170409
N           -0.09769647509146       -3.88685453314381        1.22329582294726
N           -3.41244478505866        2.02367859700302       -0.20460025539056
C            3.78444769020257        3.33116974268126        0.09690946225269
C            4.65828976226702        1.20342957798328       -0.09680309315580
C           -3.62968113874738        3.43881032322139       -0.24313551008077
C           -4.48192257585445        1.24224500509964       -0.38336289265746
C            0.91915831157294       -4.56016221684656        0.32545257977664
C           -1.03695967631892       -4.51511886505171        0.22713208098397
N            4.96771809457183        3.79804713266604       -0.14579842279868
N            5.79456851250930        1.64558409366639       -0.22405243659774
N           -4.92790631699681        3.88205319813196       -0.21221426732037
N           -5.44150927875011        0.64361939494634       -0.55358607835047
N            2.01972495668837       -3.96583597624558        0.05584040689106
N           -2.08365858677012       -3.89408469901757       -0.16703121817210
C            6.05792813033435        3.03045025848876       -0.41714256677915
C           -6.03080951587000        3.41629459634714       -0.01888333450917
C           -0.04042976886776       -5.44261648813405       -0.29722119824683
N            7.20228797936205        3.38132830691775       -0.78785352809690
N           -7.15909745722180        3.28016139145597        0.36048803846262
N            0.04602256917525       -6.52453099653230       -0.94261569561788
C            2.78786500928385        4.19513901362251        0.53613452138544
C           -2.65460994472971        4.32639943540522       -0.32883692143133
C            2.32619542266362       -2.76888972500569        0.45114801085020
C           -2.38841604118266       -2.68268131442805        0.19959756827834
C            1.60352141902658        4.75468282676242        0.59579752039457
C           -1.40675649933476        5.08698512253383       -0.40538866635449
N            2.66200904253151        5.65713414041565        0.87277189904536
N           -2.54603966675072        5.72272584280573       -0.35819670987737
H            7.33693239460890        4.36510066350139       -0.97837620908662
H           -7.95493925609980        2.89358851420345       -0.10232636668156
H           -0.83865941357827       -6.92337467939621       -1.23673437137815
H            2.88640798012435        6.31633354595651        0.12379643460693
H           -3.07160120365757        6.57442133740433       -0.33794184493574
H            0.54371093275048        4.73239298577890        0.47260589671092
C            3.28784411707655       -0.24242135306647        7.22501366322203
C            2.06535939931757        0.18811854464282        7.60782652078816
N            0.97557132503331        0.01179242700659        6.82398655417427
C            1.10524090190407       -0.62530788005026        5.53918397455436
O            0.11897579561800       -0.73196785785222        4.83178018378103
N            2.31314304483604       -1.05507628354074        5.18919093952110
C            3.37367115124043       -0.89336686387017        5.95366872254973
N            4.53646779323583       -1.36822873897996        5.49879732274784
C           -0.29989676946904        0.55056892855651        7.23850274481925
C           -0.77076669201787        1.71806662239526        6.32553373286307
C           -1.98658006235161        1.16555702882093        5.57926141709115
C           -2.46392328392322        0.05022358699355        6.52899788951797
O           -1.30077455376025       -0.41815298059026        7.20731608338341
C           -3.13048647869067       -1.13113216801802        5.80134093704893
O           -2.58368138437877       -1.38184368859719        4.54171782218897
O           -2.93466414454283        2.16087955522207        5.33450727090142
F           -1.07645168426668        2.79540062280257        7.08845614053080
F            0.21740797375526        2.14226066346268        5.49855202213125
H            4.15547319490411       -0.09923800020267        7.84576565450221
H            1.90462211377306        0.69399740459652        8.55165915405131
H            5.39525840327594       -1.22126878008500        6.00118137485959
H            4.55006101032489       -1.80316156783864        4.59114137974792
H           -0.18083495476381        0.93937480550708        8.26396875082332
H           -1.61125117742119        0.71368592257926        4.65144254781911
H           -3.15735058051853        0.48247057470535        7.26702753755466
H           -3.04712082058753       -2.00531604724816        6.45981828970872
H           -4.18879618321481       -0.90957721843969        5.64089194182156
H           -1.62735306022988       -1.52144924395989        4.64651148031467
H           -3.62552118850069        1.78877656774253        4.76848077740599
77
 energy: -168.312638912729 gnorm: 0.014119856945 xtb: 6.7.1pre (5071a88)
N           -0.00683683315155        0.05377809224384        0.47313811468006
C            0.03298894388670        1.44830825777605        0.19640962032990
C            1.20661906949878       -0.62461596745988        0.49872117539286
C           -1.22023457839301       -0.58834587886133        0.36885991318056
N            1.18101757841952        2.05137789274519        0.06065269607886
N           -1.09930974912807        2.10496885521682        0.03608010363854
N            2.33468677754039       -0.00265625428113        0.34420997085803
N            1.14856781909113       -1.96802336685100        0.63701422871246
N           -2.31071624763577        0.06400430648991        0.09084449467882
N           -1.22641828547403       -1.93268745340906        0.50897939557961
C            2.29582117261651        1.32243562786464        0.16525968355469
C           -0.06073411730015       -2.55799251605525        0.90876831910317
C           -2.21698532225722        1.39836544525469       -0.00033522398608
N            3.50634611555255        1.92517910553707        0.03435342674766
N           -0.10541082776849       -3.88999963318579        1.23603618996800
N           -3.41133303867217        2.02383094842918       -0.19427148062687
C            3.78003065433505        3.32950615749285        0.11141009470998
C            4.65787065342590        1.19902357224044       -0.05135136939111
C           -3.62618340064784        3.43919134560154       -0.23668210774352
C           -4.48356487261922        1.24560967243701       -0.36845792984008
C            0.91941610167392       -4.55887026221195        0.34331982324780
C           -1.03577075094788       -4.51653213601794        0.22835649025824
N            4.96139882570763        3.79539780755775       -0.14349998956575
N            5.79281432088673        1.64248330264570       -0.18498370694278
N           -4.92396015342590        3.88381111978558       -0.20313605735774
N           -5.43546940752801        0.64326515237828       -0.56613375961179
N            2.02028090825353       -3.96042561656951        0.08302797806719
N           -2.07500091259294       -3.88951172322526       -0.17885866763715
C            6.05091363014209        3.02409619391300       -0.40528039251060
C           -6.02678762515507        3.41894198845700       -0.00515544055787
C           -0.03403191564795       -5.44041646165649       -0.29065469237000
N            7.19280927595310        3.37173877419826       -0.78873347924427
N           -7.15478898835952        3.28835379387992        0.37721575369511
N            0.05925098553478       -6.51944902240242       -0.93994521494607
C            2.78436262469306        4.19773099862450        0.54493736964670
C           -2.65029239319259        4.32530471171118       -0.32633478072012
C            2.32342611836132       -2.76759756710643        0.49426763152091
C           -2.38424180527187       -2.68227739208140        0.19758667400432
C            1.59987812333202        4.75654535565872        0.60645599412501
C           -1.40202783052598        5.08498133797523       -0.40748752344464
N            2.66011838346266        5.66385416830481        0.86331489445126
N           -2.54103197101758        5.72121449135817       -0.36096812949507
H            7.31886671856537        4.35345024407461       -0.99798751406800
H           -7.95279034038704        2.90018433971698       -0.08104674536240
H           -0.82351688335679       -6.91648041736431       -1.24269397154660
H            2.87818908746144        6.31269412851089        0.10310939752869
H           -3.06569591338261        6.57337039806254       -0.33502612028264
H            0.53926485747290        4.73239319726137        0.49167804479769
C            3.28779371581380       -0.26599472007123        7.19981374586649
C            2.06700770274740        0.17222589364503        7.57971379594192
N            0.98250694293801        0.02805723239957        6.78128596769034
C            1.11983775343707       -0.58012482078282        5.48379622879135
O            0.14004618135011       -0.66138733918139        4.76587302321805
N            2.32414032779386       -1.02038349890984        5.13717189387042
C            3.37930009210613       -0.89251202470127        5.91655022288642
N            4.53723486868217       -1.38443923023012        5.46871179644523
C           -0.29349339624333        0.55898735156345        7.20159609789678
C           -0.78230974906805        1.73060297769273        6.30302798949026
C           -2.00103699798981        1.17561408244745        5.56384973662104
C           -2.46032388787244        0.04732804078503        6.50737699655992
O           -1.28594762240891       -0.41973330529553        7.16787688982558
C           -3.11991371129028       -1.13615631175075        5.77794410840740
O           -2.56578043402705       -1.38740391174204        4.52140050657914
O           -2.95906643298284        2.16496181962955        5.33520553109276
F           -1.08690152092854        2.79711680591967        7.08149646823017
F            0.19573753366248        2.17100150981119        5.47241716882554
H            4.15048077664073       -0.14824181959951        7.83392166639556
H            1.90275663203960        0.65363189124553        8.53608543228805
H            5.39065343712035       -1.27889095440365        5.99356445450866
H            4.55365536915575       -1.81408509144196        4.55879237663271
H           -0.17316862109449        0.94122705741174        8.22930884216047
H           -1.62796926860612        0.73512551169651        4.62893113238092
H           -3.15066360354497        0.46319775917880        7.25833475510661
H           -3.03531659672128       -2.00911659200149        6.43755267722336
H           -4.17842839572344       -0.92043491876664        5.61096265174351
H           -1.60841230144606       -1.50671627935065        4.62481536936192
H           -3.67422137557517        1.77703277012928        4.81027129268047
77
 energy: -168.313460844791 gnorm: 0.010879778188 xtb: 6.7.1pre (5071a88)
N           -0.01076476790369        0.05415414023673        0.51245936610298
C            0.03117240620677        1.44723051517152        0.23119176957197
C            1.20303784305775       -0.62367417985348        0.54680241369810
C           -1.22348919812894       -0.58794501861633        0.39637453518599
N            1.18016242931675        2.04925528786505        0.09909118919160
N           -1.09955874852484        2.10489193953122        0.06479821331223
N            2.33250009366858       -0.00262793627379        0.40216728871938
N            1.14451287167401       -1.96734008027873        0.68644151792390
N           -2.31254496582410        0.06428291654599        0.11507450546946
N           -1.23019430301226       -1.93291865135763        0.53432519475903
C            2.29502174812292        1.32111809817809        0.21335449672955
C           -0.06731278803197       -2.55954379063984        0.94098316595850
C           -2.21786963389276        1.39899213214165        0.02264569009430
N            3.50498350971986        1.92222077038998        0.07801577459774
N           -0.11454974533102       -3.89514375367149        1.25515825774845
N           -3.40979453306423        2.02405541382297       -0.18258941704199
C            3.77654739552579        3.32740579766939        0.13305135532921
C            4.65778997869876        1.19532830273079        0.00466518358704
C           -3.62269861819372        3.43930774141738       -0.22733110325485
C           -4.48049706927796        1.24609528929145       -0.36966735379134
C            0.91964163264751       -4.55776751599945        0.36724913879445
C           -1.03429528454668       -4.51800537271322        0.23200833799268
N            4.95532990848968        3.79162026026573       -0.13723707822744
N            5.79038661477910        1.63945700844692       -0.14007114583028
N           -4.91962348425004        3.88613434062611       -0.19538502016408
N           -5.44139646610617        0.65455190112428       -0.55445788416088
N            2.02084387317063       -3.95449659400826        0.12021941266900
N           -2.06548654492396       -3.88507024352059       -0.18744120248974
C            6.04408184082387        3.01690022525606       -0.39112901233199
C           -6.02396404428369        3.42340656552094        0.00158037314082
C           -0.02580946727429       -5.43728167407339       -0.28214277303642
N            7.18147543614194        3.36051324263015       -0.79244536047563
N           -7.14574609998375        3.28793362986937        0.39993417996158
N            0.07589457362377       -6.51184665365392       -0.93646421298705
C            2.78159929148531        4.20150537795477        0.55703741920258
C           -2.64559437681135        4.32373130163219       -0.32000009725754
C            2.31985115421254       -2.76698996294213        0.54766956641705
C           -2.38128157256601       -2.68305169806597        0.19910048057378
C            1.59653466172508        4.75886937099853        0.61848493907813
C           -1.39668132593241        5.08226290305418       -0.40676584107729
N            2.65708228841985        5.67227659428274        0.85321121871401
N           -2.53512516715464        5.71941810050382       -0.36229335252439
H            7.29976320428036        4.33922580533373       -1.02086948884167
H           -7.95275664770395        2.91063256569609       -0.05251736002725
H           -0.80347011770453       -6.90757731249364       -1.25130168356556
H            2.86756378375343        6.30841065307280        0.07946616939628
H           -3.05863330985987        6.57224184640538       -0.33305424408140
H            0.53517557373212        4.73204251346221        0.51067618702867
C            3.28811023314875       -0.29267087160593        7.16828602379815
C            2.06993626277688        0.15723079941010        7.54391095987976
N            0.99272971692990        0.04931044246019        6.73059567099238
C            1.13436890944044       -0.53813416537282        5.42559444747091
O            0.15991257769347       -0.60143674316521        4.70467771336210
N            2.33664496683516       -0.99128137515308        5.08309197694873
C            3.38398620875472       -0.89594926176086        5.87506595071891
N            4.53859377186508       -1.40300724873171        5.43284515287875
C           -0.28491299116591        0.56863465318322        7.15619648089104
C           -0.79575671827800        1.74509733660187        6.27521417580713
C           -2.01737032063440        1.18701466272137        5.54262109872859
C           -2.45269054498325        0.04076633028505        6.47663649641525
O           -1.26538146772880       -0.42382785497475        7.11668716325425
C           -3.10703863544461       -1.14395905577216        5.74691152699411
O           -2.55098949610514       -1.39807662616884        4.49284041583144
O           -2.99065986852675        2.16808856498802        5.34363077709043
F           -1.10296466524101        2.79603804894310        7.07522803033196
F            0.17000756778993        2.20969405614633        5.44473059084602
H            4.14532334074933       -0.20266442431266        7.81490088611987
H            1.90242390597727        0.61530224823000        8.51086391492224
H            5.38378539928498       -1.33645029771413        5.97631292301572
H            4.55759978388677       -1.82125433201293        4.51809171948109
H           -0.16537547571490        0.94397783881107        8.18654771993731
H           -1.64786250126709        0.76711472296558        4.59545566523203
H           -3.13846704157254        0.43801665267751        7.24272904308408
H           -3.02104521984637       -2.01498209575611        6.40972556502743
H           -4.16608929393986       -0.93239971090304        5.57636046112918
H           -1.58847104558267       -1.47883416426625        4.58507595759948
H           -3.72015919210246        1.77444875726727        4.85172978246974
77
 energy: -168.314311976670 gnorm: 0.009925839246 xtb: 6.7.1pre (5071a88)
N           -0.01566359999860        0.05356013670569        0.55561624397114
C            0.02878554760832        1.44618619417634        0.27151671116210
C            1.19859946523348       -0.62389115668817        0.59836950169440
C           -1.22777909802097       -0.58852111654479        0.42583587468946
N            1.17893966456830        2.04707374900614        0.14526619403838
N           -1.10023556375373        2.10420921242883        0.09756604626411
N            2.32939272065406       -0.00276289445111        0.46478769245051
N            1.13944129017729       -1.96719250497068        0.73884697577409
N           -2.31517655528400        0.06435715541051        0.14156296867439
N           -1.23480308826404       -1.93387974071442        0.56094995668988
C            2.29346371624670        1.31948289677930        0.26761789290848
C           -0.07516970198032       -2.56166438142047        0.97698803366109
C           -2.21932979472404        1.39945154030652        0.04737272920758
N            3.50333689460920        1.91927686145962        0.13042303464628
N           -0.12468383272401       -3.90179131833889        1.27964879908326
N           -3.40847459049439        2.02491917748991       -0.16656868612655
C            3.77343957277161        3.32529191833277        0.15998718907204
C            4.65753174014657        1.19284617956716        0.06846189367258
C           -3.61941004450821        3.43992133954318       -0.21608425651666
C           -4.48068190068571        1.24909113568008       -0.35636695885168
C            0.91985005845622       -4.55641061483183        0.39705890471200
C           -1.03262626842739       -4.51831448742744        0.23907686448956
N            4.94956918718919        3.78672126748200       -0.12658464478296
N            5.78780843461900        1.63683660917463       -0.09146551211860
N           -4.91546474348202        3.88811395803933       -0.17622889432211
N           -5.43957593041005        0.65881342320766       -0.55569146640698
N            2.02225338081237       -3.94877441945585        0.16706682692177
N           -2.05655709196565       -3.88078277899211       -0.18982184099383
C            6.03747532590733        3.00907526903317       -0.37526901009663
C           -6.01872369985597        3.42505303855208        0.02782914788122
C           -0.01640265559706       -5.43213108070733       -0.27114213866594
N            7.16902430640920        3.34743287267521       -0.79727476753440
N           -7.14292712058373        3.29808410142816        0.42264209824113
N            0.09485172592207       -6.50139164023488       -0.93156508889302
C            2.77933474579303        4.20621056929088        0.57211659062207
C           -2.64121399586005        4.32249212831307       -0.31574854364348
C            2.31585857473988       -2.76619020045088        0.60826728713781
C           -2.38002145466649       -2.68381294050774        0.20426984159637
C            1.59344113223030        4.76167732476513        0.63198785004341
C           -1.39156934058519        5.07972492316720       -0.40725498112089
N            2.65322964853407        5.68184959456389        0.84327113139409
N           -2.52932980343718        5.71804594759217       -0.36503386063926
H            7.28132230727636        4.32203158582005       -1.04511037848911
H           -7.94940032807239        2.91897533273405       -0.02977910295663
H           -0.77952824181661       -6.89665039678245       -1.26107536960865
H            2.85565832527255        6.30368951589170        0.05525568818080
H           -3.05150423502537        6.57161996182806       -0.33186734952889
H            0.53167865199487        4.73166366974794        0.52926811346939
C            3.28776638832958       -0.32427876060405        7.13307558759939
C            2.07371637087224        0.14057862874458        7.50417437356748
N            1.00519097868574        0.07260902773606        6.67533365826452
C            1.14624476401815       -0.49941884509097        5.36454676419249
O            0.17546701684340       -0.53678282539715        4.63672416631142
N            2.34731660143102       -0.96430325610526        5.02469312105924
C            3.38562188693159       -0.90440439656450        5.82991351221568
N            4.53779415462462       -1.42185627849750        5.39034505949989
C           -0.27470232198883        0.57778720853539        7.10718980530632
C           -0.80749106888964        1.75807396207081        6.24342696680502
C           -2.03277857528926        1.19690298004261        5.51771315065078
C           -2.44211976317401        0.03181335275932        6.44077505808153
O           -1.24204518769578       -0.42880355225037        7.05947162452446
C           -3.09126313395117       -1.15205489927658        5.70758163969512
O           -2.53272145854001       -1.40435995684357        4.45531183282841
O           -3.02104278077486        2.17048055720331        5.35445335139570
F           -1.12069271227291        2.79303783173571        7.06413341963016
F            0.14334856943331        2.24868995658472        5.41276858783394
H            4.13928776315306       -0.26307417891693        7.79022405328750
H            1.90394491500546        0.58098098354550        8.47772426646161
H            5.37295072984120       -1.38990652192927        5.94814182365906
H            4.55910547158272       -1.82237113596009        4.46768561496601
H           -0.15733338995349        0.94568363653413        8.14054003871145
H           -1.67313681636489        0.79934448303572        4.55598180346136
H           -3.12211211488088        0.41186113849270        7.22095467914041
H           -3.00551184586038       -2.02343063004891        6.37164637699924
H           -4.15084459561822       -0.94325860644096        5.53487193819565
H           -1.56356285230572       -1.44110645858297        4.53681151870987
H           -3.76842873015708        1.77194863779623        4.89742297594905
77
 energy: -168.315238029930 gnorm: 0.009723816642 xtb: 6.7.1pre (5071a88)
N           -0.02100175977606        0.05219298538045        0.60190889906088
C            0.02591280249579        1.44549804156875        0.31847274574821
C            1.19330250515286       -0.62513354858337        0.65315699634056
C           -1.23223327629860       -0.58998199105268        0.45785972894101
N            1.17722203990269        2.04541658478682        0.19910151443577
N           -1.10147624681492        2.10332118840356        0.13674835646775
N            2.32513810470298       -0.00308070281929        0.52882960932531
N            1.13344883047163       -1.96760387983655        0.79216075619146
N           -2.31748958387910        0.06421813525470        0.16879333154390
N           -1.23934816819981       -1.93558686159124        0.58751704962289
C            2.29077814581687        1.31778327055359        0.32653217435385
C           -0.08381013312277       -2.56462308715146        1.01497015674596
C           -2.22092959619208        1.39962117087017        0.07598825192827
N            3.50111502373219        1.91688136660189        0.18937376262371
N           -0.13523887189209       -3.90925102510922        1.30832010042349
N           -3.40746479207477        2.02596331668273       -0.14615659517145
C            3.77020215670132        3.32361126662574        0.19097488960212
C            4.65657956434218        1.19184397662262        0.13739414332949
C           -3.61686984047272        3.44108305139874       -0.19970378761608
C           -4.47997899593620        1.25182441558863       -0.34280878764524
C            0.92017105640987       -4.55451184357828        0.43199561321761
C           -1.03050120953560       -4.51672314271569        0.24981107465039
N            4.94385238681807        3.78089673728411       -0.11155591851962
N            5.78503589204951        1.63450179128861       -0.04083234327983
N           -4.91177000788592        3.89235971955137       -0.15863825682995
N           -5.43835007970412        0.66413143699190       -0.55248352445020
N            2.02507723505722       -3.94390333081812        0.22236012072481
N           -2.04904895934802       -3.87668746247970       -0.18482310272968
C            6.03066412354372        3.00045540133436       -0.35765795772960
C           -6.01588970387095        3.43143948541384        0.04402080279804
C           -0.00615373227591       -5.42443333608327       -0.25735689079990
N            7.15564414506458        3.33181378874050       -0.80141482251711
N           -7.13547034907504        3.29960056322985        0.45020142896297
N            0.11529123044517       -6.48793313421189       -0.92480341361338
C            2.77720206718582        4.21162853913825        0.59015605751272
C           -2.63732408456745        4.32123112759222       -0.30796462979519
C            2.31198611699272       -2.76476797435314        0.67366798431112
C           -2.38037934207096       -2.68364762723251        0.21306539319791
C            1.59038380358660        4.76512405177638        0.64691968878247
C           -1.38676392152522        5.07575462004310       -0.41411440248256
N            2.64871766635240        5.69201281117039        0.83430631945139
N           -2.52300986075543        5.71651412379999       -0.36421459435871
H            7.26427368994264        4.30116950548203       -1.06946539630880
H           -7.94704213531045        2.92751340493636        0.00097808952836
H           -0.75273835511888       -6.88330532899576       -1.27063202987299
H            2.84353742698384        6.29871964805234        0.03263624744870
H           -3.04321523895476        6.57118524627398       -0.32783813701875
H            0.52855734898814        4.73154090209879        0.54757386557059
C            3.28579773519831       -0.35711408842140        7.09269660207001
C            2.07742325595070        0.12475592522338        7.46010312297327
N            1.01825890823971        0.09664354187839        6.61724692660831
C            1.15540864285805       -0.46284603776855        5.30111757786646
O            0.18643736134292       -0.47565328231977        4.56748995571113
N            2.35432411634549       -0.93703687814500        4.96108223010157
C            3.38375178336928       -0.91239078688123        5.77822329452953
N            4.53324242139829       -1.43764002709843        5.33911896326733
C           -0.26456450999990        0.58534681876157        7.05728643795080
C           -0.81660581435375        1.76827864120005        6.20940494358820
C           -2.04653180781713        1.20493943838043        5.49128522775120
C           -2.43017721708845        0.02155928145783        6.40197701438870
O           -1.21891882973199       -0.43386353286710        7.00002813791596
C           -3.07244074248430       -1.15902181609770        5.65976107853841
O           -2.50645569914163       -1.40195750697505        4.40937223212402
O           -3.04629796573017        2.17282552331272        5.36491554797963
F           -1.13727862909997        2.78906058527570        7.04671569042400
F            0.11782425095275        2.28221465441421        5.37729936253178
H            4.13134642510777       -0.32724873097096        7.75932264238596
H            1.90556710267293        0.55095340503524        8.43865298400572
H            5.35851840651919       -1.44169329890678        5.91091047080401
H            4.55644229204930       -1.81777050140066        4.40744839794205
H           -0.14983574572202        0.94497247216436        8.09390165511022
H           -1.70239607335240        0.82966123383744        4.51490204169650
H           -3.10468907386811        0.38558070902654        7.19390494968406
H           -2.98897434733155       -2.03461615135119        6.32027184378596
H           -4.13236207379840       -0.95200923947196        5.48443953405897
H           -1.53377790516704       -1.40083183323810        4.48709046347945
H           -3.81362938542029        1.76922308399636        4.94333210869818
77
 energy: -168.316261604116 gnorm: 0.013123328151 xtb: 6.7.1pre (5071a88)
N           -0.02618858253160        0.05031354124068        0.64703732586318
C            0.02278123833521        1.44567523681553        0.36888034220738
C            1.18756919424828       -0.62746277821052        0.70579430820439
C           -1.23614584095035       -0.59219374152168        0.48957210466520
N            1.17519329466125        2.04509073861283        0.25841279306780
N           -1.10309028595070        2.10250446103415        0.17960100557411
N            2.32005349005276       -0.00358077908379        0.58771420400532
N            1.12699037784856       -1.96855067222291        0.84107109327345
N           -2.31883381942093        0.06382297752926        0.19388747398519
N           -1.24312615871990       -1.93775820721714        0.61154920317334
C            2.28703769271192        1.31631292720462        0.38637669076376
C           -0.09244264410884       -2.56806160954401        1.05218890856271
C           -2.22221179786328        1.39935100553514        0.10578377590785
N            3.49850573775074        1.91568643311220        0.25195940257331
N           -0.14516317258993       -3.91686907465995        1.34141114205555
N           -3.40643460010108        2.02687767768186       -0.12338205823869
C            3.76697478318735        3.32281883887636        0.22528718580327
C            4.65473428216938        1.19325770267965        0.20708843185013
C           -3.61496310076157        3.44218177921964       -0.18177225634838
C           -4.47880504196180        1.25401804402351       -0.32641105939953
C            0.92065917194034       -4.55187724955438        0.47165319446777
C           -1.02755198416356       -4.51233462614484        0.26564310720458
N            4.93840203511410        3.77444541714964       -0.09145225003585
N            5.78177948508167        1.63254802397309        0.00858691149846
N           -4.90874704798280        3.89587430560112       -0.13154894201191
N           -5.43576010775351        0.66751232850626       -0.54512771666208
N            2.02953219818979       -3.94086551610029        0.28516605470883
N           -2.04451809206574       -3.87335351439531       -0.16857701449880
C            6.02378114763908        2.99121615028578       -0.33829844636993
C           -6.01205434258391        3.43515709764366        0.07420490257786
C            0.00446258197160       -5.41376188405584       -0.23981073969213
N            7.14179248044554        3.31341687929607       -0.80317427390451
N           -7.13336039487741        3.30596861342359        0.47638049805477
N            0.13580124172059       -6.47115135457348       -0.91485449218629
C            2.77504996734285        4.21753682861296        0.61093836444227
C           -2.63436418945532        4.31987946587053       -0.30121596745045
C            2.30876445039816       -2.76276855031445        0.74047924908303
C           -2.38316900346710       -2.68224549347736        0.22824864519301
C            1.58718962612200        4.76928533933246        0.66181569399358
C           -1.38283634013048        5.07093884286067       -0.42125404559346
N            2.64294496773024        5.70184931945108        0.82780561551980
N           -2.51715205337934        5.71473786563961       -0.36229465461638
H            7.25094964568385        4.27629875353490       -1.09056305872097
H           -7.94212284846637        2.93276681726952        0.02397839064835
H           -0.72472117168961       -6.86698890114988       -1.27764281224941
H            2.83216745318340        6.29383160900231        0.01491068215600
H           -3.03516273900512        6.57060150446491       -0.32511306895927
H            0.52568033758481        4.73161316149843        0.56314355390052
C            3.28191483571181       -0.38540727253631        7.04575779424356
C            2.08066676389569        0.11355113941573        7.41216135711970
N            1.03029475228170        0.11880779805943        6.56117392977492
C            1.15952689384591       -0.43633637475975        5.24285337347711
O            0.18886129354380       -0.43876836927095        4.51165296664539
N            2.35520656946578       -0.91672133650027        4.89922885047708
C            3.37734354623118       -0.91945681370114        5.72202870279146
N            4.52425089600964       -1.44700287760390        5.27905984360387
C           -0.25620906497950        0.58983006325869        7.01041717618940
C           -0.82236693206636        1.77449406220616        6.17651116694216
C           -2.05752918651873        1.21068208369610        5.46561872162616
C           -2.41786459415067        0.00990464228115        6.36155256619162
O           -1.19874277253068       -0.43893644424523        6.94271508672505
C           -3.05146204438278       -1.16422728323113        5.60336229082869
O           -2.47394523095691       -1.38875418272320        4.35449190486702
O           -3.06480716401306        2.17439317529866        5.37680032972868
F           -1.15000773132491        2.78412807266181        7.02511679288813
F            0.09640498851677        2.30567974289350        5.34278848731041
H            4.12194943011055       -0.38544896143464        7.71760240098441
H            1.90739925219978        0.53146646420333        8.39322916360054
H            5.34045722432065       -1.48013359231438        5.85792273003369
H            4.54770400333972       -1.80728310716076        4.33931354534099
H           -0.14398217700996        0.94032105345355        8.05044254692096
H           -1.73221210503645        0.85867521778755        4.47542578868887
H           -3.08910524787590        0.35835337454050        7.16179602790255
H           -2.97159237658263       -2.04884645145179        6.25366939591391
H           -4.11144111116920       -0.95746773911032        5.42554652835293
H           -1.50277435287916       -1.36375457041167        4.43729396801272
H           -3.83780787915639        1.77469175191150        4.97302116486500
77
 energy: -168.317407700419 gnorm: 0.010417681372 xtb: 6.7.1pre (5071a88)
N           -0.03115610998712        0.04943544688593        0.69790670865983
C            0.01950608299894        1.44586490792878        0.42454040948173
C            1.18130674006838       -0.62877789204867        0.76752659768957
C           -1.23919981997680       -0.59356987568335        0.52823711442319
N            1.17286167394729        2.04511909786316        0.32163385275955
N           -1.10471033607870        2.10214618812302        0.22626342892450
N            2.31475626896786       -0.00423063756350        0.65266468816746
N            1.12021687288630       -1.96904737925810        0.89757844438541
N           -2.31897965040848        0.06346581009590        0.22182496397160
N           -1.24615393574428       -1.93948327581109        0.63969764227441
C            2.28290215272738        1.31495817686565        0.45189086888592
C           -0.10132176940461       -2.57188055990117        1.09306141387996
C           -2.22280218800559        1.39867679968068        0.14001151824158
N            3.49519661266732        1.91464965958175        0.31762471215530
N           -0.15633853661915       -3.92390434993534        1.37529541400835
N           -3.40505959671969        2.02714762689570       -0.09930078393779
C            3.76178978606878        3.32240438428253        0.26078283852683
C            4.65210965647214        1.19346954110865        0.28435714993240
C           -3.61220688553558        3.44298085128147       -0.16190989977887
C           -4.47624565266980        1.25548565947841       -0.31208257591483
C            0.92140533576102       -4.54841315440168        0.51393566042087
C           -1.02379297422859       -4.50735258515788        0.28125256369094
N            4.93076756174645        3.76827101929948       -0.07230026380056
N            5.77802016131893        1.62917573284199        0.06746951636607
N           -4.90482935460828        3.89951900763424       -0.10421087983029
N           -5.43460234975983        0.67258625376162       -0.53374781372675
N            2.03479387534188       -3.93747681118290        0.35188149482982
N           -2.03942713916031       -3.86930871635045       -0.15523859287513
C            6.01422931796089        2.98006572176082       -0.31563479158794
C           -6.00810270114210        3.43974676610962        0.10223159762777
C            0.01617277820323       -5.40221636278666       -0.22041763953810
N            7.12595656508229        3.29156187373416       -0.80232939031019
N           -7.12848837628474        3.30852556862052        0.50668204794937
N            0.15808398552519       -6.45333794400779       -0.90378925576925
C            2.77123132854231        4.22376820179764        0.63379118674800
C           -2.63057534354663        4.31792495067802       -0.29276421888329
C            2.30584191262390       -2.75986683106167        0.81417748066533
C           -2.38467994670789       -2.67988401374246        0.24295512387758
C            1.58246744434415        4.77413490463095        0.67916724227739
C           -1.37799281663981        5.06467675928210       -0.42918273829859
N            2.63679531003799        5.71291171672263        0.81927400241842
N           -2.50998530046017        5.71202341493288       -0.35897249871792
H            7.23422929309989        4.24754072384114       -1.11510022063694
H           -7.93784411862218        2.93982411676813        0.05223245728791
H           -0.69537680838485       -6.84786013204692       -1.28427231877408
H            2.82034252168307        6.28849744346426       -0.00656287134689
H           -3.02547551252409        6.56930353251069       -0.32132516530326
H            0.52095990107549        4.73174563719329        0.58387782600858
C            3.27779409252169       -0.41702927587236        6.99427037422383
C            2.08353801000380        0.09725804906868        7.36134578698466
N            1.04090745228937        0.14093157007068        6.49972106248347
C            1.16563928804839       -0.39850047064936        5.17277572477537
O            0.19441718429018       -0.38318663658168        4.43818720381696
N            2.35652631328704       -0.88356937511664        4.82428824232736
C            3.37285331586499       -0.92289904175428        5.65737177537528
N            4.51528711023316       -1.45542819721689        5.21076011664885
C           -0.24853579453330        0.59553637967198        6.95916842132294
C           -0.82870259593476        1.78301466859617        6.14037979768279
C           -2.07020177246086        1.21936074995963        5.43839436829979
C           -2.40742313200953       -0.00003661137978        6.31866434959036
O           -1.17954597814525       -0.44244946932681        6.88236970951160
C           -3.02864151767955       -1.16855988594190        5.54146921909361
O           -2.43571773942596       -1.37132997474662        4.29471092407310
O           -3.08348761028151        2.17916158389062        5.38324799751447
F           -1.15816821264393        2.78274866064778        7.00010152664189
F            0.07481574282013        2.32790912393992        5.30172107561215
H            4.11173601060778       -0.45183791715237        7.67439328101952
H            1.90859168226139        0.49996980476133        8.35017764233469
H            5.32361603153462       -1.53341869357717        5.80571388190254
H            4.53928921693649       -1.79871546896419        4.26459600215338
H           -0.13662143277956        0.93447220347358        8.00322265962383
H           -1.76291032052202        0.88782933607350        4.43633000247226
H           -3.07815853360466        0.32696425161782        7.12908385382908
H           -2.94975036278062       -2.06296033929772        6.17862687393662
H           -4.08860162832777       -0.96553096947106        5.35804732336262
H           -1.46844414918512       -1.33321277204251        4.39030011476831
H           -3.87669458634972        1.77251074256453        5.01250864122907
77
 energy: -168.318635931779 gnorm: 0.012070435787 xtb: 6.7.1pre (5071a88)
N           -0.03514825638353        0.04981075125304        0.74465714428775
C            0.01597028568140        1.44696697644402        0.47869699299110
C            1.17528070241136       -0.62909871816124        0.82462221293980
C           -1.24064727144820       -0.59401408418683        0.56633711515181
N            1.16995945515228        2.04703509549374        0.38334863222098
N           -1.10683759886789        2.10291342117048        0.27329556804130
N            2.30970944804920       -0.00466358280534        0.70844964701722
N            1.11417715801803       -1.96887409979592        0.94932632389031
N           -2.31771721768926        0.06318832370735        0.24776279689361
N           -1.24742498810809       -1.94016179772138        0.66696437998137
C            2.27821454844041        1.31465242918768        0.51296359853810
C           -0.10859631034799       -2.57472857057143        1.13131181765857
C           -2.22295476478754        1.39776246799969        0.17531523669165
N            3.49113209211701        1.91517774611167        0.37781215807286
N           -0.16600158375089       -3.92828327606501        1.40981466905651
N           -3.40389437291228        2.02694472500478       -0.07379772357866
C            3.75543934489308        3.32279047913537        0.29547089357987
C            4.64806586149302        1.19460444510858        0.35646394973043
C           -3.60935875406574        3.44349342845082       -0.13918484966731
C           -4.47344205628637        1.25642897638062       -0.29643023260434
C            0.92253827265296       -4.54357378528931        0.55706682989727
C           -1.01876340985891       -4.50011268517324        0.30013759092282
N            4.92225325151052        3.76242419620164       -0.05209894010652
N            5.77332471519285        1.62511370912340        0.12550011849621
N           -4.90070670218237        3.90298030797398       -0.07533790574803
N           -5.43281428701053        0.67572818396581       -0.52013031591761
N            2.04053092675374       -3.93531596956363        0.41806834449781
N           -2.03678402502300       -3.86586920934204       -0.13639653331028
C            6.00297424591982        2.96783042063875       -0.29073639787865
C           -6.00503508509510        3.44456952061515        0.12729878321210
C            0.02751363720346       -5.38932914407343       -0.19714112813257
N            7.10962705198592        3.26696994865124       -0.79554125548388
N           -7.12246561469142        3.30448913671397        0.53781166966562
N            0.17837450682964       -6.43438955884808       -0.88852148328408
C            2.76602702770775        4.22931974392985        0.65784312887382
C           -2.62698562786518        4.31542694550424       -0.28248376146616
C            2.30389962216312       -2.75625427505087        0.88480027057839
C           -2.38636890076568       -2.67662833471485        0.26306351064408
C            1.57670924453356        4.77954805578639        0.69555077813182
C           -1.37321886187543        5.05669549336410       -0.43641839559252
N            2.62985844400519        5.72208115410921        0.81349375043827
N           -2.50215718645962        5.70843643669153       -0.35336709446242
H            7.21939903340777        4.21547691805976       -1.13122417669094
H           -7.93438609683533        2.94554733629082        0.07975759817586
H           -0.66919293669231       -6.82556093688853       -1.28437754478514
H            2.81107754320854        6.28272656356629       -0.02258015939922
H           -3.01482194294410        6.56745720033144       -0.31883820230587
H            0.51519239901696        4.73252395545354        0.60324456414750
C            3.27337365048160       -0.43974508944505        6.93771015060825
C            2.08549555484708        0.08392545270444        7.31009036229426
N            1.04693275084712        0.15441418695577        6.44601145590209
C            1.16848800771441       -0.37477738296506        5.11322159275621
O            0.19578376629923       -0.34923139028699        4.37722134351041
N            2.35369469030618       -0.86145377077223        4.75800847846864
C            3.36829352748013       -0.92564219738268        5.59328437558086
N            4.50556995927662       -1.45962291147334        5.13945822277926
C           -0.24423481227472        0.59835980627814        6.91295735438116
C           -0.83252789777673        1.78941639010999        6.10764396761726
C           -2.08059732699345        1.22845071368377        5.41367407396062
C           -2.40075671338715       -0.00856938645217        6.27561673048232
O           -1.16760497479162       -0.44435977456909        6.82938715299982
C           -3.00775570913760       -1.17128074273080        5.47656592580484
O           -2.40184816414519       -1.34852256080398        4.23064554752791
O           -3.09669864550990        2.18486004331716        5.38649844824435
F           -1.15565181741536        2.78369327018966        6.97483616529820
F            0.06058027020172        2.33840625008452        5.26249654288521
H            4.10253606424992       -0.50067661707281        7.62016529897148
H            1.91072703265650        0.47582554991952        8.30493155872149
H            5.30803633633044       -1.56183254639628        5.73411816552044
H            4.52696043761750       -1.79529342804338        4.19175981718312
H           -0.13032942023533        0.92604277920128        7.96042407813617
H           -1.78714136561269        0.91473896557288        4.40359830767457
H           -3.07570327043967        0.29443905317575        7.09315671290525
H           -2.92401917533125       -2.07608512946506        6.09666876905412
H           -4.06786874840290       -0.97476410709976        5.28829660452534
H           -1.43960923101466       -1.30807808427279        4.34360717012379
H           -3.89564774228064        1.77710519382440        5.02893365220912
77
 energy: -168.320048534212 gnorm: 0.012865434067 xtb: 6.7.1pre (5071a88)
N           -0.03904544114643        0.05125599460902        0.79308854471750
C            0.01187059164975        1.44800773260432        0.53469154847593
C            1.16920126952284       -0.62789825213517        0.88407231433335
C           -1.24164171073813       -0.59361199247500        0.60648609424707
N            1.16635582327981        2.04956648091354        0.44697658418223
N           -1.10946222326782        2.10429570535408        0.32222578635127
N            2.30499223109009       -0.00462405566709        0.76609197370412
N            1.10871001172178       -1.96765655334954        1.00566688587032
N           -2.31626434862034        0.06275448185793        0.27575072879431
N           -1.24811167276329       -1.93984413511345        0.69842928192006
C            2.27325366666922        1.31513985330348        0.57576512648376
C           -0.11508729108973       -2.57631664953738        1.17212123094448
C           -2.22320066618927        1.39659312481741        0.21224047223827
N            3.48604083099011        1.91615129279199        0.43727563589929
N           -0.17546434579979       -3.93048158176579        1.44586792421727
N           -3.40270499410148        2.02606376876681       -0.04752406708493
C            3.74786150404931        3.32273389131506        0.33188447253858
C            4.64292961023058        1.19521721723843        0.43088547079726
C           -3.60579994092804        3.44326556920389       -0.11508186312445
C           -4.47084634559824        1.25705536500050       -0.27902170597059
C            0.92427990152121       -4.53731812412296        0.60230846307068
C           -1.01245560236904       -4.49191555389426        0.32082671006805
N            4.91257436200865        3.75591016674678       -0.03092090571688
N            5.76794004935132        1.62028821945621        0.18818082678701
N           -4.89580568939061        3.90507193023118       -0.04006635092144
N           -5.43043905177112        0.67769455644472       -0.50609611707630
N            2.04601060815960       -3.93207485649230        0.48544435472862
N           -2.03345461848948       -3.86211357909831       -0.11768904063527
C            5.98968549537253        2.95394985094882       -0.26258546147181
C           -6.00037842523849        3.44683251345567        0.16178488628800
C            0.03961440541624       -5.37593632035992       -0.17069975675002
N            7.09159597063005        3.23994348410443       -0.78551269719531
N           -7.11861536227306        3.30362071526832        0.56920160688026
N            0.19907221689146       -6.41445314510917       -0.87072263237235
C            2.75950287262717        4.23432839009686        0.68407685861973
C           -2.62299271062433        4.31215679043948       -0.27224838013057
C            2.30202638695145       -2.75209203940623        0.95913658430950
C           -2.38643977829893       -2.67378984035649        0.28630006638722
C            1.56999571171702        4.78534728582948        0.71287205126385
C           -1.36789673335279        5.04742971620344       -0.44095439889245
N            2.62253558573116        5.73022885922544        0.80871790019976
N           -2.49334578899419        5.70391026942831       -0.34806349740510
H            7.20176696464783        4.18046240206343       -1.14249731233118
H           -7.92926988662842        2.94968126037726        0.10457182465565
H           -0.64399872663896       -6.79983514821968       -1.28114069596111
H            2.80280566636869        6.27519189838432       -0.03790982023580
H           -3.00293756642234        6.56496318170289       -0.31767164531507
H            0.50839474506920        4.73399407744216        0.62458102444307
C            3.27022201864116       -0.45967331705718        6.87483143054073
C            2.08740778771303        0.07023115487797        7.25399790682502
N            1.05046710951334        0.16415977942947        6.39057637983043
C            1.17275343480612       -0.34968803225022        5.05066531290081
O            0.19968865016041       -0.31723453163386        4.31503743830919
N            2.35191294044409       -0.83838289263013        4.68882481387324
C            3.36676956206111       -0.92432151901754        5.52330384946824
N            4.49747357073572       -1.46291955807405        5.06233705993307
C           -0.24130717646772        0.59968412310524        6.86507570779727
C           -0.83766595693608        1.79603158522889        6.07467582250798
C           -2.09224459865875        1.23902479232555        5.38815372944517
C           -2.39670503971958       -0.01740856101283        6.22857051435012
O           -1.15863473811962       -0.44713756053323        6.77576269439202
C           -2.98841394517284       -1.17484091343201        5.40838871840870
O           -2.37450196404995       -1.32590973467042        4.16200565437717
O           -3.11351050691776        2.19037022464988        5.38980237807135
F           -1.14871478673133        2.78561932560060        6.95070218066546
F            0.04713113372309        2.34796506564438        5.22138916691211
H            4.09506660029556       -0.54464824868586        7.55936107928391
H            1.91407123808210        0.44849458016410        8.25560748354539
H            5.29611319800565       -1.59659853732579        5.66016865560904
H            4.51499453765600       -1.79233387971781        4.11249839739470
H           -0.12389917132437        0.91640894124863        7.91561439280839
H           -1.80751558146179        0.94480878900343        4.36993219281268
H           -3.07774728465655        0.25875634250571        7.05194862272744
H           -2.89343146971593       -2.08809074455606        6.01194532449174
H           -4.04922118869715       -0.98830950257619        5.21728193966617
H           -1.41399289222197       -1.27905950450029        4.28871547699833
H           -3.90992104196513        1.78585711531234        5.03434079138884
77
 energy: -168.321643631168 gnorm: 0.012840502054 xtb: 6.7.1pre (5071a88)
N           -0.04274172911862        0.05384355754036        0.84148976447841
C            0.00705746897590        1.44893252894772        0.59110345873374
C            1.16339227928969       -0.62474708097267        0.94307902838760
C           -1.24230088828273       -0.59227276417856        0.64714281007868
N            1.16179702403062        2.05294281899670        0.51126534018065
N           -1.11284515971855        2.10646635511815        0.37290502434342
N            2.30080658542442       -0.00365087570113        0.82330059610483
N            1.10438510424072       -1.96495392820092        1.06560911227357
N           -2.31496735822897        0.06226726856787        0.30594661182807
N           -1.24814051753437       -1.93823344695836        0.73487790591539
C            2.26804685506461        1.31696808667841        0.63776241499788
C           -0.11999741414723       -2.57582047073526        1.21518170702324
C           -2.22386441800409        1.39544183765107        0.25044920367984
N            3.47977583631982        1.91792053838527        0.49327900981021
N           -0.18351626168738       -3.92945211494119        1.48398181372230
N           -3.40167009378693        2.02469947906582       -0.02016828433905
C            3.73933716747446        3.32204634607922        0.36953888142262
C            4.63659249462027        1.19581957299481        0.50450120510967
C           -3.60170406005322        3.44243041047165       -0.08875788759929
C           -4.46860597160418        1.25746243337880       -0.25996308701998
C            0.92704207463852       -4.52949453728440        0.64965723419472
C           -1.00444691586477       -4.48262407987096        0.34538493202398
N            4.90230451069663        3.74839715686909       -0.00741409934355
N            5.76188368448992        1.61528851511558        0.25335937574999
N           -4.89017168520821        3.90612776652336       -0.00050959479432
N           -5.42760349603136        0.67865783229698       -0.49083036388521
N            2.05088304948591       -3.92735452820397        0.55235392905239
N           -2.02919479585975       -3.85816660874285       -0.09675129927237
C            5.97491183442676        2.93860086386304       -0.22997794228260
C           -5.99501118346716        3.44742455601158        0.20010571702483
C            0.05219630471544       -5.36245753557695       -0.13939755412010
N            7.07242051664012        3.21101747220286       -0.76981867823712
N           -7.11495460117701        3.30111240592147        0.60176663229527
N            0.21910881924956       -6.39385908877730       -0.84867694738541
C            2.75192926067425        4.23840385639046        0.71227353382982
C           -2.61884477774354        4.30810845174082       -0.26112685246290
C            2.30017557719537       -2.74734222277192        1.03516526273275
C           -2.38444113106806       -2.67183909019665        0.31499046542300
C            1.56271272414542        4.79134749007289        0.73048839157843
C           -1.36202091690734        5.03641781716854       -0.44392483361949
N            2.61512054653329        5.73604119985733        0.80675334744705
N           -2.48329830209775        5.69842756176117       -0.34222562676796
H            7.18085642802754        4.14323975783108       -1.14617190588935
H           -7.92373336346694        2.95289969989636        0.12875833125453
H           -0.62159732871871       -6.77077275880588       -1.27103690176222
H            2.79668625325309        6.26541512815375       -0.04941462899194
H           -2.98936263267415        6.56191880600942       -0.31718446256006
H            0.50104376981037        4.73658743686489        0.64639217762067
C            3.26908132816486       -0.47529056703706        6.80505581079401
C            2.08941383867502        0.05568035604670        7.19317393510594
N            1.05033597057305        0.16515513649384        6.33609241937267
C            1.17634355223519       -0.33107851178234        4.98994304637469
O            0.20414251054088       -0.29092555787898        4.25464821107681
N            2.34945305646482       -0.82392238717846        4.62244630100755
C            3.36751426489002       -0.92467065808657        5.45110231318343
N            4.49089462555931       -1.46711516459917        4.98079323248426
C           -0.23953910890208        0.59819567818370        6.81711775712743
C           -0.84105598648689        1.80030718206258        6.04018066174022
C           -2.10207923674922        1.24951496759251        5.36031258469717
C           -2.39590781102674       -0.02374626248868        6.17838601045065
O           -1.15515334207272       -0.44952463642813        6.72518438968345
C           -2.97186294637023       -1.17620122607634        5.33870075617801
O           -2.35747707002167       -1.29947534725002        4.08950806084432
O           -3.12703144439427        2.19598654029150        5.38763495915467
F           -1.13244241757578        2.78848947184426        6.92322994387857
F            0.03975315616592        2.35033036322114        5.17753877134729
H            4.09124914641430       -0.57526452108635        7.48799385602349
H            1.91979383618487        0.41982203193094        8.20045970605140
H            5.28715797884200       -1.61361329807203        5.56834521714200
H            4.50161847645344       -1.79174947500583        4.02828445747187
H           -0.11647904159285        0.90637536323811        7.86941113943988
H           -1.82252665300857        0.97216908267778        4.33544340159518
H           -3.08428241393713        0.22598695090278        7.00379781140794
H           -2.85921093649422       -2.09628273671698        5.92621167850736
H           -4.03422287180844       -1.00298792015344        5.14865071941006
H           -1.39652442644884       -1.24806126777024        4.22302640802141
H           -3.92638520129929        1.79226153655433        5.03444617262898
77
 energy: -168.323361107935 gnorm: 0.015317699458 xtb: 6.7.1pre (5071a88)
N           -0.04715479679212        0.05611597525300        0.89139712523757
C            0.00176385511415        1.44911001214825        0.64739018475827
C            1.15764963036873       -0.62097179480208        1.00312169653896
C           -1.24436491140589       -0.59102415285641        0.68745279461973
N            1.15674559479732        2.05557786057081        0.57553525450851
N           -1.11668590275058        2.10834636343517        0.42398696859453
N            2.29659828387247       -0.00191458991697        0.88548266120348
N            1.10036956757299       -1.96164684296911        1.12993938955995
N           -2.31534497681277        0.06191181824052        0.33898617929231
N           -1.24936310387826       -1.93663204653800        0.77485739649009
C            2.26293818111703        1.31923774491459        0.70066905072074
C           -0.12481648150323       -2.57451770717345        1.26058199301729
C           -2.22557754410997        1.39486659285587        0.28865557083947
N            3.47326595192737        1.91918557694956        0.54960265456753
N           -0.19103954160500       -3.92826162573334        1.52224958854997
N           -3.40097906614355        2.02382878485294        0.00762977934737
C            3.73125341609498        3.32057451866305        0.40743899062795
C            4.63050433124065        1.19590069326609        0.58032128134691
C           -3.59779469737544        3.44188995643570       -0.06155553061628
C           -4.46747979401177        1.25872884280106       -0.23974766070121
C            0.93042656725667       -4.52209179272951        0.69654581175484
C           -0.99628307922806       -4.47471021415170        0.37036282428885
N            4.89259125975012        3.74027208886013        0.01643345865919
N            5.75592971244130        1.61112003265877        0.32039237312283
N           -4.88450036657750        3.90779862054397        0.03696473083070
N           -5.42448665310836        0.67977243911154       -0.47899408422244
N            2.05507357696605       -3.92060656642563        0.61750112684124
N           -2.02245805173364       -3.85384645685515       -0.07770025112525
C            5.96085930385609        2.92334663761499       -0.19628883952157
C           -5.99028526881162        3.44917074437948        0.23357244607871
C            0.06500772410617       -5.35048396920278       -0.10812500203593
N            7.05343085890090        3.18321478518842       -0.75422363816252
N           -7.10900409140559        3.29542620787808        0.63655615705872
N            0.23931636567422       -6.37404874588433       -0.82751275405806
C            2.74514830619148        4.24252167152089        0.74020304490410
C           -2.61480859688090        4.30410631615619       -0.24888331074919
C            2.29750836381094       -2.74267043358765        1.11233562042819
C           -2.38114565684981       -2.67146314915563        0.34352430131570
C            1.55614376613861        4.79676832529181        0.74911908225201
C           -1.35575839678416        5.02503929932734       -0.44829122306420
N            2.60865285786887        5.74177590547319        0.80439021917677
N           -2.47267829681087        5.69306312597697       -0.33602589474824
H            7.15608964149511        4.10756054115115       -1.15228553084784
H           -7.91943447971875        2.95731098015844        0.15792561945390
H           -0.59995032282176       -6.74241593820598       -1.26074295878990
H            2.79012587298546        6.25473703237672       -0.06248732851361
H           -2.97484188054034        6.55912703922014       -0.31419060504494
H            0.49435501004116        4.73920757463338        0.66938474473598
C            3.26903127594000       -0.49360192321818        6.73741004606671
C            2.09101295162148        0.03653686664949        7.13341050054250
N            1.04970439842476        0.16363615048262        6.28003685025470
C            1.17966500640005       -0.30830782787649        4.92552767038373
O            0.21015045623921       -0.24787910376296        4.18529451545268
N            2.34890640835404       -0.80180916720866        4.55061040449508
C            3.36913519602538       -0.92169270111881        5.37706153650681
N            4.48546882901140       -1.46867198692872        4.89741613467339
C           -0.23736797277875        0.59475371311881        6.76889632824084
C           -0.84588269438564        1.80315928245031        6.00617182419657
C           -2.11202554940913        1.25840530611064        5.33148018494613
C           -2.39545567758948       -0.03095885441948        6.12744040980468
O           -1.15194005885429       -0.45454808744709        6.67433546165573
C           -2.95576722714146       -1.17847290248902        5.27001458179722
O           -2.34485266322350       -1.27336137109980        4.01663686235734
O           -3.14278616532279        2.19823287905221        5.38488785982991
F           -1.11988537881219        2.78880404980417        6.89690242619178
F            0.03152237983541        2.35500965467388        5.13618009072465
H            4.08929565194262       -0.60758289205698        7.42099297832091
H            1.92522616175212        0.38270972927372        8.14718277272128
H            5.27995831229113       -1.64201159286283        5.48482584149187
H            4.48947941245931       -1.78415592563101        3.94017488544402
H           -0.10892429644348        0.89531774279569        7.82271027188755
H           -1.83515989381099        1.00016088356790        4.29876029088672
H           -3.08923560952409        0.19470380363336        6.95431505282752
H           -2.82495771159455       -2.10470012977163        5.84366905410778
H           -4.02073383928767       -1.01980319416207        5.08421136440136
H           -1.38188344560253       -1.21367839457148        4.14719963589200
H           -3.93720829850618        1.80049691122036        5.02542065558788
77
 energy: -168.325241812894 gnorm: 0.015173991057 xtb: 6.7.1pre (5071a88)
N           -0.05220182806610        0.05779620938735        0.94207679787917
C           -0.00401170446038        1.44905975563913        0.70392367795396
C            1.15205558524592       -0.61687701956177        1.06284848644550
C           -1.24794094970412       -0.59005140647677        0.72765237771516
N            1.15102517614853        2.05800841450682        0.64028291754788
N           -1.12112406036499        2.10986779224699        0.47572068301780
N            2.29192955610897        0.00093846284561        0.95053037199472
N            1.09655501584995       -1.95770318988903        1.19670441348773
N           -2.31727930074954        0.06188335433967        0.37472283115561
N           -1.25177644656183       -1.93519657990943        0.81832594589790
C            2.25753666021123        1.32234991276203        0.76339869443681
C           -0.12924845665890       -2.57230334404386        1.30847444398227
C           -2.22826134134665        1.39510461333278        0.32652404799662
N            3.46653409376240        1.92046134685019        0.60656808966445
N           -0.19676982473377       -3.92711493930433        1.56287670439654
N           -3.40056344154325        2.02361599335061        0.03569577502932
C            3.72412621351121        3.31870306079550        0.44616956316597
C            4.62451863836802        1.19689140055321        0.65615096390092
C           -3.59472757812489        3.44177382218039       -0.03440403300088
C           -4.46684390279329        1.26027549388118       -0.21891356970794
C            0.93482813600934       -4.51542407478489        0.74474335392040
C           -0.98778862890390       -4.46788351494241        0.39957606096708
N            4.88421490039663        3.73142983714272        0.04319979468941
N            5.74984916009681        1.60883697811777        0.38623011322625
N           -4.87948171099722        3.90994756700346        0.07624967284269
N           -5.42136456874642        0.68092605477092       -0.46657672649414
N            2.05908381285180       -3.91229727362519        0.68271755166707
N           -2.01387530685844       -3.84952022202550       -0.05428449476011
C            5.94827841499811        2.90853791924559       -0.16190761258094
C           -5.98575141754569        3.45091452722764        0.26931976663303
C            0.07792191217586       -5.33974678906360       -0.07419252488178
N            7.03532126710029        3.15659926464549       -0.73709016259754
N           -7.10393336437989        3.29126400831362        0.67163659444575
N            0.25906173426893       -6.35464141407668       -0.80440854726713
C            2.73966761682708        4.24678710735559        0.76814613443160
C           -2.61161374899897        4.30024423337803       -0.23675416610081
C            2.29407592836367       -2.73775509519571        1.18934736578110
C           -2.37758366352365       -2.67230421251118        0.37505952121138
C            1.55066081038337        4.80130552679957        0.76843384809723
C           -1.34986840385962        5.01299557604390       -0.45199036043509
N            2.60290906816048        5.74663770841821        0.80358263642712
N           -2.46188818152568        5.68776033832124       -0.32957990347772
H            7.12990140728990        4.07317694430407       -1.15354121957333
H           -7.91451459548623        2.96005643243580        0.18834184190085
H           -0.57932858792504       -6.71541400691812       -1.24637792102880
H            2.78332978135156        6.24325607250602       -0.07334589912058
H           -2.95955283824059        6.55656509287987       -0.30919754781037
H            0.48885867993697        4.74163674957433        0.69180940672542
C            3.27042923760521       -0.50824226289362        6.66619802163579
C            2.09265592131013        0.01732399909815        7.07049045061836
N            1.04843412791957        0.15705904090594        6.22228181773624
C            1.17973105917165       -0.29083694960531        4.86154601768637
O            0.21252871617175       -0.21419138623541        4.12124366348444
N            2.34677651022278       -0.78429381548320        4.47883417316016
C            3.36911132663063       -0.91743511774888        5.30038504251070
N            4.47956969634582       -1.46603823628415        4.80970058847167
C           -0.23461564999788        0.58742039347318        6.72098233980767
C           -0.84719667475749        1.80199953543302        5.97056683352191
C           -2.11773001514743        1.26473146639903        5.29904486772095
C           -2.39457232489966       -0.03721927532948        6.07452815589233
O           -1.15075307253485       -0.46145805931842        6.62475034041123
C           -2.94123692612630       -1.17840249355015        5.20047081895371
O           -2.33825348418224       -1.24318294246347        3.94162883403923
O           -3.15136410742179        2.19935001264836        5.37619967304136
F           -1.10773126656920        2.78500919713725        6.86713971308374
F            0.02848355207545        2.35721002879516        5.09689211080102
H            4.09089445192868       -0.63062161587827        7.34917471386317
H            1.93087786393830        0.34486859659462        8.08989895372935
H            5.27338439207467       -1.66310374034244        5.39594721174366
H            4.47527761461426       -1.77127726419235        3.84819536517388
H           -0.10054150481105        0.88191267120091        7.77579184931974
H           -1.84550622157394        1.02377712558635        4.25922682367779
H           -3.09218066501026        0.16964444132848        6.90039818001926
H           -2.79205867439045       -2.11101589172290        5.76073965804701
H           -4.00989178403238       -1.03501823616758        5.02299228315720
H           -1.37283172520059       -1.17697421340898        4.06151178116034
H           -3.94663809073983        1.80762950311670        5.01139595797077
77
 energy: -168.327215108572 gnorm: 0.014447357749 xtb: 6.7.1pre (5071a88)
N           -0.05779925642599        0.05865924983418        0.99251998800926
C           -0.00975852004198        1.44898392820573        0.75816445995270
C            1.14676615224191       -0.61296800436237        1.12201459847486
C           -1.25310809211483       -0.58940370162895        0.76800512628952
N            1.14510050818397        2.05989850530176        0.70190829042358
N           -1.12572100283779        2.11072520235787        0.52521827704178
N            2.28666247769332        0.00484326701569        1.01798860003229
N            1.09248155652025       -1.95357415390355        1.26332637034600
N           -2.32064940912215        0.06242376075651        0.41255536413504
N           -1.25563719325180       -1.93431219468518        0.86331703757301
C            2.25215523047610        1.32602472091932        0.82460405911705
C           -0.13364011697059       -2.56990667305168        1.35707495054673
C           -2.23158362016530        1.39637500324697        0.36317220418478
N            3.46037999094848        1.92154830499365        0.66369065139226
N           -0.20058400108174       -3.92712992481124        1.60345264657006
N           -3.40028882349041        2.02431461931547        0.06253331129800
C            3.71835141619350        3.31693310144432        0.48343167376221
C            4.61954496144260        1.19893379013978        0.73069015448567
C           -3.59276728109608        3.44241448605571       -0.00942476856632
C           -4.46635969204724        1.26216373366187       -0.19900784887580
C            0.94000007463279       -4.51046958633411        0.79147087505384
C           -0.97991440021737       -4.46364028626077        0.43111653294503
N            4.87738988168630        3.72297325936897        0.07067760877809
N            5.74410203301673        1.60895087161993        0.45056161054823
N           -4.87554495209292        3.91273506375873        0.11331340600572
N           -5.41836797601693        0.68272334510978       -0.45478132877544
N            2.06272024876266       -3.90270010983138        0.74456777340208
N           -2.00322340772653       -3.84530453229241       -0.02889567896195
C            5.93865763709917        2.89515649775362       -0.12690312502786
C           -5.98184558793960        3.45266371690571        0.30339722936384
C            0.09047018531744       -5.33129097935828       -0.03988640096429
N            7.01961818955307        3.13257242539550       -0.71902044822472
N           -7.09884622651158        3.28742915971974        0.70657404387187
N            0.27814814757549       -6.33728202454214       -0.78069851178465
C            2.73576319248262        4.25143544242985        0.79381630155405
C           -2.60937411851568        4.29698436441011       -0.22522821762249
C            2.28984402708591       -2.73271976724940        1.26219451080130
C           -2.37424624576026       -2.67398376409513        0.40582945094343
C            1.54623820667606        4.80442030213678        0.78765310608127
C           -1.34465604609683        5.00111955983189       -0.45430740735490
N            2.59791955670401        5.75113012455897        0.80301564916893
N           -2.45146860450029        5.68297964626450       -0.32325802207806
H            7.10301661200428        4.04187062485233       -1.15573425314091
H           -7.91050904509055        2.96368022302289        0.22057228673153
H           -0.55922979937505       -6.69301849727231       -1.22966108612468
H            2.77515082220061        6.23184730090201       -0.08351650286850
H           -2.94418027106046        6.55455107736137       -0.30123428026338
H            0.48442182802265        4.74314040328434        0.71355123557528
C            3.27338110563781       -0.52368945757973        6.59736062793614
C            2.09475505794380       -0.00502292503861        7.00951941095803
N            1.04773346351537        0.14606375761746        6.16431273327646
C            1.17620007390916       -0.27666044046981        4.79782520532981
O            0.21109153635088       -0.17721773317134        4.05569506397806
N            2.34260905964577       -0.77006754649441        4.40748967176852
C            3.36638797816666       -0.91727574333954        5.22639936696077
N            4.47351539287206       -1.46232934415106        4.72356436424843
C           -0.23070909348221        0.57643616015804        6.67434651012450
C           -0.84585975572113        1.79782305354131        5.93582210328294
C           -2.11990019789505        1.26920812917125        5.26475898574183
C           -2.39277707935917       -0.04342565972400        6.02192082598554
O           -1.15014324732518       -0.47060586155780        6.57667373786096
C           -2.92863682271664       -1.17724358882544        5.13286845675497
O           -2.33579242626024       -1.21371564009202        3.86901788204709
O           -3.15480314927448        2.20013016552092        5.36440359743707
F           -1.10042044443211        2.77530211364407        6.83947169878444
F            0.02846964369380        2.36075965649056        5.06342159633170
H            4.09673844219096       -0.64807976347869        7.27800349372384
H            1.93642005255038        0.30471458070106        8.03359054215020
H            5.26691378448252       -1.66926833377154        5.30341349793043
H            4.46051473431307       -1.75319395754235        3.75676867828881
H           -0.09090517777487        0.86477277416744        7.73022700249161
H           -1.85401547639673        1.04553517858660        4.21803568155255
H           -3.09333426357950        0.14935220191156        6.84653513213726
H           -2.76337113585774       -2.11569804157903        5.68093562405427
H           -4.00135618574350       -1.04822943679586        4.96599584065309
H           -1.36793227559567       -1.14159004460925        3.97464543980007
H           -3.95037084090375        1.81831386436379        4.98918772484763
77
 energy: -168.329183627519 gnorm: 0.013583763507 xtb: 6.7.1pre (5071a88)
N           -0.06380566381753        0.05905700401316        1.04224192021162
C           -0.01542428078249        1.44971186148982        0.81125043182647
C            1.14137730625046       -0.60961415118813        1.18106605942928
C           -1.25904255835027       -0.58901108177746        0.80982091226379
N            1.13901896990252        2.06200179647377        0.76164137811571
N           -1.13048984288968        2.11120705393254        0.57369600071474
N            2.28042230638920        0.00953803876810        1.08577195782897
N            1.08748661750219       -1.94958413889785        1.32723087634859
N           -2.32452309321180        0.06332876638328        0.45185483280046
N           -1.26016546584382       -1.93391531358974        0.90786857364300
C            2.24638331799605        1.33011557040142        0.88545785325715
C           -0.13835235122384       -2.56777916381419        1.40563523552824
C           -2.23508283097325        1.39818042786812        0.40042943152494
N            3.45471859457372        1.92301024405150        0.72260122770692
N           -0.20289054836195       -3.92820537835224        1.64491042769579
N           -3.40021681989351        2.02554435550956        0.08999700169777
C            3.71347446811544        3.31560431638609        0.52088344274329
C            4.61508467544316        1.20279107530014        0.80338899246160
C           -3.59189854931228        3.44367121760184        0.01523867357337
C           -4.46571450901246        1.26411256819977       -0.17863355054114
C            0.94561859674355       -4.50650503436593        0.83819128466479
C           -0.97271742092469       -4.46116724455991        0.46556193312785
N            4.87143089060790        3.71488021360222        0.09979810100674
N            5.73828694951928        1.61100972543861        0.51229719354963
N           -4.87263629987651        3.91626938413395        0.14854622766274
N           -5.41504818788228        0.68442569717744       -0.44380851332294
N            2.06632466731078       -3.89283232395448        0.80532544723105
N           -1.99172529868804       -3.84137035576969        0.00020906858043
C            5.93096728438021        2.88277433154052       -0.09242111148622
C           -5.97880673837258        3.45487878649445        0.33531779517419
C            0.10304668726590       -5.32371439161511       -0.00424132726559
N            7.00548636689703        3.10980614331511       -0.69989631924632
N           -7.09338253241803        3.28266938472657        0.74259142547118
N            0.29751452813347       -6.32123702464996       -0.75434596345154
C            2.73244042267009        4.25616973809178        0.81843669543593
C           -2.60792917106711        4.29414358903098       -0.21310797258377
C            2.28542824023616       -2.72718153590726        1.33118427997932
C           -2.37206354979188       -2.67527692279875        0.43636205177047
C            1.54190747949083        4.80639017498682        0.80637822408420
C           -1.34003147231727        4.98901231061611       -0.45665532093727
N            2.59238005710867        5.75492461936945        0.80358629958989
N           -2.44126379530276        5.67853227778312       -0.31624032586845
H            7.07898513758209        4.01169946733219       -1.15037839621019
H           -7.90805265983596        2.96867884734054        0.25550966686562
H           -0.53749075523037       -6.67519395118255       -1.20980653559946
H            2.76546437719695        6.22012538634771       -0.09159960112243
H           -2.92848086910012        6.55304471810830       -0.29024072726496
H            0.48021150558135        4.74376954016712        0.73395453268725
C            3.27727012065921       -0.53346461464245        6.52469702706316
C            2.09780454524302       -0.02423170791327        6.94649756662991
N            1.04791910849369        0.13200280541553        6.10689217496619
C            1.16945122058644       -0.27151633786816        4.73841520051948
O            0.20452276673740       -0.15587624607917        3.99915675096614
N            2.33586348710986       -0.76048065701841        4.33747341989491
C            3.36119268374689       -0.91433445240343        5.14930215538943
N            4.46627141934802       -1.45282591431271        4.63354758352924
C           -0.22629649353884        0.56240366379403        6.62831202240400
C           -0.84106725721877        1.79069307262838        5.90114538372343
C           -2.11817282333473        1.27186113297926        5.22810648211950
C           -2.39030094195986       -0.04959142730261        5.96864217094111
O           -1.15064246865167       -0.48029415024442        6.52907682135565
C           -2.91813440283073       -1.17456563452015        5.06420030393512
O           -2.33346250445133       -1.18391849818157        3.79707422263682
O           -3.15049110782054        2.20228752853686        5.34883090528240
F           -1.09587660454142        2.75974912525901        6.81373679585870
F            0.03195193237246        2.36329706343493        5.03470074176769
H            4.10579889343902       -0.65524881155346        7.19953436108678
H            1.94202994764212        0.27186023735514        7.97301400004000
H            5.26123010699151       -1.67284459177470        5.20999904970260
H            4.44344555727869       -1.73225651902060        3.66414691612028
H           -0.08045239626247        0.84431521226741        7.68500097497717
H           -1.86200250526718        1.06413098841732        4.17601916820079
H           -3.09440972416120        0.13377368600336        6.79075618643133
H           -2.74121690451381       -2.11955360194400        5.59922630665575
H           -3.99375150408561       -1.05596335294685        4.90682781256325
H           -1.36487129490503       -1.11043814204767        3.89400180191214
H           -3.94982503860492        1.83253852402507        4.96143790226263
77
 energy: -168.331036204559 gnorm: 0.013746862362 xtb: 6.7.1pre (5071a88)
N           -0.06977045744706        0.05966593100026        1.09090186766482
C           -0.02059849077451        1.45119908066073        0.86317557549164
C            1.13564907434342       -0.60675613276734        1.24218163048487
C           -1.26438091718810       -0.58862355763913        0.85262025920286
N            1.13349368293499        2.06419282382198        0.81947779165312
N           -1.13492622672287        2.11162728260841        0.61992000852143
N            2.27381961083227        0.01415675275558        1.15486637012705
N            1.08150771497730       -1.94602849181627        1.38901076913958
N           -2.32764539315987        0.06406499621152        0.48958574510258
N           -1.26425610248801       -1.93384132167628        0.94895848758681
C            2.24066389077714        1.33378505934034        0.94824561723650
C           -0.14396520046221       -2.56662155656690        1.45283805258213
C           -2.23796783288438        1.39948008987663        0.43725871467143
N            3.44976908063159        1.92471434156731        0.78515418962266
N           -0.20617872263129       -3.92992795235642        1.68499769592554
N           -3.40017047549740        2.02628089551597        0.11637702710987
C            3.70825935108056        3.31500515746478        0.55847851257988
C            4.61152626305761        1.20703805909014        0.88086053803440
C           -3.59127401802211        3.44473388802616        0.03865252296634
C           -4.46429261998994        1.26526681193532       -0.16005987995971
C            0.95075913904110       -4.50258319268950        0.88435396844999
C           -0.96655414368037       -4.45991779046031        0.49796615640764
N            4.86462013323204        3.70783665337249        0.12738888280437
N            5.73344421863650        1.61319390135242        0.57976880197584
N           -4.87006741896355        3.91988853624661        0.18309608152304
N           -5.41251337681013        0.68722411063000       -0.43151071361405
N            2.07016617728720       -3.88352595150320        0.86578688980458
N           -1.98004088539599       -3.83763657499623        0.02589137285756
C            5.92401815688070        2.87080831577410       -0.05539499590970
C           -5.97571251930302        3.45728300033136        0.36932241616178
C            0.11609377113385       -5.31612984329952        0.03006413301823
N            6.99201765621538        3.08698022198389       -0.67930543952408
N           -7.08907165522352        3.28260045202376        0.77843097982464
N            0.31881591523232       -6.30667103635657       -0.72709843252095
C            2.72823540107172        4.26116860196604        0.84231711927100
C           -2.60643655741237        4.29118770421883       -0.20080401401269
C            2.28174061801972       -2.72115969999612        1.39915637139784
C           -2.37027554607223       -2.67539969624083        0.46175562398127
C            1.53641698095405        4.80794824408086        0.82531570495576
C           -1.33577464669956        4.97714447639513       -0.45674450873132
N            2.58576607348575        5.75998977099013        0.80165613079836
N           -2.43161198227343        5.67389918806574       -0.30922984313493
H            7.05528136807012        3.98105301445590       -1.15409440016050
H           -7.90523777524082        2.97291005493091        0.29223961362094
H           -0.51188799757655       -6.66111670237094       -1.19112151730321
H            2.75354322364980        6.20846592834600       -0.10377032236217
H           -2.91327275791020        6.55130328617245       -0.27782044116325
H            0.47474424614852        4.74329135143238        0.75596248079940
C            3.28151807301688       -0.54638152019612        6.45381446970694
C            2.10260936223664       -0.04373104916020        6.88543324498716
N            1.04991573311117        0.12269879405131        6.04843281923981
C            1.16404792617432       -0.25906768241412        4.67524410721048
O            0.19781689900331       -0.12859244199868        3.93912614975164
N            2.32832403366527       -0.74719440735171        4.26456197958375
C            3.35565368124917       -0.91481799278291        5.07300252368839
N            4.45892587289589       -1.44650153175098        4.54566619579641
C           -0.22206477012772        0.54946189628814        6.58131695304033
C           -0.83751546352469        1.78521550783490        5.86733237935404
C           -2.11739172137728        1.27539917225842        5.19153880274647
C           -2.38723848274464       -0.05700259906450        5.91544085913476
O           -1.14908445702853       -0.49030200782478        6.47781961908200
C           -2.90838782348535       -1.17311545106453        4.99539113230233
O           -2.32548384438766       -1.15842848037683        3.72779867369392
O           -3.14778110641788        2.20573927527849        5.33383299027489
F           -1.09651178544985        2.74237739548640        6.79241585777822
F            0.03213033188515        2.37035942443466        5.00815849905348
H            4.11546824503504       -0.67237232876813        7.12509923795244
H            1.94847160800319        0.23698077206359        7.91764336293613
H            5.25514614811594       -1.67191956939118        5.11492295227439
H            4.42697600787717       -1.71316633572365        3.57271530827148
H           -0.07059357358001        0.82161808716960        7.63991149245609
H           -1.87056399705511        1.08543280631886        4.13429962825793
H           -3.09576232141876        0.11662542402810        6.73683592441420
H           -2.72394056338692       -2.12478803634626        5.51688160041717
H           -3.98539520404733       -1.06121991400319        4.84277110954614
H           -1.35738909547748       -1.08216082955504        3.82574179376212
H           -3.94836574071482        1.84940414054418        4.93240273864185
77
 energy: -168.332658157329 gnorm: 0.013947340504 xtb: 6.7.1pre (5071a88)
N           -0.07491925670342        0.06068845309600        1.12807548309332
C           -0.02560832244729        1.45414585489456        0.90736337203222
C            1.13022033153666       -0.60405945517202        1.29249691204675
C           -1.26827659818108       -0.58823447749049        0.88892219897626
N            1.12784886233171        2.06801896918381        0.87015222017860
N           -1.13986705471373        2.11263937758194        0.66145168380665
N            2.26701553233810        0.01932486665599        1.21079656855236
N            1.07581147922041       -1.94234331847504        1.43848427352857
N           -2.32992519643941        0.06456177425558        0.52192786680880
N           -1.26649916575358       -1.93363422183839        0.98229285211296
C            2.23444981225873        1.33817102269323        1.00238305474899
C           -0.14825685531163       -2.56481753597829        1.49359388994302
C           -2.24064966811668        1.40034090338808        0.47157066545173
N            3.44476091679880        1.92816510744999        0.84138754075883
N           -0.20726921267119       -3.92928925992759        1.72443808757810
N           -3.40078762471781        2.02660055125941        0.14299692578540
C            3.70324656789523        3.31471006152496        0.59604251895865
C            4.60687210831590        1.21390740017602        0.94416071719222
C           -3.59143789577227        3.44556294663213        0.06285819800594
C           -4.46286641375302        1.26575319347673       -0.14133900845855
C            0.95611544730246       -4.49818450079015        0.93026539494698
C           -0.96071710918074       -4.45926667331752        0.53363363658498
N            4.85850249777069        3.70068245597647        0.16015014501992
N            5.72775346365879        1.61656415636048        0.63425734147615
N           -4.86827678992609        3.92308583322714        0.21580936180235
N           -5.41072605663765        0.68984798826877       -0.41777681737606
N            2.07401548245643       -3.87603802076792        0.92214550773149
N           -1.96957291600662       -3.83574101268605        0.05607567167228
C            5.91734154555317        2.85997229309869       -0.01918588855075
C           -5.97357195273534        3.45908805636951        0.40076170309090
C            0.12885845221538       -5.30900864040971        0.06789898910747
N            6.97981122704115        3.06575524992324       -0.65231332125905
N           -7.08422671459202        3.27946442429091        0.81538196447160
N            0.33957000069861       -6.29509340813477       -0.69193424846456
C            2.72261384291960        4.26424522567829        0.86566640114326
C           -2.60575224416686        4.28793875933747       -0.18634444317457
C            2.27971488615587       -2.71451376736995        1.45697094139874
C           -2.36888011994355       -2.67474824376635        0.48667128433625
C            1.52982323367072        4.80830123908984        0.84119210217578
C           -1.33261486064452        4.96467230411981       -0.45470054480825
N            2.57713271670821        5.76061485710885        0.80675659482509
N           -2.42285454270427        5.66881653097544       -0.30042165032536
H            7.03988778010438        3.95218471001631       -1.13009773225653
H           -7.90458967221467        2.97865177576880        0.33048288893870
H           -0.48548881647117       -6.65256891494302       -1.16300017523452
H            2.74302661716973        6.19617701674027       -0.10330755131482
H           -2.89856726954373        6.54920643013796       -0.26402123298410
H            0.46846856246686        4.74260795661401        0.77295482631290
C            3.28712847863982       -0.55333162177647        6.38186525901477
C            2.10970187862757       -0.05942115304515        6.82736332002131
N            1.05103022007580        0.10846125682809        5.99931988204777
C            1.15471690554234       -0.26083373722060        4.62571299262152
O            0.18357308737506       -0.11857054199136        3.89459826605577
N            2.31589537280223       -0.74170859290133        4.19933073881194
C            3.34890796435139       -0.91433213822972        4.99769351461091
N            4.45012386602921       -1.43393253663036        4.45455445989205
C           -0.21933838798464        0.53388890546800        6.53997705266920
C           -0.83084088971922        1.77628193817965        5.83664811927449
C           -2.11271298010568        1.27644836780591        5.15553637697752
C           -2.38527744567716       -0.06292872568948        5.86521314489405
O           -1.15104456243147       -0.49974257727082        6.43173023526375
C           -2.90355096348287       -1.16912061878597        4.93090525061247
O           -2.32041721179864       -1.13453981262747        3.66457625040122
O           -3.13764141214581        2.20858789988492        5.31340961041925
F           -1.09556098469289        2.72206821075803        6.77231821065750
F            0.03755695922928        2.37039822252789        4.98736328892276
H            4.12920494166625       -0.67332047527194        7.04080372237755
H            1.95980430069650        0.21877788274169        7.85882678842144
H            5.25190363637660       -1.66054499907655        5.01352702977541
H            4.40622602795575       -1.69155757050343        3.47979045414884
H           -0.06211095606541        0.79607568916518        7.59992209976896
H           -1.87423059969593        1.10105802407178        4.09668337120105
H           -3.09908361763152        0.10593285163039        6.68317019063492
H           -2.71448596871187       -2.12722402928325        5.43799662574536
H           -3.98070481869069       -1.05949911048456        4.78064213500986
H           -1.35442402132582       -1.05913106817521        3.77090672866867
H           -3.93500585654557        1.86883276548189        4.88821971103174
77
 energy: -168.333981790417 gnorm: 0.014116832682 xtb: 6.7.1pre (5071a88)
N           -0.07911206163068        0.06185889762092        1.15659157750935
C           -0.02985821313779        1.45715564301049        0.94647421263613
C            1.12467655948002       -0.60206078548170        1.33848307571902
C           -1.27004685612823       -0.58821499051351        0.91657875627356
N            1.12345231969978        2.07197882341134        0.91880802728984
N           -1.14424741366843        2.11393572932699        0.69800594910482
N            2.26121748590993        0.02344058517221        1.26407236889676
N            1.07020912009676       -1.93934822776133        1.48202488825416
N           -2.33063614198495        0.06427853828917        0.54434697804021
N           -1.26683183259656       -1.93383772632792        1.00399070365898
C            2.22891769647297        1.34165452164237        1.05828246087084
C           -0.15326818369528       -2.56406673853413        1.52773006728695
C           -2.24244372845741        1.39986778340323        0.50072967386740
N            3.44075280427394        1.93222081576904        0.90402943725979
N           -0.21187117073183       -3.92806874928244        1.76000729223466
N           -3.40171663279292        2.02624422267680        0.16788216527763
C            3.69734002060285        3.31637776995464        0.63434438303519
C            4.60373475556422        1.21976140783118        1.02435358577479
C           -3.59110727488527        3.44598371571467        0.08713390630073
C           -4.46191869807402        1.26637595821548       -0.12399688785837
C            0.96013983450259       -4.49324241302837        0.97588617848024
C           -0.95581570099680       -4.45904811939089        0.56224640802836
N            4.85058799614025        3.69626918452015        0.18719928292126
N            5.72446803939027        1.61844794293477        0.70769125984988
N           -4.86615610923743        3.92599038463703        0.24842009756105
N           -5.41069767372256        0.69364964649774       -0.40644322064716
N            2.07890302961378       -3.87106435376348        0.98031278044561
N           -1.96047927130729       -3.83584098395140        0.07668007251449
C            5.91030032231935        2.84954827649601        0.02212949533286
C           -5.97088586482345        3.46121663548992        0.43478962197196
C            0.14252919989745       -5.30193150966006        0.10262776380748
N            6.96740813276800        3.04291160989714       -0.62714641395308
N           -7.07998719609651        3.28052650134864        0.85322401978577
N            0.36362764878266       -6.28629754417324       -0.65665159066917
C            2.71587725533105        4.26931724438064        0.88956576764867
C           -2.60453951386218        4.28465340863540       -0.17100006271322
C            2.27955207766360       -2.70788706204555        1.51511599698966
C           -2.36685450574314       -2.67380692430494        0.50083720109660
C            1.52187936040224        4.80974483964025        0.86000645743736
C           -1.32972992684359        4.95327060926117       -0.45319611791129
N            2.56793924158421        5.76702378329160        0.80335124056282
N           -2.41509428605120        5.66383219251173       -0.29062096281154
H            7.02249842366572        3.92058444162095       -1.13906403276386
H           -7.90335999964885        2.98414595388576        0.37061825154968
H           -0.45383688090207       -6.64713948602965       -1.13885042656105
H            2.72939537080403        6.18537857370567       -0.11774431279391
H           -2.88520007672055        6.54698370406766       -0.24902228849886
H            0.46044758806310        4.74054344897062        0.79542657268010
C            3.29282564986929       -0.55863951513327        6.31183886565808
C            2.11943626597364       -0.06844382854716        6.77120077157879
N            1.05491381716175        0.10376200651628        5.95242216194163
C            1.15039644233041       -0.25745149653791        4.57953089049867
O            0.17230387890866       -0.11479380910424        3.85855359101651
N            2.30508598012213       -0.73489008211897        4.13870303484051
C            3.34480526860633       -0.91173838411174        4.92472806157373
N            4.44068679419030       -1.42515560197117        4.36775893117737
C           -0.21665146665084        0.52217272597575        6.49882008525604
C           -0.82759901069953        1.77122048675254        5.80785666934100
C           -2.11141822819738        1.27962740681041        5.12216209114603
C           -2.38202225102337       -0.06945297399630        5.81788216063972
O           -1.14836665233258       -0.50937741749917        6.38148062873699
C           -2.89935781524298       -1.16633166532953        4.87107168339814
O           -2.30982543631237       -1.11731596712238        3.60792958043516
O           -3.13487282235595        2.21204725908897        5.29754631451421
F           -1.09751200988260        2.70429730607537        6.75603765142850
F            0.03721795740579        2.37640463807007        4.96626484362725
H            4.14070513405260       -0.68549934475626        6.96284837657358
H            1.97380959515738        0.20346922762636        7.80688102312251
H            5.24881721688867       -1.65782699863052        4.91621483609500
H            4.38392205952101       -1.67977895887891        3.39354717694217
H           -0.05655132224672        0.77219182827864        7.56108150090248
H           -1.87956817211416        1.12090953627714        4.06001252686811
H           -3.09932829492009        0.09193368988448        6.63644929890988
H           -2.70971585713804       -2.13038270431996        5.36458384244299
H           -3.97544803372850       -1.05515288548284        4.71792330727263
H           -1.34601332154765       -1.03545171513402        3.72930886352548
H           -3.93083243519000        1.88632905760984        4.85573157012610
77
 energy: -168.335004321782 gnorm: 0.010766879879 xtb: 6.7.1pre (5071a88)
N           -0.08112968884752        0.06302940995508        1.16582005529891
C           -0.03363479852944        1.46027599249913        0.97136405417772
C            1.12043347807352       -0.60009209501118        1.36427235342914
C           -1.26927565005502       -0.58864450613742        0.92815945150957
N            1.11897993211262        2.07707821716590        0.95512594104177
N           -1.14897138279360        2.11548842604648        0.72393709962050
N            2.25661925532179        0.02732819748838        1.29520426482021
N            1.06676548016905       -1.93622461724161        1.50868284211832
N           -2.33017987770629        0.06306229318850        0.55339715737564
N           -1.26411800995034       -1.93429143494110        1.01162151109889
C            2.22342737414350        1.34571719167496        1.09725261794678
C           -0.15563690036310       -2.56248046824395        1.54934951546284
C           -2.24406051490439        1.39829784524821        0.51965640925588
N            3.43626802542432        1.93828144711490        0.95242033044210
N           -0.21509272971113       -3.92344844126644        1.79015104026456
N           -3.40387241521622        2.02510049817994        0.18776167206458
C            3.69173808866804        3.31846392300957        0.66999871453340
C            4.59861413165319        1.22727395373907        1.08214587030837
C           -3.59151588119776        3.44571847443632        0.10892318060475
C           -4.46236342834005        1.26624903627818       -0.10938153728011
C            0.96429103422779       -4.48892272085194        1.01874837490583
C           -0.95076470692007       -4.46089852086718        0.58886963310144
N            4.84427218496363        3.69235407492613        0.21861147781391
N            5.71983576902619        1.62117585545361        0.75953341283710
N           -4.86484426363664        3.92813080666117        0.27941162388749
N           -5.41396695435285        0.69861245393631       -0.39098911823895
N            2.08415005092823       -3.86940729845510        1.03103137226411
N           -1.95232960252660       -3.84050323301052        0.09358621688588
C            5.90202292716053        2.84137131744919        0.05704096735400
C           -5.96884624563098        3.46299983798048        0.46976712319475
C            0.15600914477939       -5.29866263434932        0.13906120481786
N            6.95625476418723        3.02413981188122       -0.59678356724542
N           -7.07722370034853        3.28467659748955        0.89049511602683
N            0.38733813460060       -6.28511045074118       -0.61434235695862
C            2.70762239550232        4.27221166326294        0.91187366280137
C           -2.60411066350711        4.28108713942048       -0.15562571404851
C            2.28160790004089       -2.70139529914727        1.55918307660333
C           -2.36280564741833       -2.67464943145258        0.50725743877116
C            1.51314967552668        4.81059612973417        0.87490163768231
C           -1.32837746155243        4.94250328183723       -0.44735528466209
N            2.55728920813288        5.76800622345191        0.80967635451317
N           -2.40920940179159        5.65857778688280       -0.27969819948858
H            7.01643915570635        3.89477164972686       -1.10393413297853
H           -7.90196576831241        2.98674569850672        0.41229543346550
H           -0.42233791932571       -6.65013697804983       -1.10574787447248
H            2.71888418264622        6.17556330411773       -0.11491849023806
H           -2.87385659379810        6.54433456456027       -0.23347325324485
H            0.45191534240908        4.73920194101926        0.81201859066905
C            3.30077718659979       -0.56394731407232        6.24976941032097
C            2.13265802284846       -0.07606458693537        6.72518017844190
N            1.05883264061321        0.10109153181748        5.91647970034900
C            1.14492567866497       -0.24883928882051        4.54063293298303
O            0.15722728854768       -0.10426704766274        3.82954777782702
N            2.29077119913575       -0.72522676623638        4.08416348925103
C            3.34126241212575       -0.91006831851434        4.85910659696469
N            4.42965968737738       -1.41675786241303        4.28462562510109
C           -0.21479315907546        0.51144478067703        6.46730646882103
C           -0.82490017227005        1.76680393137122        5.78704372103519
C           -2.10897901037208        1.28177640180367        5.09532699566297
C           -2.38003189630976       -0.07433052486835        5.77964552988519
O           -1.14577632669749       -0.51885277641005        6.33798581064171
C           -2.90052607506414       -1.16286060703672        4.82488392159631
O           -2.30517893464210       -1.10598109633989        3.56467837967980
O           -3.13171624668199        2.21308150639345        5.27978031316566
F           -1.09880368955262        2.68876441701656        6.74537178821879
F            0.03850323632683        2.38093997372274        4.95252546435047
H            4.15574829314699       -0.70047056604336        6.89320867499699
H            1.99515050222732        0.19028183332412        7.76718215200693
H            5.24786084556169       -1.64742286286716        4.81602288433680
H            4.35667666748924       -1.66580777845227        3.30836173076650
H           -0.05362685437368        0.74814871741235        7.53242428972676
H           -1.87844303384986        1.13589147030002        4.03260468706426
H           -3.09861679780060        0.08220335905578        6.59981869976247
H           -2.71262940414507       -2.13155930211511        5.30690255616698
H           -3.97528517213685       -1.04681944451405        4.66838348136202
H           -1.34363219971759       -1.01626873847949        3.70112186370798
H           -3.92055011675469        1.90155904419618        4.81618960607655
77
 energy: -168.335418512712 gnorm: 0.005620966609 xtb: 6.7.1pre (5071a88)
N           -0.07770783679439        0.06298048044706        1.15446490012038
C           -0.03250926144662        1.46000258628037        0.96611573677575
C            1.12287298428646       -0.59921520973030        1.35548399985498
C           -1.26508650819235       -0.58939111873683        0.91550537043194
N            1.11904733155795        2.07859466560632        0.95640798554848
N           -1.14870121625999        2.11536993197688        0.72117944897200
N            2.25903285453644        0.02833302925651        1.29033607702045
N            1.06972209384947       -1.93506817698533        1.50408094065121
N           -2.32760471766736        0.06193658288001        0.54407530212678
N           -1.25932579080369       -1.93491842084440        1.00224569165604
C            2.22411873730378        1.34771273687171        1.09776028803155
C           -0.15256935246460       -2.56113809234414        1.54475642682264
C           -2.24292541162364        1.39717785791920        0.51470628058462
N            3.43644347081437        1.94229589806242        0.95968843343154
N           -0.21467869649601       -3.92029257717554        1.79360902339955
N           -3.40452802860222        2.02473586190503        0.18888519620423
C            3.69229865931525        3.32184101581549        0.67734496204547
C            4.59797233981598        1.23174203272069        1.09577918298076
C           -3.59102814794607        3.44544785261833        0.11290090422270
C           -4.46501233386538        1.26714276076440       -0.10466072767653
C            0.96573150536250       -4.49005029707836        1.02844667783642
C           -0.94772500418092       -4.46457186470110        0.59308486805232
N            4.84561052369410        3.69449311172916        0.22649476120895
N            5.72016631582193        1.62466318378883        0.77533298420353
N           -4.86377000021508        3.92786481480933        0.28510534195038
N           -5.41588074847843        0.70012398118145       -0.39089676841764
N            2.08594650004325       -3.87197786591545        1.04023907310074
N           -1.94912595370496       -3.84760098834034        0.09318003871585
C            5.90233636849829        2.84248724602934        0.07001587055279
C           -5.96759828250994        3.46283254295530        0.47755958813193
C            0.15990981973065       -5.30396970516974        0.15010185172447
N            6.95718288526925        3.02184397835364       -0.58420528764981
N           -7.07488194199008        3.28429219960687        0.90136185883642
N            0.39347360771324       -6.29412101262873       -0.59815807531724
C            2.70702624410435        4.27511868569080        0.91594083560886
C           -2.60373267004318        4.28062483762267       -0.15239079024193
C            2.28381480987503       -2.70003191705963        1.56169406881320
C           -2.35755414864615       -2.67869216436797        0.50137444046871
C            1.51207636349442        4.81221744734317        0.87862184826120
C           -1.32866327574101        4.94134123809027       -0.44772175705646
N            2.55519201274304        5.76982683892321        0.80889079331400
N           -2.40834804073901        5.65808440055801       -0.27624767378998
H            7.01737751726667        3.88969491727163       -1.09992393916151
H           -7.90173907653854        2.98831352028802        0.42459795186415
H           -0.41402819168776       -6.65859502809289       -1.09241803609859
H            2.71604694750885        6.17447532748401       -0.11697602189486
H           -2.87185671584176        6.54428821541892       -0.22843900747696
H            0.45088396273617        4.73926848553324        0.81627150712894
C            3.30156860412252       -0.56388746880935        6.23687664461963
C            2.13533193357941       -0.07671340596804        6.71725365293120
N            1.05816694106407        0.10111279787442        5.91382209498464
C            1.14112507682499       -0.24922623350295        4.53831461953220
O            0.15126380150875       -0.10309372909866        3.83009897480937
N            2.28402818573908       -0.72632570202962        4.07760674449357
C            3.33927510589660       -0.90717115217460        4.84641647203854
N            4.42155063897440       -1.41749651498216        4.26591006041827
C           -0.21472324632331        0.51034504145496        6.46553644490236
C           -0.82634096698571        1.76703851961175        5.78849513902979
C           -2.10990649812062        1.28321290893922        5.09561292946787
C           -2.38147903051594       -0.07228722230665        5.77937268803126
O           -1.14563425500679       -0.51974743619995        6.33259344226365
C           -2.90693142834924       -1.16004940030298        4.82663279733913
O           -2.31245186217788       -1.11090322890248        3.56468550853104
O           -3.13362341852706        2.21458765212780        5.27659193280492
F           -1.09613385787778        2.68818912215934        6.74799201542605
F            0.03942384169414        2.38062642515096        4.95428181378760
H            4.15705970999746       -0.70167893138316        6.87576074883753
H            2.00427253690282        0.19241466038206        7.75734495706016
H            5.24723962962885       -1.64232712518535        4.79121117248875
H            4.34089255308860       -1.66957971035291        3.29082090920623
H           -0.05388327821806        0.74483786956252        7.53074269357254
H           -1.87483575796235        1.13522862905803        4.03317050443567
H           -3.09607937893319        0.08388574734541        6.60209088523934
H           -2.72361017631545       -2.12868663660832        5.31126624110685
H           -3.98163460133783       -1.03916162034685        4.67055689585937
H           -1.35126514152568       -1.01661742263037        3.69827436678652
H           -3.92036616381895        1.90593874035169        4.81169622450811
77
 energy: -168.336272248996 gnorm: 0.011202439825 xtb: 6.7.1pre (5071a88)
N           -0.06733831811743        0.06206621757599        1.12177545757770
C           -0.02940787301571        1.45906239987593        0.95375091934285
C            1.13072336558761       -0.59672404938071        1.33079923331520
C           -1.25248095569917       -0.59261962687385        0.87803637273320
N            1.11907028715055        2.08372346736453        0.96415048219906
N           -1.14808108797192        2.11430067947850        0.71499117469011
N            2.26679302874520        0.03199756203911        1.27670743059456
N            1.07989191381635       -1.93216364311055        1.49052330604460
N           -2.31838041025186        0.05722904472107        0.51249034338074
N           -1.24399346331391       -1.93785917795097        0.97256210488836
C            2.22619781904495        1.35467714665332        1.10189958567117
C           -0.14228524420003       -2.55760736430894        1.53055646439456
C           -2.23876520151121        1.39268472595452        0.49846579112145
N            3.43685757598409        1.95607942836822        0.98627532612398
N           -0.21179041838186       -3.91049780225258        1.80562786082229
N           -3.40487745801715        2.02201462966259        0.18779339520614
C            3.69347100260076        3.33358758233815        0.70161884028608
C            4.59677114588782        1.24813123720475        1.14578046433684
C           -3.58915191787374        3.44335002399408        0.12288601135022
C           -4.46528757855245        1.26676235447474       -0.11211677810136
C            0.97301427877385       -4.49371736469471        1.06213530628270
C           -0.93530982590162       -4.47562273133811        0.60664730930669
N            4.84934175367108        3.70174347391467        0.25189640107849
N            5.72218140278731        1.63805390823524        0.83159928541333
N           -4.85990277667980        3.92639081659619        0.30336877884270
N           -5.43253918386411        0.70839755405839       -0.36089511862615
N            2.09469536710450       -3.88013677236681        1.07279624902247
N           -1.93511947481164       -3.86851679412187        0.08984815632952
C            5.90247442131193        2.84550224466341        0.11068703079158
C           -5.96302969660448        3.46256392237634        0.50405888731682
C            0.17546460878392       -5.32165527648642        0.18827115351864
N            6.95944948138383        3.01297318611798       -0.54488840844550
N           -7.06744115924303        3.28619635034519        0.93680645680101
N            0.41682451111040       -6.32376980763862       -0.54277859694628
C            2.70474459228637        4.28547522274545        0.92947052733264
C           -2.60155416812866        4.27880945471083       -0.14038577545735
C            2.29215437494010       -2.69568139697170        1.57215469390520
C           -2.33950214409251       -2.69112617229716        0.47973656924885
C            1.50779747708588        4.81822949612945        0.89165431011576
C           -1.32748364680505        4.93822018207510       -0.44111238238490
N            2.54745203735797        5.77694337049438        0.80596675806205
N           -2.40485678445897        5.65638658072135       -0.26153156063640
H            7.02123228202948        3.87134319010182       -1.08364498352425
H           -7.89929963405591        2.99210356827439        0.46559191209968
H           -0.38478169945488       -6.69045012270397       -1.04299183110043
H            2.70463244919804        6.17224227521946       -0.12435178961019
H           -2.86524941063433        6.54387645618315       -0.20951133929378
H            0.44672867978484        4.73981449995658        0.83340199179737
C            3.30414645204494       -0.56150414011407        6.18968596958364
C            2.14399495251896       -0.07490930554481        6.68564463769877
N            1.05515766097245        0.10241824566251        5.89896730374030
C            1.12547374813405       -0.24938927311263        4.52338462222131
O            0.12868381495291       -0.09841369040976        3.82390956374166
N            2.25804702538668       -0.73283367661294        4.05000834695320
C            3.32794362591524       -0.90595730719471        4.80104642697468
N            4.39257505585796       -1.42419925433042        4.19991908282967
C           -0.21440706375016        0.50571102909902        6.45711816762192
C           -0.82936972191510        1.76843601332579        5.79201122261173
C           -2.11091962420317        1.28742567133664        5.09579427095815
C           -2.38550720059156       -0.06643779177564        5.77825583886651
O           -1.14415393308353       -0.52465599264773        6.31241705617958
C           -2.93036024923207       -1.14994183482868        4.83258776384017
O           -2.33724156343307       -1.12318744747324        3.56678302368638
O           -3.13665116435359        2.21917450904864        5.26583668895905
F           -1.08904791011298        2.68578187304690        6.75547563733634
F            0.04085726155046        2.38326260245220        4.95797694923637
H            4.16424095259319       -0.70086345386655        6.81572645885772
H            2.03112137010481        0.19610139888533        7.72382928276060
H            5.24354617962091       -1.62410452257362        4.70222633288174
H            4.28812635950477       -1.68169444602517        3.22747110550250
H           -0.05337547950617        0.73118471329211        7.52354937459863
H           -1.86309899234454        1.13415046215420        4.03475925181788
H           -3.08676892618125        0.09005033908397        6.61050526824463
H           -2.76407425549954       -2.11929478891110        5.32381624024656
H           -4.00393614650037       -1.01029889856782        4.67712314063709
H           -1.37716005512389       -1.01745048030589        3.69361919850767
H           -3.91789449822599        1.91865429664409        4.79460999607794
77
 energy: -168.336912475786 gnorm: 0.018716234559 xtb: 6.7.1pre (5071a88)
N           -0.05769724403608        0.06039250978952        1.09292178807695
C           -0.02623081217998        1.45764847602302        0.94235726265390
C            1.13880282877841       -0.59458350749402        1.30955676699178
C           -1.24146248645778       -0.59658818833451        0.84657490374021
N            1.11935225938013        2.08835932977777        0.97153328850489
N           -1.14663314861373        2.11176035028710        0.70603261787423
N            2.27452159922659        0.03611852820175        1.26459496548665
N            1.09087710501821       -1.92985569638793        1.47855931654056
N           -2.31030309113257        0.05176229283846        0.48602015501694
N           -1.22913769140355       -1.94170653969324        0.94567758621923
C            2.22838096404958        1.36183515743718        1.10708554147997
C           -0.13135817826572       -2.55462368168483        1.51818967256496
C           -2.23479022517401        1.38739458378778        0.48372380778746
N            3.43743627464973        1.97020659813357        1.01559680228841
N           -0.20681401524094       -3.90082766441367        1.81920481617792
N           -3.40608325132660        2.01907869866678        0.19347817499564
C            3.69433073623675        3.34587909072118        0.72643808663611
C            4.59665901513262        1.26643856385566        1.20255952990558
C           -3.58731200804300        3.44113931397930        0.13611356492903
C           -4.47948749670422        1.26983430231777       -0.07462127453952
C            0.98339072687454       -4.49720355617359        1.09876803416314
C           -0.91980266924271       -4.48592344459132        0.62139097791695
N            4.85307101110457        3.70939529122692        0.27860220315592
N            5.72546381019848        1.65378530798045        0.89493843002696
N           -4.85576949646339        3.92515855275669        0.32784545242080
N           -5.42532624322585        0.70839458228927       -0.38652048720213
N            2.10668751224373       -3.88754630778579        1.10850308416427
N           -1.91656796781097       -3.88758618420966        0.08602371430984
C            5.90321195913565        2.84864733729177        0.15306229974792
C           -5.95749226720500        3.46233473696478        0.53946552211702
C            0.19425255512555       -5.34007977144572        0.23021027388386
N            6.96200943969335        3.00321153244962       -0.50426942921704
N           -7.06056050648703        3.29231283596638        0.97813459769554
N            0.44373678212704       -6.35437748099731       -0.48232310556414
C            2.70241198422353        4.29654073545464        0.94313683120574
C           -2.59990913288817        4.27610916225868       -0.12980961906541
C            2.30190832691707       -2.69108095993365        1.58533022428213
C           -2.32018872109735       -2.70340477345045        0.45704316795265
C            1.50303574029768        4.82452069085823        0.90552672386728
C           -1.32696973566412        4.93373085314100       -0.43845817934830
N            2.53876954098491        5.78505205433308        0.80260167617974
N           -2.40140312183825        5.65373962161814       -0.24749248641251
H            7.02671678021311        3.85195464088903       -1.06090339178633
H           -7.89462002896287        2.99462247129243        0.51234290602620
H           -0.35282202861402       -6.72721401933288       -0.98551952370981
H            2.69089033482037        6.17096310633125       -0.13248747551014
H           -2.85771583820822        6.54288621624395       -0.18749411789668
H            0.44210215767894        4.74015673723664        0.85326784983295
C            3.30696556853253       -0.55773212003997        6.13403562784999
C            2.15292813253444       -0.07183700658416        6.64630573488500
N            1.05151670009005        0.10324757893151        5.87682124779910
C            1.10581092826322       -0.24997003698362        4.50021923252075
O            0.10249302595994       -0.09252422988401        3.80961448662800
N            2.22794555192511       -0.74043855689834        4.01369799958434
C            3.31242112661847       -0.90883050714187        4.74748694209692
N            4.36018513458106       -1.43386342648091        4.12516882978649
C           -0.21354078144200        0.49962171968178        6.44543379205880
C           -0.83148266833407        1.76969722732361        5.79457881390514
C           -2.11154104474908        1.29211508063598        5.09535324907418
C           -2.38953791179045       -0.06059425694603        5.77705046785467
O           -1.14230953356296       -0.53077869394591        6.28925100743187
C           -2.95700168925271       -1.13760577687144        4.83831467184971
O           -2.36486824212653       -1.13106434414561        3.57005465106892
O           -3.13776860354625        2.22456436373228        5.25644917256364
F           -1.08340656500193        2.68121777310664        6.76343689049083
F            0.04013588794238        2.38870946695456        4.96060461482947
H            4.17489038111593       -0.69576958712274        6.74801730274573
H            2.05765958287211        0.19881995257237        7.68549706794174
H            5.23482962943785       -1.60786623538760        4.60194756910917
H            4.23149253477607       -1.69428355609394        3.15500575767202
H           -0.05054714042246        0.71388274303810        7.51386894403908
H           -1.85414784177936        1.13538668386953        4.03599984614487
H           -3.07636027465179        0.09810478313149        6.62050273733663
H           -2.80974693415306       -2.10841588170972        5.33417420368188
H           -4.02853562626739       -0.97656171823426        4.68355978998761
H           -1.40558380095205       -1.01759878468497        3.69179872665211
H           -3.91445556455862        1.93160385956950        4.77586909624123
77
 energy: -168.337743688397 gnorm: 0.017057909593 xtb: 6.7.1pre (5071a88)
N           -0.05159614384363        0.05874606784687        1.07853891524394
C           -0.02403504300423        1.45687315354576        0.93868625914276
C            1.14503101018375       -0.59325627150222        1.29980068934698
C           -1.23438563403442       -0.59994698959244        0.82970064660146
N            1.11949892676036        2.09152184864061        0.97940128835068
N           -1.14552027788404        2.10919619382374        0.70359915371507
N            2.27966480194516        0.04001598902696        1.25968096616824
N            1.09942692226414       -1.92848935012913        1.47246474715291
N           -2.30345214566848        0.04725992448178        0.46825297596254
N           -1.21881046101633       -1.94511779653729        0.92963782738975
C            2.22981384149727        1.36734915123802        1.11396769361358
C           -0.12292017703401       -2.55272575125146        1.51189027911488
C           -2.23152403747313        1.38326308449372        0.47565848984780
N            3.43777983117519        1.97985850238638        1.03869687015860
N           -0.20093028730157       -3.89414399424743        1.82905325569478
N           -3.40398593325743        2.01523926409271        0.19168441240183
C            3.69454843815357        3.35449529447345        0.74420160403088
C            4.59709418691116        1.28041743917145        1.24609054420999
C           -3.58511671821739        3.43803304070879        0.14265058422679
C           -4.47683729044808        1.26747885691340       -0.08109886367041
C            0.99399849774626       -4.49900001602237        1.12530096675229
C           -0.90565424886631       -4.49221849001739        0.63212141472484
N            4.85529954802077        3.71492207727343        0.29855286372721
N            5.72802015544835        1.66649611755431        0.94313254687481
N           -4.85236829880254        3.92304484050214        0.34071272143186
N           -5.43549738268119        0.71246232889973       -0.36213209230574
N            2.11818039871892       -3.89064465597789        1.13467794182593
N           -1.89831088536488       -3.89898515253418        0.08264483216137
C            5.90480704752131        2.85170088285096        0.18431968260368
C           -5.95385534615550        3.46244971722862        0.55776267053867
C            0.21057892359408       -5.35294358900480        0.26156900874348
N            6.96363946429306        2.99668781481929       -0.47539686564548
N           -7.05082741728158        3.28869707953656        1.01056258781203
N            0.46546882166032       -6.37569818628262       -0.43670005319538
C            2.70072224689909        4.30461504394887        0.95262605071060
C           -2.59763930608869        4.27376089051436       -0.12065847537952
C            2.31015787589485       -2.68739689444446        1.59687233193522
C           -2.30493772470193       -2.71173693049468        0.43947336149340
C            1.49938167778119        4.82865726003586        0.91554016121535
C           -1.32571352975213        4.93115777288896       -0.43405929528801
N            2.53166572908351        5.79137566277702        0.80014012581958
N           -2.39838414564375        5.65162304142693       -0.23334031313042
H            7.03077596974390        3.83921214251511       -1.03905293537278
H           -7.89205844661880        2.99964367345956        0.55235440156567
H           -0.32807083179557       -6.75586297237676       -0.93983573209781
H            2.67903715365071        6.17064524282044       -0.13847427047422
H           -2.85261689235712        6.54148773974670       -0.16762321681344
H            0.43861653415267        4.73987494090793        0.86889477602185
C            3.30906511793313       -0.55472058428104        6.08724804635458
C            2.15921160463669       -0.07092158001937        6.61176478521525
N            1.04880758291262        0.10163408470764        5.85454974618090
C            1.08905166215117       -0.25176280092797        4.47673885068144
O            0.08172680716239       -0.08830977314261        3.79306698016647
N            2.20478908744407       -0.74496326262493        3.98015195650428
C            3.29892080988948       -0.91120501685936        4.70176612079800
N            4.33538310491015       -1.44182195367486        4.06612029116579
C           -0.21206894095921        0.49390967158288        6.43404057769014
C           -0.83236588949118        1.76954325496451        5.79515338581412
C           -2.11289449110314        1.29623348911646        5.09442804285234
C           -2.39277664018016       -0.05625364945229        5.77618656135579
O           -1.14178157909832       -0.53496925491784        6.27166063792639
C           -2.97745695933424       -1.12665473519575        4.84129249026937
O           -2.38727683830676       -1.13093202805911        3.57214881058951
O           -3.13772483156889        2.22973498345707        5.25324670836008
F           -1.08098123255080        2.67457737516938        6.77007965012660
F            0.03743780691480        2.39386629688416        4.96195205964569
H            4.18512984504661       -0.68859555825916        6.69277455120234
H            2.07636310044091        0.20149330410865        7.65275183284868
H            5.22003985532695       -1.60481958240783        4.52541843400712
H            4.18908949299530       -1.70445922695147        3.09809710329734
H           -0.04528700944637        0.69888833457844        7.50408210193094
H           -1.85351948244629        1.13911448085805        4.03614645164542
H           -3.06880810915657        0.10593675246532        6.62838313741004
H           -2.84370624357997       -2.09885257212287        5.33806775096074
H           -4.04689402311683       -0.95008386334918        4.68841447969031
H           -1.42779374613369       -1.01724292671942        3.69093058737717
H           -3.91183725921841        1.94154030079981        4.76342633337765
77
 energy: -168.338899115717 gnorm: 0.010309967956 xtb: 6.7.1pre (5071a88)
N           -0.04543021735011        0.05658485314466        1.07366887343858
C           -0.02074180500361        1.45665246990598        0.93982109285442
C            1.15397627333202       -0.59161678338251        1.29741832816849
C           -1.22750840874377       -0.60422501736665        0.82384659892994
N            1.12030345423932        2.09479349868815        0.98906522773026
N           -1.14289457157907        2.10456914186508        0.70226407164088
N            2.28558464605596        0.04658134350689        1.25830170158312
N            1.11157297037406       -1.92673923091222        1.46925867803950
N           -2.29491972760565        0.04126083721917        0.45683340285238
N           -1.20694336028642       -1.94984730596012        0.92017164349586
C            2.23200410746485        1.37455957842399        1.12482532565680
C           -0.11063701694847       -2.55036937102557        1.51075205213226
C           -2.22699177961353        1.37793237593824        0.47095039247633
N            3.43869039577486        1.99017377081031        1.06767042049983
N           -0.18814971757436       -3.88634339339556        1.84163192566620
N           -3.39813672925170        2.00814118752950        0.18662761509857
C            3.69478078854290        3.36431928460952        0.76420076448252
C            4.59868297818297        1.29876348806678        1.29953184672645
C           -3.58165736312774        3.43167839419165        0.14722237233239
C           -4.46946121648092        1.26104423500767       -0.09185935742167
C            1.01277174127463       -4.49970850077030        1.15623972530168
C           -0.88323810079813       -4.49790034957905        0.64696006548169
N            4.85781735852044        3.72192687264913        0.32356692098891
N            5.73142491995747        1.68497380843863        1.00318343270303
N           -4.84693495266890        3.91667820961068        0.36192760763320
N           -5.44616964727951        0.71237736216961       -0.33063631670516
N            2.13723433030243       -3.88964299160003        1.16475566414188
N           -1.86788679033582       -3.90851078069456        0.08083565549177
C            5.90949664092135        2.85767958839602        0.22235791335037
C           -5.94598511913211        3.45751825901304        0.59280750872383
C            0.23470249407262       -5.36683307339937        0.30075008910962
N            6.96622966819195        2.99134329188570       -0.44153966072592
N           -7.04110412794123        3.29168854105427        1.05208829290618
N            0.49428966014339       -6.39917951203923       -0.37901158987056
C            2.69872351188513        4.31384349973064        0.96214499866514
C           -2.59501686895284        4.26958838319878       -0.11277367838990
C            2.32320789037245       -2.68153399714855        1.61158369654849
C           -2.28427792817068       -2.72092065098072        0.42030774051170
C            1.49454536761709        4.83186507288259        0.92584861814798
C           -1.32365731151223        4.92890416407858       -0.42555615137958
N            2.52116174060429        5.79907245934788        0.79760918978597
N           -2.39576770473257        5.64788710801648       -0.21559676783469
H            7.03499372256752        3.82660208708724       -1.00705926980298
H           -7.88439018269455        3.00181020175865        0.60062293136288
H           -0.29662802871492       -6.79251791808496       -0.87824915437257
H            2.66157881828884        6.17130585607534       -0.14483103101351
H           -2.84856647550531        6.53779460328892       -0.14023082669731
H            0.43421352090018        4.73774010113407        0.88801430520171
C            3.31115171100859       -0.54943497396741        6.01949144548200
C            2.16645479148142       -0.06924161220436        6.55876882498738
N            1.04508652834685        0.09686706412283        5.81628512996417
C            1.06506734065663       -0.25330057733505        4.43646321888522
O            0.05284205933064       -0.08461698338792        3.76301948672082
N            2.17369426832747       -0.75090873419058        3.92860427790334
C            3.27676468691513       -0.91908634195958        4.63625964222455
N            4.30175490689810       -1.45589621368708        3.98797835089256
C           -0.20942056012274        0.48523527543058        6.41439643007041
C           -0.83147369155060        1.76832712381094        5.79267132627064
C           -2.11606382197265        1.30287201848148        5.09289043582323
C           -2.39747153877798       -0.05080633321239        5.77515574737334
O           -1.14357739404910       -0.53911843261929        6.24984402243268
C           -3.00384880375939       -1.11032824632050        4.84344626116836
O           -2.41954532502131       -1.11960422549203        3.57422961497286
O           -3.13617747953018        2.23881570689136        5.25766020389836
F           -1.08069788521602        2.66092233258391        6.77948923096248
F            0.03119770085240        2.40322955623357        4.96231362067228
H            4.20030827003518       -0.67283672099144        6.61478812413187
H            2.09546596738582        0.20422357597980        7.60366596701713
H            5.18837902587292       -1.61662425736763        4.42763196914515
H            4.13238282058173       -1.72329726807701        3.02378607397981
H           -0.03237241090379        0.67760362280948        7.48590015653614
H           -1.86389939465264        1.14879058053838        4.03515824901787
H           -3.06050626421306        0.11805125618398        6.63787992478086
H           -2.88459274026722       -2.08470340004696        5.33691245500495
H           -4.06976065055740       -0.91548619323583        4.69622249897881
H           -1.45813626318599       -1.01675448522103        3.68990677681218
H           -3.90789570161903        1.95534083372658        4.75348964865349
77
 energy: -168.339900001639 gnorm: 0.009487839043 xtb: 6.7.1pre (5071a88)
N           -0.03637776905657        0.05489425355320        1.06164185700667
C           -0.01636571398898        1.45693325369594        0.93724434279279
C            1.16565571358597       -0.58881542421697        1.28700270859004
C           -1.21700023885815       -0.60876534651573        0.81125257163154
N            1.12140958966982        2.10022541962888        0.99879553050159
N           -1.14041497121422        2.10035218932338        0.69995140163418
N            2.29397078220285        0.05467330669529        1.25086101926940
N            1.12723034841888       -1.92343921493748        1.46127855122202
N           -2.28504255875446        0.03440340851494        0.44356966137554
N           -1.19064038680361       -1.95482502790153        0.90641847355642
C            2.23533727807202        1.38428468231442        1.13458327374591
C           -0.09426159246338       -2.54665747721457        1.50752506852295
C           -2.22222128747523        1.37201103300091        0.46560348625546
N            3.44052668927624        2.00453212009513        1.10106112050584
N           -0.17235856766067       -3.87640503632369        1.85822703648909
N           -3.39425934387260        2.00115471683566        0.18690197775486
C            3.69633939043536        3.37802322374007        0.78962962363133
C            4.60039109677600        1.32179219504034        1.36129521757288
C           -3.57843436192307        3.42563005987605        0.15888729618850
C           -4.46786882931804        1.25626871903747       -0.08745673396105
C            1.03461122563883       -4.50231374880175        1.19440865872275
C           -0.85689268460297       -4.50752584898512        0.66696436023286
N            4.86227435955038        3.73218890535643        0.35498674096569
N            5.73574507760250        1.70810219472962        1.07447996674082
N           -4.84160672876070        3.91150721681649        0.38411135732220
N           -5.44709413844200        0.71210709285360       -0.31795073066409
N            2.15933768027356       -3.89107913069787        1.20060490093232
N           -1.83367746529679       -3.92423298542084        0.08106028214598
C            5.91551470969724        2.86632841190344        0.27001266735109
C           -5.94004772024884        3.45599589429739        0.62328180873265
C            0.26328461374474       -5.38573780142527        0.34882752603624
N            6.97118415348063        2.98647102604354       -0.39760889304030
N           -7.02430763206530        3.28200202652660        1.10675593301638
N            0.52862146767004       -6.43171766916233       -0.30793417547890
C            2.69643546257881        4.32585134712324        0.97450256555669
C           -2.59249593067488        4.26457483943360       -0.10040119309896
C            2.33984744095726       -2.67386270512973        1.62472968384964
C           -2.25865617887441       -2.73388967211278        0.39944498749035
C            1.48864285035401        4.83593684705989        0.93863291584264
C           -1.32290871017571        4.92425100777175       -0.42150892371559
N            2.50818537298704        5.80865895588360        0.79507827586282
N           -2.39228354232979        5.64305178990798       -0.19425002822461
H            7.04003325673809        3.81097193255148       -0.97645077062504
H           -7.87984943083815        3.00680760672951        0.66861521584894
H           -0.25777116522396       -6.83681184080721       -0.80599382305477
H            2.64120886249382        6.17194214936092       -0.15206446523348
H           -2.84239580084141        6.53348560912192       -0.10699177683435
H            0.42880322771821        4.73503260794919        0.90962361396137
C            3.31368497638897       -0.54332462163280        5.94017389248888
C            2.17586852215146       -0.06634305605047        6.49826063551654
N            1.03973146752176        0.09168727798043        5.77536235244769
C            1.03578332464181       -0.25657131185067        4.39474874835502
O            0.01608447196626       -0.08123292941007        3.73460648511659
N            2.13431299480196       -0.76140508837702        3.87244154413251
C            3.25078580787045       -0.92866268580207        4.56053637282396
N            4.25878301858992       -1.47549927134370        3.89346287082422
C           -0.20720545816935        0.47618254088883        6.39303528415552
C           -0.83090689273919        1.76788827143146        5.79040172202417
C           -2.11980034517364        1.31152700894193        5.09181953493328
C           -2.40360664910509       -0.04269106375422        5.77430966092504
O           -1.14633021626807       -0.54335227089727        6.22539160350726
C           -3.03610970484563       -1.09049743835201        4.84693983109626
O           -2.46050480157265       -1.10905062159045        3.57487596309136
O           -3.13534954033330        2.25103417248901        5.26108285964505
F           -1.07794612376569        2.64729044998829        6.79036946273246
F            0.02650309431469        2.41278435008094        4.96373748165002
H            4.21589286645877       -0.65756347463881        6.52107272419771
H            2.12052598681827        0.20898877736261        7.54547993802421
H            5.16058839803682       -1.62236856646533        4.30658150378241
H            4.05632257745816       -1.75356138648259        2.93480491521347
H           -0.01821859270136        0.65493214607707        7.46535627957419
H           -1.87249768328586        1.15834749811479        4.03411711517426
H           -3.05169075403310        0.13212618001172        6.64840673799363
H           -2.93371206498890       -2.06772931925919        5.33839622130754
H           -4.09907803954769       -0.87364918073367        4.70768112349568
H           -1.49691882489478       -1.01744822541948        3.68405796503248
H           -3.90434771588221        1.97379372543315        4.74588100623004
77
 energy: -168.340873845333 gnorm: 0.010299269569 xtb: 6.7.1pre (5071a88)
N           -0.02588962715819        0.05371081455065        1.05059658476849
C           -0.01082891420780        1.45762362672069        0.93331480692892
C            1.17970010361339       -0.58568219249662        1.27247173952076
C           -1.20478744285081       -0.61319530149258        0.80196925458381
N            1.12330990231526        2.10598280214518        1.00461316784213
N           -1.13735422200078        2.09609964800987        0.69682608216833
N            2.30413197986246        0.06346157924510        1.23744397490436
N            1.14558063461323       -1.91969190216411        1.44880588990540
N           -2.27501065726788        0.02694625328427        0.43676622499744
N           -1.17259717022032       -1.95980570360996        0.89751778630480
C            2.23999929686124        1.39452338297597        1.13942372378676
C           -0.07434702568670       -2.54283201099565        1.50526885215734
C           -2.21694996354220        1.36555744868989        0.46154561148125
N            3.44324883332055        2.01920052497293        1.12899738216598
N           -0.15183981708958       -3.86696184410868        1.87409181437257
N           -3.39027222224107        1.99290724622436        0.18734529818714
C            3.69902677406282        3.39283910443736        0.81325159422193
C            4.60188814718480        1.34510663914378        1.41268152328982
C           -3.57562426460531        3.41786844590078        0.16997589432535
C           -4.46710084939040        1.24967995108642       -0.07958631954565
C            1.05872481229222       -4.50508575022577        1.22749066391617
C           -0.82973460519093       -4.51814630057498        0.68909815627162
N            4.86779321257796        3.74492760269923        0.38634662204773
N            5.73952404331277        1.73291253404218        1.13752393512441
N           -4.83587358655265        3.90253762413536        0.41418365551838
N           -5.44598407654871        0.70808328170720       -0.30887515905322
N            2.18283937861874       -3.89128463992152        1.22734002662813
N           -1.79931839397821       -3.94079957474600        0.08641451312179
C            5.92261680455605        2.87843165773135        0.31517844721316
C           -5.93123078126660        3.44787222083480        0.66956558313815
C            0.29162580220180       -5.40372985564434        0.39444254320182
N            6.97791252426378        2.98711539441727       -0.35406418187839
N           -7.01243776841206        3.28156655679688        1.16091900919798
N            0.56017133352845       -6.46315623497181       -0.23924460922907
C            2.69410330669311        4.33756646140241        0.98554009303986
C           -2.59162119801585        4.25832459198419       -0.09215537860914
C            2.36005036732293       -2.66509694686581        1.62669222391097
C           -2.23212065093988       -2.74832564209148        0.38591310108647
C            1.48249864186124        4.83859334008714        0.94902849894357
C           -1.32341682604082        4.91959024988386       -0.41697382398126
N            2.49422946430079        5.81768158091881        0.79430071678101
N           -2.39102183699058        5.63694561943666       -0.17692079806243
H            7.04567301571929        3.80097657789283       -0.94854920038941
H           -7.87135732347646        3.00576205110993        0.73107115751462
H           -0.22197468633305       -6.87789072654413       -0.73581178484911
H            2.62136860110657        6.17325772575298       -0.15655290656210
H           -2.83912713343464        6.52721168329525       -0.07689722719247
H            0.42337177379270        4.73111596681326        0.92671603341461
C            3.31424675045751       -0.53769121571740        5.86309016364357
C            2.18393445343200       -0.06361480289434        6.43931559310607
N            1.03305587065838        0.08494954724833        5.73651910870552
C            1.00603473909990       -0.26213225952370        4.35725546455917
O           -0.02129549474292       -0.08038944251482        3.71090861709655
N            2.09453342812316       -0.77375854128694        3.82113822230332
C            3.22435245536352       -0.93829719277866        4.48838895782969
N            4.21349930213772       -1.49765351441745        3.80388784433489
C           -0.20566650847584        0.46839162793791        6.37245561309044
C           -0.82935513665880        1.76787943870989        5.78723075670359
C           -2.12396234610278        1.32179593643851        5.09195637318542
C           -2.41047985198232       -0.03272916938292        5.77412413947071
O           -1.15188943433109       -0.54490204567808        6.20574764154310
C           -3.06694340969172       -1.06914103144145        4.85044940879873
O           -2.50471819802916       -1.09313439941846        3.57305321232313
O           -3.13401348678086        2.26640822058143        5.26829169699586
F           -1.07314135359532        2.63463597055722        6.80049343621991
F            0.02389702502194        2.42105447932321        4.96526791468329
H            4.22743778103677       -0.64389325885209        6.42847203125047
H            2.14318534062562        0.21547290432242        7.48661281225410
H            5.13032723772932       -1.63298077415886        4.19107347446121
H            3.97276310046190       -1.79580158435438        2.85392614506282
H           -0.00271348288657        0.63592377529997        7.44393988380459
H           -1.88365932860136        1.16906429892959        4.03301891784931
H           -3.04580879960751        0.14595969010055        6.65682439638497
H           -2.97647243894397       -2.04913517612775        5.33854496231001
H           -4.12765461070135       -0.83419523927688        4.72262617903147
H           -1.53839394156652       -1.01691895073918        3.67303693296854
H           -3.90266537212514        1.99453614709624        4.74994130382633
77
 energy: -168.341854521534 gnorm: 0.011264284469 xtb: 6.7.1pre (5071a88)
N           -0.01353733094617        0.05297724259888        1.04247964431069
C           -0.00375475243339        1.45849468418709        0.92862433540479
C            1.19713278714515       -0.58245034723997        1.25263473450898
C           -1.19080325184279       -0.61751672759494        0.79932509849793
N            1.12649563247275        2.11148720712772        1.00459356006556
N           -1.13356881605755        2.09163532264505        0.69477237813077
N            2.31701409117932        0.07283124011844        1.21517137799495
N            1.16782049893033       -1.91614364348762        1.42866025689468
N           -2.26536491450337        0.01880952986399        0.44119792150227
N           -1.15282442883077       -1.96476136214274        0.89652319892237
C            2.24667904282577        1.40480056438507        1.13624342200361
C           -0.04957187873063       -2.53944521971642        1.50362521097503
C           -2.21150745577676        1.35846702614829        0.46264558068738
N            3.44723664945126        2.03353466599135        1.14646633785452
N           -0.12426190400000       -3.85879496266958        1.88700398625329
N           -3.38621783312072        1.98346030612137        0.19091139018938
C            3.70303924877771        3.40882361452163        0.83158746608999
C            4.60349112159808        1.36792445455595        1.44612630956790
C           -3.57284955004272        3.40863317510477        0.18341328791073
C           -4.46682562779533        1.24151375446558       -0.06644903873600
C            1.08572763099710       -4.50774542154250        1.24951997341717
C           -0.80250531247709       -4.52899434168167        0.71262729141521
N            4.87445351330719        3.76118779037584        0.41478446394292
N            5.74277454485577        1.75931174799216        1.18493810167445
N           -4.83026817808787        3.89163178376037        0.44136783309241
N           -5.44272509524095        0.69971532452350       -0.30471837998031
N            2.20812957463395       -3.88962817151680        1.23611744392826
N           -1.76635155784935       -3.95647549929556        0.09874489131302
C            5.93099921873555        2.89543247756049        0.35309831967093
C           -5.92349633397630        3.43901631990033        0.70709793857869
C            0.31814269908586       -5.41948337868248        0.43316063745713
N            6.98706024086605        2.99668458663282       -0.31458747141653
N           -6.99528908374031        3.26689998251578        1.21811936057734
N            0.58541426135764       -6.49137260550296       -0.17849561172964
C            2.69210473497790        4.34858983163749        0.99347158783302
C           -2.59181043272423        4.25038838544973       -0.08556526098471
C            2.38526796735005       -2.65594714145360        1.60898559938096
C           -2.20574313436393       -2.76364633968952        0.38449919488419
C            1.47657064129148        4.83954001336590        0.95524784981545
C           -1.32619032183287        4.91354287163800       -0.41880508756817
N            2.48004026032881        5.82583792097698        0.79560494616827
N           -2.39120917028629        5.62905715140312       -0.16241437628170
H            7.05390305108784        3.80231584582736       -0.92153140464414
H           -7.86468399960085        3.00186954391626        0.80111769671133
H           -0.19410532304356       -6.91397179968858       -0.67098177612935
H            2.60351215900019        6.17630864645967       -0.15728096226255
H           -2.83797412664724        6.51838404946402       -0.04874255077294
H            0.41835462349203        4.72616729197669        0.93609949230254
C            3.31117137318276       -0.53314183182109        5.79206789577884
C            2.18922579993648       -0.06086094044041        6.38470322166870
N            1.02440719932879        0.07672842316316        5.70181645432383
C            0.97621659468966       -0.26983506393343        4.32633198248669
O           -0.05886967595079       -0.08384315895858        3.69391070256825
N            2.05468181797706       -0.78887879386791        3.77805299774212
C            3.19676313204683       -0.94986794976773        4.42415971398284
N            4.16640634649508       -1.52280506906059        3.72607814081262
C           -0.20508107928580        0.46318019952138        6.35449915036444
C           -0.82649527391999        1.76889804459262        5.78340291525748
C           -2.12880269004199        1.33413193499099        5.09511700332400
C           -2.41835391657790       -0.02036189283977        5.77637428505330
O           -1.16115889741198       -0.54217056982252        6.19525052969572
C           -3.09484232389404       -1.04659524936810        4.85573613856115
O           -2.55307433003018       -1.06870092566374        3.56967057482487
O           -3.13175291229819        2.28570361424030        5.28264834341695
F           -1.06519778416084        2.62505792168556        6.80888394339306
F            0.02340718980418        2.42733385436600        4.96602423256807
H            4.23368042131521       -0.63090657139875        6.34077537466799
H            2.16169810699552        0.22471025260428        7.42955463535884
H            5.09255768759498       -1.65547842340599        4.09122425432483
H            3.88402491893451       -1.85139470152487        2.78890932292228
H            0.01436516734563        0.62331181369152        7.42309025010173
H           -1.89935077060454        1.18200374241708        4.03332181046317
H           -3.04433595399795        0.15991689945832        6.66410264956733
H           -3.00706902535399       -2.02913748717772        5.33794481648751
H           -4.15451862666487       -0.80098171170150        4.74460944375487
H           -1.58353713072028       -1.01305756973093        3.65660972623704
H           -3.90408774467208        2.01814281830049        4.77072529130542
77
 energy: -168.342753689317 gnorm: 0.009889662942 xtb: 6.7.1pre (5071a88)
N            0.00198385385375        0.05199978273641        1.03040785758738
C            0.00494681888873        1.45836206752980        0.92086758615561
C            1.21772093567954       -0.57940181794851        1.22482810429713
C           -1.17386712512359       -0.62236639191800        0.79406717336905
N            1.13135655599440        2.11654391530261        1.00070318629177
N           -1.12872710947110        2.08669054199751        0.69205875723715
N            2.33349473187431        0.08183062802796        1.18436303891461
N            1.19375813500896       -1.91379333272249        1.39879040837990
N           -2.25453668430517        0.00933074916026        0.44662763217276
N           -1.13043956446977       -1.96990998482140        0.89471513435341
C            2.25557801604075        1.41476669372778        1.12622811493141
C           -0.02089634278752       -2.53694475292265        1.49711051897879
C           -2.20491062021333        1.34969650533162        0.46398128886443
N            3.45266414606477        2.04894534863919        1.15597437097926
N           -0.09258189309420       -3.85119114843135        1.89643383720258
N           -3.38194438066287        1.97228479298052        0.19607566751470
C            3.70756246969287        3.42706061502569        0.84514621950071
C            4.60664219026280        1.39159471414365        1.47053357888770
C           -3.57002893120222        3.39733372824460        0.19781198538722
C           -4.46503716667678        1.23110599207553       -0.05417198607957
C            1.11386328992693       -4.51175579045808        1.26351605804126
C           -0.77619795643121       -4.54072770154268        0.73539320669425
N            4.88157920355573        3.78128071395899        0.43892605864765
N            5.74744847080850        1.78752634313826        1.22432170730026
N           -4.82406578771061        3.87692155480821        0.47641497194280
N           -5.44061456869225        0.68851660566699       -0.29796496950551
N            2.23462931369139       -3.89048766239408        1.23134642175782
N           -1.73686362821141       -3.97274641389370        0.11292352956162
C            5.93951332246654        2.91642088006328        0.38600917039318
C           -5.91324694278702        3.42359379859667        0.75884980614357
C            0.34281562624374       -5.43645845223603        0.46672433633359
N            6.99819000837614        3.01310511104755       -0.27793349234606
N           -6.98337193573022        3.26031469475900        1.27309594233210
N            0.60613369614198       -6.52171956712677       -0.12286268150614
C            2.69019038460496        4.36045478199679        0.99924398144518
C           -2.59328160121164        4.24101562684209       -0.08128162557512
C            2.41378911919656       -2.64930061887787        1.57523577273699
C           -2.17942724065036       -2.77942982330586        0.38867513920758
C            1.47048364993845        4.84082932196357        0.95934233750007
C           -1.33033637671787        4.90691306743258       -0.42004018957280
N            2.46598904833438        5.83455328270167        0.79669506848349
N           -2.39324826664545        5.61997628807453       -0.15090497420728
H            7.06679933882276        3.81378278080037       -0.89281059356067
H           -7.85351458773909        2.98879569389434        0.86403310827230
H           -0.17255375040224       -6.95121214437522       -0.60897729091905
H            2.58707726715402        6.18182523175344       -0.15741911446624
H           -2.83914259047599        6.50788005236830       -0.02393793498032
H            0.41302008881525        4.72132164106569        0.94113074266783
C            3.30489920191690       -0.53110703486635        5.72648910822228
C            2.19269831267086       -0.05849433140255        6.33594629956874
N            1.01359918329850        0.06859973686538        5.67411695973677
C            0.94461416838850       -0.28013272894065        4.30332682399706
O           -0.09849289985988       -0.08969573291862        3.68441875905031
N            2.01144341476109       -0.80831003172811        3.74206812391517
C            3.16712786223173       -0.96476036889807        4.36613916625444
N            4.11614638639945       -1.55123042414646        3.65520281516835
C           -0.20555710882147        0.46059361910100        6.34219497838274
C           -0.82418563948672        1.77168743526987        5.78237476343675
C           -2.13407942554265        1.34821048615634        5.10256782919402
C           -2.42743894609691       -0.00540963792915        5.78234289607123
O           -1.17176017798629       -0.53685765158716        6.19221542073211
C           -3.12249953062854       -1.02347872310666        4.86525249661069
O           -2.60623254363301       -1.04032623472356        3.56755048375433
O           -3.12931453835491        2.30731533279036        5.30082171376493
F           -1.05285820326619        2.62172053713790        6.81649816963086
F            0.02434133713122        2.43103141740701        4.96650394958391
H            4.23763315342206       -0.61883628760270        6.25623043816934
H            2.18235741763633        0.23821970080960        7.37667619744997
H            5.05053789521045       -1.68477657594629        4.00098826272703
H            3.79471815133062       -1.90757295108545        2.73151811296432
H            0.02963208935770        0.61541240651252        7.40747369882385
H           -1.91455060485172        1.19643553441773        4.03756593781879
H           -3.04531383485410        0.17564726739710        6.67459676036827
H           -3.03010433949971       -2.00908132794263        5.34021727775912
H           -4.18297629917357       -0.77250133876898        4.77467361333650
H           -1.63449607340415       -1.00288862166051        3.63714822853892
H           -3.90828103847187        2.04545758636045        4.79921574766508
77
 energy: -168.343513828672 gnorm: 0.010324405836 xtb: 6.7.1pre (5071a88)
N            0.01886684209408        0.05002170759261        1.02167024006809
C            0.01485894094937        1.45641680259683        0.91471718932598
C            1.23957013971629       -0.57796014864343        1.19672368771074
C           -1.15650377179763       -0.62770370095163        0.79311547755311
N            1.13832535392970        2.11896718813342        0.99386023189537
N           -1.12241094094490        2.08091742960261        0.69236825685004
N            2.35198442253268        0.08854838054080        1.15109172717685
N            1.22083494246591       -1.91470084182063        1.36227679482027
N           -2.24348415593842       -0.00049063215218        0.45746236877795
N           -1.10861317097007       -1.97531366592795        0.89592983048822
C            2.26642010610310        1.42184600476368        1.11101717335419
C            0.00893000627090       -2.53728684969903        1.48666410865216
C           -2.19756262862946        1.34008168119217        0.47044527491062
N            3.45952770935624        2.06179222342839        1.15425318364359
N           -0.05843175038720       -3.84687032868456        1.89788745133679
N           -3.37693678719837        1.96040382545775        0.20586367348360
C            3.71195583517578        3.44400340095698        0.85026849628750
C            4.61214262925065        1.41210843058096        1.47873792629545
C           -3.56653737292682        3.38518577461361        0.21442189462138
C           -4.46006273358975        1.21918919353771       -0.04270628194191
C            1.14035536221894       -4.51716355266066        1.26086862043047
C           -0.75459284158751       -4.55143122539053        0.75299837533265
N            4.88794470047289        3.80263256962706        0.45466840192591
N            5.75359664982174        1.81382713311032        1.24662982177569
N           -4.81785391621291        3.86146536696735        0.50581618061662
N           -5.43312547926553        0.67495954085352       -0.29593716884462
N            2.25938881616499       -3.89372018325439        1.20453817772232
N           -1.71541677120688       -3.98594463925937        0.12863735651339
C            5.94831027048415        2.94049603542705        0.40848343818840
C           -5.90415902667962        3.40800680787511        0.79652849142643
C            0.36090277655368       -5.45177609975681        0.48590664648915
N            7.01079387060194        3.03840685415359       -0.24902610993046
N           -6.96665566339909        3.23769707829978        1.32600888600172
N            0.61611248273182       -6.54741967301986       -0.08588307406873
C            2.68851951679504        4.37048802815372        1.00041260850450
C           -2.59466578569069        4.23068093307864       -0.07620390502259
C            2.44206649870482       -2.64861867837940        1.52386167869794
C           -2.15734125765884       -2.79291602186378        0.40111722928170
C            1.46510099137581        4.84128201911625        0.95798326142597
C           -1.33528684025884        4.89914891964270       -0.42377858967604
N            2.45389285369968        5.84183322090078        0.79768367653066
N           -2.39574471011157        5.61005647331200       -0.14128716470880
H            7.08301254866636        3.83916600350906       -0.86352315063208
H           -7.84525743245784        2.97375673729812        0.92808362127510
H           -0.16558998584624       -6.98367871044982       -0.56000064600279
H            2.57489559665630        6.19002471141930       -0.15578646774709
H           -2.84153337770934        6.49612714002528       -0.00367382595153
H            0.40830222993066        4.71642862029038        0.93801195528936
C            3.29403894297987       -0.53193246435600        5.67374195020477
C            2.19207143955246       -0.05607537339347        6.29685318427549
N            1.00108748130882        0.06123022871219        5.65399230386797
C            0.91459957767275       -0.29214735269571        4.28786214977609
O           -0.13465111274458       -0.09841526833931        3.67950086562107
N            1.97074012819165       -0.82845246525117        3.71532438729798
C            3.13770058846901       -0.98138113342679        4.32108997795272
N            4.07024336035100       -1.57764644564910        3.60292246405480
C           -0.20721315817524        0.46141482715432        6.33602685800698
C           -0.82233355379702        1.77661950034707        5.78363342170795
C           -2.14038066645940        1.36346271157858        5.11499706854353
C           -2.43773280085907        0.01119474045867        5.79336696043759
O           -1.18382004498085       -0.52816283516859        6.19945277327084
C           -3.14656030220316       -1.00171626829440        4.88011650099822
O           -2.66011886052744       -1.00527671090970        3.56955194729465
O           -3.12692881034469        2.33009971787467        5.32495323568778
F           -1.03646624082221        2.62628140909381        6.82164098769724
F            0.02511816595837        2.43182400013103        4.96383317977263
H            4.23651155662705       -0.60882668934742        6.18524378341141
H            2.19941913923479        0.25425895431999        7.33250098006958
H            5.00472966486522       -1.72142986596006        3.93892227929101
H            3.72179622605096       -1.95298918992770        2.68975653588608
H            0.04289659554267        0.61439343251122        7.39765305591915
H           -1.93188909598864        1.21267123850829        4.04672854209299
H           -3.05001458797393        0.19273276076055        6.68879001822607
H           -3.03908469270697       -1.99063277701676        5.34502210032805
H           -4.20964366722433       -0.75463150382545        4.81377533782250
H           -1.68717528617883       -0.98318021528021        3.61858810072988
H           -3.91578367823191        2.07374075309742        4.83758402005321
77
 energy: -168.344221176738 gnorm: 0.010250697020 xtb: 6.7.1pre (5071a88)
N            0.03683987136600        0.04629649710932        1.01151481417978
C            0.02573873683769        1.45214124342894        0.90963257666959
C            1.26082784755047       -0.57839710105539        1.17027235503554
C           -1.13868661315774       -0.63400575265745        0.78824069818989
N            1.14725347736164        2.11894680400940        0.98860114044279
N           -1.11418726112567        2.07422587887260        0.69381655005427
N            2.37121504502971        0.09228178654827        1.12144522355799
N            1.24676677050293       -1.91872436019928        1.32304864275876
N           -2.23038271296450       -0.01043420075393        0.46185442423899
N           -1.08750221048320       -1.98134442149839        0.89152310963558
C            2.27850176151324        1.42603782653131        1.09697136479421
C            0.03708617324199       -2.54021917567998        1.46985029162733
C           -2.18821580266708        1.32972673976908        0.47559491042386
N            3.46769312542249        2.07279467575159        1.15005015006028
N           -0.02655702961812       -3.84464030513246        1.89325309062156
N           -3.37022871413223        1.94835533527749        0.21686250981193
C            3.71556268294702        3.45909681836131        0.85253006913028
C            4.62078572152216        1.43027654530654        1.48458816144461
C           -3.56181680840983        3.37282654385239        0.23218452521843
C           -4.45143814953147        1.20665200347948       -0.03622928718047
C            1.16338774138084       -4.52523519597790        1.25028162564061
C           -0.73725431684407       -4.56226241337595        0.76476611582984
N            4.89290499910773        3.82344884428020        0.46598329466949
N            5.76247636598323        1.83794398108981        1.26437800807301
N           -4.81069867759579        3.84533666101223        0.53935984558367
N           -5.42595740258441        0.66249829690086       -0.28849236457369
N            2.28146183159153       -3.90235463931480        1.16972373858706
N           -1.70104351106650       -3.99879937001868        0.14084748662632
C            5.95695658597048        2.96559395967481        0.42786976011413
C           -5.89344382711792        3.38945812527959        0.83983157693352
C            0.37412002252149       -5.46926483088204        0.49699573304735
N            7.02412922673782        3.06853693562219       -0.22193034876372
N           -6.95244387950036        3.21832710741837        1.37486599201317
N            0.62033503815814       -6.57475781217036       -0.05909264496444
C            2.68662030659136        4.37918419887192        1.00044267833150
C           -2.59539709906147        4.22062408631118       -0.06974181153098
C            2.46680021792258       -2.65436360644426        1.46961447743093
C           -2.13854481795008       -2.80433164968038        0.41145898118074
C            1.45992826333400        4.84179642796633        0.95499843193425
C           -1.33995528356521        4.89147749112422       -0.42655531918206
N            2.44323561990929        5.84828867918023        0.79794787317922
N           -2.39803556014990        5.60069016806880       -0.13102086175678
H            7.10035615345795        3.87167197062729       -0.83337017035285
H           -7.83337343772915        2.95320890545269        0.98390251632162
H           -0.16666454214381       -7.01749814886010       -0.51847614692433
H            2.56520279800474        6.19950763913291       -0.15430290373782
H           -2.84382057385596        6.48522977235268        0.01552527912452
H            0.40365436728530        4.71137239348962        0.93260041564274
C            3.28120564993189       -0.53432708701067        5.62752851298211
C            2.18926493664710       -0.05329585685999        6.26331288179296
N            0.98753053738224        0.05603821367054        5.63865293944702
C            0.88468758259750       -0.30354962635165        4.27533358890456
O           -0.16987187050486       -0.10725491236106        3.67572625138546
N            1.93030076277851       -0.84802145969701        3.69144421669232
C            3.10804118516053       -0.99817783134243        4.28159917612264
N            4.02801522040474       -1.60118608882094        3.55646271880846
C           -0.20991504824137        0.46397174422745        6.33425357350413
C           -0.82199498423700        1.78334349112777        5.78775473651556
C           -2.14754294884336        1.37930848208141        5.13040205116838
C           -2.44913848396113        0.02874499449392        5.80794211504585
O           -1.19526073303750       -0.51865615312648        6.20992139945965
C           -3.17040790179483       -0.98075888873538        4.89923032554576
O           -2.71426540400917       -0.96840185495927        3.57671124826517
O           -3.12545594196289        2.35246006107076        5.34921875159152
F           -1.01698628822116        2.63729544181862        6.82535376278252
F            0.02453648131757        2.43048847196430        4.95791508456238
H            4.23335451640175       -0.60182441441292        6.12197384332169
H            2.21618356530818        0.27026168751426        7.29440399333896
H            4.96421123400985       -1.75130962085925        3.88712096673326
H            3.66639571972073       -1.98005549293611        2.64673538755350
H            0.05265195405528        0.61549078993561        7.39320498631144
H           -1.94765250805710        1.22927538565268        4.05999511717051
H           -3.05534440838237        0.21196382772778        6.70773150190149
H           -3.04392498312802       -1.97362119141729        5.35240858089142
H           -4.23711471140078       -0.74173816107764        4.85815127181966
H           -1.74127220651810       -0.95537830055035        3.60318891719701
H           -3.92442144357793        2.10169199062835        4.87493752045088
77
 energy: -168.344964638241 gnorm: 0.011836734536 xtb: 6.7.1pre (5071a88)
N            0.05585855517326        0.04003686076537        1.00717332506889
C            0.03870735714371        1.44497940870195        0.90893536021718
C            1.28250708859542       -0.58193454272327        1.14832249638788
C           -1.12087557943426       -0.64177155968505        0.78831697414422
N            1.15960640899959        2.11479209733077        0.98324926066849
N           -1.10281401881431        2.06592440915704        0.69994643237895
N            2.39175069834771        0.09204482557739        1.09592714609101
N            1.27247145532462       -1.92728137900742        1.27890755718693
N           -2.21544439793084       -0.02049545986387        0.46880641342399
N           -1.06802342867226       -1.98878403764187        0.88879979812230
C            2.29322606831382        1.42566571811559        1.08248183110876
C            0.06504141625472       -2.54765273541119        1.44806935389095
C           -2.17655340420954        1.31878472586685        0.48572057695037
N            3.47854284272738        2.07901629062827        1.13730116502504
N            0.00719525063738       -3.84755930680140        1.87810287445205
N           -3.36061174253841        1.93559146775352        0.23222308830866
C            3.71906387676942        3.47006008272932        0.84835072814693
C            4.63388359467156        1.44292575988303        1.47433662792000
C           -3.55526238882601        3.35943277674287        0.25271089018674
C           -4.43793859409140        1.19236596778968       -0.03088787336673
C            1.18401571520885       -4.53622281929106        1.21963048292527
C           -0.72544335791080       -4.57293551269491        0.76926566176938
N            4.89658097779148        3.84389711344307        0.47085628171801
N            5.77439173321690        1.85864827945440        1.26405295810799
N           -4.80223686213911        3.82755440636717        0.57334466396963
N           -5.41222691601304        0.64827890815361       -0.28304767687648
N            2.30093143378639       -3.91479471604175        1.11041713770065
N           -1.69629042040404       -4.00931319011731        0.15444315783352
C            5.96715503345150        2.99453366242722        0.43808469939717
C           -5.88152672019270        3.36751083629243        0.87838376362062
C            0.37927685808768       -5.48641489589829        0.49073013080694
N            7.04033494240574        3.11139488861093       -0.19991002310863
N           -6.93491920678316        3.18712531508274        1.42153490534444
N            0.61215725688015       -6.59825856186007       -0.05514012229336
C            2.68462424139006        4.38363644470540        0.99647589047668
C           -2.59520089596890        4.21000309342555       -0.06096835011721
C            2.48979483202004       -2.66719124567870        1.39955820264696
C           -2.12542186012365       -2.81337539398248        0.42849818732880
C            1.45548067913626        4.83967473723061        0.94499873706122
C           -1.34433998357080        4.88337750327591       -0.42751084643990
N            2.43453440886276        5.85161682598736        0.79874445761217
N           -2.40028140950150        5.59074580898109       -0.12086030022846
H            7.11975636080201        3.92152472137209       -0.80073709367349
H           -7.81948275463898        2.92521378022001        1.03718201493716
H           -0.18446082545332       -7.04638914524793       -0.49344128918846
H            2.56123322639431        6.21027946815315       -0.15020116578403
H           -2.84696039663634        6.47349313846989        0.03128120820760
H            0.39989244443518        4.70418943561491        0.91660706511051
C            3.26343207727434       -0.53815147255791        5.59145974030886
C            2.18080670118199       -0.05002442621918        6.23590595857443
N            0.97160128613165        0.05211638851341        5.62677712596617
C            0.85509044049304       -0.31551513965544        4.26550156605089
O           -0.20328032364110       -0.11957183481593        3.67256491596944
N            1.89317563521985       -0.86435688034383        3.67211549110067
C            3.07823218328649       -1.01250736682215        4.25174981113789
N            3.99371410674935       -1.61735502106904        3.52580763715672
C           -0.21402098008637        0.47054994594870        6.33596786486458
C           -0.82219650581951        1.79298112004831        5.79214162415538
C           -2.15765416509473        1.39752542574616        5.15100856534695
C           -2.46259431024910        0.04900399774772        5.82957911546920
O           -1.20851337099550       -0.50450391957866        6.22954782329484
C           -3.19208336248528       -0.95953806189997        4.92587015684833
O           -2.77162089841576       -0.92181079440981        3.59154126202829
O           -3.12536758431150        2.37722755070912        5.38093113020532
F           -0.99227341559743        2.65713312587291        6.82438770455055
F            0.02136430868052        2.42597455195240        4.94399606090647
H            4.22307195310765       -0.59861738437248        6.07179364280070
H            2.22523977167200        0.28589015468113        7.26214325449362
H            4.92407748537718       -1.77848959908474        3.86317714859903
H            3.63525387159210       -1.99643246942478        2.61330558602134
H            0.06205941055091        0.62392848007930        7.39163093851867
H           -1.96977787440978        1.24818989392797        4.07838489351234
H           -3.06361960108763        0.23491173919912        6.73302972112708
H           -3.03662523890841       -1.95649764920681        5.36320813895181
H           -4.26375356752144       -0.73836170941547        4.91520697884917
H           -1.79869622651490       -0.91753308973038        3.59105625299425
H           -3.93673939932334        2.12988918766307        4.92377512548490
77
 energy: -168.345732374132 gnorm: 0.013135535546 xtb: 6.7.1pre (5071a88)
N            0.07645374991022        0.03134905805077        0.99974608441976
C            0.05318278920076        1.43585996842260        0.90969000523285
C            1.30432366751831       -0.58709391871872        1.12968543340746
C           -1.10147990847042       -0.65148755367624        0.78154475417106
N            1.17360182435852        2.10919444142780        0.98280066379483
N           -1.08932443622433        2.05626413149458        0.70762501811589
N            2.41284615994945        0.08980925580272        1.07795225222723
N            1.29804468157740       -1.93674288018890        1.23844560636976
N           -2.19688798379796       -0.03108744072076        0.46487450403774
N           -1.04720311673693       -1.99814961299595        0.87784351392650
C            2.30910312370034        1.42379382032133        1.07426685428001
C            0.09244681230044       -2.55648275917317        1.42280690845870
C           -2.16240252199383        1.30732270801726        0.49296083185063
N            3.49118474349207        2.08456534142186        1.13090913566738
N            0.03966597793272       -3.85109403252562        1.86245979751271
N           -3.34870070794500        1.92266565773130        0.24853455702741
C            3.72209188623522        3.47908097939521        0.84887292225641
C            4.65068582457821        1.45482135665397        1.47212728394066
C           -3.54702828921988        3.34591814665928        0.27649744005554
C           -4.42300364305672        1.17855001000751       -0.02501338369298
C            1.20541934235941       -4.54836561812596        1.19221206491099
C           -0.71167502740939       -4.58538059915866        0.77220251507129
N            4.89925524568221        3.86352945904588        0.47967411477499
N            5.78977093869778        1.87919326547124        1.27011021629569
N           -4.79207132545933        3.80977718963039        0.61280992339551
N           -5.39979682080939        0.63646654978430       -0.27221873763098
N            2.32155324586764       -3.92979480593109        1.05972706030788
N           -1.69104471418617       -4.02348170711149        0.16580636780802
C            5.97819438883335        3.02494212430832        0.45386509687029
C           -5.86773399561375        3.34415023906064        0.92252169218798
C            0.38704111757386       -5.50675906347085        0.48669342804087
N            7.05774280600658        3.15848297203949       -0.17098266501106
N           -6.91355021636685        3.15035776354475        1.47790996218367
N            0.60813651783741       -6.62702563265328       -0.04779933847310
C            2.68172203513081        4.38646931655470        0.99548930435990
C           -2.59340699846379        4.19968416626705       -0.04702025250362
C            2.51231269087168       -2.68059647647559        1.34395603793377
C           -2.11117025847652       -2.82380946550133        0.43871545053416
C            1.45037487833410        4.83667318962527        0.93630324924072
C           -1.34802873252101        4.87470693349094       -0.42828278014831
N            2.42517400912221        5.85401698359623        0.80059938228566
N           -2.40080745049869        5.58108419935354       -0.10472006346101
H            7.13795862630871        3.97485963183448       -0.76264716361969
H           -7.80401767548963        2.89618169816682        1.10075744482165
H           -0.19802937195275       -7.07999251288385       -0.46491270052242
H            2.55751564993138        6.21960549557043       -0.14535724776634
H           -2.84749051887702        6.46299991148664        0.05378032527975
H            0.39557207873409        4.69478420398872        0.90113342829125
C            3.24507420776037       -0.54324560434485        5.54483050964656
C            2.17199646257844       -0.04719056164966        6.20080052813270
N            0.95404905337146        0.05006257463824        5.60934064383287
C            0.81939207134373       -0.32400532926527        4.24787594732159
O           -0.24484649169395       -0.12829230895577        3.66488431502182
N            1.84920798512982       -0.87775573927528        3.64161675946226
C            3.04229433571461       -1.02658047999539        4.20971882016624
N            3.95470774251801       -1.63389503655638        3.47806604915686
C           -0.21867690888641        0.47753056320768        6.33516645794426
C           -0.82336414954786        1.80446082618950        5.79632406694928
C           -2.16945599405760        1.41807002830538        5.17229631584581
C           -2.47709810561980        0.07124469974949        5.85303786411015
O           -1.22090960850667       -0.48994853404916        6.24393845965539
C           -3.21873703167952       -0.93514745990403        4.95526151902436
O           -2.83440166195896       -0.87428281899982        3.61156043672315
O           -3.12713018689052        2.40343756897954        5.41188396593659
F           -0.96539841343277        2.67883923666568        6.82255745859808
F            0.01527299060540        2.42225883715833        4.92625907467334
H            4.21306212366130       -0.59999889831677        6.01181433775679
H            2.23576542630330        0.29710700816368        7.22424461407707
H            4.88537680338906       -1.79455146957108        3.82041731007317
H            3.60898833592232       -2.00470040898979        2.55615841121739
H            0.07158781126068        0.63014634542222        7.38817013298863
H           -1.99309061059898        1.26858172292579        4.09828338585953
H           -3.06870322393495        0.26179214528430        6.76310434547772
H           -3.03794790192451       -1.93604118426443        5.37535927891349
H           -4.29408243882050       -0.72984669754574        4.97547397039102
H           -1.86188064652155       -0.87707570542232        3.58242607131421
H           -3.94757107413518        2.15920959134504        4.96680465168624
77
 energy: -168.346516751854 gnorm: 0.013709579009 xtb: 6.7.1pre (5071a88)
N            0.09600475848134        0.02027988869329        1.00110219389869
C            0.06903451210279        1.42493229601397        0.91568009430277
C            1.32544904937744       -0.59579939838298        1.11851294173801
C           -1.08365415046445       -0.66248237858712        0.78338236679867
N            1.18971622395837        2.09988146562966        0.98237189532073
N           -1.07391738566137        2.04544910537999        0.72095504141884
N            2.43328217940151        0.08344698134423        1.06564845136039
N            1.32170165501405       -1.94930242679688        1.20016443743765
N           -2.17857874419168       -0.04119658055475        0.46785385758246
N           -1.02970006150318       -2.00903704667412        0.87361546327424
C            2.32651521708377        1.41723966229328        1.06650571273584
C            0.11794410133873       -2.56924987112116        1.39919402681497
C           -2.14746058408217        1.29653619732221        0.50635518901597
N            3.50615226268704        2.08344582267901        1.11690215310951
N            0.07278896571959       -3.86127552826312        1.83996869558654
N           -3.33507937072017        1.90978986715236        0.26881926413115
C            3.72583262492027        3.48142323045932        0.84522385383213
C            4.67077351706284        1.45800211898833        1.44969918051361
C           -3.53841817963151        3.33200643115777        0.30314319968392
C           -4.40640323492766        1.16423798582017       -0.01461447796611
C            1.22463547837274       -4.56141311423732        1.14733124637491
C           -0.70225242273793       -4.59752919625827        0.76932489554581
N            4.90130162025982        3.88046937567187        0.48507669714685
N            5.80664676344692        1.89365388752424        1.25418637573002
N           -4.78156178173853        3.79024033177143        0.65687230554186
N           -5.38117724642135        0.62308258982473       -0.26527610203542
N            2.33881445763233       -3.94445518277808        0.99039963317358
N           -1.69287393431106       -4.03475589414717        0.18125115706596
C            5.99115319529966        3.05689685296205        0.45969370063058
C           -5.85242120421354        3.31574403792598        0.97112196061353
C            0.38855285402817       -5.52265578393407        0.46549336345590
N            7.07752807667483        3.21579095483010       -0.14779854135098
N           -6.89502825712300        3.11475547559328        1.52579547291002
N            0.59495770367827       -6.64612443827409       -0.06560027736352
C            2.67925857427003        4.38233479031788        0.99160807795058
C           -2.59186215381083        4.18949858835356       -0.03103573354515
C            2.53405801138247       -2.69610986644747        1.27965298284566
C           -2.10330976079524       -2.83318715584958        0.45848528329767
C            1.44707489765973        4.82894014009268        0.92066493869142
C           -1.35206671284784        4.86634996259671       -0.42570592953053
N            2.41892055336270        5.85108245777402        0.80493728458621
N           -2.40218551980328        5.57103433287016       -0.08988045010635
H            7.15538373410160        4.04197525912853       -0.72466676612442
H           -7.78285324729259        2.85555471240183        1.15048146315430
H           -0.22301144645944       -7.10085727560675       -0.45831628760087
H            2.56155662306035        6.22629129926797       -0.13609203831227
H           -2.84945080999573        6.45200440524778        0.07170079746156
H            0.39326028526465        4.68203370970855        0.87289598992875
C            3.22272673972477       -0.55083593503378        5.50820854045939
C            2.15745670139643       -0.04716116782124        6.17032295349592
N            0.93535005999412        0.04811638500070        5.59141688083167
C            0.78574889644438       -0.33064520432448        4.23046823191446
O           -0.28366032228776       -0.13872861020594        3.65742508809429
N            1.81235320191934       -0.88241237526624        3.61432243292137
C            3.00802978295907       -1.03443967754944        4.17628338251340
N            3.92589315526146       -1.63717498076832        3.44635453497656
C           -0.22389462385940        0.48814530162014        6.33265096679861
C           -0.82369281882970        1.81787097314770        5.79609383145542
C           -2.18387354623801        1.44063703092710        5.19558763392688
C           -2.49144361250217        0.09529442228250        5.88084342823315
O           -1.23446560220564       -0.47091808910638        6.26325687698378
C           -3.24199275816398       -0.91040349050278        4.98901442082437
O           -2.89680182961958       -0.82148080654573        3.63742969114097
O           -3.13049237011636        2.43200740284331        5.45084269568882
F           -0.93634070959912        2.70380560452963        6.81477614028987
F            0.00661241551420        2.41788628057888        4.90178669961716
H            4.19433579439579       -0.60924718648092        5.96742459075693
H            2.23300934419232        0.30158312553035        7.19125261022005
H            4.85080027280315       -1.79850999554074        3.80372612770713
H            3.60351319302115       -2.01068533571493        2.51241458307168
H            0.08361068715511        0.64375522984614        7.38103463425181
H           -2.02610774729803        1.29083648094843        4.11890864207874
H           -3.07441535552664        0.29036740781051        6.79571891329562
H           -3.03217144722493       -1.91380205593106        5.39018347660581
H           -4.32019043347804       -0.72551737548234        5.04267294500683
H           -1.92475463236990       -0.83592744400014        3.57886879092724
H           -3.96017212255160        2.18861000616753        5.02025721566804
77
 energy: -168.347351059616 gnorm: 0.012283283534 xtb: 6.7.1pre (5071a88)
N            0.11484940208945        0.00782220461475        1.00239521249981
C            0.08519408598263        1.41357594591509        0.92332929168176
C            1.34554323002280       -0.60621736226076        1.11299187159745
C           -1.06588312061092       -0.67442274964989        0.78301002422760
N            1.20558832779506        2.08984103876433        0.98602074341969
N           -1.05841675947912        2.03408671652581        0.73639013333924
N            2.45234794716400        0.07527855392297        1.05922183098090
N            1.34312462848434       -1.96136809915884        1.17251570390856
N           -2.15987914301459       -0.05119472222819        0.46759705293228
N           -1.01247631966503       -2.02097280077051        0.86779826123171
C            2.34354328524538        1.40923881387621        1.06355550629820
C            0.14084294094255       -2.58226950021508        1.37968990232507
C           -2.13236060251031        1.28641954143524        0.51883230527235
N            3.52164987527217        2.08004226810065        1.10852013451963
N            0.10272534021003       -3.87339974412769        1.82096331912066
N           -3.32128770721945        1.89773139266070        0.28926024534894
C            3.72986427217356        3.48009028679687        0.84767371427119
C            4.69214612495871        1.45772407281756        1.43086216704030
C           -3.52951087510319        3.31901217517225        0.33102939150251
C           -4.39240968251732        1.15207403569317        0.00244318492014
C            1.24407212259772       -4.57296833348155        1.10808441806500
C           -0.68994698086696       -4.61070016291912        0.76575760100943
N            4.90308762609527        3.89438520167960        0.49669045598265
N            5.82419400423528        1.90532502256543        1.24104443075478
N           -4.77021905128655        3.77259376367878        0.69957465717892
N           -5.36518438722893        0.61193581674575       -0.25656783612550
N            2.35532456504010       -3.95699963971475        0.93532971247565
N           -1.69105475592667       -4.04784819727735        0.19602226572644
C            6.00391784392223        3.08636309738793        0.46940885236154
C           -5.83697189967537        3.28996195582539        1.01548873319911
C            0.39451099524543       -5.53681580224765        0.44593984128363
N            7.09592939946151        3.27114602840645       -0.12007561237221
N           -6.87010446802469        3.06964515353001        1.58451435626561
N            0.58970840544953       -6.66389070347792       -0.08265397604338
C            2.67666029426696        4.37451384230876        0.99171406799937
C           -2.58890822898036        4.17997870971262       -0.00996771860028
C            2.55486748735286       -2.70838695260075        1.23522970752810
C           -2.09467680600639       -2.84467911748184        0.47487993758888
C            1.44453484368535        4.81900688987192        0.90747699755269
C           -1.35456335734127        4.85770430997084       -0.41924496685515
N            2.41378633014235        5.84520639551551        0.81256774770265
N           -2.40122773239128        5.56119802576846       -0.07033934047652
H            7.16867843372980        4.10646474800577       -0.68370489100454
H           -7.76427909688594        2.81777836983833        1.21616121633589
H           -0.23750760325556       -7.11941609740570       -0.45381379555789
H            2.56753427585272        6.22788509242741       -0.12388238988362
H           -2.84777426263793        6.44215047030734        0.09402694829557
H            0.39175559898272        4.66737130137023        0.84474930411312
C            3.20149127534921       -0.56018269976577        5.46260199938841
C            2.14365551856401       -0.05129579940596        6.13315841079503
N            0.91679172574240        0.04668627789377        5.56642958566973
C            0.74930232363236       -0.33167574338640        4.20592392575992
O           -0.32787229232900       -0.14366127803466        3.64767958312989
N            1.77346247168284       -0.87807568593718        3.57701027785418
C            2.97225992061094       -1.03636685772965        4.13073993054451
N            3.89506902790142       -1.63330289682586        3.39929078278810
C           -0.22884908574878        0.49792282451513        6.32333369912635
C           -0.82406025362463        1.83119010212513        5.79175039331846
C           -2.19841292322413        1.46422827314012        5.21559818925345
C           -2.50417878911943        0.11974204651539        5.90584546423707
O           -1.24645551849955       -0.45282743886347        6.27278720896786
C           -3.26909711745900       -0.88287144946981        5.02058702868263
O           -2.95945486859267       -0.77477108632645        3.66451442584195
O           -3.13465095005431        2.46110958609999        5.48836921943336
F           -0.91014879239934        2.72317470095107        6.80636582850651
F           -0.00414093796647        2.41745814904404        4.87846784157516
H            4.17580627681447       -0.62562300246615        5.91597951604586
H            2.22865341029399        0.29663946883331        7.15395377062196
H            4.81850844023029       -1.78650019586435        3.76745102731147
H            3.59621483960138       -2.01260774331590        2.45242149058160
H            0.09683367089080        0.65426815305963        7.36638709274150
H           -2.06120715138754        1.31416340590225        4.13615679197167
H           -3.07502328508581        0.31937157340232        6.82709529627724
H           -3.04137405151512       -1.88729374643759        5.40495389987438
H           -4.34634294171615       -0.70933366384791        5.10399900377288
H           -1.98928612507400       -0.80229472245970        3.57999396886369
H           -3.96883066347466        2.22072719230163        5.06527562661824
77
 energy: -168.348187732521 gnorm: 0.011667927711 xtb: 6.7.1pre (5071a88)
N            0.13336039426771       -0.00518261154943        1.00675040286996
C            0.10192580193568        1.40188884183737        0.93203922197791
C            1.36598920993662       -0.61816383678994        1.11189614532455
C           -1.04765905664083       -0.68695744775832        0.78616825609265
N            1.22146657070230        2.07877491637473        0.98991817691228
N           -1.04309260318806        2.02181419215402        0.75371626326491
N            2.47135233663477        0.06566105431710        1.05124960793107
N            1.36407118032460       -1.97399400335878        1.15079326847729
N           -2.14189941159020       -0.06219152628387        0.47330090083991
N           -0.99515774395771       -2.03347888344473        0.86713070220240
C            2.36086350889953        1.39945405647799        1.05896584991901
C            0.16314134532611       -2.59621065911067        1.36582639243067
C           -2.11729136623619        1.27556010942343        0.53350565412395
N            3.53764949781844        2.07364734659207        1.09807289221960
N            0.13259804452192       -3.88926830985608        1.80366247510565
N           -3.30794296280300        1.88475912495487        0.31172779469817
C            3.73512632533162        3.47580241273255        0.85164359523902
C            4.71384246215395        1.45314115117141        1.40595676772432
C           -3.52115381150485        3.30513956412485        0.36245107601325
C           -4.38012837732782        1.13956597270896        0.02623123182729
C            1.26437835785867       -4.58340498758702        1.06676504633250
C           -0.67585157335883       -4.62478441954337        0.76081622957620
N            4.90579203497761        3.90650465010573        0.51152627858741
N            5.84150809322954        1.91393416960271        1.22307091391312
N           -4.75872170878392        3.75267350814139        0.74973982722463
N           -5.35020681875657        0.60019283993121       -0.24429444113798
N            2.37166403170094       -3.96684651731378        0.88191969808149
N           -1.68679061866355       -4.06057610596846        0.21203065523050
C            6.01680556430616        3.11339638646846        0.47855178460073
C           -5.81943605813631        3.26013025056647        1.07325638127217
C            0.40300290185543       -5.54802211449932        0.42158622037380
N            7.11329291320482        3.32444465889730       -0.09231723817360
N           -6.84957680116718        3.03607569865369        1.64135001031302
N            0.58869586732369       -6.67706630539994       -0.10756134097642
C            2.67496444549091        4.36287879451476        0.99363064114451
C           -2.58679729063425        4.16986546681207        0.01334643887035
C            2.57673528578498       -2.71873381755708        1.19470241007370
C           -2.08602877957820       -2.85772360041216        0.49495797968302
C            1.44388017559802        4.80664997458679        0.89569766048416
C           -1.35906741855797        4.84801643404327       -0.41780135337317
N            2.41129440673350        5.83596355242287        0.82451701373575
N           -2.40052579906044        5.55071885487186       -0.04764176744886
H            7.18023660273094        4.17064089117976       -0.64088544292241
H           -7.74082224513701        2.77411807614697        1.27537449538591
H           -0.24655062250713       -7.13411405306920       -0.45731350244288
H            2.57711923037660        6.22568254021611       -0.10682664763272
H           -2.84498107695094        6.43220528303166        0.12314781926794
H            0.39215162451752        4.65192776870862        0.81428912078178
C            3.18048562697799       -0.56932792977809        5.41509509625089
C            2.13003517692657       -0.05879191440845        6.09542576050477
N            0.89875882102807        0.04615351509323        5.53897959617964
C            0.71306326717695       -0.32792488274144        4.18076884582721
O           -0.37351483796632       -0.14537497360051        3.64070504013319
N            1.73520357926222       -0.86559560940301        3.53746392422568
C            2.93809318973752       -1.03132611207674        4.08042689912043
N            3.86327655134765       -1.62118418388431        3.34614310306204
C           -0.23366495350524        0.50790892943354        6.30951762358228
C           -0.82450101360975        1.84434292720482        5.78333723667533
C           -2.21278454604149        1.48819160856157        5.23340299005735
C           -2.51509816660514        0.14456088569462        5.92853715437599
O           -1.25771525821325       -0.43490725251786        6.27691501893719
C           -3.29820277635530       -0.85307836219333        5.05076189686602
O           -3.02537526596163       -0.72980240090300        3.68896314392479
O           -3.13804323891214        2.49130672870555        5.52689745346739
F           -0.88663453450857        2.73790007813271        6.79773467326024
F           -0.01615060025888        2.42042025639205        4.85719974147200
H            4.15625828411416       -0.64586239263528        5.86330631906625
H            2.22116956253310        0.28421721842461        7.11734801175797
H            4.78637727204602       -1.76527587831670        3.72146047112999
H            3.58131953911258       -2.01324378747369        2.38993578428579
H            0.11038130321511        0.66482896634888        7.34595241817153
H           -2.09941090698979        1.33835457760406        4.15068784336980
H           -3.07229373141034        0.34703133480993        6.85649087600621
H           -3.05759680902779       -1.85867528515337        5.41961862535247
H           -4.37287325234457       -0.68310176836703        5.16539154412112
H           -2.05774673996307       -0.77437068105362        3.57815495181222
H           -3.97603961099320        2.25811604567274        5.10936839148684
77
 energy: -168.349034582608 gnorm: 0.011407470822 xtb: 6.7.1pre (5071a88)
N            0.15188090856310       -0.01836258565640        1.01432508595594
C            0.11899755552297        1.38943082357820        0.94187598274693
C            1.38658936249624       -0.63113501201988        1.11524835836500
C           -1.02881567714245       -0.70004159434043        0.79366362121845
N            1.23766043523611        2.06647563269940        0.99378735233590
N           -1.02793019211669        2.00845381320092        0.77244593961012
N            2.49076135499669        0.05483117279860        1.03935959072528
N            1.38485406121958       -1.98809849981960        1.13090676886872
N           -2.12476354116921       -0.07480681510581        0.48654227799515
N           -0.97723494496547       -2.04646890086583        0.87177891880295
C            2.37866250608870        1.38787809759831        1.05126819506325
C            0.18559948657889       -2.61188859078108        1.35523057800298
C           -2.10230037176529        1.26307376723554        0.55151949223990
N            3.55400833838218        2.06493916581552        1.08372028516740
N            0.16361655374800       -3.90915857354318        1.78609242012292
N           -3.29481750601660        1.87029803099520        0.33580546585037
C            3.74133191011343        3.46984385473555        0.85564121897626
C            4.73559672537836        1.44506415693909        1.37523653088989
C           -3.51208214516957        3.28996067322648        0.39464186849839
C           -4.36822968119224        1.12557787818111        0.05387970836137
C            1.28558514368352       -4.59426906778020        1.02079358638460
C           -0.66054537625258       -4.63999657286246        0.75327594840988
N            4.90942673542380        3.91790720036858        0.52870275914623
N            5.85866661438323        1.91978788829261        1.20129261174503
N           -4.74571844319000        3.73212835452010        0.79781188098546
N           -5.33589303704408        0.58659203416389       -0.22895084270565
N            2.38834071695001       -3.97628804626035        0.82519614841372
N           -1.68132796052430       -4.07260616843345        0.22788387119499
C            6.02962039616266        3.13827893775693        0.48811662390385
C           -5.80108639079198        3.23139565096969        1.12553296359503
C            0.41323590242804       -5.55822011549207        0.39037724390342
N            7.13010111331026        3.37572316543171       -0.06363667071201
N           -6.82174359527238        2.99061893402723        1.70888253183780
N            0.59091003537391       -6.68719926335492       -0.14247687639043
C            2.67360671224376        4.34856205519193        0.99609572754059
C           -2.58297971926338        4.15801721898006        0.04077505559300
C            2.59887488696212       -2.72928374707000        1.15000648935419
C           -2.07741412730792       -2.87158922113244        0.51911449347960
C            1.44426983800965        4.79275574997507        0.88373015626177
C           -1.35987597131654        4.83726364406219       -0.39744243623926
N            2.41077394248181        5.82426078576472        0.84002496834394
N           -2.39756593203145        5.53811704462830       -0.02402651183719
H            7.19221351090699        4.23535623189470       -0.59392812692311
H           -7.71868189776237        2.72924489016263        1.35184113229362
H           -0.25149363291470       -7.14641912502969       -0.47064086354619
H            2.59014785321193        6.22240137406683       -0.08506850046324
H           -2.83948374533074        6.41980010263212        0.14847778596248
H            0.39373021778028        4.63662456985003        0.78171309823088
C            3.15832282218966       -0.57702155831431        5.36517310218301
C            2.11611178317830       -0.06819845201964        6.05749224621652
N            0.88074409108872        0.04786721840213        5.51027097737060
C            0.67728752102780       -0.31952244318414        4.15599060704855
O           -0.41926303744507       -0.14363433844849        3.63596927205370
N            1.69679869782887       -0.84595905717631        3.49597933332422
C            2.90545553132579       -1.01973976298753        4.02532168993016
N            3.82951288232274       -1.60110687803015        3.28607962604195
C           -0.23897523665953        0.51862276069819        6.29300532781595
C           -0.82608501421535        1.85839701332364        5.77249462801287
C           -2.22763467219940        1.51319767684747        5.25062027193728
C           -2.52644558253107        0.17091057317133        5.94975433883697
O           -1.26949514744561       -0.41666771235919        6.27717529853569
C           -3.33152331218776       -0.82034820482695        5.08164698476559
O           -3.09378855857337       -0.68561849012541        3.71432773483680
O           -3.14042019995387        2.52337254531553        5.56549387724302
F           -0.86360974154096        2.75209844088828        6.78894522350088
F           -0.03014449342153        2.42574206408728        4.83542465256521
H            4.13528934069798       -0.66727371408812        5.80691792091328
H            2.21266142212139        0.26602920905783        7.08143490995084
H            4.75328557986516       -1.73762897908849        3.66482091215735
H            3.55659574947626       -2.01093833648945        2.32442638955049
H            0.12247747342554        0.67604304525352        7.32236090058464
H           -2.13934810718232        1.36367479317894        4.16502147596840
H           -3.06821545990230        0.37513365045086        6.88543777991039
H           -3.08177027312237       -1.82816228671019        5.43609885951456
H           -4.40187235529049       -0.64926750498007        5.22609950102546
H           -2.13133173154062       -0.74720827976067        3.57826757777660
H           -3.98369690062242        2.30237500755900        5.15413667338124
77
 energy: -168.349914217516 gnorm: 0.012973604321 xtb: 6.7.1pre (5071a88)
N            0.16864490684699       -0.03148443330391        1.02634095046608
C            0.13515615436881        1.37605007424683        0.95356793880875
C            1.40447151157740       -0.64460242249694        1.12909450047338
C           -1.01103073382810       -0.71375655717663        0.80612577168716
N            1.25324763932968        2.05292521545500        0.99957384508746
N           -1.01354324885985        1.99404583370850        0.79128363139597
N            2.50833009342829        0.04277942392864        1.02879227650465
N            1.40216401150304       -2.00310001618410        1.11956533875545
N           -2.10922233055311       -0.08928200586620        0.50559499051505
N           -0.96026628452011       -2.05990171742595        0.88195602668247
C            2.39546395799052        1.37442000713902        1.04406644757910
C            0.20513170101125       -2.62935352193428        1.35011878459808
C           -2.08769932356407        1.24860524185885        0.57183185849205
N            3.56968333818878        2.05358555370930        1.06817669003318
N            0.19206752606131       -3.93288220305131        1.76956086125737
N           -3.28232978834920        1.85439140162898        0.36190849371480
C            3.74838360010627        3.46131035516158        0.86026700846515
C            4.75605178319381        1.43253927948109        1.34294847721302
C           -3.50293161051407        3.27353620373404        0.42987993389313
C           -4.35626533803940        1.10996656481233        0.08310335311502
C            1.30590040645734       -4.60444666056218        0.97518076966164
C           -0.64427578194744       -4.65474888672068        0.74166429633711
N            4.91398390913588        3.92573246291397        0.54784426715192
N            5.87480261798009        1.91993083719870        1.17841023438313
N           -4.73265980840863        3.70911566333248        0.85011252042732
N           -5.32431870396281        0.57265516522879       -0.20310008612761
N            2.40391319189417       -3.98402989782695        0.77475983659894
N           -1.67398764746516       -4.08278792149039        0.23999582503930
C            6.04128135843507        3.15651164270893        0.49861872312713
C           -5.78112204222643        3.19932948710438        1.18727732222826
C            0.42608597662518       -5.56585018217687        0.35308973409556
N            7.14423326523675        3.41808103457673       -0.03557650113503
N           -6.79782971207129        2.95569534408964        1.77382209814618
N            0.59929470952598       -6.69177044941625       -0.18778927750950
C            2.67395614100566        4.33208206676795        1.00028479367188
C           -2.57947688699506        4.14486282045996        0.06961001300733
C            2.61702405059244       -2.73952353307048        1.11290340822119
C           -2.06911680822655       -2.88531134634160        0.54391712362409
C            1.44737204507143        4.77884095114970        0.87469093702097
C           -1.36497702653224        4.82347771171143       -0.40110966409077
N            2.41447038855739        5.81061675159927        0.85956823065650
N           -2.39379825584819        5.52524989120848        0.00817082638698
H            7.20293556851055        4.29283363347860       -0.54363083340941
H           -7.69337497408084        2.68369360939641        1.42124533604414
H           -0.24795978981837       -7.15365652927663       -0.49709078972446
H            2.60749370674792        6.21854661629675       -0.05834515552081
H           -2.83052962718959        6.40827897453452        0.19381107730828
H            0.39812275278511        4.62376225278320        0.75118029807678
C            3.13650727579254       -0.58210052889051        5.31327217250431
C            2.10303960691788       -0.07869989956698        6.02013443528466
N            0.86435553998963        0.05328622290502        5.48044951513192
C            0.64460430534808       -0.30473230693065        4.13023386087276
O           -0.46133668851464       -0.13552845510205        3.63037906346984
N            1.66133152021851       -0.81702639650653        3.45095699131910
C            2.87686636835373       -1.00051401639851        3.96519257334692
N            3.79701316951310       -1.57226764529590        3.21847817143294
C           -0.24457645934726        0.52909559212779        6.27419510365785
C           -0.83006193192066        1.87251830316248        5.76021488072318
C           -2.24246168798127        1.53759180086341        5.26511433945746
C           -2.53776501749927        0.19697136977092        5.96730732731300
O           -1.28025994310795       -0.40014746643225        6.27042722446002
C           -3.36720716524180       -0.78593302295146        5.11071003685919
O           -3.15763501952815       -0.64714573576385        3.74019285690674
O           -3.14222006649671        2.55429605664108        5.59822921471810
F           -0.84455465429107        2.76532467530730        6.77978798901053
F           -0.04729012140941        2.43389274052397        4.81335322450154
H            4.11503804533778       -0.68799039174721        5.74764658267659
H            2.20502840657131        0.24137606914303        7.04798457641238
H            4.72071533490326       -1.70484710502373        3.59698425901412
H            3.52728468984434       -2.00125900742441        2.25471220183154
H            0.13060076145345        0.68553797399388        7.29759005189246
H           -2.17674162178473        1.38850856644582        4.17816554050591
H           -3.06198543268708        0.40215682599053        6.91244085166539
H           -3.11700315171466       -1.79664275449942        5.45387893998279
H           -4.43080428290104       -0.60754899900402        5.27847153388301
H           -2.20255462946675       -0.72506821380599        3.58151626550405
H           -3.99087573970876        2.34993096122586        5.19133967375172
77
 energy: -168.350872997173 gnorm: 0.013418422764 xtb: 6.7.1pre (5071a88)
N            0.18268563039778       -0.04388502136607        1.04425137160603
C            0.14924067180994        1.36204544129637        0.96730999639862
C            1.41863479245420       -0.65722009061622        1.15575184157268
C           -0.99558811549514       -0.72794850923633        0.82562736934640
N            1.26749484965998        2.03868405058476        1.00637422891712
N           -1.00058578869471        1.97902857613034        0.80842972637242
N            2.52333562702631        0.03051450601857        1.01985091130270
N            1.41590151505958       -2.01843276195467        1.11485325193359
N           -2.09632945499804       -0.10561476521420        0.53149548038821
N           -0.94513166957405       -2.07376907788156        0.89903430473786
C            2.41038858366593        1.35979146472253        1.03674243707809
C            0.22209866912578       -2.64874466717967        1.34914449988315
C           -2.07442132646747        1.23209862376477        0.59456488422257
N            3.58394094771117        2.04054972226339        1.04919012398808
N            0.21876842599551       -3.95980700371323        1.75259075410986
N           -3.27062952598920        1.83685955113628        0.38757941559833
C            3.75555048362580        3.45123304094205        0.86259154439422
C            4.77412632450718        1.41672938915627        1.30738641052201
C           -3.49312091894905        3.25560853502690        0.46380895880177
C           -4.34383960585204        1.09191113922076        0.11032336616107
C            1.32524742201893       -4.61406852869419        0.92838254002043
C           -0.62797751639291       -4.66858619497215        0.72582442564613
N            4.91929089697760        3.93066711779626        0.56695946055961
N            5.88964877767876        1.91504597104414        1.15370979729646
N           -4.71869661965063        3.68508149605431        0.90193198029689
N           -5.31507341030165        0.55691683232931       -0.16937552146854
N            2.41906787454753       -3.98935537736779        0.72587965482330
N           -1.66607739599005       -4.09097175779124        0.24800950439911
C            6.05237740873836        3.16908156093101        0.50967605356347
C           -5.76025964724748        3.16736397694894        1.24852484909576
C            0.44006786120656       -5.57155190980800        0.30874668221060
N            7.15765239050380        3.45317990803224       -0.00739439493141
N           -6.77202400926281        2.92044677616440        1.84055514913119
N            0.61105382470068       -6.69185382459717       -0.24460461608585
C            2.67495332356501        4.31466565873390        1.00323195911928
C           -2.57396443778833        4.12961947140552        0.10023641854370
C            2.63098211694719       -2.74870188946470        1.07771189079835
C           -2.06186830652847       -2.89865338089079        0.57026104128521
C            1.45165182874831        4.76549682917230        0.86482956564290
C           -1.36398991730108        4.80928303709166       -0.37301779113450
N            2.42042726439875        5.79628990710699        0.88162039647309
N           -2.38810630589473        5.50976430938885        0.03687374068970
H            7.21426817849630        4.34348459046962       -0.49000896058328
H           -7.66659670268494        2.63956808476419        1.49287685726471
H           -0.23932949282007       -7.15716556665769       -0.53802617002325
H            2.62844873004270        6.21733973634797       -0.02723842694118
H           -2.82002371567378        6.39314052921545        0.22714085579555
H            0.40396368638826        4.61361669509469        0.72177826771570
C            3.11489941738443       -0.58247914850939        5.26077365876894
C            2.09053737333788       -0.08736713482126        5.98361357324792
N            0.84952771402263        0.06262842076279        5.45015849976857
C            0.61525641445656       -0.28581508140739        4.10348500210542
O           -0.49894560715125       -0.12482905997491        3.62214551665279
N            1.62929084003669       -0.78263697591169        3.40381308798804
C            2.85251717317698       -0.97611209381149        3.90316268985276
N            3.76811547620162       -1.53687628163664        3.14847927669391
C           -0.25050290048042        0.53986577690710        6.25468076114025
C           -0.83648111997844        1.88681968148421        5.74748728650989
C           -2.25812073040720        1.56114576394007        5.27795638669050
C           -2.54927157029556        0.22240104735039        5.98305251384275
O           -1.28987670799390       -0.38522599161524        6.25930291604340
C           -3.40353952710721       -0.75012190292244        5.13960559645505
O           -3.22254868885568       -0.60793977167846        3.76366324198642
O           -3.14392844586403        2.58389689288498        5.62617567662380
F           -0.82832111726376        2.78023632394648        6.76869403531752
F           -0.06722849085192        2.44327413306941        4.78863443364596
H            4.09534279478273       -0.70436615084260        5.68676251462225
H            2.19872906145243        0.21371156813919        7.01670124679613
H            4.69131839764284       -1.66811005880890        3.52595706582561
H            3.49769450311814       -1.99109887605744        2.18628323354351
H            0.13469842414870        0.69452052775201        7.27393760812234
H           -2.21235327677487        1.41210078143965        4.19068748350798
H           -3.05381238953651        0.42757440697666        6.93942460877625
H           -3.15620052049984       -1.76539873869139        5.47300873096370
H           -4.46133318759299       -0.56002533447738        5.33155961284551
H           -2.27375902864331       -0.70786723887225        3.57727917014863
H           -3.99933650309742        2.39931731427755        5.22415048551316
77
 energy: -168.351963774557 gnorm: 0.015714071997 xtb: 6.7.1pre (5071a88)
N            0.18902229334954       -0.05425196201508        1.07190162653736
C            0.15771631649496        1.34850901764039        0.98489556043047
C            1.42312243576478       -0.66754114469097        1.21040355216127
C           -0.98703679707103       -0.74181692165439        0.85500472369708
N            1.27711970612838        2.02462771716930        1.01737465751147
N           -0.99202891488207        1.96499350222128        0.82248904537237
N            2.53041226908942        0.01818839040298        1.02157884005132
N            1.41963461455778       -2.03241390506567        1.13073845988764
N           -2.08991326475664       -0.12260468908674        0.56503529131939
N           -0.93652550920733       -2.08741744381524        0.92636830352204
C            2.41942911812993        1.34377553515796        1.03412743905830
C            0.23008688403468       -2.66986114399075        1.35812315771695
C           -2.06545222430628        1.21503094065452        0.61986044581081
N            3.59417900389803        2.02432676157399        1.02865780134074
N            0.23588405267317       -3.99077056247725        1.73817461562115
N           -3.26245459360776        1.81990409148250        0.41293825701392
C            3.76300731314555        3.43663371231909        0.86257276298137
C            4.78597469771009        1.39389175550383        1.26998664107456
C           -3.48417242567203        3.23843994859716        0.49572326516991
C           -4.33434212284344        1.07373713892403        0.13731716220827
C            1.33915876032161       -4.62067591124643        0.88773537628464
C           -0.61382027771172       -4.67922999640049        0.70316167619416
N            4.92589063982780        3.92660638623673        0.58523015395273
N            5.90042075876993        1.89809909366347        1.12715864689857
N           -4.70600892376329        3.66347351291288        0.94646363706696
N           -5.31165664840002        0.54116340563057       -0.12680347524583
N            2.43035259958155       -3.98856422051175        0.69298929513904
N           -1.65796279067370       -4.09507964476215        0.24687466576657
C            6.06154941031305        3.16705411444762        0.52017344065070
C           -5.74177576974403        3.14052170655008        1.29969306420922
C            0.45489226482002       -5.57059884051650        0.25618486512863
N            7.16846692277969        3.46896264949573        0.01849307689806
N           -6.74485141997752        2.88432319237890        1.90656725027244
N            0.62970109815598       -6.67902234799709       -0.31940525975967
C            2.67882325278815        4.29568758104861        1.00529826854586
C           -2.56728703781209        4.11351919219919        0.13081016878695
C            2.63439161287718       -2.75318470491662        1.06224637916036
C           -2.05848654715877       -2.91057852246966        0.59479274320577
C            1.46020383906681        4.75417937484105        0.85668585742552
C           -1.36379824646862        4.79216468778620       -0.35975902644607
N            2.43268752286943        5.78095471885069        0.90694707617002
N           -2.37933592571464        5.49416363277892        0.07184167073113
H            7.22415991126327        4.37327640907250       -0.43632148183981
H           -7.64173398650628        2.60122851119899        1.56608436171460
H           -0.21954350650146       -7.14822850447051       -0.60594876258265
H            2.65606743990267        6.21796933413711        0.00912533607338
H           -2.80365658860906        6.37857115903810        0.27483831212521
H            0.41414815446114        4.60922927862809        0.69612859761235
C            3.09673353138328       -0.57464337323637        5.21206472116118
C            2.07950484186448       -0.09336380055114        5.94983389401646
N            0.83926161720987        0.07759497129508        5.41804632837766
C            0.59673805094808       -0.25924850242250        4.07337045640494
O           -0.52247891972699       -0.10878192264048        3.60601842756519
N            1.61066350615231       -0.73760353125925        3.35488979281021
C            2.84084989177979       -0.94161417523897        3.84302884347115
N            3.75354430309281       -1.48831975999840        3.08168543549286
C           -0.25713475958155        0.54932913131083        6.23054294176648
C           -0.84592932942011        1.89993540717724        5.73143807492943
C           -2.27353481507835        1.58109527656448        5.28277392450472
C           -2.56061229272831        0.24341768390502        5.98927573782108
O           -1.29788552067485       -0.37475724432449        6.23553835392954
C           -3.43981325361067       -0.71663564920638        5.16165956281509
O           -3.27039569511410       -0.58122536021237        3.78583016969648
O           -3.14571378732348        2.60801578031990        5.64142880111863
F           -0.81917002788970        2.79398158588582        6.75266824803039
F           -0.08933686721937        2.45495145408677        4.76085856739647
H            4.07732060068572       -0.71438164237933        5.63202610345206
H            2.19131362150437        0.17982237374758        6.99051528500727
H            4.67659455744841       -1.61735026795664        3.45804053400582
H            3.47767978853432       -1.98448518988155        2.12641406489662
H            0.13093744225313        0.70086069279214        7.24901686574027
H           -2.24282018994218        1.43094566635398        4.19656472031919
H           -3.04283268071578        0.44801373603706        6.95802359539389
H           -3.20963724211153       -1.73624167853853        5.49442862618526
H           -4.48983183220300       -0.50562995438494        5.36379365186954
H           -2.33189334023164       -0.70193458788514        3.58185979917051
H           -4.00677857086106        2.44688589402729        5.24043895057562
77
 energy: -168.353508299036 gnorm: 0.024846597928 xtb: 6.7.1pre (5071a88)
N            0.19364564927026       -0.06320272026105        1.10442048620592
C            0.16355810217453        1.33573090922764        1.00334504753035
C            1.42607266785288       -0.67364713532388        1.28732938656242
C           -0.97968099748974       -0.75651093778766        0.88859702569328
N            1.28362691912976        2.01311584419330        1.03128407675591
N           -0.98572774758388        1.95124990724193        0.83086807217907
N            2.53566691200774        0.00964046339074        1.03094067932016
N            1.42372335016595       -2.04419002493950        1.15965056014706
N           -2.08430897578152       -0.14163209678109        0.59930645832454
N           -0.92761294652210       -2.10199654372914        0.95841882136646
C            2.42528521123190        1.33031226146218        1.03524914275792
C            0.23904047494345       -2.69077658805921        1.37161069869131
C           -2.05806111036907        1.19617186335884        0.64430869086368
N            3.60199503892838        2.01136549661166        1.00892482181270
N            0.25267816974236       -4.01986447176357        1.72772079136286
N           -3.25590600711265        1.80112586545123        0.43747644264847
C            3.77075390709250        3.42464121829959        0.86049579968872
C            4.79273900041690        1.37435256906801        1.23781365745356
C           -3.47569016638330        3.21936724814085        0.52779218094571
C           -4.32603033537023        1.05307674590308        0.16261082244596
C            1.35637790266234       -4.62476881234806        0.86006994718709
C           -0.59537217174204       -4.68809084888744        0.68139490917639
N            4.93478343453341        3.92163333067425        0.60424881979108
N            5.90886318434155        1.88044249944746        1.10819414280114
N           -4.69380885619769        3.64051588642934        0.99459547158549
N           -5.30955321985052        0.52260853014837       -0.08195198115135
N            2.44768703356140       -3.98369025054662        0.67815963511826
N           -1.64320110946007       -4.09939822637781        0.23973571179546
C            6.07219890299835        3.16135036518212        0.53536573543445
C           -5.72348715770888        3.11324705365976        1.35797195875655
C            0.47610884058918       -5.56711837302039        0.20894184862537
N            7.18326165848932        3.47845809551669        0.05034291932820
N           -6.71759891862779        2.85146025910242        1.97925392783563
N            0.65660292217035       -6.66163855042776       -0.39092428071607
C            2.68359002344806        4.28099822132031        1.00497461136294
C           -2.56096025827492        4.09489373309655        0.15834493841256
C            2.63710729594316       -2.75399472827919        1.06567553722131
C           -2.05139806400959       -2.92429020641853        0.61504712323444
C            1.46873223809651        4.74577604438542        0.84838646903582
C           -1.36433662792771        4.77288607256575       -0.34992659383189
N            2.44313261903809        5.76947309015956        0.93189716690750
N           -2.37089484211213        5.47619095260720        0.10620765273594
H            7.23983013983571        4.39380756984550       -0.37639003707789
H           -7.61616930058831        2.56746344156237        1.64545408115293
H           -0.19003271944515       -7.13763043327328       -0.67623874836170
H            2.68097209533833        6.22450897243437        0.04637853015238
H           -2.78709877623989        6.36070009887152        0.32580797776760
H            0.42423301184421        4.60703762892931        0.67371111221620
C            3.08207551344953       -0.55934677684679        5.15102327082262
C            2.07212708951707       -0.09270911317845        5.90601476292132
N            0.82989896972333        0.09266082546500        5.38044262625970
C            0.57542828955935       -0.23662108451886        4.03656098504082
O           -0.54951552381065       -0.09841055811647        3.58254867368534
N            1.58909299673889       -0.69869814315355        3.29839999139454
C            2.83068510926554       -0.90966098963518        3.77386338271902
N            3.73905787378530       -1.44400816177138        3.00475753265619
C           -0.26396079630993        0.55676678577135        6.20379896398018
C           -0.85534772577698        1.91206536699846        5.71563208379907
C           -2.29001228613287        1.60088439704507        5.28488810032548
C           -2.57308800897535        0.26294759462298        5.99243213872843
O           -1.30647007134630       -0.36692337718625        6.20578409619761
C           -3.47983710986681       -0.68094431867233        5.18151022605876
O           -3.32733447276925       -0.54823401906324        3.80050849110943
O           -3.14802335623712        2.63163264507098        5.65467204221517
F           -0.80879870903496        2.80798851477289        6.73471005430969
F           -0.10902002214369        2.46507910680870        4.73053063413403
H            4.06552768987584       -0.71173337906375        5.56231697625083
H            2.19222611412613        0.15393452522328        6.95361732982892
H            4.66255517753630       -1.57068156792719        3.38012205013960
H            3.44775391285189       -2.00463237556723        2.05984714663027
H            0.12596899734159        0.70307946604969        7.22419907997960
H           -2.27333088668851        1.44891822366329        4.19873358498140
H           -3.02950358832672        0.46752243413874        6.97507826988468
H           -3.26738504880703       -1.70673860145566        5.51461558173188
H           -4.52518066102248       -0.44563898355625        5.39779238717128
H           -2.39623019237583       -0.70361860368719        3.57196061688481
H           -4.01469367138375        2.49395787754889        5.25337867146996
77
 energy: -168.356205710216 gnorm: 0.063353653691 xtb: 6.7.1pre (5071a88)
N            0.18292430524334       -0.06278643508561        1.14967714370574
C            0.15504409059632        1.32890472678725        1.02047920997954
C            1.41109456409836       -0.66490628226128        1.43866126617275
C           -0.98628715572516       -0.76757257030050        0.93420733339076
N            1.27641060347145        2.01075718096035        1.05099563396966
N           -0.99132107422607        1.94473400123220        0.81613696811020
N            2.52519499883846        0.01122628364029        1.06582606388094
N            1.41257592617714       -2.04752255776360        1.23572575879794
N           -2.09132442872786       -0.15995849113654        0.63689663387819
N           -0.93070194508423       -2.11304680387712        1.00702570197915
C            2.41534964230873        1.32302218650638        1.04595719282581
C            0.23421253172618       -2.70878530101053        1.40132027575678
C           -2.06131865778972        1.17851443597288        0.66289251261838
N            3.59820427160005        2.00470755593972        0.98523734492982
N            0.24877826056511       -4.04356128103592        1.72858755672414
N           -3.25932627211680        1.78576980416207        0.45260100019038
C            3.77826781929439        3.41635366813160        0.84582922017441
C            4.77931759881916        1.35759717462509        1.21128144255150
C           -3.47119186322245        3.20368891052912        0.54755328726291
C           -4.32473325843288        1.03310967716993        0.17299102213759
C            1.36428069518579       -4.61985082808894        0.87112708794617
C           -0.58088499676885       -4.68506711115414        0.65452105011978
N            4.94815087842497        3.90580319937326        0.61352015010079
N            5.90576232999854        1.84917526582160        1.09624377341308
N           -4.68794476062333        3.62432201255588        1.02463385243595
N           -5.31653901526039        0.50306827167456       -0.03508972823925
N            2.46604774851531       -3.96589300684140        0.72232240247092
N           -1.62383889488227       -4.09518761669463        0.20610616840187
C            6.08051446270569        3.13092116356239        0.54852547074359
C           -5.71364872121841        3.09867381928756        1.39817491044938
C            0.49980260902751       -5.55113450997880        0.16784944159488
N            7.19829553478975        3.44950924765327        0.07511333091976
N           -6.69859196942221        2.83728252732166        2.03380115506064
N            0.69389465251778       -6.62321244804342       -0.46927451652987
C            2.69277609168683        4.27734426242044        0.99470742328796
C           -2.55524366104320        4.07619491876804        0.17077813725315
C            2.61951143833362       -2.74401469108348        1.13056083268041
C           -2.04724074062696       -2.93353139796918        0.61923644141969
C            1.48014835659782        4.74781053213567        0.84035670465807
C           -1.36463043513242        4.75428313532473       -0.34886243774620
N            2.45422604924172        5.76757093578107        0.95128219922282
N           -2.36303936272876        5.45910279543472        0.13075092430740
H            7.26077680751469        4.36709766715455       -0.32193611055723
H           -7.59669611038369        2.55811202797485        1.70284920374266
H           -0.14274869652158       -7.10963598300445       -0.77947702311053
H            2.70214792125745        6.24538860718694        0.08113072755170
H           -2.77044479464434        6.34096094808165        0.37253380703569
H            0.43686874298141        4.61695497991628        0.66521948269853
C            3.08207187016284       -0.52251489780616        5.09873805104960
C            2.07502047567682       -0.07489065915038        5.86798668162496
N            0.83168306198147        0.11276899138748        5.34839714446449
C            0.57259552323639       -0.21767123787585        4.00034174155583
O           -0.55135663746432       -0.09537100007834        3.54543529452772
N            1.59065892259652       -0.66792428439655        3.24869439886175
C            2.84980533766709       -0.87824985763121        3.71908788543156
N            3.75534744578625       -1.39882970419122        2.94402888074190
C           -0.27183776128082        0.55743014179718        6.17890305572762
C           -0.86780029407586        1.91750248395698        5.70393688407498
C           -2.30418026968680        1.60897327090819        5.27224569881598
C           -2.58505262274246        0.26670231352960        5.97674176300454
O           -1.31272534486792       -0.37280196456700        6.15922519985419
C           -3.51219521015310       -0.65628362707469        5.18461273697383
O           -3.35621702835090       -0.53024101109514        3.79632883202765
O           -3.15101678755755        2.63795051563598        5.64355799489313
F           -0.80850884816854        2.82145773186117        6.71041124707928
F           -0.12045494994028        2.47008140492015        4.69951251767901
H            4.07001949228909       -0.67603798259053        5.50185335492341
H            2.20819363701086        0.14356524075277        6.92155384330428
H            4.67819010818294       -1.52905106770370        3.32315852830359
H            3.42394357923447       -2.08580847153887        2.02099951998783
H            0.10394327483129        0.69546046659236        7.21224170337471
H           -2.28600785349056        1.45283083049110        4.18645362188673
H           -3.01286780841215        0.47071411573945        6.97281010241922
H           -3.33057533969178       -1.69006905819415        5.53500636867329
H           -4.55895432166964       -0.38904177777491        5.39604543792915
H           -2.43267261483092       -0.73554538947348        3.55033844996884
H           -4.02192915339345        2.52259887565707        5.23739763104455
77
 energy: -168.361407025359 gnorm: 0.051918716889 xtb: 6.7.1pre (5071a88)
N            0.18597329958405       -0.06740303848645        1.15455583413931
C            0.15835513613780        1.32809882025847        1.02125856551396
C            1.41739381857947       -0.67067152102868        1.45371205207028
C           -0.98294289687500       -0.76791718806054        0.92968590164026
N            1.27427918120165        2.01012939653494        1.05402588270076
N           -0.98968901199281        1.94274196191571        0.81428457122293
N            2.52665907662427        0.00747931248810        1.08157610157852
N            1.41503955918365       -2.05485746270022        1.24373553228508
N           -2.08647839620568       -0.15748119638337        0.62949908747936
N           -0.93151968172389       -2.11421103027561        1.00189225218518
C            2.41489257156857        1.31919736066787        1.05379951645615
C            0.23355257071984       -2.71091277802886        1.40229672323889
C           -2.05904728868519        1.18147130763701        0.65435197520137
N            3.59854462003804        2.00135823028465        0.98774483893145
N            0.24364878023697       -4.04771327703753        1.72831307267371
N           -3.26060602386013        1.78422976314262        0.45509641353963
C            3.77944816669048        3.41279346325614        0.84618486969025
C            4.77821387020003        1.35657047471227        1.21328095551866
C           -3.47484213755983        3.20168342560338        0.54707114833096
C           -4.33321591948435        1.02490102564881        0.21880101392971
C            1.36280847973566       -4.62934787088947        0.87668089119429
C           -0.58208838350636       -4.68660211089913        0.65026021938059
N            4.94991895629685        3.90276364777874        0.60921314883521
N            5.90357425052714        1.84772378578506        1.09648845005026
N           -4.68576489967865        3.62357411939933        1.03455887082648
N           -5.31999237058911        0.52220922594674       -0.08194224246235
N            2.46633577950926       -3.98661506412829        0.73320191543687
N           -1.62239033730154       -4.09243148482827        0.19873581900657
C            6.08310919272837        3.13120727335488        0.54330419346269
C           -5.71039722461879        3.09657111520205        1.41221922006346
C            0.49824867189957       -5.55274622497105        0.17166142619007
N            7.20221983282209        3.45188581733534        0.07660747342570
N           -6.69906287954155        2.84174813197194        2.04315147209360
N            0.69239695418503       -6.62188014367006       -0.46462826551773
C            2.69460755311626        4.27504617170134        0.99242397901089
C           -2.56163126265860        4.07477906123257        0.16690126036570
C            2.62059366193672       -2.75915289063291        1.14194599913786
C           -2.04746887939910       -2.93269077080137        0.60874811462291
C            1.48235404255525        4.74424820704621        0.83564985162879
C           -1.36621362251363        4.75309023639841       -0.34060301449604
N            2.45452909180603        5.76593877391247        0.95113493177453
N           -2.36793466161373        5.45621884935185        0.12754357609541
H            7.26627592854945        4.37497294760856       -0.32598541368086
H           -7.59569006747926        2.55205453058246        1.70973500640115
H           -0.14335213874058       -7.09176332352385       -0.79714119597823
H            2.70152708394730        6.24289995018839        0.08036612188002
H           -2.77513762835069        6.33781820452077        0.37024265216826
H            0.43787168066713        4.61086617964229        0.65677658079764
C            3.08290856605395       -0.53091726463716        5.10548333139365
C            2.07240226292531       -0.07416111695745        5.86461965313107
N            0.82674059840992        0.10635493111873        5.34609144166615
C            0.56419158395573       -0.21569448154482        4.00359856005806
O           -0.56561683827281       -0.10457901404320        3.56162178433996
N            1.59092409083295       -0.65715374276708        3.25190343458284
C            2.85304936016815       -0.87471011218954        3.72625533152419
N            3.76130835836093       -1.39116501925417        2.95867536187399
C           -0.27455014197607        0.55739008569478        6.17089635390983
C           -0.86375989820480        1.91820641319635        5.69864644057120
C           -2.30310620514432        1.61377798230648        5.27049396246728
C           -2.58428842861555        0.27185225244418        5.97763462883535
O           -1.31579320386754       -0.36868561349241        6.15396836629464
C           -3.51458161763297       -0.65344905427336        5.18227288042502
O           -3.36355459779944       -0.53555591297864        3.79768630939986
O           -3.15493901997131        2.64312555375596        5.64748521463167
F           -0.79967429246637        2.81386035691133        6.70999533745876
F           -0.11556693613192        2.46587099925793        4.70019957887422
H            4.06971576596958       -0.67662507898284        5.51140911424771
H            2.20211041266383        0.16375661003672        6.91138579770876
H            4.68232124786514       -1.52175614166234        3.35027684372782
H            3.44467893513393       -2.04205165935446        1.94521253605493
H            0.11078710358622        0.68941579170809        7.19671920982925
H           -2.28736758449723        1.45786651672489        4.18299257785786
H           -3.00992865352349        0.47502226446138        6.97270970216899
H           -3.33395186175837       -1.68267192174795        5.52563675477838
H           -4.55646625074522       -0.39064164019463        5.39227375596994
H           -2.44455761988654       -0.73811238693119        3.55992526527834
H           -4.02033923428516        2.51955600847450        5.23814512147235
77
 energy: -168.368682207286 gnorm: 0.068647248260 xtb: 6.7.1pre (5071a88)
N            0.18867039633062       -0.07483617631336        1.17251617572283
C            0.16262661685394        1.32906708300536        1.02959420374046
C            1.42984219205518       -0.67692300987216        1.49906874981820
C           -0.97780513498379       -0.76627364471711        0.92210386892522
N            1.26734485524580        2.01206868989193        1.06335747011055
N           -0.99101361135738        1.93949413562723        0.82438160581606
N            2.52678265970329        0.00543812011047        1.11391095585214
N            1.41993280139609       -2.06441022198633        1.26672256365431
N           -2.07657487945573       -0.15152783963161        0.60700492372309
N           -0.93409011321381       -2.11470744326712        0.99371827672906
C            2.41191779208997        1.31468581615381        1.06794307371002
C            0.23304662694139       -2.71139279634540        1.40594369310252
C           -2.05838769160756        1.18923129385768        0.64162073497541
N            3.59763619495216        1.99656938142547        0.98973785014178
N            0.23682828072335       -4.05339658858183        1.72507864816327
N           -3.26209634215710        1.78587975188738        0.44386748577749
C            3.78086233079018        3.40716156603337        0.84551452032248
C            4.77436522531305        1.35607545270313        1.21364387287522
C           -3.47953133494448        3.20154562436577        0.54474995457476
C           -4.33531512895183        1.04063050020647        0.17025206230132
C            1.36382609743778       -4.63706136294186        0.87704753837120
C           -0.58117763552777       -4.68704337834620        0.63994936923395
N            4.95288756473159        3.89722336277310        0.59991889113954
N            5.89786718161159        1.84485382897662        1.09441326551825
N           -4.68434711593858        3.62753401806755        1.03863857038841
N           -5.31787350284996        0.49332637960627       -0.00014861523171
N            2.46841510046711       -4.01179521495491        0.73731257294205
N           -1.61853168573012       -4.08648322245939        0.18664745483632
C            6.08851589402326        3.13409569259439        0.53375407700688
C           -5.71192467589402        3.10084358793784        1.41418847470654
C            0.49924075929479       -5.55116425022308        0.17421239652020
N            7.21029528528269        3.45726313030715        0.08070148468726
N           -6.69042252804924        2.83197847557212        2.05269434898438
N            0.69335342293040       -6.61649353351403       -0.46062220083098
C            2.69848739647599        4.27258318181408        0.98810728633191
C           -2.56754701301863        4.07554644819336        0.16819440619709
C            2.62378398712004       -2.77898876829215        1.15960658460532
C           -2.04760159318454       -2.93049941102476        0.58966224255686
C            1.48659642229926        4.73964408047449        0.82851905912405
C           -1.36714906311826        4.75510979478922       -0.32594669081636
N            2.45577834425249        5.76477019777599        0.95186821937775
N           -2.37073064659258        5.45383830492602        0.13068940001040
H            7.27746680980702        4.38896868207762       -0.33376974484029
H           -7.59647403258390        2.54839759808136        1.72731761319871
H           -0.14109736845169       -7.06164075236477       -0.82409492530720
H            2.70007981048383        6.23898264819139        0.07897008386691
H           -2.77998298666064        6.33507745788951        0.37115570774082
H            0.43997418740669        4.60134818826145        0.64158148889027
C            3.08521830494664       -0.54089107455416        5.11368647831691
C            2.06836413465651       -0.06928595416726        5.85370236161223
N            0.81628865175638        0.09077726708120        5.33774332644132
C            0.54565793704176       -0.21565942006930        4.00674966556982
O           -0.59395112150325       -0.12094564066430        3.58856065213189
N            1.59017533447992       -0.63579964479443        3.25307732206560
C            2.85997860362271       -0.86766417312691        3.73444048711119
N            3.76701210327062       -1.38285896406923        2.98448140599209
C           -0.27946062906838        0.55556515581226        6.15515328769542
C           -0.85564381924563        1.91852118987564        5.68718847202628
C           -2.30096167342520        1.62088083739350        5.26698680084452
C           -2.58190658515253        0.27993992238950        5.97956766634705
O           -1.32190183704112       -0.36200016566013        6.14570614988692
C           -3.52025604105668       -0.64897131318386        5.17778322872813
O           -3.37550243225706       -0.54055168841946        3.80049507295111
O           -3.16211349388346        2.65254128066901        5.65454128616345
F           -0.78495837659747        2.79904857174723        6.70787466501485
F           -0.10883734645892        2.45728920524293        4.70062292252231
H            4.06855699194102       -0.67431708153491        5.52655579441845
H            2.18825678965047        0.19935531601183        6.88990451797166
H            4.68379331437096       -1.50515734198624        3.40258447958468
H            3.46203976782093       -2.04470486042009        1.82250376227291
H            0.12300838049743        0.67950519162087        7.16755590426010
H           -2.29166454981297        1.46575860666794        4.17667480663756
H           -3.00630289879277        0.48279195628464        6.97102441522610
H           -3.33840803777532       -1.66920458469623        5.51040062590841
H           -4.55212906625670       -0.39046415460429        5.38858347713717
H           -2.46489971557304       -0.73908042588015        3.57908302043167
H           -4.01620084208760        2.51098612813661        5.23810089605812
77
 energy: -168.382361179612 gnorm: 0.100465405208 xtb: 6.7.1pre (5071a88)
N            0.18974275707151       -0.08080254701177        1.20840180077240
C            0.16947725428195        1.33386599219355        1.03960283066707
C            1.44764797354400       -0.67547903252485        1.58673349873503
C           -0.97004833689044       -0.76125477252073        0.92421637930396
N            1.26046907961483        2.01805845463482        1.06799447428012
N           -0.99171998476850        1.93589150069177        0.83209502704589
N            2.52650162077441        0.01025563346660        1.15354753011506
N            1.42659484102506       -2.06874204348447        1.30840308688079
N           -2.06251945012608       -0.14574479084340        0.59010588164142
N           -0.93581311146836       -2.11354647096187        0.99425936967250
C            2.41006456731352        1.31179232979560        1.07872353864995
C            0.23638933346966       -2.70741781052274        1.41592444406085
C           -2.05638866814293        1.19881351763713        0.63253041319635
N            3.59776710852217        1.99248488707619        0.98497549377562
N            0.23600465340612       -4.05702017108954        1.72023944512146
N           -3.26487782251841        1.78338445320833        0.44502548321206
C            3.78219550458389        3.40172502357445        0.84093876743187
C            4.77127755050722        1.35817679210200        1.20892811486104
C           -3.48611534123035        3.19836614003481        0.54548569849985
C           -4.34790240334783        1.04183239265927        0.19621049972474
C            1.37427725982496       -4.63247685041512        0.86890806382270
C           -0.57300950377102       -4.68547469014694        0.62980435174215
N            4.95633368763290        3.89114104567536        0.58733067028179
N            5.89258530859894        1.84229137837976        1.08923138686172
N           -4.68330935103663        3.62997448183831        1.04786966849752
N           -5.32001443659732        0.49465966935626       -0.01408569843542
N            2.47827717113802       -4.02046388164571        0.72693815203546
N           -1.60917594812659       -4.07942838656758        0.18087260851782
C            6.09641024230349        3.14178225093316        0.52340656386026
C           -5.71082454004239        3.10086817635990        1.42501888390988
C            0.50885586050915       -5.54472092919054        0.17376183594629
N            7.22120146392008        3.46519387933918        0.08644841667456
N           -6.68661502299941        2.82636401394800        2.06338845566398
N            0.70069612122847       -6.60820380011592       -0.46162207517761
C            2.70370823909395        4.27121968552562        0.98216261648605
C           -2.57796317694529        4.07376238420299        0.16413101399658
C            2.62831327569365       -2.78591003394744        1.17516639418860
C           -2.04394851917064       -2.92753930852530        0.57600003991907
C            1.49126717767079        4.73608591781831        0.82228937413521
C           -1.37323117070713        4.75408616910332       -0.32283898162011
N            2.45824795404794        5.76478727256663        0.95322793629617
N           -2.37464415213857        5.44840725056510        0.12939281813192
H            7.29121389145240        4.40308948421810       -0.34249825574535
H           -7.59843717972904        2.54462152768319        1.74194386266644
H           -0.13345359457719       -7.03478801945751       -0.84158110169195
H            2.69821556298096        6.23442836061198        0.07650568500947
H           -2.78320838773252        6.32983324591231        0.37235072838604
H            0.44260307395254        4.59238874655256        0.62592508240953
C            3.08756100060928       -0.54278229168255        5.11916561672759
C            2.06496036796087       -0.05972105144359        5.83811282143119
N            0.80340885922861        0.06814290981296        5.32296595498027
C            0.52301756392123       -0.21906581005446        4.00426292844389
O           -0.62450744116927       -0.13527102286381        3.61013996223874
N            1.58917643515055       -0.60864106088667        3.24415372636823
C            2.87106604978895       -0.86110769769683        3.73669992954149
N            3.76645669906968       -1.38150512581383        3.00846990210504
C           -0.28434675008763        0.55123117827000        6.13858444499440
C           -0.84587929610941        1.91836035188231        5.67317745447632
C           -2.29818836600832        1.62651524600642        5.26316796515373
C           -2.57843119174100        0.28741114129166        5.98210316160567
O           -1.32977646885147       -0.35551340192258        6.14086408512210
C           -3.52839993138651       -0.64569399397822        5.17323089690677
O           -3.38586429470259       -0.54082077966769        3.80331945649204
O           -3.16899670940863        2.66354580790871        5.66124551143566
F           -0.77205066450841        2.78364722388433        6.70470342688614
F           -0.10437927142978        2.44852370261675        4.70060958062228
H            4.06567227101085       -0.66539805362729        5.54147886374268
H            2.16844046141616        0.23384420933283        6.86634415173334
H            4.67681135117982       -1.48354045249737        3.46038559472647
H            3.44261179979294       -2.17043349787044        1.67289392550019
H            0.13475881514496        0.67147128771551        7.13872617381513
H           -2.29916127658791        1.47329011700186        4.17075781306131
H           -3.00616669790674        0.49229026519272        6.96728908546751
H           -3.33981716004548       -1.65634601339477        5.50082745424123
H           -4.54960130322452       -0.38576710082435        5.39030784747333
H           -2.48207402042524       -0.73553686857116        3.60019023923441
H           -4.00941726296151        2.49825126303026        5.23466375162892
77
 energy: -168.390886180954 gnorm: 0.118925501134 xtb: 6.7.1pre (5071a88)
N            0.18389234467820       -0.08021216142565        1.24561378783510
C            0.17296161001894        1.33909598110478        1.05126820856675
C            1.45453661370774       -0.66630636647835        1.68352723392515
C           -0.96582267025898       -0.75404488348756        0.93317519025840
N            1.26165187790900        2.02174297484608        1.07185129263817
N           -0.99162239121557        1.93532035679759        0.83823612076234
N            2.52551508085566        0.01805482036354        1.17733117476730
N            1.42055289807077       -2.06860910557999        1.34884199916776
N           -2.05297614848308       -0.14520029569159        0.58055315110621
N           -0.93777962539626       -2.11130664919786        1.00270810965813
C            2.41331640921840        1.30916239697992        1.08471321717911
C            0.23433605769774       -2.70419077436648        1.42583921950782
C           -2.05460252227018        1.20332308269838        0.63395135703971
N            3.60049750085809        1.99028986202450        0.97529524357087
N            0.23295502992809       -4.05862489644198        1.71549045028656
N           -3.26484389405178        1.78120728731308        0.44825332528137
C            3.78232015977743        3.39884522664418        0.83259095199151
C            4.77567259187352        1.36255977618215        1.19987580503121
C           -3.48714907104850        3.19709053873567        0.54834939728569
C           -4.35207272028228        1.04283967646266        0.21016753833518
C            1.38015053886637       -4.62988619916939        0.86831177526533
C           -0.56917919550898       -4.68716208594863        0.62641375656806
N            4.95699593374988        3.88764223934154        0.57879629475281
N            5.89622622467854        1.84259252053487        1.08260450263991
N           -4.68407599121497        3.63125348406408        1.05139296823048
N           -5.32104769426913        0.48482591714887       -0.02506353978298
N            2.48470846453895       -4.01704184520365        0.72678476663520
N           -1.60109945040757       -4.07731026274428        0.17998742414523
C            6.10122629472653        3.15036709278768        0.51849577980702
C           -5.70924681892453        3.09934085002747        1.42952834389161
C            0.51567092295027       -5.54585469469771        0.16925183903212
N            7.22803018778034        3.47110377045306        0.08857191692849
N           -6.68567479403269        2.82135382660565        2.06667916719048
N            0.70477148554556       -6.60811868397351       -0.47416754635538
C            2.70661301671266        4.27002472004385        0.97823278444670
C           -2.58098947783940        4.07378663258845        0.16257613923727
C            2.61053607775132       -2.78453193431805        1.18442044185037
C           -2.03848150242866       -2.92395419011877        0.57249207554307
C            1.49290927755542        4.73465174536478        0.82054610172146
C           -1.37376431149526        4.75416532934038       -0.32615807002882
N            2.46121362809181        5.76352517492510        0.95354930039985
N           -2.37443850543157        5.44774761740554        0.12957814236104
H            7.29914977144486        4.40557921921122       -0.34067728605529
H           -7.59795585840051        2.54387160825692        1.74823553490825
H           -0.13091362751949       -7.03483555208906       -0.84596689183669
H            2.69912207309397        6.23147906971738        0.07488428956808
H           -2.78374079350291        6.32933977457025        0.37349829530095
H            0.44585672604542        4.58978628353563        0.62114048580791
C            3.08249296330932       -0.52933014462639        5.12744445242082
C            2.05984009127913       -0.05245863851506        5.83759215880964
N            0.79550768418236        0.05152773471288        5.31200400907790
C            0.51600255068537       -0.22848911272178        3.99387890104472
O           -0.62969884632745       -0.14511623723951        3.60108383430463
N            1.59416026074730       -0.59525783878514        3.22417823804433
C            2.88595659992104       -0.86066713865371        3.73656607770591
N            3.78150077206528       -1.36755348989863        3.01402935676347
C           -0.28782401023746        0.54401607710834        6.13507913002860
C           -0.84337813133932        1.91630889485673        5.66641125307589
C           -2.29821680108837        1.62670488405821        5.26083921033443
C           -2.58114605157646        0.29005015500001        5.98095768654665
O           -1.33870051934115       -0.35635591707737        6.14515744175707
C           -3.53752920484521       -0.64448886588664        5.17199362354284
O           -3.39133287879494       -0.53350704644850        3.80062493095336
O           -3.16855207946508        2.66858974125492        5.65955602913837
F           -0.77077368773482        2.77960694433521        6.70275853941506
F           -0.10419468816211        2.44617183464612        4.69704561401834
H            4.05936689330967       -0.64652376608212        5.55414434959341
H            2.14966913469559        0.24665703427540        6.86641810194559
H            4.67795003388885       -1.46249045404112        3.49480559551164
H            3.43982100336732       -2.28728308613192        1.49023580784317
H            0.13382075266818        0.66975300219626        7.13639508102954
H           -2.30678056225869        1.47737241890470        4.16979817743505
H           -3.01487324182120        0.49966854123172        6.96333347824278
H           -3.33956935189883       -1.65627535510988        5.50847207609720
H           -4.55944533447866       -0.37749826363980        5.39901790975053
H           -2.48175195882508       -0.72972720092913        3.60106099003158
H           -4.00623112625226        2.49181601790730        5.23017837974359
77
 energy: -168.399183704851 gnorm: 0.056751265005 xtb: 6.7.1pre (5071a88)
N            0.17681885727338       -0.07452377991894        1.25666445782167
C            0.17128986385214        1.33879701808192        1.05829049347781
C            1.44442672719571       -0.65986130728854        1.71297973071817
C           -0.96743826721415       -0.75109728086730        0.94105785475055
N            1.27168702539890        2.01764729730996        1.07513712324055
N           -0.98851194935650        1.93761921528990        0.83651400090257
N            2.52610446063412        0.01914119935890        1.17180655675471
N            1.40173455872067       -2.06912646250528        1.36578330016719
N           -2.05322119890065       -0.15053627099866        0.58074847832285
N           -0.94022580136653       -2.11001071184728        1.01145901828122
C            2.42016988128600        1.30645241232405        1.08509484634662
C            0.22191996482798       -2.70791950075216        1.43358653576348
C           -2.05218046349127        1.19817229582802        0.64039062254962
N            3.60436002118523        1.99020469848344        0.96912045273171
N            0.21889533060587       -4.06193992886480        1.71772134618567
N           -3.26148316135386        1.77987694538035        0.45077220777918
C            3.78180986049909        3.39938206547185        0.82510863300202
C            4.78598953313238        1.36561178218705        1.19385101438499
C           -3.48256108441367        3.19731983828750        0.55190249301201
C           -4.34719322040490        1.03744389741238        0.22399234266778
C            1.36507693487576       -4.63834894161123        0.87929121443067
C           -0.57963328656584       -4.69059503759796        0.62821693814660
N            4.95428003831436        3.88888454755292        0.57799591100563
N            5.90786968061512        1.84676824960798        1.07914983513776
N           -4.68621328851684        3.62787917284459        1.05017663312905
N           -5.31974807466150        0.48255231799438       -0.03675965271014
N            2.46838652159953       -4.00882197905303        0.73568721505507
N           -1.60277971856317       -4.07824252007334        0.17397913850639
C            6.10022222666302        3.15381569234555        0.52244409935521
C           -5.70756304871645        3.09464348790306        1.42996908316263
C            0.50697492034738       -5.55658438597552        0.16399330198285
N            7.22743311468013        3.47287513707161        0.08679926738224
N           -6.68650753139152        2.81839423523245        2.06732612827803
N            0.69911146788476       -6.61590847964602       -0.49279199043104
C            2.70533165861141        4.26802947217221        0.97759572237928
C           -2.57681025778240        4.07478481375393        0.16316558072926
C            2.56951479426403       -2.78884430147616        1.19061774398218
C           -2.03709682157623       -2.91872202651650        0.57155763147850
C            1.49060252402948        4.73370159259621        0.82116261842555
C           -1.37262635168241        4.75509979153196       -0.33686810952098
N            2.46174558158794        5.75973216672868        0.95164341081214
N           -2.37332055151994        5.45171138637371        0.13118388712625
H            7.29724051137916        4.39456425331598       -0.32995749478411
H           -7.59389706977792        2.54433231320555        1.75024269895816
H           -0.13785435809063       -7.05465303855178       -0.85208365780702
H            2.70273218599296        6.23158655974397        0.07560859612581
H           -2.78359542752515        6.33275135447680        0.37603292589655
H            0.44862044948341        4.59195095411299        0.62216308076674
C            3.07351434619211       -0.51213100657319        5.13349207127318
C            2.05538345033148       -0.05020750471002        5.85168131094065
N            0.79778637023445        0.05276504930001        5.31313970149013
C            0.52927760520924       -0.24501860462658        3.98758682906181
O           -0.60812701992302       -0.15737891703890        3.57355859805827
N            1.60338227651857       -0.60757624826793        3.21220145992550
C            2.89726297271179       -0.86312792183153        3.73433542798596
N            3.82009787928756       -1.33424406995252        3.00427637369769
C           -0.28900586096675        0.53801056743713        6.14377562260188
C           -0.85054327466544        1.91239290081395        5.66912449874091
C           -2.30199773983021        1.62256038373987        5.25931008722347
C           -2.58995890227518        0.28720711777009        5.97424663361826
O           -1.34393137500736       -0.36468462248915        6.15144162818338
C           -3.54375060325064       -0.64326735817439        5.17542913777138
O           -3.39303859604483       -0.52140052172301        3.79550965909298
O           -3.16054970074932        2.66354551518665        5.65004000634288
F           -0.77802606466506        2.78805794923377        6.70057556273069
F           -0.10715537810388        2.44843769653163        4.68880511841330
H            4.05370705094711       -0.63283724260755        5.55859861902285
H            2.14508646355166        0.24097372487107        6.88687341959986
H            4.69815252814784       -1.43819732104976        3.50182777234103
H            3.52976768340751       -2.27668573423032        1.40378954777708
H            0.12034979984130        0.67389509716314        7.15764794564977
H           -2.31120094369729        1.47702143738499        4.17177398498180
H           -3.02520805548635        0.50193384053545        6.96027052226318
H           -3.34193275117511       -1.66586517383998        5.52498322877691
H           -4.57643079160976       -0.36951779039797        5.40796457923729
H           -2.47233369386998       -0.72776588660826        3.58086186591733
H           -4.01046343731325        2.49711343356182        5.22998752199403
77
 energy: -168.402485640398 gnorm: 0.026905795506 xtb: 6.7.1pre (5071a88)
N            0.18793438050033       -0.07178702289399        1.25433028298365
C            0.17685022974057        1.33510728484212        1.06647694859119
C            1.44944396207590       -0.66276087015726        1.69656277195812
C           -0.95576860943368       -0.75391931523078        0.94844601230007
N            1.28362008113622        2.01229172920788        1.08328652271543
N           -0.97961606080373        1.93738710320982        0.83999132618447
N            2.53950147261503        0.01473579688057        1.16436474474045
N            1.41689834751639       -2.07351204589603        1.34540167304974
N           -2.04597667732443       -0.15764222389144        0.59025641366949
N           -0.92312210684783       -2.11249792351596        1.01969927114679
C            2.43047946364080        1.30483212141311        1.08789364873351
C            0.23757106003042       -2.71660253619667        1.42718732064752
C           -2.04319222006485        1.18916671017701        0.64976856943189
N            3.61181810623755        1.99218449013359        0.96239952893881
N            0.23292391086132       -4.06880598304791        1.71261082452713
N           -3.25253493853617        1.77668865763511        0.45616394526172
C            3.78542449877885        3.40225570391277        0.81532932195399
C            4.79702115957235        1.36848015681066        1.18502103712253
C           -3.47369867012301        3.19475373797352        0.55867728631006
C           -4.33309167496544        1.03266382754908        0.21762083090674
C            1.36308957469936       -4.65069392358521        0.86629540876481
C           -0.57887984965085       -4.69307998346245        0.62975468699850
N            4.95578046637101        3.89440674352470        0.57127203879064
N            5.91959992858523        1.85330070525623        1.07185290064265
N           -4.68213099302181        3.62023945700367        1.05426403620275
N           -5.30567695910165        0.47786740154397       -0.01857229069220
N            2.46713275657636       -4.01163122872797        0.70393164995242
N           -1.59834977847963       -4.07664774899969        0.17205655021430
C            6.10043873993940        3.15531965094389        0.51701821325037
C           -5.70219652090940        3.08738166937258        1.43685991459443
C            0.50078306289083       -5.56825069375345        0.15514085340712
N            7.22854877927193        3.47594631800813        0.07882462240941
N           -6.68305588807098        2.81731496981010        2.07380834603088
N            0.68850919007985       -6.62376370569352       -0.50622335532952
C            2.70575121883157        4.26687907977410        0.97304417055406
C           -2.56997078187046        4.07315812388526        0.16826482694422
C            2.57722026633080       -2.79295035638593        1.13885145635164
C           -2.02458239780632       -2.91396422994919        0.58039662380010
C            1.49090177049253        4.73225373008828        0.81725065950205
C           -1.37269043630340        4.75461415213064       -0.34251799537008
N            2.46272859262082        5.75690572165081        0.94530841294345
N           -2.37277782509771        5.45236360640114        0.13395228160440
H            7.29948676232822        4.39389686403552       -0.32930939461921
H           -7.58773028520687        2.54052115404336        1.75588467475070
H           -0.15163140795479       -7.06802481995332       -0.85865093570259
H            2.70606718926805        6.23351536163867        0.07265968413920
H           -2.78431133152465        6.33245077087633        0.37805724085463
H            0.45030017775219        4.59252293462885        0.62343550644913
C            3.06624209365637       -0.49214599787221        5.13630770753742
C            2.05034086621748       -0.04317889984438        5.87043056209936
N            0.79471558311601        0.06789225493288        5.33345298283003
C            0.52806771616637       -0.23922663868195        4.00706903794468
O           -0.61134201304110       -0.17227434741555        3.58801639152213
N            1.59129528641391       -0.60499687851937        3.22604174776233
C            2.88607351234900       -0.84283952838812        3.73863270980107
N            3.79715631747650       -1.32302853824064        2.99477069129194
C           -0.29761052765235        0.54044601631706        6.16040285717446
C           -0.86238321641391        1.91103220576089        5.67747099911925
C           -2.30886869268724        1.62203853725580        5.25917234529294
C           -2.60290218592437        0.28943534288712        5.97505333077057
O           -1.35194500116555       -0.36611699446116        6.15999422464981
C           -3.54834017197695       -0.63769670884609        5.18165968746666
O           -3.40226564548889       -0.51745828707782        3.79782282438413
O           -3.15741924151317        2.66233549291896        5.64133833193539
F           -0.78741414498900        2.79953470234825        6.69872971343734
F           -0.11014555133488        2.44347278629788        4.68721928740895
H            4.05195996831507       -0.61641154113439        5.55200266520676
H            2.14837712505179        0.23713750906372        6.90821336438983
H            4.68061637460760       -1.43545272612200        3.47108984824528
H            3.48693887436896       -2.27256466713138        1.41943898275198
H            0.10288437193868        0.67651204529839        7.17940862173946
H           -2.31119664090839        1.47373349269895        4.17246377458627
H           -3.03580754071194        0.50706252380771        6.96399590643810
H           -3.35625300724534       -1.66514401286357        5.53024937661540
H           -4.58614841804521       -0.36938643894782        5.40823839032279
H           -2.48182990703707       -0.72884215970027        3.56762082944196
H           -4.01763391937281        2.51125933248241        5.23192573979523
77
 energy: -168.404512928432 gnorm: 0.019672911882 xtb: 6.7.1pre (5071a88)
N            0.19622525325713       -0.06966402263704        1.27636889111519
C            0.18480781972732        1.33409831671616        1.08402809814755
C            1.45383577422888       -0.66359234963137        1.72873653529716
C           -0.94459727146561       -0.75397123404315        0.96738063809005
N            1.29239968202202        2.00882892996179        1.10050083003843
N           -0.97025277590834        1.93753623337758        0.84905780463958
N            2.54859149829833        0.00823528879393        1.18975659951793
N            1.42651100200955       -2.07793331187093        1.36476198340086
N           -2.03499067289072       -0.16015270622712        0.60036184446429
N           -0.91234084371623       -2.11397439917166        1.03926620391316
C            2.43853028316566        1.29973111290744        1.10371589873018
C            0.24631675843247       -2.72398347204739        1.44036009952545
C           -2.03232849582816        1.18559416945199        0.65934150822758
N            3.61917625607972        1.98939778395776        0.95570844656942
N            0.24001703131182       -4.08027461978717        1.71004696478664
N           -3.24246043115486        1.77385000643797        0.46394221808380
C            3.79014006343885        3.40018347218256        0.80369016790576
C            4.80654141634115        1.36973488097729        1.17335386165570
C           -3.46544791466015        3.19134528120749        0.56692823301167
C           -4.31946942411674        1.02756599313014        0.21776957054578
C            1.35905979618108       -4.66113361529979        0.85293033314623
C           -0.57873681970144       -4.69224399005095        0.62596899908908
N            4.95884922602222        3.89571929436676        0.55705379188657
N            5.92863953477950        1.85685695671589        1.05977084460458
N           -4.67517346656666        3.61301719192456        1.06276320685848
N           -5.28879984617795        0.46898620404418       -0.00608974704971
N            2.46196564366354       -4.01661292163116        0.67542164495579
N           -1.59181061414699       -4.06691816707100        0.16339499005456
C            6.10397681401149        3.15750855538797        0.50541248214160
C           -5.69488500696679        3.08033535650596        1.44763122364536
C            0.49383180256273       -5.57417480114234        0.14331821588201
N            7.23378099474446        3.48128972549144        0.07174550512777
N           -6.67235289605427        2.80911108397499        2.08824405596400
N            0.67624436283921       -6.62290746024491       -0.52453408767654
C            2.70867818897736        4.26296975136923        0.96419551258647
C           -2.56521809453468        4.07105690879580        0.17344868564002
C            2.57702854311371       -2.80120886565672        1.11299950219029
C           -2.01376666940151       -2.90548902619943        0.58424144163117
C            1.49418149766216        4.72770792016178        0.80731956511143
C           -1.37398170950868        4.75386875483234       -0.34487935956934
N            2.46576131117729        5.75221290126590        0.93657156175780
N           -2.37254037673857        5.45084910198306        0.13621222036563
H            7.30806208145709        4.40142894400982       -0.33434600422869
H           -7.57923346377135        2.53156878762992        1.77365011130101
H           -0.16516133311424       -7.06753491920132       -0.87639677197788
H            2.71032826909292        6.23216485097003        0.06627096769400
H           -2.78544626048445        6.33008532186879        0.37922065035226
H            0.45273945109702        4.58828576540673        0.61681681671351
C            3.06448200795144       -0.47340837801895        5.13903697555237
C            2.04338265029980       -0.03704165162206        5.87768579595751
N            0.78536084797041        0.06714721714889        5.34039332865530
C            0.52271621255038       -0.24704307099254        4.01846347939513
O           -0.62058052347553       -0.20812683919437        3.60013093024451
N            1.58951807678476       -0.59973347538048        3.23205956708853
C            2.89055215801252       -0.82339727210871        3.74173468582094
N            3.79344501474956       -1.30265898286051        2.99415159818988
C           -0.31094136534324        0.53788620605324        6.16076287035018
C           -0.87309227370720        1.90687542882049        5.67576748792232
C           -2.31840531954796        1.62366237268043        5.25476903415732
C           -2.61883805101957        0.29414691651463        5.97460027923533
O           -1.36737239274820       -0.36614520109108        6.16159833379362
C           -3.56285170788929       -0.62951488473698        5.18475679710947
O           -3.42248872913009       -0.51381637761442        3.80092668534422
O           -3.15943862867386        2.66743331123448        5.63290399441662
F           -0.79262495265055        2.80334061599340        6.68864483882285
F           -0.11546588818401        2.42951255098552        4.67965707052595
H            4.05348330702024       -0.58640436694119        5.55192030399452
H            2.13988722851533        0.24228533377100        6.91554304604530
H            4.68364978169901       -1.40310382529682        3.46473304845120
H            3.48811877567134       -2.28697386792508        1.33677985338206
H            0.08631654325604        0.67353267576125        7.17943424110318
H           -2.31665402327599        1.47035954437371        4.16748518175917
H           -3.04817885193009        0.51674689196275        6.96387370100664
H           -3.37870551808702       -1.65663555956225        5.52830160797289
H           -4.59999301423279       -0.36530285256289        5.40673988978542
H           -2.50710606299144       -0.72820065676006        3.56385304865871
H           -4.02539927056411        2.52522223331892        5.23249156996846
77
 energy: -168.406036612768 gnorm: 0.016652615057 xtb: 6.7.1pre (5071a88)
N            0.20618124288244       -0.06667728726719        1.28925865282390
C            0.19496069198762        1.33371066323312        1.09603493153024
C            1.45832002702559       -0.66230561214596        1.74339568484336
C           -0.93341197674125       -0.75446682893033        0.98786192176848
N            1.30310961043122        2.00691235411092        1.11556838546162
N           -0.95918938454489        1.93868576531449        0.85892337057903
N            2.55730369014530        0.00392992000853        1.19881414440872
N            1.43716582547391       -2.07954650496517        1.38098883794433
N           -2.02440806784992       -0.16170074563869        0.61899092624936
N           -0.90139000646302       -2.11430686442618        1.06490253357754
C            2.44728248260230        1.29567106983015        1.10923973223164
C            0.25682147146185       -2.72816100441739        1.45761349817591
C           -2.01973871641738        1.18264025355189        0.67338777531902
N            3.62782546295028        1.98517152650617        0.94505917740871
N            0.25085251903315       -4.08832746721388        1.70925593430036
N           -3.23011824315921        1.77068129105880        0.47606350595362
C            3.79689416001759        3.39697828389162        0.79435178211528
C            4.81601088711344        1.36713166319194        1.15414743069211
C           -3.45609383474695        3.18676260227197        0.57690904070528
C           -4.30256676085517        1.01784833737393        0.22632978131899
C            1.35620004495128       -4.66552156019558        0.83549353349423
C           -0.57637282348393       -4.68760716851425        0.62492675338028
N            4.96343445893489        3.89624742749782        0.54376868955791
N            5.93766733733559        1.85684956398744        1.04008399206299
N           -4.66512259214854        3.60322958291489        1.07691167406418
N           -5.27134171451535        0.45744134214747       -0.00136983047213
N            2.45455003921254       -4.01339355682103        0.63805514230756
N           -1.58476973393880       -4.05502995520658        0.15913532912960
C            6.10948003262781        3.15802781105726        0.49231032229070
C           -5.68299254812390        3.07030097392415        1.46599219580702
C            0.48671723490732       -5.57485859175681        0.12883731816480
N            7.23914039554946        3.48719853454467        0.06166303878804
N           -6.65852634029462        2.80037888124178        2.10991656247311
N            0.66107529953124       -6.61780876644560       -0.54707990176211
C            2.71303401294657        4.25785166015773        0.95356322498447
C           -2.55960498646666        4.06827836299602        0.17969543655380
C            2.57986045754025       -2.80392817287969        1.08614856146720
C           -2.00238061282626       -2.89617340162625        0.59338592254723
C            1.49887231116454        4.72149303237335        0.79357204563615
C           -1.37328415245918        4.75289533059720       -0.34253514312855
N            2.46903484132626        5.74666598344675        0.92423472548705
N           -2.37238360943094        5.44885956066526        0.13787118829002
H            7.31537219461785        4.41118617203490       -0.34200505997359
H           -7.56587941811317        2.51773912860770        1.79774411133495
H           -0.18089619617811       -7.06201331516157       -0.89806445723333
H            2.71558523653807        6.22902861610414        0.05602568062360
H           -2.78734365356081        6.32735398987735        0.37872307605876
H            0.45610021708514        4.58202330484841        0.60602797077091
C            3.06207878667397       -0.45278345397405        5.14941577213677
C            2.03376199022864       -0.02960157541899        5.88799238057073
N            0.77244266347597        0.06247785520762        5.35086596762691
C            0.51433021290971       -0.26816410772596        4.03536764805632
O           -0.62822152146746       -0.25108589483696        3.61287190039648
N            1.58806182051872       -0.60382026326272        3.24689604294376
C            2.89322371935023       -0.81283761312095        3.75652843622321
N            3.79098265538829       -1.28987048013427        3.00449389225868
C           -0.32841161547310        0.53535191291576        6.16290671499528
C           -0.88457278074867        1.90233472058479        5.67118049511504
C           -2.33012636551365        1.62525761849808        5.24967186848901
C           -2.63843183010295        0.29825461137185        5.97320160105537
O           -1.38715164560805       -0.36583954617212        6.16466826474542
C           -3.58481739956241       -0.62090077208226        5.18703354096893
O           -3.44644316888842       -0.50837831486950        3.80339525857334
O           -3.16334196700388        2.67493061356662        5.62180770070156
F           -0.79783025639518        2.80875179087683        6.67224451953629
F           -0.12328125852167        2.41127919060713        4.66719756942019
H            4.05291223025745       -0.54972379115643        5.56259244012703
H            2.12719311348155        0.24803341137768        6.92628196702447
H            4.69340843381662       -1.36950440363560        3.46043224660289
H            3.50544709370030       -2.29311889447812        1.25230422027922
H            0.06417293006964        0.67294443988849        7.18202997596602
H           -2.32400074662949        1.46331005865420        4.16206281716558
H           -3.06383518863805        0.52720490521361        6.96190095329673
H           -3.40613727551522       -1.64741832176182        5.52766107532568
H           -4.62016770459767       -0.35369362475257        5.40613410232278
H           -2.53732440111259       -0.73254867104215        3.56256040273067
H           -4.03495533735137        2.54181141375042        5.23080307580680
77
 energy: -168.407206020301 gnorm: 0.014836437096 xtb: 6.7.1pre (5071a88)
N            0.21912366648518       -0.06650364631071        1.30174562446394
C            0.20820225824104        1.33220986592581        1.11088541742721
C            1.46512613088640       -0.66406968884498        1.74934736949330
C           -0.92228692686225       -0.75714399272179        1.01440547573122
N            1.31642344807177        2.00531054333333        1.13322367587835
N           -0.94576597716167        1.93830836349074        0.87377238879531
N            2.56730563174443       -0.00051866114434        1.20970387060439
N            1.45019970330817       -2.08164731594939        1.39052726600306
N           -2.01401343767410       -0.16373021933256        0.64858304018838
N           -0.89031712688216       -2.11542729427768        1.09802968487730
C            2.45795527439821        1.29113481621693        1.11738142049766
C            0.27097345016256       -2.73143061779037        1.47645504004575
C           -2.00562931701375        1.17970631498873        0.69316008044365
N            3.63825998008841        1.97867669264923        0.93690411019511
N            0.26697544034526       -4.09491218983231        1.70837392967093
N           -3.21591611164255        1.76656640117289        0.49321427458488
C            3.80477191248392        3.39114300276161        0.78500837667588
C            4.82746948076800        1.36100254652978        1.13326528288517
C           -3.44595112841691        3.18092387764801        0.59041855571150
C           -4.28384444796463        1.00606977278088        0.24294814709152
C            1.35744901776016       -4.66482805430971        0.81291249314333
C           -0.57059830548332       -4.68197116313621        0.62673551974493
N            4.96877555550495        3.89397130411809        0.52980409143957
N            5.94801456189265        1.85315842283936        1.01353255150898
N           -4.65336286597583        3.59218739930941        1.09573321611707
N           -5.25207966595347        0.44842992528419        0.00072956681665
N            2.44731924879871       -4.00443604375597        0.59184720720981
N           -1.57740765774164       -4.04355691467315        0.16289481847780
C            6.11724995496851        3.15655364597627        0.47538410522774
C           -5.66882949405451        3.05861585386139        1.48902195483249
C            0.48127784630686       -5.57096594813251        0.11102391341180
N            7.24495917169394        3.49403422600444        0.04682695724470
N           -6.63902467139727        2.78523042106773        2.14015643062693
N            0.64444856600855       -6.60864830573480       -0.57509205426326
C            2.71907976539659        4.25074220914202        0.94088091756124
C           -2.55347669604460        4.06450930214466        0.18816865736847
C            2.58638875949990       -2.80197019132663        1.05421888833504
C           -1.99061188845407       -2.88856793649662        0.61048147853085
C            1.50539390089681        4.71407874130277        0.77731080928926
C           -1.37275337480402        4.75162307808018       -0.34067333608269
N            2.47391852132156        5.73995089959520        0.90885173974270
N           -2.37166647233207        5.44598994674651        0.14101757700161
H            7.31998449115610        4.42247407281308       -0.35162992180204
H           -7.54808388272662        2.50128641281999        1.83266505656732
H           -0.19886564134257       -7.05044382589722       -0.92324195818918
H            2.72270948407288        6.22239055401297        0.04148101316152
H           -2.78849481561843        6.32390644673275        0.38058885123819
H            0.46157308765159        4.57514150875620        0.58979483228496
C            3.05665764312904       -0.42671915469304        5.16434738334858
C            2.01851733833799       -0.01876635732044        5.89707105122760
N            0.75491674947990        0.05518664057436        5.35834053406995
C            0.50514856964905       -0.28513866896475        4.04450296188520
O           -0.63514586597036       -0.29359348480750        3.61582233705133
N            1.58947355556854       -0.60089669006765        3.25991933702339
C            2.89460386915104       -0.79802698838232        3.77503338033811
N            3.78741373660859       -1.28015068902602        3.02174615647327
C           -0.34966507827602        0.53125451607863        6.16402179692695
C           -0.89611400854984        1.89751179473462        5.66219114319335
C           -2.34360569109868        1.62661098157139        5.24240120410179
C           -2.66026374477007        0.30314144405933        5.97125842942366
O           -1.41149771244274       -0.36587165599217        6.16533821484698
C           -3.61294551817901       -0.61157522820933        5.18705467852176
O           -3.47243592674943       -0.50163939267892        3.80333936455330
O           -3.16935948563198        2.68415226316311        5.60785621176277
F           -0.80158522836938        2.81332698615415        6.65115081385881
F           -0.13387065522833        2.39058199164629        4.64996732923963
H            4.04577206807511       -0.50861193112467        5.58381345548925
H            2.10525415237913        0.25880896506495        6.93615310977434
H            4.70032348634326       -1.34733191543078        3.46181005507230
H            3.52629156929596       -2.29105954032882        1.15938760235439
H            0.03810651144705        0.67167130384783        7.18476568361053
H           -2.33593069054977        1.45514667073029        4.15512689207990
H           -3.08293806454143        0.53811117381122        6.95894804756119
H           -3.43969536696851       -1.63789750162869        5.52909893660470
H           -4.64548087626804       -0.33403037010980        5.40613617441412
H           -2.56946817437728       -0.74547742564828        3.56285124978749
H           -4.04482356604309        2.55672670438330        5.22440005816920
77
 energy: -168.407945781674 gnorm: 0.011637514155 xtb: 6.7.1pre (5071a88)
N            0.23325264642910       -0.06772385052708        1.30852069492362
C            0.22127977101680        1.33115249465714        1.12286195407907
C            1.47540947543526       -0.66535103173010        1.75044920605597
C           -0.91259807717954       -0.75983558732973        1.03857095451191
N            1.32930593935665        2.00535124753617        1.14556592051669
N           -0.93356402151015        1.93719054805727        0.88914812961456
N            2.57809966587422       -0.00165199773713        1.21597382688819
N            1.46441466091424       -2.08066059704485        1.39108630530701
N           -2.00579149446027       -0.16551709401893        0.68000448404717
N           -0.88012466209191       -2.11618740668956        1.12935980991651
C            2.46920965020588        1.28922178745721        1.12190302299556
C            0.28728491041365       -2.73216554841478        1.49031359864431
C           -1.99383005922463        1.17792223407076        0.71356952647100
N            3.64895431632300        1.97394608783603        0.93175114104285
N            0.28726832310452       -4.09802412075824        1.70602542808720
N           -3.20392631021429        1.76278546405192        0.51017815124129
C            3.81297752856944        3.38619306049066        0.77698142134852
C            4.83923262039273        1.35464617154055        1.11459505020626
C           -3.43800860687407        3.17580055373102        0.60414301547610
C           -4.26828403363287        0.99728346192343        0.25789784248351
C            1.36480137409176       -4.65851394321799        0.78825897001874
C           -0.56183023294955       -4.67740192837633        0.63123187208700
N            4.97480052173925        3.89108579964060        0.51800512175100
N            5.95840697711253        1.84817602132848        0.98548897939323
N           -4.64264758697548        3.58275507065142        1.11805417339201
N           -5.23685169912576        0.44172930169418        0.00906428744723
N            2.44435687429441       -3.99056713194421        0.54535300755202
N           -1.57189923813522       -4.03586359840603        0.17692059144306
C            6.12587225199603        3.15471747824530        0.45747070369812
C           -5.65380134623039        3.04639030859881        1.51807519382728
C            0.48039790531346       -5.56332382598903        0.09376211065825
N            7.25076891449273        3.50060378373907        0.02948944846947
N           -6.62175695504500        2.77369076683166        2.17307711654357
N            0.63239854221610       -6.59661711011502       -0.60177545747057
C            2.72594992527596        4.24489664577151        0.92850787169109
C           -2.54908219095146        4.06088425542183        0.19666612652015
C            2.59591219238251       -2.79384810461700        1.02026867717734
C           -1.98086010556599       -2.88473242499574        0.63516643912164
C            1.51281125848157        4.70836917531147        0.76155595424698
C           -1.37228120734326        4.75000548110610       -0.33864678882257
N            2.47983656084922        5.73493022699244        0.89277445225001
N           -2.37095004733368        5.44294893849585        0.14507074000456
H            7.32154466446528        4.43262503786430       -0.36144005001132
H           -7.52920853662765        2.48339246623342        1.86764081951803
H           -0.21429498635986       -7.03568476012853       -0.94273302413809
H            2.73000849189037        6.21512596130149        0.02459857767797
H           -2.78879131633498        6.32050200049593        0.38462670192619
H            0.46880896501640        4.56991474163759        0.57232505424572
C            3.04831663980980       -0.40413780664232        5.17954106151587
C            2.00125357115486       -0.00821752735739        5.90448294628430
N            0.73746603415048        0.04495007279210        5.36293520293537
C            0.49492042372235       -0.30404806299519        4.04848850913774
O           -0.64279569084443       -0.33038141094494        3.61606178258626
N            1.58805203518373       -0.60454996738112        3.27105199747484
C            2.89054457781340       -0.79085314521032        3.79382825609556
N            3.78122278440464       -1.28045964771275        3.04300200038780
C           -0.36931330721406        0.52761688296228        6.16270908460269
C           -0.90657686283062        1.89420947777916        5.65044425816642
C           -2.35653701632679        1.62805925109324        5.23372431956245
C           -2.67923227960327        0.30923092584667        5.96871163216489
O           -1.43456722364991       -0.36503829605139        6.16306237406299
C           -3.63944278263374       -0.60247623771776        5.18546023233610
O           -3.49458135695100       -0.49708141868206        3.80153385803514
O           -3.17690200985595        2.69268844764518        5.59342146092702
F           -0.80431811491185        2.81743910197806        6.63030426754337
F           -0.14443129001828        2.37255349002720        4.63207035616240
H            4.03560316353984       -0.47050583680551        5.60557919751123
H            2.08069749259393        0.27487025147036        6.94330492209150
H            4.69893910851118       -1.34616190795599        3.47185684403708
H            3.53927747248354       -2.28790193770538        1.09114677059827
H            0.01423535238118        0.67182439094837        7.18520240720237
H           -2.35064438465154        1.44943638701530        4.14753839214903
H           -3.10123095963796        0.54889239338859        6.95541341362058
H           -3.47354350339402       -1.62889131286110        5.53263767509574
H           -4.66944861789507       -0.31307070052342        5.40452972054116
H           -2.59648557761974       -0.76435249154373        3.56370302736864
H           -4.05345789137970        2.56578912431515        5.21312887630273
77
 energy: -168.408503176095 gnorm: 0.008198252492 xtb: 6.7.1pre (5071a88)
N            0.24754472803609       -0.07037083428742        1.31145729106121
C            0.23367981217297        1.32993345879838        1.13338214384143
C            1.48734896771242       -0.66795496893397        1.75294067371847
C           -0.90430406134400       -0.76244489731954        1.06106384056063
N            1.34142465263689        2.00550715182281        1.15468170659708
N           -0.92260642923625        1.93529007221903        0.90517113086726
N            2.59026838137095       -0.00146253670833        1.22869494679556
N            1.47857446531558       -2.07926277341632        1.38636230756270
N           -1.99943439208339       -0.16724083308142        0.71183376699951
N           -0.87084893115757       -2.11741613544843        1.15817389908628
C            2.48115274302472        1.28878650919220        1.12973236232848
C            0.30416519942255       -2.73296507610942        1.49916941229844
C           -1.98413913322580        1.17692687445247        0.73469112977610
N            3.65996525992910        1.97116882776732        0.93143337080726
N            0.30942322211541       -4.10057622751067        1.70192468809932
N           -3.19410163993839        1.75965047671656        0.52817004809913
C            3.82168241036831        3.38224755440840        0.76859071779034
C            4.85191729213624        1.34930988267412        1.09985334175983
C           -3.43126242888322        3.17205526389095        0.62040608362724
C           -4.25648689550090        0.99214442231452        0.27394141983262
C            1.37618188437942       -4.65037052810260        0.76313891111337
C           -0.55181061233713       -4.67523376374597        0.63650109793524
N            4.98153969284708        3.88800475936903        0.50556452168121
N            5.96939072300684        1.84341741704465        0.95689754876835
N           -4.63369174431443        3.57703058010163        1.14076008724967
N           -5.22599802440820        0.43873735940197        0.02502058514918
N            2.44518190621911       -3.97581359567719        0.50451932966086
N           -1.56908015291477       -4.03179804662000        0.19878699524153
C            6.13501148730082        3.15303859145594        0.43784872429018
C           -5.64121405100324        3.03760251725542        1.54535359714808
C            0.48294788491543       -5.55348116487710        0.07559122486082
N            7.25698841582347        3.50663533989730        0.00958133269665
N           -6.60004799713006        2.75526769819820        2.21063188721921
N            0.62489543590730       -6.58187183030112       -0.62973480866270
C            2.73377195166113        4.24060704952081        0.91548859790722
C           -2.54540786503026        4.05744535963279        0.20696838342610
C            2.60522878278731       -2.78389542868439        0.99056804568700
C           -1.97391727010947       -2.88485477228370        0.66726891481516
C            1.52150812643262        4.70487050378890        0.74516466625490
C           -1.37289825937373        4.74726857944666       -0.33923420474158
N            2.48769422133262        5.73175791620175        0.87495207013863
N           -2.36882129383530        5.43955806628828        0.15105439632839
H            7.32160579232768        4.44166292975521       -0.37235635847077
H           -7.50987078731271        2.46670150435416        1.91187953213540
H           -0.22728663844777       -7.01876096864739       -0.95900366702351
H            2.73861799645243        6.20801836627026        0.00475071462593
H           -2.78608293498541        6.31717910886574        0.39189985659048
H            0.47786229823476        4.56685388304958        0.55358335249070
C            3.03823308797373       -0.38508754122574        5.19377539855591
C            1.98309814450937        0.00289035598229        5.91023740291112
N            0.72073659330551        0.03306199670230        5.36519519484320
C            0.48621599939220       -0.31975635218033        4.04770014374425
O           -0.65031244941228       -0.36141621885358        3.61472924585500
N            1.58682278721959       -0.60841571420832        3.27929559049725
C            2.88464462460734       -0.78759878021138        3.81072803325553
N            3.77488083695938       -1.28678708403003        3.06579836071155
C           -0.38847113598958        0.52309813228014        6.15791928941882
C           -0.91704700510202        1.89063935320408        5.63498379098489
C           -2.36968307141623        1.62899593109816        5.22250502763537
C           -2.69718572575387        0.31583488334879        5.96390576062705
O           -1.45776876851613       -0.36448696837743        6.15643719241233
C           -3.66548733906380       -0.59338557729218        5.18222313413156
O           -3.51469737449666       -0.49548975563848        3.79830332559856
O           -3.18594186419258        2.69985347434365        5.57747201611399
F           -0.80716683629147        2.82003181935291        6.60825475049343
F           -0.15484090997573        2.35520206964536        4.61237267578131
H            4.02368786524775       -0.43633322303265        5.62532199107127
H            2.05454348321253        0.29615341033373        6.94736492235057
H            4.69245253058991       -1.35869346022856        3.48973176938420
H            3.54931336755667       -2.27775580543830        1.03510814269360
H           -0.00971454225492        0.67167311880525        7.18220049602793
H           -2.36812601193442        1.44529270686278        4.13779879813144
H           -3.11924555420353        0.56002457762955        6.94980651395663
H           -3.50916867958810       -1.61945859662758        5.53743071895649
H           -4.69314447070971       -0.29173536841911        5.39964921991781
H           -2.62107919020693       -0.78541174069072        3.56437881762511
H           -4.06180858294444        2.57015571431023        5.19688466086531
77
 energy: -168.408953335910 gnorm: 0.009437229974 xtb: 6.7.1pre (5071a88)
N            0.26096143145652       -0.07235708374349        1.31176073937379
C            0.24430265378242        1.32944010494273        1.14142579358103
C            1.49978733099976       -0.66942509728925        1.75728450002382
C           -0.89681266745010       -0.76431190202716        1.08287623402000
N            1.35183778170737        2.00626133918139        1.15892338401640
N           -0.91368873276434        1.93352078838071        0.91936852921366
N            2.60330454703245        0.00128722216435        1.24403558909719
N            1.49254776813548       -2.07610450370165        1.37943840419208
N           -1.99452483543030       -0.16926476330308        0.74286446260626
N           -0.86123826872338       -2.11884715262937        1.18487973000287
C            2.49286914463659        1.29076752748566        1.13745114790057
C            0.32143425124265       -2.73372765821138        1.50501287105806
C           -1.97656625298425        1.17589947423425        0.75512820527653
N            3.67061620705511        1.97158162527495        0.93368034254694
N            0.33409068497528       -4.10287491831409        1.69734686156753
N           -3.18664490703951        1.75663392390643        0.54635228952669
C            3.83090923729838        3.38074091867931        0.76028948565587
C            4.86411003402216        1.34608812972300        1.08811652863758
C           -3.42573722123783        3.16912123203775        0.63735529510456
C           -4.24879205475345        0.98908682090379        0.29268380281795
C            1.39070789537300       -4.64066917849875        0.73701357394670
C           -0.54113038179730       -4.67467345517956        0.64323527744893
N            4.98894047254499        3.88631483425445        0.49223486447829
N            5.97987588829764        1.84004277809452        0.92946600690594
N           -4.62409930323130        3.57246780128529        1.16974637668413
N           -5.21983067080575        0.43850544594464        0.04576228265144
N            2.45012095962283       -3.95931497597661        0.46623605714791
N           -1.56903972061279       -4.03110505535939        0.22873790921271
C            6.14363109851337        3.15187166906715        0.41783301842544
C           -5.62459015255525        3.02692269739652        1.58453046016451
C            0.48799704348019       -5.54198047117961        0.05738315872530
N            7.26324829258442        3.51124043302799       -0.01150307632176
N           -6.58196573100839        2.74699117722174        2.25192244303520
N            0.62132935187779       -6.56485681460104       -0.65814688133432
C            2.74205645724629        4.23907287509885        0.90189628524189
C           -2.54317056866289        4.05416048013612        0.21638459629020
C            2.61509796151622       -2.77156557697820        0.96251240215360
C           -1.96943566500472       -2.88832756049857        0.70820591333783
C            1.53087127262458        4.70410325983853        0.72791693838707
C           -1.37297215917695        4.74283565897300       -0.33856920862355
N            2.49677573558102        5.73122434013999        0.85481872223184
N           -2.36621332118323        5.43581678520358        0.15632206685222
H            7.32150830790698        4.44909643376624       -0.38436635438555
H           -7.48807195031244        2.44689564718454        1.95428006536253
H           -0.23764968808649       -7.00084815915504       -0.97228138020498
H            2.74824325489950        6.20254642924690       -0.01805489671157
H           -2.78142053385096        6.31396332214675        0.39916187678595
H            0.48771746489951        4.56588593169812        0.53534350192899
C            3.02672381955506       -0.37206237328621        5.20657992881418
C            1.96528002772624        0.01338970365257        5.91500087584466
N            0.70518203901406        0.02057938454435        5.36650840409356
C            0.47870166577549       -0.33575116903067        4.04561622244339
O           -0.65633507593275       -0.38487675207937        3.61201313907903
N            1.58480038156826       -0.61703609899038        3.28655359245008
C            2.87708353544709       -0.79258522605413        3.82692286697206
N            3.76822599471782       -1.30290078645965        3.09065471698329
C           -0.40736003503754        0.51831859496609        6.14983343389807
C           -0.92840472361179        1.88637377592847        5.61622204507211
C           -2.38320771256570        1.62918214272059        5.20823535708610
C           -2.71488276337545        0.32198294864804        5.95602110067466
O           -1.48056018643517       -0.36460167571907        6.14632188831943
C           -3.69019166993005       -0.58506339735083        5.17755600255521
O           -3.53318595795426       -0.49809658386930        3.79379396220250
O           -3.19595582183112        2.70527940360297        5.55907677875969
F           -0.81153968706935        2.82202061801446        6.58397084034510
F           -0.16503989919106        2.33809314903348        4.59032639483612
H            4.01136891423666       -0.40802283839363        5.64090089292250
H            2.02971070040323        0.32056650835425        6.94884662457415
H            4.68421328975449       -1.38011478792893        3.51415210267153
H            3.55616184327267       -2.26602948451786        0.99800558185705
H           -0.03474633348449        0.67195756872007        7.17593197343365
H           -2.38635187250458        1.44136105382602        4.12493149337936
H           -3.13614773157133        0.57139463226831        6.94154947386260
H           -3.54482488172729       -1.60997476860562        5.54238280539197
H           -4.71584765737285       -0.27205257511289        5.39056827864056
H           -2.64357714042656       -0.80415136164533        3.56366875993281
H           -4.07058880427097        2.57268661461636        5.17619026744553
77
 energy: -168.409395427426 gnorm: 0.011843257665 xtb: 6.7.1pre (5071a88)
N            0.27366854575524       -0.07355120606584        1.31129990779188
C            0.25376541213920        1.32935292283156        1.14790230761773
C            1.51204105961573       -0.67007375882023        1.76518773308795
C           -0.88898816056858       -0.76568720064081        1.10457012789932
N            1.36092495400965        2.00719183264650        1.15965599289743
N           -0.90633323316902        1.93181282566490        0.93338257795234
N            2.61742938689536        0.00595099686445        1.26423778242991
N            1.50607290168491       -2.07232808121964        1.37340893438026
N           -1.98993942600687       -0.17187344889719        0.77354319995914
N           -0.85054876179346       -2.12062173327832        1.20996449158296
C            2.50437800327028        1.29432322436101        1.14611824551009
C            0.33865965264647       -2.73495514741631        1.50944605996785
C           -1.97028663141353        1.17424126290872        0.77717579612912
N            3.68100729199713        1.97457962636859        0.93750194048651
N            0.36023753642305       -4.10535426073835        1.69303731124037
N           -3.18073855010687        1.75382845493933        0.56828788697191
C            3.84057175475855        3.38120081695392        0.75122919045479
C            4.87572993292185        1.34495046158727        1.07867694710723
C           -3.41957588206996        3.16720854230075        0.65879842292601
C           -4.24421629068732        0.98825758889397        0.31631356500055
C            1.40662500407855       -4.63034840964028        0.71111074545746
C           -0.53045626054575       -4.67474600164172        0.65124375068024
N            4.99675280790419        3.88599515870355        0.47662972722706
N            5.98974554004496        1.83822356677548        0.90335944520908
N           -4.61539128996212        3.57214146451106        1.19665618512701
N           -5.21744806387124        0.44130632510599        0.07057309080929
N            2.45830458134824       -3.94251362009109        0.43276741300571
N           -1.57142294031107       -4.03293384530404        0.26582081578057
C            6.15164275906332        3.15116715481336        0.39734158485365
C           -5.61144399119078        3.02245166298401        1.61632631869272
C            0.49427720854570       -5.52837099112960        0.03857178673730
N            7.26975540029387        3.51449989998059       -0.03320809270565
N           -6.55393505996295        2.72524353418667        2.29953318445662
N            0.62011703970555       -6.54462680870190       -0.68834982537346
C            2.75071455762378        4.23985301213261        0.88697617139550
C           -2.53988752039357        4.05036009227653        0.22885653925231
C            2.62457510232808       -2.75867396521023        0.93877181484538
C           -1.96708217617201       -2.89438722734838        0.75792056825979
C            1.54072540985709        4.70551644072267        0.70905321718331
C           -1.37339126956473        4.73552474119060       -0.34034478962109
N            2.50696358138845        5.73277258834182        0.83167452254475
N           -2.36068368334214        5.43111675985675        0.16294803241068
H            7.32214927862327        4.45517435389495       -0.39789279207329
H           -7.46543219150275        2.43010255947783        2.01318629192790
H           -0.24574698324346       -6.98068296230558       -0.98602194493996
H            2.75920995651933        6.19838489351582       -0.04419292333581
H           -2.77202456340087        6.31065523670199        0.40761909169895
H            0.49794736760439        4.56646719514249        0.51632822563701
C            3.01411214220630       -0.36370783710853        5.21777073305801
C            1.94811570348659        0.02395297124202        5.91874633568340
N            0.69017359463025        0.00856034166713        5.36776918580333
C            0.47178047741714       -0.34967586356636        4.04378687778926
O           -0.66282131634562       -0.40314162769013        3.60963460731051
N            1.58224627259899       -0.62667938577918        3.29303451353320
C            2.86930571374344       -0.80288673641506        3.84212376324464
N            3.76169887700102       -1.32639306321551        3.11667510601952
C           -0.42705367885715        0.51296827387924        6.13926126383142
C           -0.94113210125366        1.88057010387434        5.59413388507667
C           -2.39745738933343        1.62826029803202        5.19004960056544
C           -2.73351600740745        0.32696800715328        5.94433649384568
O           -1.50366595358049       -0.36605232309414        6.13238457654550
C           -3.71531117310376       -0.57737088169982        5.17095067907906
O           -3.55211571090455       -0.50391800326353        3.78743977877521
O           -3.20657528936374        2.70917229673665        5.53687074380422
F           -0.81813834323732        2.82313764314801        6.55619575038869
F           -0.17547747862321        2.31992342912808        4.56531226468948
H            3.99859758735247       -0.38510632159401        5.65263755854119
H            2.00674119022102        0.34739435686912        6.94785776780659
H            4.67471186817669       -1.40705464485805        3.54472800860487
H            3.56388300695759       -2.24842104148193        0.96774109010259
H           -0.06249541869258        0.67198705057631        7.16747570172361
H           -2.40462489669735        1.43629098901460        4.10789257577588
H           -3.15227690932980        0.58273106748253        6.92988758102527
H           -3.58250436494205       -1.60051204773825        5.54610663129234
H           -4.73886024849521       -0.25256062447351        5.37721635753379
H           -2.66630507872242       -0.82218792832775        3.56072886932314
H           -4.08005217284833        2.57562397316162        5.15088712326991
77
 energy: -168.409889552824 gnorm: 0.012906901699 xtb: 6.7.1pre (5071a88)
N            0.28527030257567       -0.07344425649932        1.31029612810140
C            0.26181236399854        1.32974720422453        1.15147800701653
C            1.52296145096759       -0.66922659064241        1.77545226595771
C           -0.88028680507413       -0.76691908475077        1.12521739508842
N            1.36827089017405        2.00859266300669        1.15595565701586
N           -0.90070342344921        1.93002007077750        0.94436687226835
N            2.63205940407966        0.01288373589761        1.28958354792919
N            1.51936432233479       -2.06732731401262        1.36874057692315
N           -1.98508974089130       -0.17582962614695        0.80163169256927
N           -0.83803919005355       -2.12277483243439        1.23273484406800
C            2.51487916713358        1.29960041757179        1.15526734505802
C            0.35609510095823       -2.73627606613911        1.51254328680272
C           -1.96489954840048        1.17086713984638        0.79771252987618
N            3.69052524502264        1.98020899555754        0.94221458750440
N            0.38864582930424       -4.10736264078452        1.68928995017224
N           -3.17618140365227        1.75003736791502        0.59176539147219
C            3.85010090327161        3.38366367138405        0.74097438774021
C            4.88580395867564        1.34618529945868        1.07191246562903
C           -3.41313452392872        3.16465941115782        0.68225019363825
C           -4.24278528370332        0.98795704021527        0.34424679959331
C            1.42392059089579       -4.61807506147617        0.68500145718273
C           -0.51931301866985       -4.67418110000747        0.66072385452646
N            5.00441468630124        3.88715868413503        0.45813926357123
N            5.99809734343900        1.83818999348493        0.88006740119054
N           -4.60302864499332        3.57034317878064        1.23512052384542
N           -5.21891752915789        0.44436532993329        0.10362422830753
N            2.47018768097865       -3.92406023809030        0.40278819362382
N           -1.57562793313894       -4.03739629755968        0.31045320533849
C            6.15848487791349        3.15061161719353        0.37700810019314
C           -5.58928293193344        3.01264362260891        1.66939607223987
C            0.50187844737931       -5.51153004571322        0.01932780104137
N            7.27609294283354        3.51574792884827       -0.05485584379201
N           -6.52973242372999        2.72005144157048        2.35475185114463
N            0.62101900212343       -6.52020103117784       -0.71987146341543
C            2.75924257389824        4.24303119584405        0.87021791876108
C           -2.53748791663660        4.04582762694501        0.24043745554963
C            2.63513474358730       -2.74405223326147        0.91805226098184
C           -1.96655527045903       -2.90303704625143        0.81682115528174
C            1.55040337817580        4.70891547537747        0.68840372895769
C           -1.37268464914131        4.72543902549123       -0.33922588208372
N            2.51751882547205        5.73631361128005        0.80476813826682
N           -2.35444277076007        5.42531421336463        0.16871790197172
H            7.32365695097050        4.45892352894152       -0.41386078804221
H           -7.43675596820279        2.40861528080844        2.07062668539902
H           -0.25058806265346       -6.95717963246038       -1.00176154452737
H            2.77073595686442        6.19547910411365       -0.07433820668751
H           -2.76023543339653        6.30679519143904        0.41587385554976
H            0.50769352734513        4.56820603309168        0.49708545402159
C            3.00077064721624       -0.36049260487024        5.22756623500361
C            1.93172907859053        0.03409048791108        5.92125951646883
N            0.67570179367140       -0.00168450820922        5.36866678309066
C            0.46567486179131       -0.36057274701209        4.04244324670343
O           -0.66814514483890       -0.41227581739062        3.60534023236733
N            1.57965284627252       -0.63741560184437        3.29894137523950
C            2.86165266476968       -0.81971249104258        3.85737246086835
N            3.75454577658656       -1.36071510294020        3.14520516306600
C           -0.44774410263710        0.50804799880020        6.12591059645345
C           -0.95556830751280        1.87373886744621        5.56858064651898
C           -2.41245847784975        1.62609551845389        5.16686178950560
C           -2.75323439130482        0.33025553948282        5.92781737043764
O           -1.52654254878723       -0.36867670573402        6.11409786808547
C           -3.74090775246255       -0.57053899592131        5.16116776785923
O           -3.57129829135786       -0.51272719883162        3.77800926501742
O           -3.21781756529832        2.71138746018468        5.50900528085160
F           -0.82783385329349        2.82416466687525        6.52394907581116
F           -0.18641327182268        2.30129659233799        4.53698257834166
H            3.98551392788386       -0.36866586374488        5.66152155286205
H            1.98595147187237        0.37558780595116        6.94431083821126
H            4.66355760486585       -1.44149586543734        3.58257676378034
H            3.57122018954972       -2.22784241425760        0.95245684878384
H           -0.09351810759520        0.67283462147702        7.15671021493991
H           -2.42193119645579        1.42891245828031        4.08561306492755
H           -3.16731663725930        0.59351726561395        6.91372977019945
H           -3.62237884553047       -1.59133448607817        5.54695086634199
H           -4.76198473386844       -0.23270259638917        5.35833782439497
H           -2.68897908703987       -0.84082708419820        3.55471582591426
H           -4.09039454298181        2.58022779807615        5.11940447571286
77
 energy: -168.410389757840 gnorm: 0.011173208367 xtb: 6.7.1pre (5071a88)
N            0.29532370369106       -0.07186430163903        1.31021687761542
C            0.26854016149986        1.33048875742792        1.15210206932528
C            1.53148737236770       -0.66645823809932        1.78633374814852
C           -0.87040016454010       -0.76805779028941        1.14246898955615
N            1.37389086051075        2.01040664928894        1.14849480394641
N           -0.89670914566694        1.92827534077589        0.95247931041929
N            2.64552669654698        0.02126964322379        1.31495991045079
N            1.53180184306325       -2.06156008726526        1.36751341002756
N           -1.97940361172977       -0.18075112914865        0.82449462114027
N           -0.82432087877707       -2.12466493217820        1.25132422970640
C            2.52324429287398        1.30534365836708        1.16165221088717
C            0.37240204488193       -2.73701868107360        1.51480767646526
C           -1.96014703991934        1.16580819645743        0.81662542809827
N            3.69825640539672        1.98682060618653        0.94484132597884
N            0.41630257497785       -4.10817440626221        1.68664497559798
N           -3.17273222968000        1.74580275381311        0.61822983792067
C            3.85808718032742        3.38707102878159        0.72974227576703
C            4.89317096147645        1.34921075905993        1.06703929604832
C           -3.40543378208960        3.16185306353136        0.70930771146481
C           -4.24357938156600        0.98777937800034        0.37747436036378
C            1.44014785991767       -4.60432614732176        0.66170209570222
C           -0.50826503358625       -4.67099424703712        0.67004869690966
N            5.01068519699755        3.88923189320294        0.43809462265625
N            6.00409582358694        1.83973373896746        0.86239418409192
N           -4.59035452827307        3.57086590798647        1.27116963703350
N           -5.22271369018042        0.44836918767238        0.13839422639677
N            2.48431611321051       -3.90563259344530        0.37925377606860
N           -1.57934572166941       -4.04254905011123        0.35616317780352
C            6.16363734433355        3.15008238861654        0.35903189825838
C           -5.57006562623271        3.00883950674766        1.71411893414808
C            0.50974777303291       -5.49192027286913        0.00105889243513
N            7.28169294819193        3.51515540210255       -0.07364897374908
N           -6.49412809891873        2.70001876102765        2.41737300699482
N            0.62273760675800       -6.49268169578216       -0.75024324936693
C            2.76635667682828        4.24734923769514        0.85239503393313
C           -2.53360264882909        4.04005182810426        0.25493926568317
C            2.64674051365943       -2.72937784801264        0.90293981680866
C           -1.96641997357625       -2.91192602306664        0.87710062592683
C            1.55827507468844        4.71277101740789        0.66707836994832
C           -1.37226156126839        4.71249420923401       -0.33940178756710
N            2.52647380951914        5.74040083041222        0.77610643120460
N           -2.34556866595405        5.41817519267180        0.17677143151329
H            7.32636758663516        4.45961240151589       -0.43193944855926
H           -7.40712984030870        2.39194028309062        2.14720997401633
H           -0.25165924244630       -6.93091645330167       -1.02134125621435
H            2.78075199513013        6.19325792906018       -0.10596757248390
H           -2.74439464494253        6.30221440331383        0.42624130186776
H            0.51521252964735        4.56988721724889        0.47776486540161
C            2.98777453105750       -0.36159435270207        5.23597539443602
C            1.91707018771202        0.04242250501299        5.92293467164412
N            0.66204689840129       -0.00815760705203        5.36978397998436
C            0.45911847105084       -0.36776278203809        4.04360404713274
O           -0.67306665136222       -0.41239573994482        3.60029760583435
N            1.57578316261988       -0.64868048037796        3.30520246141659
C            2.85401363719515       -0.84140360586627        3.87282092841917
N            3.74569610316241       -1.40273304578249        3.17458291155170
C           -0.46820021817946        0.50552788291611        6.11221792770484
C           -0.97057111829035        1.86780228987228        5.54263218596315
C           -2.42689730853599        1.62343886220486        5.14031136219741
C           -2.77263630569126        0.33201224609508        5.90783570552656
O           -1.54729032305631       -0.37120575839415        6.09401124718462
C           -3.76531556197461       -0.56475413177721        5.14810834246740
O           -3.59031592030420       -0.52257013318166        3.76518765861836
O           -3.22867218882520        2.71260782024639        5.47627920656522
F           -0.84045374118230        2.82651394296878        6.48988061386943
F           -0.19704326894625        2.28480747638080        4.50850219080021
H            3.97304737162953       -0.35867736036597        5.66889459572674
H            1.96888032105106        0.40137805926306        6.93952197131589
H            4.65027044165017       -1.47967446353233        3.62435778164019
H            3.57898679096913       -2.20728502567828        0.95064428878755
H           -0.12539738703397        0.67586891658198        7.14581211478690
H           -2.43543235380416        1.41925260592204        4.05984814991398
H           -3.18079966580465        0.60294725651699        6.89403849063074
H           -3.66158904027588       -1.58299660232019        5.54327268555423
H           -4.78335283614423       -0.21332206506533        5.33574226265465
H           -2.71135796550084       -0.86058273471771        3.54508261850028
H           -4.10093150136056        2.58750775057240        5.08368755396535
77
 energy: -168.410814867802 gnorm: 0.009292032736 xtb: 6.7.1pre (5071a88)
N            0.30420874176865       -0.07042112721074        1.31238689583427
C            0.27516805991079        1.33049939452730        1.15067065217374
C            1.53739922482347       -0.66366179578025        1.79741491664484
C           -0.85977883203370       -0.76980152912863        1.15450551410968
N            1.37914617982965        2.01160027839204        1.14026477572407
N           -0.89256177790499        1.92582284895149        0.95629737488638
N            2.65651752015336        0.02812026521594        1.33848558044471
N            1.54270889384753       -2.05731562961862        1.37114206267483
N           -1.97207110075893       -0.18629274402841        0.83888470976147
N           -0.81151218978065       -2.12624313495131        1.26595353925997
C            2.52964167082854        1.30882174410409        1.16566769502369
C            0.38619261739071       -2.73754753797520        1.51736277927333
C           -1.95456705960972        1.15956654439107        0.82983293420616
N            3.70429670794512        1.99111314751979        0.94390680049852
N            0.43907655747422       -4.10871524014767        1.68463069243217
N           -3.16880145005855        1.74055859660839        0.64218975443501
C            3.86342492570172        3.38889899175680        0.71742900246228
C            4.89875341873639        1.35245503955770        1.06336339995484
C           -3.39722787615607        3.15717514705120        0.73494524061286
C           -4.24360202818985        0.98555838517181        0.40925034674498
C            1.45302860112259       -4.59118206769448        0.64385807614342
C           -0.49780053815791       -4.66491577645324        0.67603797774038
N            5.01459231298940        3.89040260455918        0.41835966319252
N            6.00883485353624        1.84210498224769        0.85116279196878
N           -4.57459517410613        3.56733144553623        1.31311150710726
N           -5.22531640086312        0.44736241941498        0.17738918549941
N            2.49775065296171       -3.89016580741277        0.36503466608347
N           -1.57996554290716       -4.04569940947139        0.39313934829081
C            6.16770038955172        3.14974178282776        0.34435498354386
C           -5.54516861648798        3.00048378735216        1.77108861058673
C            0.51713679939280       -5.47151276185045       -0.01676101054518
N            7.28637654617452        3.51453741951190       -0.08810553087466
N           -6.46301320988681        2.69381895093126        2.48143871511415
N            0.62413684353919       -6.46419251147739       -0.78006484719579
C            2.77121231670199        4.25003961914253        0.83459851305616
C           -2.53035975722790        4.03350267817037        0.26745527913886
C            2.65772864911363       -2.71799583198502        0.89750455873299
C           -1.96448154496742       -2.91816377114832        0.92693959218236
C            1.56331488672374        4.71445217099059        0.64659701561320
C           -1.37291288721667        4.69969588804697       -0.34019132552644
N            2.53224361088795        5.74249061224123        0.74896207769921
N           -2.33764919289097        5.41050510118900        0.18518075253376
H            7.32996201452457        4.45833905389665       -0.45085944098202
H           -7.37484076457408        2.37560590013503        2.21814183533112
H           -0.25025561633794       -6.90378100076405       -1.04621710502479
H            2.78728377873992        6.19003693802711       -0.13552812768652
H           -2.72930694719482        6.29669864831683        0.43837864854174
H            0.51977563075422        4.56964215181033        0.45848364528461
C            2.97636519061811       -0.36254982185417        5.24394475857424
C            1.90423064704959        0.04912864056101        5.92458426144447
N            0.64913711237946       -0.01002941485758        5.37115920885317
C            0.45181641699359       -0.36939857690793        4.04673285355289
O           -0.67882618804139       -0.40997179196536        3.59594927738710
N            1.57139278177240       -0.65580975842265        3.31179552608047
C            2.84731405711955       -0.86010424089137        3.88749796296069
N            3.73557781447622       -1.44178497591777        3.20146018469125
C           -0.48717882198494        0.50629345641156        6.10129037435299
C           -0.98451663940935        1.86466869817938        5.51990155396121
C           -2.43970186900226        1.62141863972334        5.11378516425447
C           -2.79030363843408        0.33364965947633        5.88762195199826
O           -1.56528507904500       -0.37187118197916        6.07608827628801
C           -3.78753448284675       -0.55983566958722        5.13320513711778
O           -3.60877812013098       -0.53091493604523        3.75026486008955
O           -3.23892524525909        2.71400300179833        5.44137760585930
F           -0.85444681353160        2.83092680877260        6.45836061789976
F           -0.20652421987940        2.27260193096011        4.48402127457370
H            3.96112520150632       -0.35233053552199        5.67829815094440
H            1.95431986385798        0.42152707496525        6.93597094806195
H            4.63502362328508       -1.51565412485765        3.66390429688941
H            3.59044532634219       -2.18838521655045        0.94675812554094
H           -0.15476917350131        0.68139297798476        7.13747205860068
H           -2.44433693269219        1.40880569920455        4.03436927955944
H           -3.19411694681674        0.61126960698353        6.87327614356257
H           -3.69684714969227       -1.57572009818899        5.53625080658287
H           -4.80209832701635       -0.19518828390813        5.31362666941857
H           -2.73348076168454       -0.88089154274270        3.53319634322064
H           -4.11089952442146        2.59537811452659        5.04639360555725
77
 energy: -168.411197017991 gnorm: 0.008189586307 xtb: 6.7.1pre (5071a88)
N            0.31275576258962       -0.06959563535827        1.31569150243508
C            0.28187124723430        1.32968652358661        1.14812942544796
C            1.54185560733091       -0.66105867792979        1.80539272710845
C           -0.84944575308639       -0.77243807197755        1.16396824315386
N            1.38463175522009        2.01226534227614        1.13209777293837
N           -0.88788897079887        1.92261415272782        0.95752456964511
N            2.66536100620688        0.03330874127355        1.35830599427835
N            1.55403356699946       -2.05359336456626        1.37508069362417
N           -1.96440540027229       -0.19213369950188        0.84960983793288
N           -0.79971320277101       -2.12783015820697        1.27985184304009
C            2.53491224027738        1.31043907874776        1.16745994988533
C            0.39993458589043       -2.73795034582682        1.51989628085300
C           -1.94863247757266        1.15289528845969        0.84011889172058
N            3.70930260988870        1.99286313588460        0.94025106538188
N            0.46051699594458       -4.10971724596140        1.68151497121723
N           -3.16447341558201        1.73475853479940        0.66446182854898
C            3.86659960491700        3.38899754703140        0.70451190758708
C            4.90369525997401        1.35539461157384        1.06076067129121
C           -3.38877591264553        3.15135337562596        0.75921841288226
C           -4.24228304424063        0.98076678076734        0.44114854229949
C            1.46499801547300       -4.57745598153397        0.62593696212420
C           -0.48658172293073       -4.65719029662152        0.67862531689022
N            5.01660870362857        3.89035675821062        0.39996709669696
N            6.01336618605011        1.84502578146118        0.84491870015274
N           -4.55815548243908        3.56267957936661        1.35288791985376
N           -5.22597444073107        0.44347452003731        0.21393567284886
N            2.51053175800537       -3.87459504904631        0.34953121340548
N           -1.57815755403118       -4.04695637592330        0.42265225273183
C            6.17115311348172        3.14955813504795        0.33203972870841
C           -5.52174846331419        2.99445449188129        1.82302077854665
C            0.52488707142432       -5.45090809597612       -0.03626412012351
N            7.28980865296219        3.51446198327415       -0.10022243804464
N           -6.42595380630586        2.68018400435565        2.54929995565614
N            0.62538297945411       -6.43499360047043       -0.81176207766461
C            2.77395905008811        4.25057309695329        0.81674742980093
C           -2.52674673751148        4.02598442699444        0.27986350514307
C            2.67084711105107       -2.70720294131767        0.89248789924625
C           -1.96000984513119       -2.92191157587388        0.96778556651275
C            1.56583134349366        4.71337583211032        0.62608042601018
C           -1.37434771059740        4.68687068554944       -0.34204614190789
N            2.53463074406546        5.74224582961104        0.72301244730681
N           -2.32992282887079        5.40210607982428        0.19437346003123
H            7.33342053608702        4.45621596335262       -0.47026419332165
H           -7.34257328809406        2.36451361948744        2.29913779089804
H           -0.24835681251157       -6.87631526180104       -1.07481711584525
H            2.79006885350500        6.18536635591643       -0.16351310763336
H           -2.71474220486465        6.29016497112156        0.45134351997299
H            0.52197239118810        4.56701112464849        0.43842744659159
C            2.96542745993791       -0.36276959924089        5.25396782849410
C            1.89135107273397        0.05455884959011        5.92794425037401
N            0.63639946551054       -0.00789640955681        5.37288247195849
C            0.44401598717766       -0.36881217243648        4.05082279718982
O           -0.68317791641870       -0.40550057602147        3.59082357690154
N            1.56665571144297       -0.66165207913088        3.32015672373887
C            2.83944923296410       -0.87625890514734        3.90390220606595
N            3.72201588487301       -1.47932305820031        3.22849772636143
C           -0.50493746697153        0.51131613307113        6.09316882202414
C           -0.99787981934927        1.86579016265577        5.50067626021567
C           -2.45154692838794        1.62112935218110        5.08847379987170
C           -2.80647377795859        0.33711675300392        5.86863475193690
O           -1.58153667778449       -0.36878557687884        6.06211925283636
C           -3.80713164502584       -0.55498871217845        5.11760991689203
O           -3.62600039471802       -0.53667562700997        3.73460586907959
O           -3.24991398926446        2.71657900303878        5.40507242888791
F           -0.86981786105148        2.83900056882957        6.43015476152608
F           -0.21521169456506        2.26531172457287        4.46393079865970
H            3.94845884493719       -0.34814627403331        5.69250793736783
H            1.93937995205596        0.43644446747615        6.93580666252435
H            4.61716022465100       -1.55325193689873        3.69980635698637
H            3.60021870191067       -2.17732838661661        0.95005129361671
H           -0.18123458237247        0.69100875601231        7.13138083054429
H           -2.44986160562225        1.39906850898518        4.01059587975377
H           -3.20904110414656        0.62038281726632        6.85263126249803
H           -3.72636783549455       -1.56858809633143        5.52732534518168
H           -4.81842752907208       -0.17941076564746        5.29311058104318
H           -2.75495435400741       -0.89862973828101        3.52030384625029
H           -4.12106303428799        2.60218984270861        5.00748673594732
77
 energy: -168.411589049040 gnorm: 0.008957538524 xtb: 6.7.1pre (5071a88)
N            0.32065163707742       -0.07062185306098        1.31941134010432
C            0.28860629190312        1.32736228428966        1.14375248987751
C            1.54560023011338       -0.65972799394923        1.81380512595308
C           -0.83992305206579       -0.77595970186421        1.16802877767188
N            1.39032481801788        2.01134360536864        1.12308043394797
N           -0.88254500066055        1.91799482269345        0.95484950325537
N            2.67216846079083        0.03581215907913        1.37473430306390
N            1.56412966289962       -2.05214076484690        1.38151120465315
N           -1.95618064717568       -0.19810787315968        0.85269581574792
N           -0.78986560134759       -2.12986306925714        1.28916109074283
C            2.53964624228354        1.30921420208390        1.16700152774782
C            0.41165156597152       -2.73892039953003        1.52173564595758
C           -1.94253262082050        1.14635218063564        0.84463716943675
N            3.71354176713102        1.99146098402164        0.93436090550551
N            0.47598933297865       -4.11202287749537        1.67687392267033
N           -3.15995546410644        1.72842350101359        0.68154651684262
C            3.86747987341397        3.38691758487301        0.69154754725041
C            4.90872975104922        1.35830107131798        1.06061378548251
C           -3.38093401744990        3.14441160358898        0.78051143024568
C           -4.24002807071942        0.97421153897812        0.46906806596035
C            1.47452487387798       -4.56568737813213        0.61257704265744
C           -0.47591465711239       -4.64994840090711        0.67572329782040
N            5.01667349062118        3.88865011260862        0.38415984453625
N            6.01809531259512        1.84889717683511        0.84532934010407
N           -4.54056624208595        3.55550641352145        1.39359515999485
N           -5.22508696348302        0.43498802597830        0.25209146000401
N            2.52162010899837       -3.86264848785857        0.34240257018226
N           -1.57371987849110       -4.04702051130576        0.43961042907574
C            6.17405638241781        3.15026856349649        0.32308564820359
C           -5.49662479330880        2.98718583890093        1.87822611073076
C            0.53306936197167       -5.43207747448172       -0.05609897443347
N            7.29205890910349        3.51531463625028       -0.10927379293545
N           -6.39000870578223        2.67210631851350        2.61758124712450
N            0.62843336502516       -6.40660678674217       -0.84404825202298
C            2.77439868245784        4.24830861937081        0.79992088513928
C           -2.52432604950206        4.01832506794943        0.29028568162578
C            2.68252406447081       -2.70046476134760        0.89683880754117
C           -1.95273548985999       -2.92355733832349        0.99277488737346
C            1.56561489567229        4.70883794532848        0.60661075454673
C           -1.37819344484566        4.67573559310606       -0.34667961190982
N            2.53331050099041        5.73912787014689        0.70008350390907
N           -2.32385464429481        5.39373946006697        0.20423676351899
H            7.33659156248983        4.45331153147167       -0.48859341763654
H           -7.30997653864659        2.35784030968473        2.37885381696967
H           -0.24425038113578       -6.84883492979469       -1.10741421519042
H            2.78867632042162        6.17885517776523       -0.18812649285000
H           -2.70204264208215        6.28301395315821        0.46674621656786
H            0.52184253277574        4.56126501371265        0.41806815234663
C            2.95419856600178       -0.36396334865712        5.26500927102865
C            1.87883525895537        0.05841643406737        5.93277117154837
N            0.62445904151011       -0.00171811706098        5.37473501083560
C            0.43531198970334       -0.36481064325181        4.05504799245165
O           -0.68872317586172       -0.40089108347790        3.58793672629928
N            1.56070043372876       -0.66371993893268        3.32849013065174
C            2.82996164569862       -0.88762934618149        3.91899493066947
N            3.70619448915117       -1.50790620789747        3.25184919210740
C           -0.52006670052799        0.52054726870743        6.08867894950050
C           -1.00970770462570        1.87161980876812        5.48604686031293
C           -2.46141198715073        1.62293557739368        5.06573912088665
C           -2.81973754108202        0.34322929355802        5.85218507355744
O           -1.59524770655307       -0.36129840803797        6.05377068021022
C           -3.82199157909899       -0.55010707115187        5.10222779820112
O           -3.64005258597190       -0.53838764947469        3.71923928109239
O           -3.26172038445672        2.72014546530027        5.36896184170957
F           -0.88645034406903        2.85026734966568        6.40812002929578
F           -0.22227682009222        2.26466246988441        4.45041601901260
H            3.93451654362749       -0.34911438460101        5.70962067964420
H            1.92449791253842        0.44513560860989        6.93900238653627
H            4.59674716494062       -1.58809655595357        3.72995790718010
H            3.61227874579118       -2.16854515113545        0.94850288873903
H           -0.20205880969929        0.70450042553627        7.12791466672018
H           -2.45170325255540        1.39183222774418        3.98991072672787
H           -3.22549517358003        0.63118548308526        6.83317667728779
H           -3.74641082275811       -1.56175734323714        5.51708104234547
H           -4.83088724566377       -0.16767312709242        5.27570064861633
H           -2.77376399270589       -0.91274397014632        3.50672413670591
H           -4.13073905791153        2.60501137006383        4.96732669560421
77
 energy: -168.412069147256 gnorm: 0.009510859958 xtb: 6.7.1pre (5071a88)
N            0.32934438884776       -0.07353115692613        1.32232661133058
C            0.29593082393942        1.32318358106980        1.13694159285287
C            1.54991859529803       -0.65918162285302        1.82312500625061
C           -0.83039863640366       -0.78120918173305        1.17093850260877
N            1.39684275831083        2.00859387228291        1.11117435068865
N           -0.87617125570957        1.91124864082907        0.94887684708949
N            2.67934904268276        0.03697439419096        1.39302663078580
N            1.57613827417890       -2.05141451487181        1.38875363384208
N           -1.94758703992587       -0.20573904249168        0.85412996540730
N           -0.77928347127233       -2.13360060109433        1.29869423055347
C            2.54547472751165        1.30644280667524        1.16626534733584
C            0.42566639892167       -2.74134091921587        1.52379144947225
C           -1.93619179596557        1.13861805142905        0.84716813377350
N            3.71843885808141        1.98826051642984        0.92795122148256
N            0.49353036572351       -4.11705361166134        1.66951944118683
N           -3.15510351672919        1.72038466987987        0.69754868691163
C            3.86763304493176        3.38348547550131        0.67706775054830
C            4.91563084473426        1.36217121336938        1.06408280528462
C           -3.37257555148199        3.13570440233155        0.80334514164964
C           -4.23743864725680        0.96516104228727        0.49962298769302
C            1.48647069905292       -4.55280706114614        0.59508102402977
C           -0.46300213793798       -4.64397151265502        0.66906632586662
N            5.01608290371220        3.88584594204540        0.36797992573425
N            6.02454597781638        1.85472124321619        0.85075245110376
N           -4.51942425516827        3.54607299501917        1.44088510330847
N           -5.22396925459354        0.42350506899366        0.29569478480531
N            2.53425740747063       -3.84860323312987        0.33090468935153
N           -1.56819649682378       -4.04752021033243        0.45353215374187
C            6.17714911870510        3.15200584429310        0.31473893631476
C           -5.46663709526582        2.97915622888703        1.94358055685308
C            0.54377232196487       -5.41204543371476       -0.08151556338642
N            7.29375171216017        3.51677410044517       -0.11941342898415
N           -6.34497449823942        2.66260727497029        2.70102080382429
N            0.63447514101311       -6.37363402852853       -0.88595995383873
C            2.77349226959166        4.24382036654759        0.78089470810376
C           -2.52255452389470        4.00928725944515        0.30132225801507
C            2.69710124134104       -2.69332114832466        0.90099434496582
C           -1.94324080588613       -2.92588821828774        1.01551923905915
C            1.56380788144040        4.70089955524971        0.58357969346795
C           -1.38443408657425        4.66387824621378       -0.35331245735304
N            2.52924362161175        5.73365328084824        0.67415857690095
N           -2.31812993154571        5.38389856747694        0.21592175374093
H            7.33929843732026        4.44961275735420       -0.50957865188785
H           -7.27047896344338        2.35288040506761        2.47802965295669
H           -0.23820230159477       -6.81621127491682       -1.14904794575125
H            2.78453457768515        6.16968215476364       -0.21596600711986
H           -2.68859107140564        6.27415359745196        0.48615671240673
H            0.52052405283819        4.55178489307037        0.39365706287871
C            2.93978013576135       -0.36724987521918        5.28070496633979
C            1.86303817417182        0.06294987913298        5.94084778426684
N            0.61068873467380        0.00902657231298        5.37680501104276
C            0.42546968327754       -0.35818153120325        4.05843343890278
O           -0.69532543115237       -0.39565865280715        3.58477777505439
N            1.55399447435833       -0.66441476402807        3.33865664497905
C            2.81684437055278       -0.89876067355463        3.93733069478976
N            3.68545493407210       -1.53837959354695        3.27858983736079
C           -0.53658874701316        0.53521176556817        6.08491787847325
C           -1.02361015564350        1.88274663429090        5.47132098034421
C           -2.47235319193224        1.62758955542359        5.04069387854494
C           -2.83422681762293        0.35402708324413        5.83472814543845
O           -1.61086393365074       -0.34787390582439        6.04866602191486
C           -3.83562809934386       -0.54350222318599        5.08484222545591
O           -3.65321367613444       -0.53656555965509        3.70203985670210
O           -3.27752632484934        2.72589422278417        5.32603003310666
F           -0.90824868517213        2.86707960474623        6.38665996727029
F           -0.22980927543584        2.26954186471938        4.43866168309577
H            3.91635087710133       -0.35612410967234        5.73321116138978
H            1.90507926041324        0.45229466560764        6.94660492245117
H            4.57192566487301       -1.63106041412057        3.76069934284814
H            3.62567663833208       -2.16354610329535        0.95157971804705
H           -0.22280772339680        0.72458692192651        7.12444371839596
H           -2.45214466600047        1.38625617370905        3.96761736471351
H           -3.24718470607495        0.64776206783180        6.81114997334451
H           -3.76133747802040       -1.55319237936837        5.50450344604647
H           -4.84350459581812       -0.15817395560107        5.25707506975528
H           -2.79293433349547       -0.92443076959426        3.49023167585799
H           -4.14281325677096        2.60475082347464        4.91778169880454
77
 energy: -168.412643544735 gnorm: 0.010006437480 xtb: 6.7.1pre (5071a88)
N            0.33750704312009       -0.07863777020295        1.32284750932505
C            0.30265138253892        1.31681780662031        1.12626595227990
C            1.55457981151554       -0.65960116401584        1.83362747222282
C           -0.82149194014559       -0.78798379430945        1.16925486322947
N            1.40291535368192        2.00316111150430        1.09464311456454
N           -0.87004141548674        1.90223740082971        0.93831541948170
N            2.68649586206806        0.03717531986328        1.41194899892601
N            1.58836230509916       -2.05229162070097        1.39754614878586
N           -1.93911726545636       -0.21508261038033        0.84993069092386
N           -0.76814848511509       -2.13930572393653        1.30185988558407
C            2.55180338621633        1.30230711262721        1.16454392395638
C            0.43962598537777       -2.74535114676045        1.52394141481470
C           -1.93069878118044        1.12963441339436        0.84555890178601
N            3.72332444586262        1.98413551487977        0.92219357097135
N            0.50900366520214       -4.12400739227467        1.65957696691676
N           -3.15109038406877        1.71081194683855        0.71081720346327
C            3.86682753988194        3.37944697973385        0.66251995070674
C            4.92352000044524        1.36815727742102        1.07401122631484
C           -3.36446724666046        3.12564399860152        0.82799156241148
C           -4.23645287944743        0.95515670755063        0.53118616587907
C            1.49946231563835       -4.54077117123660        0.57907187785930
C           -0.44888250414974       -4.64065794078754        0.65726141675842
N            5.01475208017695        3.88251717395811        0.35275391665332
N            6.03166054403327        1.86339756356641        0.86481423663346
N           -4.49528051456973        3.53446647903300        1.49472392414802
N           -5.22483916149551        0.41056668772992        0.34522096197431
N            2.54862688022698       -3.83594825086577        0.32546977160216
N           -1.55962966656634       -4.05001786487386        0.45863672251673
C            6.17958378715182        3.15516879373763        0.30927600460786
C           -5.43148059318956        2.96982970591753        2.01935634557711
C            0.55744879884251       -5.39268477471920       -0.10868736353896
N            7.29455300712124        3.51750238593530       -0.12918503803822
N           -6.29064850995300        2.65172002237780        2.79906314664517
N            0.64657709208490       -6.33821866431689       -0.93172446674836
C            2.77083520828072        4.23767627475048        0.76090289595773
C           -2.52251017962616        3.99967252033748        0.31359116395690
C            2.71235013594027       -2.68818435804125        0.91141354196100
C           -1.93139634361394       -2.93056128769308        1.02838187777087
C            1.55994147628782        4.68980062700457        0.55800113970299
C           -1.39416666775009        4.65245777955925       -0.36046865617979
N            2.52198793175619        5.72616313045843        0.64586359315968
N           -2.31373256390636        5.37331258631999        0.23097968862102
H            7.34112101970277        4.44328056179696       -0.53348934411714
H           -7.22400774269489        2.35128032845010        2.59595094606851
H           -0.22616223640743       -6.77940776472473       -1.19774726049551
H            2.77741309657585        6.15799465912930       -0.24637783776267
H           -2.67509523598837        6.26407720314259        0.51212575290750
H            0.51749071333319        4.53829414994743        0.36662696836381
C            2.92134858860224       -0.37777311717774        5.29937262780837
C            1.84474165250440        0.06576081762076        5.95110237961794
N            0.59599688131961        0.02513854368670        5.37821851483470
C            0.41419718647799       -0.34789758286686        4.06061284020726
O           -0.70332308166179       -0.38309672938180        3.58176596878930
N            1.54518679089010       -0.66315218067410        3.34872108883420
C            2.79906166838184       -0.91175824095864        3.95648752408857
N            3.65974995048091       -1.56816843695631        3.30530697665777
C           -0.55294262890355        0.55631825138948        6.08121404396842
C           -1.03906748548242        1.89992812485538        5.45681132468121
C           -2.48320488738263        1.63574162530823        5.01327990570177
C           -2.84872478941977        0.36985482250880        5.81584675308349
O           -1.62676424507110       -0.32764263525052        6.04725607102160
C           -3.84518002928716       -0.53555899430184        5.06515124124120
O           -3.66282502778429       -0.53054002646540        3.68266188212887
O           -3.29679468016897        2.73372693782561        5.27668916037424
F           -0.93612701972877        2.88896497456929        6.36797149502961
F           -0.23705321353691        2.28335254573841        4.43019774711505
H            3.89404700886767       -0.37612128860255        5.75996690342872
H            1.88343299247438        0.45586632978589        6.95709111427084
H            4.54228347412674       -1.67901771810040        3.79021991348337
H            3.64056118820975       -2.15915138397679        0.96286725694566
H           -0.24112947486117        0.75212955203253        7.11998945866784
H           -2.44985141510607        1.38356537591416        3.94346773589337
H           -3.27254514266806        0.67073567738862        6.78597932114890
H           -3.76623516524622       -1.54339346856723        5.48823754376569
H           -4.85438536695157       -0.15389556270432        5.23677890822938
H           -2.80896860025072       -0.93022138096312        3.46994059446244
H           -4.15656367968665        2.60115324499535        4.85903883600779
77
 energy: -168.413302772893 gnorm: 0.009947171431 xtb: 6.7.1pre (5071a88)
N            0.34585036251089       -0.08534825400692        1.32183371433147
C            0.30927742022649        1.30864980614862        1.11445232527784
C            1.56017683084789       -0.66072703520889        1.84548605752750
C           -0.81299212632730       -0.79627954205116        1.16946518461281
N            1.40902425740661        1.99534289402868        1.07599515480882
N           -0.86399204416635        1.89153217931027        0.92683699347484
N            2.69461919139045        0.03722177087911        1.43310719828949
N            1.60185464136737       -2.05391733505227        1.40747677011771
N           -1.93140945546801       -0.22638271615939        0.84859645587707
N           -0.75588740893874       -2.14717878113055        1.30601555788666
C            2.55929004134141        1.29788928620689        1.16389525294518
C            0.45529251522708       -2.75139376130229        1.52536937692075
C           -1.92561632121395        1.11906093481957        0.84503541516848
N            3.72899155566005        1.98035205720354        0.91883285165342
N            0.52805280746883       -4.13342706505167        1.64808266609913
N           -3.14717576887482        1.69951178324677        0.72448994672824
C            3.86660347779364        3.37552981033139        0.64851266889874
C            4.93283893677567        1.37600038722394        1.08904576429830
C           -3.35585364634269        3.11417589134179        0.85588378510326
C           -4.23608307715044        0.94444789277452        0.56511575435190
C            1.51590853748727       -4.52934325217790        0.55866530293518
C           -0.43248633313534       -4.64043568585156        0.64371268540535
N            5.01395169511655        3.87948761989125        0.33784630903930
N            6.03982292223067        1.87438348365196        0.88317630978444
N           -4.46785062664492        3.52045637651187        1.55508093746128
N           -5.22694255447799        0.39856013352310        0.39848060809452
N            2.56528619040203       -3.82197003420276        0.31453978172979
N           -1.54937750775626       -4.05425322483743        0.46182854242615
C            6.18189418278713        3.15935138795471        0.30493034700798
C           -5.39004645896699        2.95795294871506        2.10595987058114
C            0.57402311030946       -5.37380110288099       -0.14015380015055
N            7.29521695878714        3.51740433977740       -0.14037297490424
N           -6.22735711684808        2.64022719549879        2.90989933729520
N            0.66317141306130       -6.30002562345673       -0.98578788018801
C            2.76774129746209        4.23061000780338        0.73958355767651
C           -2.52360295785110        3.98930523840703        0.32767332340756
C            2.72907271578475       -2.68275460763917        0.91816255032373
C           -1.91892643579730       -2.93840671052362        1.04129124064133
C            1.55564407142677        4.67660854162786        0.52893829716686
C           -1.40689676449089        4.64110358799451       -0.36786741251760
N            2.51345770017405        5.71741627768973        0.61334540868999
N           -2.31049923848750        5.36187435562872        0.24834238603313
H            7.34158577064501        4.43518321727190       -0.56095597723342
H           -7.16821043542943        2.34748311997239        2.72942207037936
H           -0.21074659389776       -6.73919499983440       -1.25338913822051
H            2.76992654529061        6.14387913450683       -0.28129835182926
H           -2.66142090660160        6.25268067090466        0.54303614807099
H            0.51417307521012        4.52169244853923        0.33636464261337
C            2.89889352881130       -0.39242608179761        5.32177549414320
C            1.82287131598025        0.06889794492497        5.96331829517572
N            0.57904924279741        0.04472964471707        5.37871294069078
C            0.40200004249685       -0.33543980020863        4.06084182603114
O           -0.71349102475070       -0.36895719117111        3.57780893358191
N            1.53559889752581       -0.66108189044143        3.35917866154631
C            2.77820374947496       -0.92674982825491        3.97796093860624
N            3.63091918145192       -1.60034336998084        3.33392649732076
C           -0.57143188395026        0.58168652419637        6.07563222195984
C           -1.05731326221552        1.92102619304418        5.44019014360586
C           -2.49547403856565        1.64727447498415        4.98256385585703
C           -2.86587759561978        0.39047237078226        5.79477898700787
O           -1.64572646247215       -0.30227978424070        6.04706654441418
C           -3.85453197261971       -0.52511957489304        5.04376207518296
O           -3.67171771980480       -0.52059979139843        3.66146826877654
O           -3.31881314097799        2.74442567832404        5.22148200305908
F           -0.96963186631471        2.91420228716322        6.34944445878819
F           -0.24534328478389        2.30344027088217        4.42170135471126
H            3.86756751570641       -0.40500618356139        5.79061447938469
H            1.85794713632408        0.45916174082661        6.96967343060701
H            4.51037495682873       -1.73169260956615        3.81918507480450
H            3.65775534190542       -2.15688558060030        0.97658566114033
H           -0.26059985280462        0.78505004786736        7.11320104908958
H           -2.44758871295164        1.38351012871416        3.91634909269248
H           -3.30167952604303        0.70061581065342        6.75738503801600
H           -3.76724641777628       -1.53149546455840        5.46942450158537
H           -4.86723640714554       -0.15158590009543        5.21446551126215
H           -2.82457066898383       -0.93316404719382        3.44649391597044
H           -4.17227951701715        2.59779793271330        4.79365772949830
77
 energy: -168.414007496840 gnorm: 0.010295703319 xtb: 6.7.1pre (5071a88)
N            0.35232892961030       -0.09322857408665        1.31757767247599
C            0.31405118477951        1.29918734099872        1.10089556911010
C            1.56507074533480       -0.66257528269284        1.85562537765080
C           -0.80592950945050       -0.80525644753819        1.16670575478782
N            1.41326805472309        1.98550588662376        1.05560335915534
N           -0.85994421851766        1.87999386366937        0.91414478149824
N            2.70170709463345        0.03749898196210        1.45307345925260
N            1.61407627460394       -2.05669811732289        1.41694330657159
N           -1.92545229086526       -0.23854269165110        0.84547278669264
N           -0.74387407773214       -2.15636383034725        1.30291149778311
C            2.56577038258882        1.29361895345810        1.16353202972964
C            0.46903231786016       -2.75841298760409        1.52374275911387
C           -1.92228868012136        1.10763889783543        0.84335872335776
N            3.73361691816957        1.97776929935451        0.91899999883118
N            0.54436716616389       -4.14232757145099        1.63489829316468
N           -3.14480593457897        1.68769627783059        0.73681063210003
C            3.86587095387798        3.37232172181326        0.63697910405606
C            4.94089798835687        1.38605311921782        1.11097719861181
C           -3.34790915258468        3.10242884785864        0.88515723485239
C           -4.23797188614116        0.93510120002993        0.59799794803001
C            1.53302734649207       -4.52057674369282        0.54218352134361
C           -0.41529630875401       -4.64329074087937        0.62653934533361
N            5.01285944360453        3.87702629205773        0.32531708301487
N            6.04650355425186        1.88749602566356        0.90866823825908
N           -4.43915756301915        3.50546324241108        1.61703380190580
N           -5.23205581341457        0.38961833155276        0.45168621930007
N            2.58344610530002       -3.81097687134921        0.31117266256850
N           -1.53463210137564       -4.06075657024671        0.45385637082908
C            6.18262823485686        3.16388907705780        0.30418622229782
C           -5.34521039975346        2.94538471851075        2.19507804698333
C            0.59341086252370       -5.35830165787012       -0.16850330136790
N            7.29477379638743        3.51438929722681       -0.15033059185565
N           -6.15510725166840        2.62436153116228        3.02752932037209
N            0.68635413986594       -6.26490782296813       -1.03370679906329
C            2.76355503039472        4.22353864098187        0.71921487673125
C           -2.52633701442162        3.97937242343564        0.34403350130230
C            2.74461434396391       -2.67919312872545        0.92788411668258
C           -1.90548771564063       -2.94959523924019        1.04121351356406
C            1.55023323790839        4.66237988574333        0.49955426402913
C           -1.42176191686575        4.63134900250634       -0.37063936577969
N            2.50341260738716        5.70811392030363        0.57895903051305
N           -2.30912172008253        5.35082366839694        0.26932847186909
H            7.34004470018715        4.42286798899852       -0.59074708802643
H           -7.10481863226264        2.34159220855911        2.87442895452297
H           -0.18781610819629       -6.70016581538389       -1.30821085362340
H            2.76162999649224        6.12799831924934       -0.31834932267876
H           -2.64886065875474        6.24089694800757        0.57953384712546
H            0.50974804517344        4.50290874960632        0.30661127998637
C            2.87322519355627       -0.41516913404029        5.34442787690406
C            1.79966970937972        0.06848527720586        5.97502334967057
N            0.56212307817468        0.06805055471657        5.37677419106680
C            0.38953991049469       -0.31955797727391        4.05878668458459
O           -0.72410265026806       -0.34472137946277        3.57210817816261
N            1.52452049869066       -0.65812122847270        3.36751637778837
C            2.75471709644372       -0.94462343699163        3.99814770249792
N            3.60009584270808       -1.63058838021734        3.35924698086817
C           -0.58904291747079        0.61138539628808        6.06768246391370
C           -1.07647482916830        1.94599697054656        5.42326595117664
C           -2.50725550741081        1.66218874343904        4.95044720486154
C           -2.88284952520311        0.41426519303340        5.77173262664975
O           -1.66401936335669       -0.27239152643422        6.04726293715198
C           -3.86000487573171       -0.51404460977646        5.02072814040907
O           -3.67821770015071       -0.50763434583555        3.63830646438783
O           -3.34097304058930        2.75713412058939        5.16512679464790
F           -1.00722614702667        2.94066898709836        6.33451738059341
F           -0.25368906149239        2.33279394617520        4.41571337085151
H            3.83804153626128       -0.44781564017827        5.82082479769639
H            1.83241366655617        0.45817783533889        6.98168056031667
H            4.47660141794438       -1.78291598715778        3.84425868057183
H            3.67405620746555       -2.15534620250802        1.00098584674622
H           -0.27759614873743        0.82242723748447        7.10338306044360
H           -2.44415708797224        1.38761667552107        3.88794892380085
H           -3.33061384091001        0.73440130918146        6.72587063181695
H           -3.75850596760449       -1.51900871116486        5.44677433283581
H           -4.87830413125846       -0.15528510375055        5.19140618970444
H           -2.83634546743259       -0.92545380546790        3.41965000927322
H           -4.18808439735083        2.59596965292950        4.72810143824870
77
 energy: -168.414659830967 gnorm: 0.009706528697 xtb: 6.7.1pre (5071a88)
N            0.35930968777318       -0.10113089719525        1.31309849064327
C            0.31901678833398        1.28978776709251        1.09076469127703
C            1.57077783569060       -0.66483611961529        1.86509375571095
C           -0.79894997521252       -0.81454694834834        1.17058132252408
N            1.41751773362938        1.97570403059390        1.03877113941026
N           -0.85625690131834        1.86889950566880        0.90637929641870
N            2.70943127585386        0.03853557923840        1.47318367519176
N            1.62668149434527       -2.05924091221676        1.42524677189216
N           -1.92078738543411       -0.25101904222819        0.85243601880997
N           -0.73166425830624       -2.16624414272135        1.30587162646881
C            2.57242828508053        1.29059831059960        1.16548274293590
C            0.48369499331323       -2.76625147755601        1.52418615466712
C           -1.91872474611661        1.09571430299548        0.84776453914193
N            3.73856014683901        1.97725992681233        0.92317600632251
N            0.56523789479794       -4.15136601891964        1.62203262220373
N           -3.14181992012759        1.67573237273407        0.75241604687226
C            3.86633424624641        3.37010392148187        0.62768177329560
C            4.94835616423513        1.39633084789216        1.13314452443699
C           -3.33919214650800        3.09056946584588        0.91592985880356
C           -4.23922903759601        0.92696268351936        0.63118984678727
C            1.55309298102708       -4.51381659857064        0.52164307209300
C           -0.39646843227282       -4.64815032076662        0.61151894965141
N            5.01269853342200        3.87554257443496        0.31367460265196
N            6.05228458230422        1.90024763162305        0.93055595756480
N           -4.40990287075887        3.48901436168430        1.67892786786068
N           -5.23727742065338        0.38531894452238        0.50114631876073
N            2.60234337699785       -3.79934378425926        0.29966218166642
N           -1.51958624415690       -4.06752219269176        0.44821144588460
C            6.18314198346968        3.16763507861841        0.30272469750349
C           -5.29669983485658        2.92838159266006        2.28568028836923
C            0.61418746631956       -5.34464722124031       -0.19864862915299
N            7.29441765629528        3.50990417182929       -0.16141154132152
N           -6.08228545685597        2.60905213774116        3.14072138995343
N            0.71040249992068       -6.23199714747367       -1.08449071529370
C            2.76022240138554        4.21732249042858        0.69923207085935
C           -2.52896730538024        3.96964391132099        0.36103314198370
C            2.75938663535240       -2.67441681870607        0.92901113316575
C           -1.89356866808314       -2.96270439968750        1.04560341883042
C            1.54609335585638        4.64928631290010        0.46960309831799
C           -1.43851874021519        4.62248899353693       -0.37646205864955
N            2.49503238303034        5.69944189237057        0.54231113956431
N           -2.30788320390568        5.34014722412606        0.29103141159872
H            7.33663295028203        4.40985834163519       -0.61987390729900
H           -7.03532665166659        2.32752397530588        3.01151146575209
H           -0.16457034602065       -6.66451476318124       -1.36221525837974
H            2.75595482795328        6.11139001879472       -0.35791238628866
H           -2.63561027489626        6.22892753648688        0.61850363537090
H            0.50638750086293        4.48482245094680        0.27655648361387
C            2.84560318996863       -0.43738667459596        5.36696199523615
C            1.77449721594406        0.06773267394583        5.98564922802140
N            0.54388185419933        0.08922688169907        5.37337077628944
C            0.37705750523288       -0.30566343955021        4.05530247024488
O           -0.73532009073124       -0.32205787894271        3.56461378190405
N            1.51345073780166       -0.65719671914628        3.37500674267155
C            2.73187019370682       -0.96301893818356        4.01830959659251
N            3.57165453248494       -1.65993599099940        3.38390915409213
C           -0.60832268422708        0.63941003227872        6.05688544694917
C           -1.09653631604706        1.96953047400679        5.40420376322266
C           -2.52044981704683        1.67856500077047        4.91870462348872
C           -2.90184968248731        0.43851269157572        5.74822629886398
O           -1.68451939831974       -0.24342020801813        6.04430595576967
C           -3.86839922279846       -0.50051703578956        4.99826329814163
O           -3.68708263582485       -0.49153958927189        3.61541427456614
O           -3.36074099191587        2.77200881604457        5.11352436888819
F           -1.04381348208268        2.96496988393485        6.31844204970188
F           -0.26399797558700        2.36203056765893        4.40675404058659
H            3.80631690745843       -0.48977116061894        5.85073302640678
H            1.80463078495951        0.45827391626552        6.99201989770132
H            4.44525330791806       -1.82934692224182        3.86863863485532
H            3.69073711156788       -2.15394506133682        1.01770494222986
H           -0.29705333475591        0.85798778110607        7.09115380584778
H           -2.44499522000873        1.39458380213124        3.85962074943413
H           -3.35860771986024        0.76872568982718        6.69436877162969
H           -3.75406320573295       -1.50471383147380        5.42382441036378
H           -4.89204347161626       -0.15549749173482        5.16892680507336
H           -2.84936613010490       -0.91805912194239        3.39296302547351
H           -4.20412582253855        2.60011130238839        4.67254988791866
77
 energy: -168.415160362370 gnorm: 0.012680091409 xtb: 6.7.1pre (5071a88)
N            0.36377055242980       -0.10813702135569        1.30720677366663
C            0.32159900769171        1.28165797474132        1.08281719280377
C            1.57416174255209       -0.66725219525978        1.87118669872655
C           -0.79381662925082       -0.82267038771920        1.17280357571045
N            1.41928817592365        1.96726630462771        1.02637109606534
N           -0.85510996970912        1.85966450874107        0.90088490763353
N            2.71418973131910        0.03988500046552        1.48975701744534
N            1.63600909699925       -2.06170036014378        1.43134750359261
N           -1.91836620628544       -0.26165703491090        0.85939502707072
N           -0.72182523731605       -2.17505222857023        1.30452275683926
C            2.57598717156061        1.28864859411216        1.16888748015642
C            0.49425846385609       -2.77296032742158        1.52182486143032
C           -1.91689325539561        1.08517076793737        0.85202056761621
N            3.74118455100704        1.97833875538908        0.93110346795740
N            0.58100344848705       -4.15735386661545        1.60919815970907
N           -3.14035180239690        1.66574503797925        0.76459743267863
C            3.86596226791710        3.36851580701939        0.62174798619611
C            4.95207106863065        1.40595752156226        1.15605790662197
C           -3.33247387829764        3.08062712002845        0.93927163907895
C           -4.24170595272253        0.92153133866959        0.65672956734246
C            1.57135120680741       -4.51055655130210        0.50731473699355
C           -0.37862500017841       -4.65344714310370        0.59491133486060
N            5.01190183716938        3.87414455650488        0.30475870455761
N            6.05464062286584        1.91120661239443        0.95155787710308
N           -4.38478072255574        3.47555679151387        1.72699703432394
N           -5.24426868790427        0.38499406103855        0.54090121473463
N            2.61964871239284       -3.79148930982245        0.29470646025724
N           -1.50164881954404       -4.07367750761656        0.43212978406448
C            6.18215411808223        3.16917947829094        0.30290587187122
C           -5.25389559495809        2.91516692235930        2.35600591978925
C            0.63505108048026       -5.33624663130514       -0.22119874612036
N            7.29307147324399        3.50242092138015       -0.17007874348740
N           -6.00569050888137        2.58302715819430        3.24233130793902
N            0.73589742834648       -6.20933013488516       -1.11927093896931
C            2.75687476648082        4.21248234224506        0.68253663374848
C           -2.53145445523810        3.96187053295191        0.37630586837214
C            2.77057379812373       -2.67068852374241        0.93084506836433
C           -1.88216533220808       -2.97566119516305        1.03650428662484
C            1.54224679463559        4.63837825204731        0.44450467153320
C           -1.44962995090464        4.61635101632882       -0.36826809424433
N            2.48795414351030        5.69191173626526        0.50801640445634
N           -2.30757381443494        5.33156993464099        0.31121822178433
H            7.33172492595233        4.39474510218861       -0.64476072950728
H           -6.96607185646172        2.30577267405135        3.14491590539783
H           -0.13795680628033       -6.63833816248956       -1.40570625782605
H            2.75103971119122        6.09515874285248       -0.39544914440505
H           -2.62559057239721        6.21825904900101        0.65243169964854
H            0.50302245242688        4.46889416750608        0.25347692156658
C            2.81946819728102       -0.46049478939541        5.38519493773855
C            1.75163078566986        0.06424840012030        5.99288668707485
N            0.52809114867091        0.10879529050636        5.36776222064138
C            0.36642166268330       -0.29081558354025        4.05029940765180
O           -0.74505250096444       -0.29631249534343        3.55527838071174
N            1.50305285793891       -0.65738065360849        3.37956163377755
C            2.71193119487999       -0.97989729967131        4.03398068571208
N            3.54846892397567       -1.68262912683172        3.40227796472672
C           -0.62475484153975        0.66474003801898        6.04479651988955
C           -1.11360327183152        1.99115383603918        5.38732555307668
C           -2.53216099390292        1.69606735079044        4.89261659601036
C           -2.91831567420616        0.46031496372375        5.72624858326103
O           -1.70176885788256       -0.21725965320998        6.03820019297695
C           -3.87494812178566       -0.48783099865248        4.97719019754709
O           -3.69681000206164       -0.47548704267867        3.59339768292791
O           -3.37458692073722        2.78802913910380        5.07671965650683
F           -1.07437706944390        2.98508380624701        6.30599434615306
F           -0.27399701879581        2.39167992699711        4.39881731155860
H            3.77555206173996       -0.53270795712310        5.87616056616962
H            1.77953185419309        0.45437787470216        6.99905189000996
H            4.41834023202925       -1.86476163667489        3.88931032098781
H            3.70349158181978       -2.15238547440310        1.03516152725393
H           -0.31347785995882        0.88893969578978        7.07774350433195
H           -2.44863980748508        1.40667030539250        3.83593897649896
H           -3.38125978811610        0.79792130272724        6.66574026996599
H           -3.74693210170780       -1.49124229443077        5.40041027426829
H           -4.90309840296493       -0.15716728825477        5.14965711314850
H           -2.86024061232873       -0.89943920459559        3.36703638103216
H           -4.21869795209716        2.60990836650368        4.63959772723176
77
 energy: -168.415432588292 gnorm: 0.005633578336 xtb: 6.7.1pre (5071a88)
N            0.36376532077531       -0.10822312039723        1.30719448997307
C            0.32148397332511        1.28194043646389        1.08421100785462
C            1.57312568391315       -0.66811422079120        1.87059476579550
C           -0.79331956809504       -0.82304105373674        1.17246763585579
N            1.41886241251425        1.96844573471212        1.02982183635436
N           -0.85550986700285        1.85989889168431        0.90236710682506
N            2.71304840671359        0.03971972173531        1.49045591220578
N            1.63476141114078       -2.06147748291854        1.42976875405910
N           -1.91825842095078       -0.26159851590413        0.86016876522816
N           -0.72238935714193       -2.17511472427902        1.30407504190689
C            2.57463439351826        1.28889918165004        1.17122119580835
C            0.49318312904171       -2.77268585378336        1.51971203213364
C           -1.91662581056651        1.08468594714238        0.85268419798688
N            3.74048090360136        1.97938485903301        0.93561052528249
N            0.58068327848378       -4.15616999213266        1.60667036072409
N           -3.14044466372578        1.66560165150193        0.76560771018120
C            3.86546139319865        3.36814810460098        0.62293733091508
C            4.95045795978519        1.40607358847032        1.15962648088694
C           -3.33364260353130        3.07999529906441        0.93876993245207
C           -4.24213114586302        0.92164845796042        0.65628203791129
C            1.57354068260788       -4.51178654134071        0.50700303406620
C           -0.37660233303874       -4.65243287082984        0.59047404069751
N            5.01139494916664        3.87291174336122        0.30446075724269
N            6.05313808466201        1.91038992031294        0.95327171504983
N           -4.38491752887843        3.47336695940865        1.72866669291550
N           -5.24554413894236        0.38654315982854        0.53917821120241
N            2.62114750670869       -3.79180122629539        0.29469774877321
N           -1.49914886691440       -4.07218627501506        0.42436221301779
C            6.18171065560731        3.16632782208849        0.30300857773393
C           -5.24719822334540        2.91020040097113        2.36345896365085
C            0.63873826530621       -5.33728824235653       -0.22291230818507
N            7.29266264954715        3.49898967297054       -0.16970805565333
N           -5.98763561345388        2.57610725257769        3.25342559776415
N            0.74061147261825       -6.21294148636089       -1.11916350792107
C            2.75684413179617        4.21263570616720        0.68145424288937
C           -2.53277428900905        3.96219231266142        0.37645631194301
C            2.76942597118579       -2.66916021165039        0.92894185158652
C           -1.88218390915889       -2.97564055163751        1.02934871246437
C            1.54225853640951        4.63862939663296        0.44309817858626
C           -1.45448509757008        4.61817121924807       -0.37314174114439
N            2.48879839717144        5.69130946430324        0.50285638210926
N           -2.30622966157336        5.33200969719552        0.31717398618586
H            7.33091719562367        4.39100705364071       -0.64488508466311
H           -6.94626538482931        2.29642697453275        3.16469730533016
H           -0.13161766254252       -6.64340533373691       -1.40710242630634
H            2.75189469109564        6.09169434434224       -0.40159598874424
H           -2.62024538064531        6.21745366154722        0.66472661109254
H            0.50272009502791        4.46902831207610        0.25212505666315
C            2.81640464015189       -0.46186521866971        5.38621626085454
C            1.74841245226975        0.06247358342068        5.99216016551470
N            0.52592557168330        0.10802640153949        5.36619180771594
C            0.36564110071870       -0.29182473046049        4.04999045965306
O           -0.74448453245035       -0.29366536844204        3.55176040139622
N            1.50263997923871       -0.66119599289746        3.37949341105452
C            2.71339106513355       -0.98071856421167        4.03499596130193
N            3.55575561026675       -1.67967249373734        3.40579138038804
C           -0.62731008042294        0.66492198363308        6.04210312544628
C           -1.11477162719632        1.99153936174316        5.38481459814175
C           -2.53479253235920        1.69911809246038        4.89145700592875
C           -2.92057953507341        0.46053704285244        5.72271994689917
O           -1.70374794768466       -0.21748235923255        6.03290009403370
C           -3.87812352500363       -0.48624885874230        4.97280545187700
O           -3.70127244064794       -0.47371022334136        3.58871410873304
O           -3.37378971468232        2.79268345040651        5.08156568959971
F           -1.07362961254199        2.98567760174768        6.30214159512175
F           -0.27639158858908        2.39112385374036        4.39492610049734
H            3.77038177501151       -0.53337349704779        5.88015138939514
H            1.77497428561871        0.45275681325004        6.99831135095302
H            4.42098230693099       -1.85852634959000        3.90109688904586
H            3.69943002122709       -2.14729443350907        1.02923986611143
H           -0.31763285183422        0.88888408273795        7.07558215285866
H           -2.45364595017910        1.41194877242618        3.83348737181284
H           -3.38309089980211        0.79656966560655        6.66287226437366
H           -3.75046699123604       -1.48954347324211        5.39553828501854
H           -4.90509964135528       -0.15420811388441        5.14609439753367
H           -2.86033114845306       -0.89160852307838        3.36284132642693
H           -4.22335821267182        2.61790724965262        4.65204494424022
77
 energy: -168.415801761081 gnorm: 0.008586238887 xtb: 6.7.1pre (5071a88)
N            0.36337964374606       -0.10837010118707        1.30576008088999
C            0.32054637130293        1.28261044829130        1.08710798231492
C            1.57014983830355       -0.66995825305975        1.86918161585941
C           -0.79264497823494       -0.82396732743434        1.16986170581507
N            1.41737816537777        1.97112332312953        1.03881571511135
N           -0.85663363024793        1.86025126393591        0.90362456417080
N            2.71038389740677        0.03959811725523        1.49329833516436
N            1.63230392578100       -2.06118374057985        1.42644654061989
N           -1.91834786025928       -0.26183447510669        0.85914588684284
N           -0.72358620240366       -2.17561634137213        1.30108514527561
C            2.57132564816766        1.28971321946236        1.17862949504009
C            0.49084502571850       -2.77253717181592        1.51397165447319
C           -1.91636749532174        1.08327153523386        0.85081488508981
N            3.73876616276898        1.98163580954177        0.94812608376871
N            0.57948003857477       -4.15421500555817        1.59989436162227
N           -3.14058856204191        1.66502277644930        0.76365213717150
C            3.86443020929189        3.36681880679573        0.62576593568794
C            4.94670793688303        1.40596245858527        1.17033972465291
C           -3.33489255783700        3.07814550645153        0.93679135586289
C           -4.24313833999285        0.92205831239778        0.65138038220451
C            1.58020512227242       -4.51525688097431        0.50672587451878
C           -0.37066763698907       -4.65078991033334        0.57773706016169
N            5.01035889684304        3.86925938507992        0.30332553377604
N            6.04979985542822        1.90796581806652        0.95858474449542
N           -4.38000934576229        3.46713608876570        1.73760354518864
N           -5.24930001292806        0.39172985925827        0.53536676497140
N            2.62575313154757       -3.79186866180323        0.29528856603673
N           -1.49163359062819       -4.06921443726816        0.40177759715591
C            6.18090600282815        3.15902133713998        0.30437171871259
C           -5.22233733395873        2.89487939999044        2.39087707102282
C            0.64965794879898       -5.34106440635401       -0.22669583657097
N            7.29175421615686        3.49015063124591       -0.16899148960663
N           -5.94802353387644        2.56611617397177        3.29139010388209
N            0.75502912825929       -6.22301852784457       -1.11699077936607
C            2.75683506896687        4.21291162529264        0.67792432541167
C           -2.53504003416007        3.96276199980653        0.37646911559515
C            2.76800860186057       -2.66600828510240        0.92625507919596
C           -1.88137721901325       -2.97653589663107        1.00823493419114
C            1.54250376225411        4.63896760318940        0.43837673926303
C           -1.45799214971994        4.62274148825685       -0.37296543402175
N            2.49095174942628        5.68993553355932        0.48813222844245
N           -2.30477794778840        5.33294651480202        0.32946221340918
H            7.32863163013031        4.38108327907568       -0.64620547227321
H           -6.89801742676280        2.26023925518817        3.21808480739131
H           -0.11369171891048       -6.65511132255247       -1.41098256005912
H            2.75364366641355        6.08300381998473       -0.41930217732270
H           -2.61237417856077        6.21530752763264        0.68983889882818
H            0.50262101631248        4.46888709855260        0.24931957095525
C            2.80819288112369       -0.46631912768749        5.38833223098506
C            1.73977735896426        0.05819824274107        5.99126963572648
N            0.51954073007316        0.10684381515159        5.36279227777116
C            0.36241141641078       -0.29221411237082        4.04888535106508
O           -0.74519997623788       -0.28784780674683        3.54420905713730
N            1.49948775996283       -0.66993640826141        3.37926671809776
C            2.71393469655174       -0.98263899125893        4.03623185126263
N            3.56870689904178       -1.67155634977282        3.41083336590358
C           -0.63509869537788        0.66535592466924        6.03540559902110
C           -1.11804397731287        1.99294279062850        5.37835632780325
C           -2.54210389872963        1.70783493074688        4.88941770555018
C           -2.92774867253263        0.46258956196103        5.71379964582357
O           -1.71071554440844       -0.21736694217861        6.01882976856358
C           -3.88674761621049       -0.48026490600082        4.96062128055223
O           -3.70983420030769       -0.46569813052211        3.57640338247391
O           -3.37212935540460        2.80467917357310        5.09630225119964
F           -1.07009968427414        2.98760482915026        6.29271997646343
F           -0.28203117314625        2.38840471034610        4.38478261123483
H            3.75819509363777       -0.53706137622868        5.88881125943083
H            1.76350880802972        0.44795865213663        6.99778073706062
H            4.42570099462775       -1.84035312029344        3.92350458112654
H            3.69258735884686       -2.13602893474184        1.01928510923141
H           -0.32956257924235        0.88800291065174        7.07041056552730
H           -2.46834293535618        1.42853106386208        3.82796695099832
H           -3.38922185849182        0.79349106196630        6.65613118655465
H           -3.76110154042764       -1.48434600554876        5.38109401875415
H           -4.91184915602053       -0.14523834765932        5.13412507192442
H           -2.85875871202412       -0.86830377365303        3.35298493705177
H           -4.23436732735493        2.63803039377933        4.68537221529676
77
 energy: -168.416087085732 gnorm: 0.008967391281 xtb: 6.7.1pre (5071a88)
N            0.36269252834187       -0.10864534345041        1.30289677708046
C            0.31900536789530        1.28318277248641        1.08991830061090
C            1.56704302363461       -0.67154970374526        1.86782638308861
C           -0.79252460299449       -0.82501347498001        1.16502199666303
N            1.41539073543966        1.97355402656192        1.04876849945030
N           -0.85797698205099        1.86040689353953        0.90430798701784
N            2.70796348852527        0.03979321752340        1.49692367559765
N            1.63079680939395       -2.06119042658760        1.42332246351430
N           -1.91884514527683       -0.26231339782989        0.85562854841894
N           -0.72421257536680       -2.17659211534259        1.29495071393936
C            2.56821485331310        1.29090700238878        1.18765666856038
C            0.48925668284811       -2.77298533657058        1.50729747481416
C           -1.91670952359308        1.08190138340549        0.84800165432435
N            3.73710765588466        1.98365248403616        0.96214952756187
N            0.57810475471117       -4.15341164673652        1.59199532064281
N           -3.14078120851335        1.66478015778108        0.76062040928339
C            3.86384716018848        3.36524655987428        0.62871770578092
C            4.94333773424703        1.40555809042353        1.18347926675140
C           -3.33394826866700        3.07676067715196        0.93838861887051
C           -4.24479328866627        0.92381824911541        0.64727830516281
C            1.58852272615981       -4.51936086875044        0.50673537704457
C           -0.36329088175352       -4.65015262504024        0.56227228657412
N            5.00976808463394        3.86484680231231        0.30196576484662
N            6.04683864345122        1.90506280588545        0.96552281002393
N           -4.37632142455892        3.46280074627715        1.74532066588872
N           -5.25290198143240        0.39847318306896        0.52533275806549
N            2.63170825732005       -3.79170257141915        0.29671455985203
N           -1.48215117609688       -4.06690816582830        0.37452686733286
C            6.18029044870505        3.15111199555409        0.30672796324393
C           -5.20090916791170        2.88284655568721        2.41456110062995
C            0.66294751931155       -5.34614799919377       -0.23088435717940
N            7.29090239671905        3.48061932989833       -0.16828753051085
N           -5.89247316359252        2.53475024295328        3.33662967333658
N            0.77319740910315       -6.23452576419927       -1.11394167872763
C            2.75712156732721        4.21320660590841        0.67374351042477
C           -2.53549788365633        3.96352457980197        0.37970589312863
C            2.76839104696582       -2.66377358910344        0.92535574903681
C           -1.87909522124829       -2.97837988272674        0.98238814628366
C            1.54314132118131        4.63933965658468        0.43276383663158
C           -1.46023608221344        4.62744152531380       -0.36909582307272
N            2.49356611257869        5.68879922775296        0.47141853474708
N           -2.30316665117952        5.33381911097334        0.34244736286137
H            7.32626062032728        4.37033474173398       -0.64793099629006
H           -6.84261463701794        2.22283245999536        3.29563583101912
H           -0.09241490255526       -6.66704352852076       -1.41545175039616
H            2.75535288432192        6.07381789268650       -0.43970614868234
H           -2.60528680882789        6.21330979689745        0.71427670303479
H            0.50271342931380        4.46894781945010        0.24705019056341
C            2.79836010637098       -0.47191286445304        5.39051148907329
C            1.72949348090285        0.05362946590253        5.99140583683247
N            0.51135791077148        0.10596413244631        5.35959446161212
C            0.35726719868040       -0.29153655821497        4.04694604596808
O           -0.74826900927729       -0.28250873143681        3.53674615360255
N            1.49394118235627       -0.67768604516428        3.37893656427491
C            2.71074390627880       -0.98380003575071        4.03648451635620
N            3.57581383924327       -1.66213192081618        3.41245895165511
C           -0.64499620961881        0.66562564774805        6.02837630853564
C           -1.12260213565002        1.99492804190584        5.37176608867113
C           -2.55149438539196        1.71888608443249        4.88916934515703
C           -2.93710218168535        0.46661342850094        5.70459272770982
O           -1.72057287017350       -0.21649094770871        6.00385660532437
C           -3.89642534885200       -0.47109994225701        4.94581300946980
O           -3.71519505330666       -0.45310320497116        3.56215317467231
O           -3.37234905133609        2.81818764873405        5.11512607247558
F           -1.06467126936887        2.99047120754279        6.28330919197266
F           -0.28897377580559        2.38404401780797        4.37349558190035
H            3.74549626497691       -0.54321265875891        5.89645894772363
H            1.75074360387037        0.44195882115961        6.99857966954903
H            4.42763265605697       -1.82021215639966        3.93819678555315
H            3.68932489431503       -2.12717718244095        1.01471848525869
H           -0.34392281566829        0.88625472329617        7.06515543155824
H           -2.48671082829933        1.45028365177401        3.82388423845667
H           -3.39787880473782        0.79091626766378        6.64954706201754
H           -3.77455765992051       -1.47703029323763        5.36306663400092
H           -4.92079026908783       -0.13357576296755        5.11716562327282
H           -2.85560321266738       -0.84180662781109        3.34312875313834
H           -4.24538984781144        2.65977064032587        4.72104064797710
77
 energy: -168.416382498939 gnorm: 0.009600837703 xtb: 6.7.1pre (5071a88)
N            0.36167946843468       -0.10922788392145        1.29809729981217
C            0.31673774230138        1.28356892481169        1.09217628581384
C            1.56385111961910       -0.67277673515722        1.86639394962133
C           -0.79283826892208       -0.82639964895841        1.15659955378069
N            1.41269328624188        1.97572426384927        1.05936432647681
N           -0.85975664381974        1.86010409597810        0.90338628683565
N            2.70560064717566        0.04034969762720        1.50078474118006
N            1.63047009613737       -2.06148216635123        1.42032856900218
N           -1.91923949435424       -0.26352718098454        0.84701894200998
N           -0.72384922180750       -2.17822964308317        1.28419343476077
C            2.56524067554916        1.29264813606480        1.19776627800668
C            0.48879822732689       -2.77404640711515        1.49952558497571
C           -1.91768385673685        1.08019807485818        0.84199771992945
N            3.73534626079361        1.98554497865553        0.97716664260448
N            0.57689698161520       -4.15382365733612        1.58293189694198
N           -3.14138582239758        1.66365543483572        0.75301626179901
C            3.86368132228486        3.36357705143257        0.63158884148495
C            4.94028920484510        1.40508985571972        1.19923272855453
C           -3.33275557043556        3.07422074081860        0.94109869985284
C           -4.24637482340606        0.92463963521870        0.63627738898437
C            1.59882915692349       -4.52425684130236        0.50739063798167
C           -0.35388574926922       -4.65078169924365        0.54391287454513
N            5.00962376937062        3.85967358407410        0.30029189065208
N            6.04422139502757        1.90184624854097        0.97453332197714
N           -4.36748633496925        3.45454640415124        1.76242093053824
N           -5.25847096071104        0.40601535618384        0.51939620988128
N            2.63952204382490       -3.79186636938960        0.29983007244765
N           -1.46994591110100       -4.06555587789006        0.34215209982970
C            6.17970669741222        3.14263400411733        0.30997897345345
C           -5.16444617020152        2.86285959860443        2.45616557261241
C            0.67913768521042       -5.35274674414945       -0.23553196195081
N            7.29001524617307        3.47032524166019       -0.16750931577441
N           -5.83607989731423        2.51853723422607        3.39588222493777
N            0.79602609056377       -6.24785843981588       -1.11011562545224
C            2.75762567807762        4.21345177304616        0.66883226591219
C           -2.53759233874432        3.96437589268529        0.38340022250397
C            2.77094121647792       -2.66270581425602        0.92661847578394
C           -1.87460089544399       -2.98121785488062        0.95081009663591
C            1.54407457046415        4.63957422334248        0.42641878601624
C           -1.46174434769841        4.63282806997978       -0.35979536078556
N            2.49642280505387        5.68779414959737        0.45273902117714
N           -2.30434610358918        5.33459205278458        0.35556182662627
H            7.32381187419609        4.35854766309217       -0.65018320691162
H           -6.77667165900730        2.17028353957673        3.37550212709052
H           -0.06681119574140       -6.68004890612582       -1.41996505768321
H            2.75678362323719        6.06369746627188       -0.46282648610465
H           -2.60159698776410        6.21090843107260        0.73885052684244
H            0.50288331389534        4.46911283178637        0.24540541718408
C            2.78633099762320       -0.47821154978468        5.39293001183373
C            1.71693746124020        0.04875249460818        5.99246448051271
N            0.50093971492539        0.10537844119109        5.35634068887165
C            0.34978528513587       -0.29007241969091        4.04363559494149
O           -0.75394882752957       -0.27744135461786        3.52882534402352
N            1.48590515227211       -0.68368239216667        3.37830376951845
C            2.70336672140116       -0.98363276363706        4.03600777437542
N            3.57638623528811       -1.65123074151583        3.41094824716355
C           -0.65715583414754        0.66588320790546        6.02104507038935
C           -1.12844370383773        1.99795508577698        5.36551817394559
C           -2.56302640909667        1.73301179882342        4.89186987961396
C           -2.94893956607311        0.47290210381092        5.69521483692444
O           -1.73363743214930       -0.21451833919994        5.98834396046826
C           -3.90715376786927       -0.45788199682848        4.92738084735221
O           -3.71607953671742       -0.43543749080204        3.54512497070392
O           -3.37518972855941        2.83317293624837        5.13974160034559
F           -1.05635793742669        2.99480822803968        6.27440279206806
F           -0.29787067308474        2.37846922932647        4.36099683582757
H            3.73161918981190       -0.55172447006843        5.90290624475051
H            1.73584548475921        0.43454731815561        7.00063542360861
H            4.42614257359889       -1.79952878194148        3.94394784174815
H            3.68999198942844       -2.12183855894707        1.01694839071619
H           -0.36081192202062        0.88374909613338        7.05984033309307
H           -2.50916840977010        1.47846358973583        3.82232652787021
H           -3.40983672841882        0.78869360016804        6.64312739048257
H           -3.79164599823772       -1.46656773676859        5.34084791485584
H           -4.93179489568374       -0.11775720932161        5.09320304591622
H           -2.85023664142847       -0.81323840958260        3.33331564740794
H           -4.25529873839766        2.68260330009697        4.75732636889126
77
 energy: -168.416670606241 gnorm: 0.007609497764 xtb: 6.7.1pre (5071a88)
N            0.36062350273878       -0.11042814955469        1.29183237478086
C            0.31435614770853        1.28332354790766        1.09303400601473
C            1.56147100554767       -0.67336433318715        1.86493391778952
C           -0.79337731796341       -0.82820194487217        1.14495383131184
N            1.40975994953745        1.97688568422622        1.06786854526317
N           -0.86156730963210        1.85899858634203        0.90135755989287
N            2.70372871980835        0.04104292134670        1.50329349720636
N            1.63191871010151       -2.06210486721060        1.41808413953294
N           -1.91931651194579       -0.26548594462990        0.83438523484647
N           -0.72191818783578       -2.18058729863478        1.26861195676670
C            2.56316313377998        1.29459069683108        1.20601277030238
C            0.49022575177844       -2.77569210346487        1.49162096762717
C           -1.91906197615513        1.07841288889962        0.83490203332968
N            3.73372107586306        1.98693069139328        0.98916124848629
N            0.57670987656477       -4.15567118947723        1.57397229843440
N           -3.14211705242410        1.66225497931957        0.74594162096323
C            3.86388087996630        3.36217240987661        0.63289905440776
C            4.93820205527778        1.40513328261954        1.21489453111845
C           -3.32964523249583        3.07141409659334        0.95048678413658
C           -4.24905494451019        0.92619623294408        0.63232760004877
C            1.60979309045389       -4.52895796938459        0.50867757094594
C           -0.34324240368999       -4.65300830034219        0.52548837787255
N            5.01000033350651        3.85463579877223        0.29809302894672
N            6.04251445490270        1.89938375152728        0.98487431021412
N           -4.35852274106926        3.44480433118311        1.78403995963504
N           -5.26179277897231        0.41184405212713        0.50351448037716
N            2.64870742282468       -3.79282012761426        0.30517312270077
N           -1.45613061962776       -4.06593998194327        0.30990830451553
C            6.17921563424199        3.13548746580653        0.31359713740195
C           -5.13000056023910        2.84188515891450        2.49602650957605
C            0.69617446102728       -5.35968399774638       -0.24020614076184
N            7.28936330721447        3.46109022049346       -0.16655247145486
N           -5.77807269975966        2.49077296324703        3.45277271438289
N            0.82096490648853       -6.26052347741543       -1.10678427478470
C            2.75787139874897        4.21313576289129        0.66266167969614
C           -2.53966466037667        3.96529079202868        0.39199030970835
C            2.77602994943531       -2.66335616325259        0.93078568406383
C           -1.86756855982940       -2.98464397117984        0.91799611321034
C            1.54475056242280        4.63891767394048        0.41855141250097
C           -1.46749372845836        4.63773448736377       -0.35186256760904
N            2.49832234655321        5.68651495786854        0.43406134521461
N           -2.30649610093541        5.33507596016784        0.37030893530924
H            7.32210837966175        4.34734190253602       -0.65310022405143
H           -6.71459494374970        2.13107061234733        3.45384261301211
H           -0.03989277205810       -6.69203437191329       -1.42375317865168
H            2.75731143848790        6.05367940146190       -0.48573965213306
H           -2.59917503191062        6.20882115551130        0.76311431328777
H            0.50274750911985        4.46882160108604        0.24220063229147
C            2.77350743416978       -0.48367150213655        5.39547496829663
C            1.70329012949709        0.04403970826589        5.99427028812436
N            0.48938642163323        0.10476884858448        5.35330099050880
C            0.34070595749309       -0.28833990502032        4.03865295783104
O           -0.76184721816518       -0.27373310134579        3.52131811296640
N            1.47675477087510       -0.68557509372833        3.37711991164595
C            2.69239316468413       -0.98169758360873        4.03529407836226
N            3.56887853214408       -1.64111786215474        3.40689159661309
C           -0.66973777951242        0.66566829563421        6.01487557948263
C           -1.13437193884328        2.00160994846462        5.36179568698709
C           -2.57487136006545        1.74927489836886        4.89957113830819
C           -2.96177878343286        0.48087163250935        5.68790407431073
O           -1.74839223942722       -0.21167714922624        5.97534598153962
C           -3.91737923150984       -0.44146970526876        4.90769209848769
O           -3.71137882354870       -0.41351526634514        3.52760438693509
O           -3.37924948074657        2.84874249826679        5.17155193719717
F           -1.04472179657039        2.99951897786365        6.26908892035247
F           -0.30811203382475        2.37298607805186        4.34984333801332
H            3.71832825984007       -0.56109469332345        5.90678249239244
H            1.71991326700938        0.42623234590325        7.00374458759453
H            4.42075702504691       -1.78499815617739        3.93763800724223
H            3.69560222233843       -2.12261075492699        1.02846788104820
H           -0.37740720028770        0.88010509519705        7.05559936881481
H           -2.53307632981806        1.51122292908827        3.82573449143481
H           -3.42422546082235        0.78640698788301        6.63865537596299
H           -3.81055569227403       -1.45345065320140        5.31702946767128
H           -4.94312014888925       -0.09870170349084        5.06494201495717
H           -2.84327188744276       -0.78721214968155        3.32512842265611
H           -4.26094764983964        2.70625615965406        4.79105982719982
77
 energy: -168.416895665222 gnorm: 0.007865050976 xtb: 6.7.1pre (5071a88)
N            0.35999325653052       -0.11227574367157        1.28540240266694
C            0.31257694292276        1.28244804782540        1.09315480058152
C            1.56042160918054       -0.67356177297078        1.86330862212978
C           -0.79327826363956       -0.83044038666907        1.13069165894875
N            1.40719295357977        1.97707078480801        1.07356777554276
N           -0.86321258225929        1.85734008712096        0.90087286421290
N            2.70246524427839        0.04145523442525        1.50329522733841
N            1.63474353207643       -2.06305764116706        1.41679246259192
N           -1.91797448422634       -0.26809486089684        0.81742946784483
N           -0.71851025113399       -2.18346061197537        1.24928270594116
C            2.56219531133115        1.29625153171609        1.21044624833622
C            0.49322946033862       -2.77763597047706        1.48415238780906
C           -1.92009521335107        1.07647870911347        0.82795318950179
N            3.73230626124772        1.98776745728188        0.99539013649025
N            0.57800128792674       -4.15836221356083        1.56635524885503
N           -3.14267951362985        1.65973320044403        0.73761972366803
C            3.86404307414079        3.36129041133325        0.63178603042930
C            4.93704841170066        1.40628740464082        1.22767267614208
C           -3.32706917720464        3.06730162336360        0.96220743820461
C           -4.24932849482937        0.92534570585466        0.61368265532222
C            1.61996968541582       -4.53267533933407        0.51054464937983
C           -0.33248591208657       -4.65662378349234        0.50984787176393
N            5.01059735679304        3.85067644461724        0.29531165283062
N            6.04169363866476        1.89869799554486        0.99534569840352
N           -4.35013356518697        3.43343818346387        1.80749778516104
N           -5.26871310735164        0.41822588747532        0.51116394480879
N            2.65850751447784       -3.79492587160276        0.31272117556859
N           -1.44233720975309       -4.06836412111372        0.28244809545484
C            6.17876595359147        3.13104406360018        0.31672166560399
C           -5.10278165602029        2.82354428347157        2.53084894967272
C            0.71216920152980       -5.36598834250216       -0.24414805312480
N            7.28913952696250        3.45406409656345       -0.16535324980258
N           -5.73891063244829        2.47227885308954        3.49584084990767
N            0.84528684171536       -6.27093235577161       -1.10466127806335
C            2.75736389303514        4.21198408305967        0.65497741641618
C           -2.54218945124445        3.96543727355480        0.40398071079584
C            2.78271923269622       -2.66538808792142        0.93753855041666
C           -1.85881589597461       -2.98785546335159        0.88777177711592
C            1.54452285492094        4.63673246511775        0.40873723279798
C           -1.47674288185471        4.64136180977875       -0.34593177981212
N            2.49814062666464        5.68455601387684        0.41683763808819
N           -2.30856909725003        5.33461516082864        0.38739378789640
H            7.32179790547951        4.33771125036151       -0.65675612034855
H           -6.66871898542126        2.09780181502119        3.50473572990174
H           -0.01423581166831       -6.70232344249450       -1.42623404412909
H            2.75643339509504        6.04461968284917       -0.50610136649763
H           -2.59749150744414        6.20653842078757        0.78715867210501
H            0.50202152176896        4.46713179902929        0.23582599333883
C            2.76202329310172       -0.48726664820069        5.39797491741606
C            1.69039029516479        0.03937711952394        5.99599212569825
N            0.47862049060453        0.10325090065488        5.35044411266278
C            0.33196883387264       -0.28745859444781        4.03252062831797
O           -0.76995050777203       -0.27158869307085        3.51451450972749
N            1.46906294828984       -0.68345725085172        3.37524174650058
C            2.68126163224808       -0.97892736742567        4.03514967648429
N            3.55744386822263       -1.63430799787636        3.40302202069485
C           -0.68028829568064        0.66438695503630        6.01072843974744
C           -1.13858133988495        2.00496267527863        5.36206817105057
C           -2.58476547719295        1.76637500381231        4.91261629831804
C           -2.97334111285349        0.48908185886855        5.68385478198183
O           -1.76213161341659       -0.20888061367736        5.96627561244137
C           -3.92575588190136       -0.42351734225438        4.88897467767938
O           -3.70267909398627       -0.38908241480213        3.51145171443580
O           -3.38144982916521        2.86466564028137        5.21085930567150
F           -1.03012933095238        3.00272078831858        6.26928368905034
F           -0.31815869022422        2.36898081246777        4.34243703038171
H            3.70716787989069       -0.56907407673228        5.90842304355073
H            1.70436904026577        0.41764578843336        7.00686714081745
H            4.41404968695414       -1.78120196934017        3.92448735145636
H            3.70416452001021       -2.12828120979028        1.04658917681291
H           -0.39056879961250        0.87476765980034        7.05307841909236
H           -2.55583955805662        1.54584556599161        3.83464720595115
H           -3.43873515723896        0.78305253087619        6.63703870444287
H           -3.82863436523809       -1.43875974574228        5.29379307294462
H           -4.95244061935842       -0.07758678090307        5.03641965615584
H           -2.83464067007967       -0.76466706527940        3.31898057094964
H           -4.26150294626248        2.73167969985472        4.82377052197192
77
 energy: -168.417060007975 gnorm: 0.008228361104 xtb: 6.7.1pre (5071a88)
N            0.35930591197044       -0.11459234131823        1.27954411358947
C            0.31125409098287        1.28086744121439        1.09125571208019
C            1.55984564133198       -0.67379369117894        1.86107480284967
C           -0.79295992639755       -0.83295267305079        1.11651989409007
N            1.40496556014948        1.97634012163472        1.07508858197508
N           -0.86484259767777        1.85502606468633        0.89866109496523
N            2.70112803567987        0.04121607191774        1.50067453727892
N            1.63739498737893       -2.06418278950407        1.41594717780064
N           -1.91672522350736       -0.27082659403568        0.80174809401817
N           -0.71502731202284       -2.18655775223047        1.22904897811761
C            2.56149908833992        1.29703021379289        1.21051175873464
C            0.49623588338210       -2.77955299037140        1.47684778783699
C           -1.92124842197244        1.07445249316191        0.82159354088960
N            3.73078436388112        1.98815283534033        0.99653047883575
N            0.58009392385571       -4.16096557991520        1.55996657157799
N           -3.14401241730581        1.65733903265019        0.73540084248845
C            3.86360295415001        3.36058805068589        0.62834381352433
C            4.93588811078352        1.40850518491996        1.23749390141675
C           -3.32555249277982        3.06348064621446        0.97501483590233
C           -4.25329753199977        0.92583153251743        0.62313753457938
C            1.62898002457478       -4.53549430382585        0.51283047045876
C           -0.32221854637429       -4.66087745368627        0.49690004442454
N            5.01092853727280        3.84771927326807        0.29203458973568
N            6.04094426245281        1.89972856684086        1.00584966281285
N           -4.34168745071444        3.42199892103327        1.83250328624311
N           -5.26751906285045        0.41690837755912        0.48655176467699
N            2.66831266854744       -3.79790526159248        0.32172544540536
N           -1.42934472829255       -4.07205351617537        0.25914293620451
C            6.17823278474954        3.12866523304699        0.31934485013538
C           -5.08052187094027        2.80734776333786        2.56446081259947
C            0.72710280833024       -5.37170219857451       -0.24717159703060
N            7.28934783859613        3.44839751045143       -0.16342867027178
N           -5.71626339369042        2.46513016573098        3.53042358370270
N            0.86867853305744       -6.27981336353387       -1.10332070702736
C            2.75592389397295        4.21005026322936        0.64568252766825
C           -2.54644703447516        3.96539849585995        0.41531233701582
C            2.78912708420415       -2.66763519484129        0.94552676415200
C           -1.85003113134582       -2.99061228606819        0.86017868466563
C            1.54311814335211        4.63321667222676        0.39717839650676
C           -1.48850561204501        4.64373684620834       -0.34364279684903
N            2.49603068216598        5.68172918897893        0.40047798211166
N           -2.31058241556411        5.33380253330938        0.40386697902832
H            7.32286532515724        4.32876379720066       -0.66069607614163
H           -6.63572111307177        2.06546965497475        3.53505712452438
H            0.01065206191616       -6.71239537166749       -1.42781352375448
H            2.75435828630902        6.03630324300862       -0.52446938694377
H           -2.59465195767644        6.20435676851355        0.81053037973528
H            0.50039406538919        4.46404534477296        0.22652698028900
C            2.75230564975283       -0.48945847295548        5.40031142270844
C            1.67863995960168        0.03432962752964        5.99686673976631
N            0.46920566849044        0.10057143094667        5.34739317747967
C            0.32470348017609       -0.28751230962340        4.02604249384882
O           -0.77662472433554       -0.26980382416363        3.50778823216146
N            1.46393304238064       -0.67951187893709        3.37263184233104
C            2.67282930158359       -0.97650552982598        4.03580485452271
N            3.54791090558774       -1.63093160945399        3.40173243582822
C           -0.68866102924778        0.66215394211721        6.00781106571449
C           -1.14105825459431        2.00777717620079        5.36550271080028
C           -2.59301518471898        1.78406207335127        4.92928441681266
C           -2.98331812616669        0.49666447845939        5.68206758809649
O           -1.77401453172525       -0.20668528783617        5.95912065671187
C           -3.93291305838381       -0.40503044780145        4.87146556096676
O           -3.69343172041161       -0.36311432819944        3.49663683554899
O           -3.38127189910722        2.88140354031971        5.25615545652820
F           -1.01375942895928        3.00386228162965        6.27360293690839
F           -0.32769884001355        2.36662137749722        4.33839727204836
H            3.69737492663945       -0.57506623447078        5.90980063856137
H            1.68924918341176        0.40877486318148        7.00916151857222
H            4.40856882555386       -1.78561673593037        3.91359696699290
H            3.71175373139894       -2.13447219357963        1.06535741309967
H           -0.40054682177360        0.86767180286319        7.05165315215598
H           -2.57795056536284        1.58173736068926        3.84720432364629
H           -3.45228590511493        0.77774095851238        6.63755932067645
H           -3.84562360955052       -1.42334870823297        5.27093864369445
H           -4.95944796838767       -0.05467449681889        5.00965383716709
H           -2.82487322261266       -0.74217565897308        3.31380197234344
H           -4.25981309550548        2.76085085663632        4.85932161829151
77
 energy: -168.417224909587 gnorm: 0.007289946388 xtb: 6.7.1pre (5071a88)
N            0.35904208046590       -0.11619677956662        1.27644360452785
C            0.31090589428085        1.27985862981610        1.09068867560079
C            1.55931228910918       -0.67461222643695        1.85889509775624
C           -0.79192234836197       -0.83468856864951        1.10630761851189
N            1.40395963403085        1.97607116838272        1.07630191387876
N           -0.86581026576433        1.85392372028770        0.89954934777914
N            2.70001113859272        0.04038274474781        1.49802178843227
N            1.63815081449184       -2.06510650279253        1.41488490353111
N           -1.91510688719891       -0.27216408991777        0.79056423815111
N           -0.71320966644297       -2.18857588374453        1.21433675268099
C            2.56079599933981        1.29684987886314        1.20951657929772
C            0.49715428971665       -2.78065052247474        1.47049780214641
C           -1.92134610308786        1.07318767264077        0.81817180249242
N            3.72965859317889        1.98846233175247        0.99623844024050
N            0.58131585865041       -4.16197374659580        1.55533059273471
N           -3.14471372040278        1.65556657038124        0.73339086632803
C            3.86269217424864        3.36002227291445        0.62536233101365
C            4.93453061427294        1.41078782238502        1.24336140417822
C           -3.32729590883554        3.06048107321034        0.97877822172894
C           -4.25382157435429        0.92449177512700        0.61597379237343
C            1.63491449816586       -4.53728254435141        0.51442632054478
C           -0.31529417951727       -4.66377211580221        0.48799436841608
N            5.01076357073789        3.84619443253043        0.28981189548394
N            6.04001086812131        1.90152326908260        1.01361643665886
N           -4.34098174800382        3.41373002239912        1.84068834911457
N           -5.27001518848766        0.41732401203044        0.48755585318577
N            2.67534862218638       -3.80043079266852        0.32839316363434
N           -1.42059195004600       -4.07485559325763        0.24223738542960
C            6.17789507247032        3.12768902671240        0.32122174272004
C           -5.07524515335684        2.79783554189973        2.57646516041199
C            0.73799566832067       -5.37587162859220       -0.24894841783648
N            7.28987467409548        3.44438125806165       -0.16121061143970
N           -5.69574668551418        2.44319464677517        3.55019377904782
N            0.88570795175656       -6.28628324590103       -1.10249797766966
C            2.75450396678346        4.20847887834646        0.63857651667236
C           -2.54971214131653        3.96537271696247        0.42192877060707
C            2.79231576144142       -2.66857862056197        0.95090206735060
C           -1.84472661871566       -2.99193463209658        0.83913508601075
C            1.54146813313292        4.63018927280636        0.38860571963137
C           -1.49475870473006        4.64573008060695       -0.34036192402993
N            2.49379936080481        5.67917646896630        0.38872254107804
N           -2.31053305637079        5.33333460526819        0.41717603100735
H            7.32453554406346        4.32195820902111       -0.66327222831840
H           -6.61691501933004        2.05220827957506        3.56521784482390
H            0.02964666362779       -6.72087818355124       -1.42950418948475
H            2.75240040359153        6.03049165338591       -0.53718322815692
H           -2.59136040308102        6.20262132653422        0.82887964063451
H            0.49871753286055        4.46094529733218        0.21908171675163
C            2.74641956264701       -0.49115542067783        5.40189848643176
C            1.67091533842600        0.02977746619752        5.99647798493646
N            0.46337225616952        0.09758518260613        5.34476195893445
C            0.32119371967929       -0.28827865807857        4.02192105297657
O           -0.77922320099630       -0.26784388687485        3.50221367182410
N            1.46249484573561       -0.67805087882240        3.37045498914041
C            2.67055450348129       -0.97653016750817        4.03701143032144
N            3.54686747085889       -1.63106553377454        3.40451799007582
C           -0.69380423206009        0.65990025274065        6.00555853412260
C           -1.14206658590911        2.00941645013549        5.36928222934299
C           -2.59859919383876        1.79725210028972        4.94226772362030
C           -2.98974942406580        0.50115367358917        5.68099395099945
O           -1.78132577970562       -0.20603801348341        5.95259829289845
C           -3.93822536515782       -0.39128887127869        4.85862776322870
O           -3.68934485545688       -0.34155449152210        3.48560011039252
O           -3.37975916972605        2.89423124652021        5.29104328192447
F           -1.00190804710706        3.00293836248038        6.27815036306899
F           -0.33432423015526        2.36595973505395        4.33717189686407
H            3.69014181121119       -0.57817916910687        5.91267986398483
H            1.67842295555149        0.40180170732510        7.00976393893951
H            4.40700205625075       -1.79103782429254        3.91535738897508
H            3.71354711404855       -2.13542487999964        1.07408626518787
H           -0.40676195304077        0.86088100739146        7.05066168095350
H           -2.59391217629150        1.60869590950835        3.85726343650006
H           -3.46101058315468        0.77154181957581        6.63843799921641
H           -3.85779458189502       -1.41215950697187        5.25218166287511
H           -4.96321767759763       -0.03634609556691        4.99235447613467
H           -2.81828561212925       -0.72080564652874        3.30820088644483
H           -4.25993731555726        2.78601414907875        4.89062510463431
77
 energy: -168.417381765042 gnorm: 0.004928241785 xtb: 6.7.1pre (5071a88)
N            0.35892021122044       -0.11825137144787        1.27396174221947
C            0.31104613548890        1.27812963331816        1.08907283897482
C            1.55891723768376       -0.67596184029624        1.85626183272167
C           -0.78989904434265       -0.83702089480536        1.09428879695392
N            1.40349753735412        1.97494270780279        1.07495719275053
N           -0.86659127713022        1.85231743803907        0.90052838761970
N            2.69925672879549        0.03875694078998        1.49429548158877
N            1.63835676168405       -2.06648457445716        1.41410300660983
N           -1.91267895186915       -0.27387958158858        0.77762494276884
N           -0.71147278800907       -2.19121460877978        1.19693756537052
C            2.56022786692890        1.29534851976645        1.20605295940226
C            0.49734398224143       -2.78200722995264        1.46246587526643
C           -1.92081627153989        1.07106244162754        0.81399536471716
N            3.72855620501339        1.98818909264343        0.99242715593444
N            0.58275030520371       -4.16291721577494        1.55079996828717
N           -3.14538259270554        1.65253750832496        0.73410086141245
C            3.86084713327216        3.35911082687739        0.61954203601832
C            4.93296090982347        1.41460826748632        1.24773431947500
C           -3.33070260331594        3.05578853447805        0.98329522268466
C           -4.25382241501503        0.92106934653060        0.60926180691349
C            1.64100328939548       -4.53837939006864        0.51645604164805
C           -0.30787055216358       -4.66783982117573        0.47949022618013
N            5.01000223094418        3.84537919193690        0.28625998590704
N            6.03897495032616        1.90577751090241        1.02285333180679
N           -4.34028447620268        3.40346296012545        1.85078424917794
N           -5.27206995497331        0.41443846658158        0.49274070974383
N            2.68355606035016       -3.80312375678915        0.33658452940376
N           -1.41123006464651       -4.07961805297731        0.22454359616082
C            6.17759482106807        3.12869896654987        0.32302891214521
C           -5.07352647438510        2.78990790938588        2.59002519801723
C            0.75057710498125       -5.38046552797560       -0.24978717553288
N            7.29100488707840        3.44096737569803       -0.15835094666380
N           -5.68928235352541        2.43611794394748        3.56581754438751
N            0.90528818900917       -6.29183022327666       -1.10175703382522
C            2.75213118385359        4.20613966595100        0.62830723538727
C           -2.55472491262739        3.96419373798354        0.42972749588152
C            2.79520414778825       -2.66940804171945        0.95817262062744
C           -1.83921126791074       -2.99355972660587        0.81486207488947
C            1.53841374484996        4.62550928146004        0.37670289918849
C           -1.50046745618144        4.64617895914101       -0.33289822712218
N            2.48970664656612        5.67535292888275        0.37393147411870
N           -2.31137665198097        5.33152963203740        0.43202979369926
H            7.32801280354461        4.31457184462690       -0.66703448039183
H           -6.60785396961240        2.03723351847925        3.58113037234035
H            0.05219604725639       -6.72946512700379       -1.43233302220392
H            2.74868007140069        6.02429433451756       -0.55247294730890
H           -2.58926965087240        6.19954208592856        0.84763912293691
H            0.49562701825329        4.45564342200348        0.20826976488111
C            2.74188706048117       -0.49307400979405        5.40332660935428
C            1.66404266986899        0.02434003318111        5.99557610230441
N            0.45834748894000        0.09361305454377        5.34226607358727
C            0.31945541198178       -0.28894815118253        4.01835006462748
O           -0.77966836371064       -0.26586308714344        3.49642332367362
N            1.46338585911184       -0.67618071404100        3.36793887068062
C            2.67116687654357       -0.97847918845095        4.03882007290574
N            3.54818174076231       -1.63599440266555        3.41072391878251
C           -0.69827022051780        0.65653188891527        6.00423665912940
C           -1.14193412541550        2.01128921533192        5.37711622247900
C           -2.60324265117887        1.81161098470560        4.95980720528238
C           -2.99569795589322        0.50533939482540        5.68159136340885
O           -1.78798196456689       -0.20618698573725        5.94529063490169
C           -3.94351341228804       -0.37415107966000        4.84445320410804
O           -3.68509025228313       -0.31171874001480        3.47372771077504
O           -3.37721035535371        2.90623087690540        5.33108414353702
F           -0.98781480528009        2.99997388855478        6.28751004103027
F           -0.34081960387858        2.36668566734060        4.33993957692345
H            3.68340285700033       -0.58067024616693        5.91711856388725
H            1.66809821333955        0.39359789307950        7.01004980005259
H            4.40528636762813       -1.80188434588864        3.92451950730619
H            3.71356609465740       -2.13393708402031        1.08188693691148
H           -0.41189580381459        0.85046326835960        7.05094197489544
H           -2.60950749878099        1.63914786355136        3.87269912628286
H           -3.46938949185849        0.76190394623668        6.64129510182759
H           -3.87172595981282       -1.39896418070556        5.22792714019381
H           -4.96566724727615       -0.01235355045909        4.97481070552556
H           -2.81148180077164       -0.69118826486967        3.30071656229078
H           -4.25802761016454        2.81349104598941        4.92605408077898
77
 energy: -168.417480149258 gnorm: 0.004989271566 xtb: 6.7.1pre (5071a88)
N            0.35875438136179       -0.12017105433167        1.27135496773495
C            0.31089298939696        1.27629015456345        1.08679850129009
C            1.55827028098776       -0.67725720999879        1.85448173587117
C           -0.78796128050882       -0.83946911268283        1.08271330898083
N            1.40310786374230        1.97342804179881        1.07301034982793
N           -0.86715916429868        1.85047416073641        0.89968280335222
N            2.69905868107092        0.03736889482487        1.49252960088620
N            1.63870716763151       -2.06785641986686        1.41363069338861
N           -1.91062313035344       -0.27595247107448        0.76565403510432
N           -0.70976967607693       -2.19404894064307        1.18079086644336
C            2.55971664065091        1.29363758673879        1.20388485315158
C            0.49748389429287       -2.78356383309456        1.45471048751140
C           -1.92039746050735        1.06845534049219        0.80934123324725
N            3.72778405907355        1.98757561504293        0.98999060235980
N            0.58375171414872       -4.16412977708768        1.54645942900706
N           -3.14587058145023        1.64910531790106        0.73584999789863
C            3.85906961704071        3.35783313489604        0.61379615832488
C            4.93178750106935        1.41828130448807        1.25304148170502
C           -3.33271329535858        3.05083064599247        0.99051604738317
C           -4.25425500723068        0.91754861312637        0.60940013472282
C            1.64759124953294       -4.53955364708927        0.51863946877275
C           -0.30028997100696       -4.67195270333014        0.47048152136297
N            5.00906123444171        3.84429804861903        0.28225158771456
N            6.03815492865877        1.91020963633451        1.03233871987454
N           -4.33841915155948        3.39310277951983        1.86376622457485
N           -5.27134213153022        0.40962302665510        0.48952332238768
N            2.69180790424150       -3.80499748582470        0.34416420502673
N           -1.40161206608714       -4.08435544967145        0.20561534054590
C            6.17726618073331        3.12958653088306        0.32478857858197
C           -5.06928572946650        2.78069838225439        2.60648269628765
C            0.76386468352047       -5.38526566834377       -0.25048600412072
N            7.29185805272913        3.43783096194928       -0.15614963932831
N           -5.68132011676564        2.42874684820507        3.58473349827102
N            0.92529820484542       -6.29712563171467       -1.10067441274377
C            2.75001631623097        4.20399959060824        0.61803891283796
C           -2.55956018856837        3.96253397729972        0.43810168177638
C            2.79831128805445       -2.67024381951426        0.96537024574523
C           -1.83386892308488       -2.99607681941350        0.78991613889664
C            1.53559295272296        4.62113522181874        0.36500122065263
C           -1.50596713472559        4.64592082299214       -0.32444008270828
N            2.48620530435148        5.67164329953671        0.35800129875800
N           -2.31352391697436        5.32925640583578        0.44558096358455
H            7.33110560849639        4.30766075855039       -0.67107166510719
H           -6.60081226163313        2.03491247963625        3.60176622488406
H            0.07539860087540       -6.73720770605309       -1.43614878685567
H            2.74495793388212        6.01786208077237       -0.56946043995275
H           -2.58869334873897        6.19615968115865        0.86507719769708
H            0.49243068353080        4.45057335967776        0.19847245310225
C            2.73719560005181       -0.49596370828407        5.40441156484370
C            1.65788656302252        0.01958735451080        5.99543214733753
N            0.45340299686642        0.09055926970168        5.34059877350803
C            0.31744532295097       -0.28876412330005        4.01594538766219
O           -0.78028516887892       -0.26391466760371        3.49124534625555
N            1.46296782555761       -0.67523675215834        3.36626168849263
C            2.67004448947318       -0.98102921499148        4.03982615977167
N            3.54732104844919       -1.64080327665908        3.41502355168812
C           -0.70349337783391        0.65299361686324        6.00324595931202
C           -1.14245302494053        2.01328804010258        5.38506571502883
C           -2.60794351350245        1.82469011165236        4.97573144782277
C           -3.00145862595315        0.50923501021652        5.68123890426488
O           -1.79483820706651       -0.20691242194451        5.93682732754548
C           -3.94900192054827       -0.35670732859136        4.82962483983528
O           -3.68059192252968       -0.28122091876133        3.46123775111850
O           -3.37639238421688        2.91589107405493        5.36637696170764
F           -0.97467950934852        2.99716724832255        6.29724984074090
F           -0.34682813055587        2.36696189906582        4.34313863398115
H            3.67699064302797       -0.58392614304856        5.92132203821799
H            1.65997946474770        0.38630372806124        7.01091599587797
H            4.40141557264329       -1.80873221410758        3.93312549800538
H            3.71467636438142       -2.13205273001675        1.09009825452419
H           -0.41839564043754        0.83937863252396        7.05179863646923
H           -2.62280014056639        1.66769670640196        3.88678036929105
H           -3.47664491656695        0.75261861304385        6.64341254082851
H           -3.88616760258176       -1.38598857150544        5.20226823750308
H           -4.96923476218193        0.01107756022451        4.95687562280255
H           -2.80548366922071       -0.65999585990622        3.29220731879085
H           -4.25649275579562        2.83644311280848        4.95802772867513
77
 energy: -168.417570573320 gnorm: 0.003778094926 xtb: 6.7.1pre (5071a88)
N            0.35867093835895       -0.12224989150396        1.26867838917723
C            0.31040468037437        1.27414292895468        1.08390103199112
C            1.55749240713437       -0.67870710618249        1.85357007028813
C           -0.78573784051707       -0.84236718585193        1.07092674005596
N            1.40267775864583        1.97139752880951        1.07004594337462
N           -0.86779837437095        1.84818284968829        0.89806006723508
N            2.69930222989999        0.03616754203211        1.49262807775956
N            1.63952363585098       -2.06928701735128        1.41323248361877
N           -1.90859047844039       -0.27867173651589        0.75421993352322
N           -0.70740638476124       -2.19736380194827        1.16476779597288
C            2.55912824547858        1.29166768729450        1.20240475526440
C            0.49811421244453       -2.78547174068270        1.44670027986607
C           -1.92033212571629        1.06513846534367        0.80555681808528
N            3.72715618343308        1.98668589711663        0.98838182041176
N            0.58498691502797       -4.16569826041377        1.54187097716609
N           -3.14661532922555        1.64477550237370        0.73951702640913
C            3.85710219439140        3.35620942930005        0.60764730570824
C            4.93088282991821        1.42244216755946        1.25956370492610
C           -3.33393952559998        3.04510392649921        1.00074722420489
C           -4.25476295376309        0.91295542738341        0.61152679253115
C            1.65531230550050       -4.54096105231731        0.52097901277595
C           -0.29151451877365       -4.67641969228987        0.46042053697658
N            5.00772827117274        3.84294639155340        0.27745239436071
N            6.03740884417852        1.91552408416508        1.04285654416010
N           -4.33604733464392        3.38473079585832        1.87831249679000
N           -5.27013837870677        0.40313054247532        0.48621189706692
N            2.70083452267608       -3.80648955393763        0.35160977375829
N           -1.39048531090832       -4.08939974738833        0.18464578922976
C            6.17671142214535        3.13068068616509        0.32655603916768
C           -5.06624627051364        2.77736804455789        2.62487506677301
C            0.77893242660116       -5.39036977526188       -0.25149624051528
N            7.29229175734853        3.43504435398534       -0.15436522647828
N           -5.67617837863572        2.43259654374771        3.60724020546290
N            0.94729878714401       -6.30223413426976       -1.09989700333896
C            2.74776142880147        4.20172659737953        0.60681245385556
C           -2.56420525802177        3.95941978046283        0.44776346319410
C            2.80198603510591       -2.67109907272250        0.97243213109111
C           -1.82768067844216       -2.99976220117900        0.76309256835814
C            1.53260965247459        4.61638983857463        0.35207015713519
C           -1.51278710299205        4.64370857448621       -0.31698437715007
N            2.48269055147306        5.66745534458339        0.33939311144570
N           -2.31590772218159        5.32544724630365        0.45923889771035
H            7.33383852001524        4.30081451197874       -0.67583442357050
H           -6.59470369031736        2.03144794775882        3.62615166017547
H            0.10118867749449       -6.74473230127327       -1.44145482676337
H            2.74095490448686        6.01008926615287       -0.58966809734805
H           -2.58778014973504        6.19145268599897        0.88300221422855
H            0.48891695111597        4.44498875364496        0.18792119095318
C            2.73188375843371       -0.49990880652176        5.40545070777494
C            1.65195106391043        0.01511825809077        5.99598495379224
N            0.44823304902387        0.08788588358791        5.33958138619380
C            0.31499049578997       -0.28819800145426        4.01443471821910
O           -0.78097550434178       -0.26157666334735        3.48595144474182
N            1.46134751353801       -0.67541043477936        3.36537555784385
C            2.66709216977850       -0.98445157750482        4.04052397492308
N            3.54474095966987       -1.64620015035149        3.41853452992644
C           -0.70971262612381        0.64836768473897        6.00274330608355
C           -1.14312710795733        2.01515081151358        5.39460630060616
C           -2.61211750551391        1.83749260021302        4.99164316237251
C           -3.00740447955926        0.51287730493650        5.67915163647700
O           -1.80245619569228       -0.20859104163368        5.92598541392349
C           -3.95490031401206       -0.33780548666641        4.81254891593627
O           -3.67569473092413       -0.24830764793673        3.44691227673314
O           -3.37574743075559        2.92429576563996        5.40112975162414
F           -0.96183913891620        2.99323515766738        6.30954125931549
F           -0.35215040139383        2.36760048819190        4.34852801358575
H            3.67024501430414       -0.58791462452218        5.92548839394050
H            1.65338189574801        0.37978545972284        7.01217526664172
H            4.39534217793328       -1.81323892081588        3.94283069044210
H            3.71685799536492       -2.13014643087726        1.09907728638749
H           -0.42706106031949        0.82580140113942        7.05367071123219
H           -2.63328914176310        1.69695755800388        3.90098753410252
H           -3.48354090281210        0.74272547950801        6.64392463338406
H           -3.90162574752443       -1.37199703972359        5.17278046235152
H           -4.97358050160541        0.03565198771335        4.93700579157379
H           -2.79938082153577       -0.62538149995661        3.28214435962644
H           -4.25450996533457        2.85763441417541        4.99063491378282
77
 energy: -168.417644794251 gnorm: 0.004464144301 xtb: 6.7.1pre (5071a88)
N            0.35909319866109       -0.12462026665075        1.26592286133178
C            0.30996074284950        1.27162327839813        1.08031503540699
C            1.55710391712543       -0.68019032994107        1.85369215986333
C           -0.78307446633582       -0.84573362298728        1.05975484190511
N            1.40239843733483        1.96888076337779        1.06584814186137
N           -0.86817823677842        1.84521111834130        0.89527175126211
N            2.70008487059583        0.03541478588645        1.49477778536405
N            1.64155345907754       -2.07068419940319        1.41299335250159
N           -1.90622969612112       -0.28222054191140        0.74363698143774
N           -0.70367415030522       -2.20108905325100        1.14975711566009
C            2.55879241201370        1.28981864640830        1.20145741871049
C            0.50020761902218       -2.78777867250284        1.43927025673806
C           -1.92032847987652        1.06109990579747        0.80239056925838
N            3.72676614768603        1.98573316079027        0.98739935373528
N            0.58735142922505       -4.16782615851877        1.53711322486423
N           -3.14726254273612        1.63940194072976        0.74399377861276
C            3.85514890321231        3.35445481345017        0.60115988895275
C            4.93054775695675        1.42716045596903        1.26709405215215
C           -3.33407722181072        3.03823788334948        1.01362933063346
C           -4.25497496221374        0.90711037129782        0.61499730841960
C            1.66418950638761       -4.54259885697193        0.52308749790869
C           -0.28129909439104       -4.68106434789120        0.44992291676247
N            5.00615389185980        3.84136476590211        0.27176220960024
N            6.03697932866463        1.92161015189983        1.05378273169427
N           -4.33231102413916        3.37406413627242        1.89683604640469
N           -5.26859637453918        0.39501085551891        0.48531325818819
N            2.71046150982367       -3.80760330514041        0.35836626359326
N           -1.37774488548212       -4.09438040311817        0.16359265495840
C            6.17597881764975        3.13208935975866        0.32803018241197
C           -5.06076417974807        2.76942884951429        2.64743399117450
C            0.79508204705946       -5.39524771998864       -0.25326251908842
N            7.29224544091638        3.43303195255258       -0.15334658114746
N           -5.67676657071526        2.43918331485081        3.63044239862791
N            0.97030006164365       -6.30658196224991       -1.10017634219509
C            2.74530421016310        4.19916129766869        0.59463150842901
C           -2.56905973649219        3.95538148762211        0.45850031729970
C            2.80676147482575       -2.67194423819719        0.97870546505822
C           -1.82003185813979       -3.00440318167049        0.73693766034784
C            1.52953728705416        4.61099274914994        0.33739196928178
C           -1.52015171152605        4.64072529455960       -0.30827749188219
N            2.47896668448138        5.66268300033171        0.31808523627817
N           -2.32007768149487        5.32086972117427        0.47230131358485
H            7.33577210150140        4.29443145902803       -0.68176130112891
H           -6.59998236556506        2.05409313115362        3.64791964038302
H            0.12808989349199       -6.75110672182964       -1.44828063811397
H            2.73687301065134        6.00052226482220       -0.61303421683508
H           -2.58923050887521        6.18597174868257        0.89970835584124
H            0.48550088593037        4.43857374489435        0.17577461852283
C            2.72610364676658       -0.50445909133723        5.40679925359978
C            1.64619331415482        0.01112754112367        5.99733400474124
N            0.44294371391749        0.08537314373386        5.33924137613006
C            0.31196905836096       -0.28743050468980        4.01342280088740
O           -0.78204124514246       -0.25860995576391        3.48081538211876
N            1.45859863641879       -0.67646841242799        3.36531991501156
C            2.66206828013961       -0.98827895830189        4.04137564932304
N            3.54001851391923       -1.65196959413246        3.42160781578527
C           -0.71654706184485        0.64237196811948        6.00295600627315
C           -1.14378144190646        2.01637358662851        5.40595697921306
C           -2.61525214204921        1.84971316541558        5.00700428502792
C           -3.01346521396389        0.51634366011566        5.67519138301371
O           -1.81078840650627       -0.21112484486861        5.91335018246371
C           -3.96063081725400       -0.31858955924396        4.79393611507039
O           -3.67030049529332       -0.21527101396885        3.43143632329752
O           -3.37441619991766        2.93189150861024        5.43493784883758
F           -0.95037945572378        2.98750332187100        6.32519503928613
F           -0.35588054615113        2.36900373919965        4.35732924778215
H            3.66362065653388       -0.59253454041866        5.92901008496476
H            1.64785721223487        0.37459699102583        7.01383314124052
H            4.38755482079933       -1.81682270937229        3.95198590943789
H            3.72088744567949       -2.12938560817366        1.10904492922838
H           -0.43762214006715        0.80958311459628        7.05671823384215
H           -2.64016105679481        1.72634275859181        3.91464162794944
H           -3.49048049199590        0.73296755612476        6.64241049018936
H           -3.91671601060308       -1.35752078319107        5.14139016412051
H           -4.97807509553444        0.05980673911904        4.91589695204118
H           -2.79304150947466       -0.59060571756820        3.27153570748804
H           -4.25162326744493        2.87780867210427        5.02209279761562
77
 energy: -168.417701564030 gnorm: 0.003249458900 xtb: 6.7.1pre (5071a88)
N            0.35963066927514       -0.12684214799254        1.26361712973137
C            0.30925118782016        1.26939606457051        1.07756887737124
C            1.55695178340068       -0.68138992534058        1.85429067853249
C           -0.78105809697469       -0.84884622676609        1.05235574897652
N            1.40167848162405        1.96695341010095        1.06264154561990
N           -0.86901888550717        1.84220415728665        0.89327337892157
N            2.70047164756855        0.03549828852846        1.49811461010793
N            1.64421517065386       -2.07159797713616        1.41248233473773
N           -1.90468936370951       -0.28579064558186        0.73737272494622
N           -0.69959950301989       -2.20435996992337        1.13925019101073
C            2.55821176730422        1.28904219327215        1.20160662485605
C            0.50333830963315       -2.78989106331488        1.43394047573166
C           -1.92115054239269        1.05731604745254        0.80177843909741
N            3.72613264558123        1.98552912083012        0.98825365754933
N            0.59063794345979       -4.16987858293486        1.53247207759178
N           -3.14862309705665        1.63454005723838        0.74928332585387
C            3.85351741619176        3.35320960557714        0.59649271755142
C            4.93012752450772        1.43123977942288        1.27456909297328
C           -3.33363268242225        3.03246314302291        1.02513683694851
C           -4.25605095251879        0.90210314177911        0.61945978948638
C            1.67269938997292       -4.54443899540715        0.52410146502632
C           -0.27147579815744       -4.68452694225651        0.44043445113203
N            5.00464507062124        3.83973069442895        0.26684942991450
N            6.03636924735983        1.92640850210348        1.06253862643794
N           -4.32861644309236        3.36918587567530        1.91142863073728
N           -5.26848395197561        0.38862699199748        0.48650170591435
N            2.71871872469179       -3.80816747339849        0.36263155241062
N           -1.36585188961969       -4.09760130508131        0.14624522078996
C            6.17501776981355        3.13268935857610        0.32900597750302
C           -5.05879546826249        2.77170306578229        2.66499976467458
C            0.80900684513260       -5.39893645253000       -0.25608575633673
N            7.29157571404382        3.43146068773029       -0.15300695495100
N           -5.67615260257146        2.45216781040704        3.65223092570472
N            0.98974554318147       -6.31027192262335       -1.10159715407059
C            2.74312543333718        4.19706771923927        0.58483180460611
C           -2.57180957649222        3.95070446412715        0.46741826224366
C            2.81150573357299       -2.67214269792924        0.98208362201542
C           -1.81258371505950       -3.00871992556435        0.71702437813932
C            1.52710706002658        4.60657454705954        0.32483547902154
C           -1.52644104380591        4.63658980425415       -0.30337924974683
N            2.47610121619934        5.65860837314966        0.29919210787039
N           -2.32228148942661        5.31589076221732        0.48232086417374
H            7.33595617458033        4.28923532898461       -0.68711779118983
H           -6.60199021315252        2.06933158624351        3.67255829899234
H            0.15053722370803       -6.75601656138520       -1.45498137194399
H            2.73403481438188        5.99091681474162       -0.63402659269927
H           -2.58878382517623        6.18040383606865        0.91274744454447
H            0.48293339880047        4.43337804850398        0.16542391501487
C            2.72047765565930       -0.50841554840445        5.40847476831054
C            1.64074647025042        0.00797979955343        5.99879060613300
N            0.43801464551390        0.08300796446319        5.33903973950238
C            0.30865213965560       -0.28693793279311        4.01233016525599
O           -0.78359652722227       -0.25459881098968        3.47628014927563
N            1.45526793722949       -0.67862476929544        3.36569581220290
C            2.65648146140519       -0.99135534043120        4.04257813424539
N            3.53558672103830       -1.65573711053122        3.42439463740073
C           -0.72288228662892        0.63644886648790        6.00309560759526
C           -1.14466312884807        2.01657700749110        5.41577289459435
C           -2.61751741535800        1.85927919465311        5.01805269639870
C           -3.01907312425082        0.51904297286378        5.66989624870771
O           -1.81852985385063       -0.21369022197597        5.90153068219181
C           -3.96541222874021       -0.30351100702230        4.77704301577242
O           -3.66543967240310       -0.18992318991231        3.41732913204467
O           -3.37293287508793        2.93821340431542        5.46117086247052
F           -0.94330015108246        2.98138260666670        6.33979603872220
F           -0.35758788239258        2.37076758218878        4.36679764103651
H            3.65768401371776       -0.59678441806777        5.93138576921771
H            1.64243108207588        0.37134748300247        7.01523048616455
H            4.38108090864015       -1.81869098245823        3.95885783413126
H            3.72520045566368       -2.12932255941380        1.11654804629898
H           -0.44814493373938        0.79460218249235        7.05943270596999
H           -2.64405378945592        1.75018367406762        3.92400588527604
H           -3.49723757898489        0.72556022967068        6.63880361303337
H           -3.92860247241847       -1.34572481289655        5.11507315208517
H           -4.98203459251262        0.07837924198681        4.89642274909028
H           -2.78699382958680       -0.56404809565798        3.26259828390353
H           -4.24977391450108        2.89384112459042        5.04703533005518
77
 energy: -168.417757058873 gnorm: 0.003809706599 xtb: 6.7.1pre (5071a88)
N            0.36070637717236       -0.12928005940374        1.26200018916824
C            0.30869262050348        1.26692734591854        1.07517858730968
C            1.55745341415133       -0.68240450889964        1.85558479732607
C           -0.77911880627061       -0.85220186004464        1.04879620332016
N            1.40081532414562        1.96513879425661        1.05920728026160
N           -0.87000518331635        1.83852324086017        0.89191378137247
N            2.70086767798952        0.03644279141933        1.50310491267028
N            1.64799362471069       -2.07214611916736        1.41208758490029
N           -1.90349976070922       -0.28998834707054        0.73554941960199
N           -0.69464735716851       -2.20765974867541        1.13306265422915
C            2.55767617584912        1.28901688390569        1.20224019521638
C            0.50804952248766       -2.79207297615300        1.43055075643404
C           -1.92229594646798        1.05302517218554        0.80366080981800
N            3.72534465149256        1.98601735070728        0.98985328605569
N            0.59586764881413       -4.17210465656065        1.52765959104441
N           -3.15029970415149        1.62927272409988        0.75682612982140
C            3.85185355623600        3.35233866169445        0.59212396685598
C            4.92969912867932        1.43546450352506        1.28174968670105
C           -3.33263467452612        3.02662184646515        1.03627842363809
C           -4.25758732747226        0.89684947986666        0.62650751575621
C            1.68175426797987       -4.54597903094207        0.52362234655203
C           -0.26103547662990       -4.68713622560478        0.43179133088908
N            5.00289488814443        3.83819362228129        0.26143410971663
N            6.03563382206867        1.93101477642734        1.06948114329398
N           -4.32389999816085        3.36631976902603        1.92537033168625
N           -5.26951865886255        0.38255163259148        0.49336819052192
N            2.72661660531541       -3.80758552069300        0.36439786403181
N           -1.35390887567183       -4.09974613084199        0.13270126574924
C            6.17378879493147        3.13320343770208        0.32897654961041
C           -5.05920113154672        2.77774950447426        2.68045430051193
C            0.82191777344075       -5.40104422190727       -0.26038117302014
N            7.29041532929632        3.43065250782364       -0.15367977301789
N           -5.68115724258867        2.47090750992905        3.66982744747594
N            1.00705311066804       -6.31209158456379       -1.10513998611545
C            2.74071544638817        4.19502496108948        0.57537084447813
C           -2.57325723649443        3.94493959916217        0.47520863743093
C            2.81687814615505       -2.67136815141869        0.98324058672229
C           -1.80454203105392       -3.01318735604872        0.70325949774032
C            1.52465840033631        4.60218572943387        0.31188520242502
C           -1.53193810461914        4.63121318231887       -0.30038368769515
N            2.47321226915785        5.65448499087062        0.27975971215590
N           -2.32374124634626        5.31013151063956        0.48996806313830
H            7.33469284281522        4.28499421694377       -0.69308635261005
H           -6.61289040585335        2.10098619382104        3.69206728124086
H            0.17011255320086       -6.75840185396468       -1.46276606393541
H            2.73166454858868        5.98017583245997       -0.65564183832504
H           -2.58801060138558        6.17427479006773        0.92255392728035
H            0.48049446986415        4.42812939875924        0.15449089366124
C            2.71531221586471       -0.51211651320366        5.41090186663957
C            1.63566539906013        0.00509301971561        6.00066687346552
N            0.43346689114090        0.08005298331842        5.33948159295346
C            0.30555835124081       -0.28646183340771        4.01148882111495
O           -0.78498457527204       -0.24864684831979        3.47250826018638
N            1.45192410562951       -0.68192192400193        3.36676202010157
C            2.65090777705752       -0.99480377629429        4.04480835046830
N            3.53139962566760       -1.65972858329003        3.42827674295403
C           -0.72875488072436        0.62981237933726        6.00397894400482
C           -1.14535469860259        2.01572657182208        5.42646887119019
C           -2.61805853788762        1.86619134731044        5.02621082381896
C           -3.02419464548390        0.52101748445725        5.66370266074920
O           -1.82587705198340       -0.21664401874082        5.89059537600721
C           -3.96923942864368       -0.29109782653637        4.76111023552557
O           -3.66092555350001       -0.16890492485462        3.40416496521637
O           -3.37094042765839        2.94227359468646        5.47956010396941
F           -0.94096119091932        2.97346590241453        6.35690613306899
F           -0.35628421284858        2.37408700535004        4.38028942976857
H            3.65272498881037       -0.60066514337743        5.93326018422804
H            1.63691898446624        0.36945863113341        7.01670789016831
H            4.37553035654154       -1.82176346223776        3.96522600857859
H            3.73013078105680       -2.12882642237097        1.12150981942703
H           -0.45851684594069        0.77859221330951        7.06274509290982
H           -2.64315053510312        1.76861331475548        3.93132315547277
H           -3.50409075787553        0.71971504761097        6.63330652003985
H           -3.93796194611071       -1.33574136055661        5.09135303306992
H           -4.98508948798302        0.09352047112800        4.87808374189757
H           -2.78167545606797       -0.54323350839266        3.25435163135880
H           -4.24781046538225        2.90456157031959        5.06479642916200
77
 energy: -168.417816836069 gnorm: 0.004159287505 xtb: 6.7.1pre (5071a88)
N            0.36223610636225       -0.13249800363204        1.26015911769824
C            0.30792475976031        1.26370926946332        1.07302538452653
C            1.55837068304347       -0.68339564471569        1.85715264137089
C           -0.77715867083281       -0.85665790758310        1.04729775298202
N            1.39920530036624        1.96333173728119        1.05601109454325
N           -0.87169068869237        1.83344368856102        0.89137200585686
N            2.70099156812970        0.03834200121244        1.50991618294199
N            1.65324141459175       -2.07252446429223        1.41168219752179
N           -1.90275830724949       -0.29577838715935        0.73675552587906
N           -0.68852355319703       -2.21193254294072        1.12855545223032
C            2.55674967888993        1.28979317042146        1.20379670092269
C            0.51474162283701       -2.79476517933086        1.42769112519145
C           -1.92405146688138        1.04721836680831        0.80760361315332
N            3.72390419645712        1.98754901154160        0.99305741884742
N            0.60388714532450       -4.17488528864987        1.52122892851989
N           -3.15265527694665        1.62269446372116        0.76750019241962
C            3.84965008171798        3.35161792663939        0.58700318259152
C            4.92860522978095        1.44046439590854        1.29062552978736
C           -3.33105103617340        3.01978739005127        1.04861991482148
C           -4.26048417759245        0.89104040261235        0.63798899344999
C            1.69411347730235       -4.54760355388580        0.52182345670909
C           -0.24737836369025       -4.68953120552105        0.42099608063379
N            5.00048871135434        3.83616322110501        0.25411831531127
N            6.03418696662091        1.93582444466524        1.07630292035341
N           -4.31627522030058        3.36467854595198        1.94226447033522
N           -5.27274423149464        0.37702005412505        0.50593705743807
N            2.73678812452319       -3.80570882071858        0.36490890411277
N           -1.33913392912636       -4.10156816370975        0.11764075011241
C            6.17194627497612        3.13295762426583        0.32790171440857
C           -5.05975293965467        2.78814095237436        2.69856585903928
C            0.83793220395965       -5.40266760044396       -0.26692745976989
N            7.28861239521432        3.42920585315792       -0.15549542616902
N           -5.68571060889765        2.49445534046865        3.69007574001306
N            1.02792312952238       -6.31392390313928       -1.11058425680194
C            2.73757860717205        4.19282432349238        0.56396560510196
C           -2.57359028200558        3.93728665452738        0.48321279611755
C            2.82409526244949       -2.66933975871167        0.98360238326096
C           -1.79454856735002       -3.01879262882785        0.69011070233058
C            1.52158153635540        4.59725184870478        0.29617167845322
C           -1.53714099542525        4.62400044065868       -0.29812842562845
N            2.46977319839967        5.64967580504171        0.25529669806215
N           -2.32408110321228        5.30264270019586        0.49744221639340
H            7.33181164016902        4.27968136446374       -0.70096302349966
H           -6.62615635783289        2.14555762894225        3.71608448952105
H            0.19299867926065       -6.76046349568675       -1.47254871592264
H            2.72887026767478        5.96623877304383       -0.68298918813727
H           -2.58561936379398        6.16637463866175        0.93249539065340
H            0.47732549608772        4.42216146410722        0.14156733303350
C            2.70891729209490       -0.51643300353228        5.41458841232477
C            1.62880073706701        0.00091480517541        6.00316712701809
N            0.42753362173857        0.07533444904425        5.34021883227127
C            0.30186091441171       -0.28555456987817        4.01011567829262
O           -0.78671025525984       -0.23879499268367        3.46805809585300
N            1.44779875089684       -0.68660409739697        3.36823397303302
C            2.64471078224336       -0.99911594174014        4.04834490932572
N            3.52696534397762       -1.66401355404050        3.43367236097547
C           -0.73612870987086        0.62120533869384        6.00511218043023
C           -1.14651838780357        2.01400384888624        5.43975238168114
C           -2.61868847399858        1.87379155609381        5.03409599322955
C           -3.03062611100861        0.52291261259446        5.65553045220984
O           -1.83508153884328       -0.22076855727387        5.87806670927875
C           -3.97408996526572       -0.27762500191975        4.74137912776365
O           -3.65583861035096       -0.14588669902215        3.38762217999909
O           -3.36882516271979        2.94747031616378        5.49851727916584
F           -0.94130811690761        2.96250188672480        6.37967124473283
F           -0.35311253765088        2.37929706469575        4.39906205408873
H            3.64675423893527       -0.60507008812922        5.93581080699095
H            1.62841833409150        0.36661871845680        7.01878179941112
H            4.37022668105562       -1.82650390691352        3.97168208228289
H            3.73635679542462       -2.12651423885960        1.12541894363190
H           -0.47099737531979        0.75839136148825        7.06663189414033
H           -2.64127431535119        1.78916020515853        3.93776731881668
H           -3.51322568941519        0.71286854802724        6.62574350769536
H           -3.94925623879106       -1.32502705507339        5.06348147431337
H           -4.98899269729067        0.11039246096182        4.85476113784181
H           -2.77600541931037       -0.52187234164752        3.24346033115432
H           -4.24669050489631        2.91582292256933        5.08399269193545
77
 energy: -168.417863261060 gnorm: 0.003801902556 xtb: 6.7.1pre (5071a88)
N            0.36373350085291       -0.13522896639525        1.25927401532426
C            0.30728442427092        1.26087168469164        1.07210704969602
C            1.55950071267567       -0.68377656209042        1.85881089458435
C           -0.77579393982815       -0.86060845921261        1.04941065747304
N            1.39748775501836        1.96212622337091        1.05384365040342
N           -0.87345767168311        1.82883312374964        0.89248492660513
N            2.70102493573513        0.04062027259854        1.51617105031621
N            1.65804065140584       -2.07235961107704        1.41174106931298
N           -1.90285352668583       -0.30112692599001        0.74201386611493
N           -0.68359504889872       -2.21570193761279        1.12870178228180
C            2.55585608495200        1.29098466941745        1.20544216877246
C            0.52106366938756       -2.79681657129370        1.42676329716359
C           -1.92567484042698        1.04193936199298        0.81319403998945
N            3.72236861885031        1.98958848550246        0.99587986284781
N            0.61237367758288       -4.17701123736550        1.51570985715015
N           -3.15466018048214        1.61723907628303        0.77877086164286
C            3.84758863391675        3.35131280989941        0.58227181471721
C            4.92725465530613        1.44451131297673        1.29688983004001
C           -3.32945041637857        3.01478484599321        1.05761400501183
C           -4.26367203182646        0.88695375639747        0.65164553795546
C            1.70521303733943       -4.54752908910700        0.51848074630442
C           -0.23568811324138       -4.69045066987330        0.41279573589810
N            4.99817524699653        3.83456991364881        0.24697034603430
N            6.03257063782075        1.93931639166734        1.07969667213618
N           -4.30863914715947        3.36597041678438        1.95483520338327
N           -5.27692213399744        0.37428942575324        0.52183303683007
N            2.74549208983545       -3.80209566360046        0.36307350262787
N           -1.32759861632725       -4.10277853158804        0.10880866028990
C            6.17013248511036        3.13236808722607        0.32550924543764
C           -5.06267560473717        2.80150870443460        2.70948478435542
C            0.85087510289954       -5.40189080326811       -0.27373561890178
N            7.28685844397611        3.42786322034066       -0.15832364659152
N           -5.69193843187839        2.51622004433268        3.70109495450678
N            1.04375784322866       -6.31296593031242       -1.11703435550126
C            2.73475438978734        4.19128978598974        0.55403881526117
C           -2.57223508074950        3.93031093593138        0.48823299859450
C            2.83038410187808       -2.66616367444481        0.98303234263840
C           -1.78646248415915       -3.02370010315427        0.68494229701079
C            1.51878072956724        4.59341996430345        0.28283517886076
C           -1.54000275865908        4.61691872449774       -0.29855997147771
N            2.46666200139217        5.64581384273724        0.23434189942167
N           -2.32264452441897        5.29586936916666        0.50104552562398
H            7.32854203623288        4.27559462186639       -0.70810385760152
H           -6.64068414966369        2.18998717030744        3.72964791014021
H            0.20975343076573       -6.75955329419075       -1.48114262782130
H            2.72613758348684        5.95455098488681       -0.70628604442802
H           -2.58197256466032        6.15952450087815        0.93740692025889
H            0.47434644726098        4.41733817131871        0.13046237685698
C            2.70421160600059       -0.52009116349778        5.41840773605463
C            1.62330600923621       -0.00352190833973        6.00593523732927
N            0.42279018847153        0.07022638738221        5.34192220196211
C            0.29956119306572       -0.28425441126536        4.00960907705024
O           -0.78744132267852       -0.22808305839919        3.46540861509005
N            1.44483525556698       -0.69048139924974        3.37005514003000
C            2.64078152572425       -1.00327065659120        4.05219307763141
N            3.52353764288143       -1.66842532015607        3.43873875680436
C           -0.74183322561901        0.61383319689134        6.00723303007358
C           -1.14735869513950        2.01188325772153        5.45189135426467
C           -2.61780989196298        1.87758950354192        5.03840061766006
C           -3.03558826057602        0.52382837818416        5.64918323900090
O           -1.84244838042546       -0.22430023101512        5.87040819739556
C           -3.97787118829953       -0.26848637077509        4.72673783660881
O           -3.65295202141540       -0.13016308216224        3.37542102865260
O           -3.36722165056817        2.94972345456984        5.50624835337871
F           -0.94599763369176        2.95197933700120        6.40124702457534
F           -0.34791064859255        2.38512846389792        4.41859507530466
H            3.64248052221671       -0.60837194110450        5.93863308599551
H            1.62104019366088        0.36291182135187        7.02137579146535
H            4.36670375694773       -1.83309566281223        3.97598263059023
H            3.74133666248584       -2.12198919451851        1.12611285757206
H           -0.48002191120689        0.74155463338059        7.07058500384202
H           -2.63566865670549        1.80015518539311        3.94187201396841
H           -3.52103510314706        0.70851150975716        6.61888560740315
H           -3.95753157303325       -1.31768351435673        5.04317956747896
H           -4.99182500343025        0.12235452964646        4.83739059860282
H           -2.77373342572099       -0.50919574855999        3.23414968228075
H           -4.24572562587954        2.91900113556677        5.09270629499096
