60
 energy: -137.718415232219 gnorm: 0.011623416681 xtb: 6.7.1pre (5071a88)
N           -0.00168400000000        0.05080100000000        0.38102400000000
C            0.03489600000000        1.45341700000000        0.12329200000000
C            1.21506700000000       -0.63025200000000        0.37221900000000
C           -1.21788100000000       -0.59136800000000        0.28582200000000
N            1.18287100000000        2.05836700000000        0.00138700000000
N           -1.10059300000000        2.10754600000000       -0.00828300000000
N            2.34043400000000       -0.00188700000000        0.22262000000000
N            1.15689600000000       -1.97041800000000        0.52084000000000
N           -2.31255300000000        0.06413500000000        0.03674900000000
N           -1.22353500000000       -1.93253100000000        0.44700100000000
C            2.29884500000000        1.32573300000000        0.07668900000000
C           -0.04929100000000       -2.55215200000000        0.84215000000000
C           -2.21965800000000        1.40112800000000       -0.04579200000000
N            3.51207000000000        1.93103000000000       -0.03371100000000
N           -0.08697900000000       -3.88547900000000        1.21418100000000
N           -3.41539100000000        2.02678400000000       -0.21272200000000
C            3.79432200000000        3.33273900000000        0.08563600000000
C            4.65966600000000        1.21201900000000       -0.15820800000000
C           -3.63420900000000        3.44000800000000       -0.24751600000000
C           -4.48754700000000        1.24403500000000       -0.38227500000000
C            0.91800200000000       -4.56331200000000        0.30380400000000
C           -1.03870500000000       -4.51451900000000        0.22854700000000
N            4.97855300000000        3.80063500000000       -0.14345500000000
N            5.79398200000000        1.65009800000000       -0.28273400000000
N           -4.93239700000000        3.88076700000000       -0.22018700000000
N           -5.43845000000000        0.63541300000000       -0.56090300000000
N            2.01660400000000       -3.97357300000000        0.02442100000000
N           -2.09710000000000       -3.90309700000000       -0.14181500000000
C            6.06983000000000        3.03951000000000       -0.43308300000000
C           -6.03788400000000        3.41264600000000       -0.03845700000000
C           -0.04828900000000       -5.44608400000000       -0.30669700000000
N            7.21387000000000        3.39498000000000       -0.79291100000000
N           -7.16301700000000        3.25889700000000        0.34315000000000
N            0.02937600000000       -6.52846100000000       -0.94770700000000
C            2.79502700000000        4.19275000000000        0.52575700000000
C           -2.65924100000000        4.32835900000000       -0.33004700000000
C            2.32828000000000       -2.77377700000000        0.39543000000000
C           -2.39942700000000       -2.68807200000000        0.21349900000000
C            1.60969400000000        4.75217600000000        0.57702500000000
C           -1.41112700000000        5.09054500000000       -0.38743300000000
N            2.66169000000000        5.64837200000000        0.88749800000000
N           -2.55079100000000        5.72567900000000       -0.35756000000000
H            7.36493300000000        4.38136400000000       -0.95138300000000
H           -7.96095000000000        2.88658400000000       -0.13023600000000
H           -0.85622700000000       -6.93123600000000       -1.23318100000000
H            2.89505100000000        6.32177400000000        0.15334200000000
H           -3.07776600000000        6.57695800000000       -0.35270900000000
H            0.55073300000000        4.73097000000000        0.43692000000000
C           -1.28258800000000        0.48723900000000        4.61375600000000
C           -0.25044100000000        1.34761000000000        4.67471900000000
C            1.14034800000000        0.89111800000000        4.73908700000000
O            2.12804500000000        1.57530600000000        4.79589600000000
N            1.21777300000000       -0.50124400000000        4.72763300000000
C            0.19790400000000       -1.42481100000000        4.66658400000000
O            0.37461100000000       -2.61430700000000        4.66231300000000
N           -1.06145800000000       -0.85887300000000        4.60997700000000
F           -0.47517000000000        2.66967800000000        4.67805200000000
H           -2.30633300000000        0.82487000000000        4.56639400000000
H            2.15410400000000       -0.89132800000000        4.77005600000000
H           -1.83679400000000       -1.50525900000000        4.56418100000000
60
 energy: -137.718718232423 gnorm: 0.006050209453 xtb: 6.7.1pre (5071a88)
N           -0.00118778506020        0.05129979002594        0.39179422505307
C            0.03558025401741        1.45437252137364        0.12987607549873
C            1.21627698719316       -0.63007597815405        0.38137828864578
C           -1.21719951896552       -0.59110175132502        0.29406863008329
N            1.18292481601869        2.05880477448560        0.00803714928720
N           -1.10041516846652        2.10805408737092       -0.00497266153880
N            2.34108042176906       -0.00131452941437        0.23302872894911
N            1.15796963953996       -1.97076116782395        0.52815929763498
N           -2.31263442022634        0.06468076270093        0.04688784469885
N           -1.22326329522067       -1.93219124929749        0.45660383936053
C            2.29937620445077        1.32683202695274        0.08636545501625
C           -0.04817364725315       -2.55299961649615        0.84954964153262
C           -2.21897694008639        1.40182955753662       -0.04202546901862
N            3.51218898999504        1.93159597819011       -0.02596484659153
N           -0.08733666723674       -3.88675305000058        1.21773211155675
N           -3.41544402793582        2.02661746653456       -0.21190070600155
C            3.79478122586321        3.33376438942285        0.08980523558693
C            4.65914157808923        1.21378918817264       -0.15303912720105
C           -3.63518240585689        3.44034167749976       -0.24852652339863
C           -4.48512731353803        1.24207509258559       -0.38380365881417
C            0.91784847355930       -4.56232300952488        0.30677976610278
C           -1.03875045228878       -4.51380746758296        0.23067236346157
N            4.97874534851960        3.80072838792498       -0.14274008133262
N            5.79275000379953        1.65101136261366       -0.28093076728831
N           -4.93346379774509        3.88117654936696       -0.22040298320866
N           -5.44017074632940        0.63518319039511       -0.54939638247867
N            2.01649897410187       -3.97302468809068        0.02815687996354
N           -2.09739717905844       -3.90142319986743       -0.13724153860012
C            6.06995480800283        3.03991533057461       -0.43141153170642
C           -6.03791725247931        3.41326607564999       -0.03714937335099
C           -0.04840831283284       -5.44433311924650       -0.30595881497841
N            7.21287505446962        3.39360034491890       -0.79502390853780
N           -7.16264378746447        3.26060178504631        0.34551771677752
N            0.02995644972437       -6.52628884601101       -0.94764240141961
C            2.79540178069951        4.19448081144836        0.52709347414027
C           -2.65985294191270        4.32836502012837       -0.33103580223200
C            2.32874230997099       -2.77420720956788        0.40218868671733
C           -2.39982128115483       -2.68715878957764        0.22260996933827
C            1.60977563968849        4.75334492810475        0.57944970929048
C           -1.41132408530328        5.08929180055485       -0.39314154748387
N            2.66161524389846        5.65094180586101        0.88202591911413
N           -2.55052740329032        5.72494522372651       -0.35814935964125
H            7.36511285484594        4.37960968447908       -0.95313716828464
H           -7.96145117651852        2.88970081274125       -0.12655211605055
H           -0.85531281770160       -6.93048682939812       -1.23200182613364
H            2.89275459327006        6.32304619382143        0.14665315408528
H           -3.07683650589974        6.57654546968242       -0.35078923755669
H            0.55018400895962        4.73047116317904        0.44568714817077
C           -1.28387950833920        0.48258167185889        4.60372405029143
C           -0.25236942609115        1.34520112429159        4.65761151890120
C            1.13949590306953        0.89064084037908        4.71987898358165
O            2.12588478377720        1.57801961053257        4.76139012994781
N            1.21999088146784       -0.50124851970772        4.71089481208549
C            0.20032980929628       -1.42698094722943        4.65815657740241
O            0.37826725221049       -2.61415960766902        4.65304364861172
N           -1.06190374320900       -0.86277533652031        4.59985559331479
F           -0.47987066873911        2.66777671547429        4.65126010288553
H           -2.30872520939545        0.81950517586706        4.56516034863396
H            2.15736508032986       -0.88996168137953        4.75681073112818
H           -1.83730088499836       -1.51063179758823        4.56367602599840
60
 energy: -137.719343628204 gnorm: 0.012012807531 xtb: 6.7.1pre (5071a88)
N           -0.00106187902548        0.05332133695529        0.43099254035101
C            0.03694666830123        1.45727663374846        0.15271300018542
C            1.21881639382181       -0.62886558893051        0.41498599789662
C           -1.21648036154806       -0.58955613299003        0.32664824696515
N            1.18247202413990        2.05965665090778        0.02951169091785
N           -1.10034453966052        2.10884238039773        0.00502424548025
N            2.34196342106689        0.00076700800462        0.26961956173155
N            1.16016406131264       -1.97118710509662        0.55455746563004
N           -2.31410355429804        0.06656436071465        0.08520736779239
N           -1.22339836391528       -1.93053901954197        0.49157906142721
C            2.30034862516105        1.33002852733460        0.11828076322261
C           -0.04544293404104       -2.55552224929914        0.87552191516863
C           -2.21767060663105        1.40379078995444       -0.02654385044525
N            3.51220881261693        1.93296414015360       -0.00023686151309
N           -0.08822363868078       -3.89147646485703        1.22950705105831
N           -3.41606134495437        2.02662482367849       -0.20438318266783
C            3.79586138431912        3.33730306878827        0.10219958298937
C            4.65736337032003        1.21920059150117       -0.13543109454009
C           -3.63678886579671        3.44173549629494       -0.24955626467428
C           -4.48530305538056        1.24131173933173       -0.36103330938143
C            0.91719414186680       -4.55871779015576        0.31581527830947
C           -1.03929737303100       -4.51084554578790        0.23737223980131
N            4.97906400803507        3.80122483555594       -0.14205975318423
N            5.78901216360797        1.65383112741374       -0.27516363834826
N           -4.93524099433218        3.88277609360134       -0.21797153713989
N           -5.42744930825635        0.61978438995171       -0.54832171183452
N            2.01589710030075       -3.97006606395482        0.03985364356181
N           -2.09863470406372       -3.89488609146262       -0.12193012827529
C            6.06984403109223        3.04150454249447       -0.42925901831218
C           -6.03760886126058        3.41521036824453       -0.02965129266063
C           -0.04918738971804       -5.43776991378090       -0.30430019201245
N            7.21009242686576        3.38954158843519       -0.80372719009791
N           -7.16327028367399        3.26896202952883        0.35207792266548
N            0.03158792814003       -6.51799559109277       -0.94879847638248
C            2.79678599164301        4.20010766583013        0.53177040496313
C           -2.66010565619255        4.32795739048064       -0.33448500089094
C            2.32951194438442       -2.77440392778657        0.42545050040864
C           -2.40156424300304       -2.68379965983553        0.25389184462836
C            1.60983683163678        4.75653245802406        0.59017926731468
C           -1.40972034903791        5.08488304080678       -0.40782418821575
N            2.66111926696930        5.66004396191575        0.86389366468602
N           -2.54766781133497        5.72242730565469       -0.36276658373686
H            7.36620745203233        4.37425877015853       -0.96242781755606
H           -7.96243928120681        2.89631689478703       -0.11587257500282
H           -0.85244389281081       -6.92521411835619       -1.23244447633321
H            2.88421201271921        6.32670507859953        0.12265067869103
H           -3.07173598764605        6.57526977568345       -0.34786081045223
H            0.54848422243029        4.72850682236030        0.47511005488756
C           -1.28830834822840        0.46692573388066        4.57164379050631
C           -0.25988255985893        1.33696967315466        4.59863265391815
C            1.13591535410168        0.89031099704501        4.64213782763587
O            2.11749384224218        1.58827790712493        4.64179422844926
N            1.22623026712702       -0.50006945904330        4.65108508350384
C            0.20907779418773       -1.43401790571683        4.62617223866633
O            0.39185724526325       -2.61599039056105        4.62729983136814
N           -1.06200434317274       -0.87588499296017        4.56755054764959
F           -0.49757640671226        2.66038688669511        4.57098415425712
H           -2.31637755243166        0.80099448808526        4.55934488251388
H            2.16644637161579       -0.88349181523615        4.71240525583177
H           -1.83661966741720       -1.52879754683204        4.56723046862370
60
 energy: -137.719987451345 gnorm: 0.018131906958 xtb: 6.7.1pre (5071a88)
N           -0.00170151057007        0.05596557473219        0.47556183234046
C            0.03802047373711        1.46023724109069        0.18093778565830
C            1.22024467813228       -0.62661480574430        0.45436275432526
C           -1.21615970518736       -0.58725197359169        0.36519648351949
N            1.18225938402066        2.06042106959196        0.05477773330158
N           -1.09999192968084        2.10928568662877        0.02122407989125
N            2.34213530867599        0.00336240906869        0.31047279132432
N            1.16112474700585       -1.97038891237148        0.58552214845299
N           -2.31429860145356        0.06803595998329        0.12440994901125
N           -1.22378557588575       -1.92821559999922        0.53030220257971
C            2.30112445765682        1.33287603064932        0.15251553894330
C           -0.04356255593015       -2.55712466689554        0.90462476841441
C           -2.21586192579839        1.40496005509375       -0.00548795242509
N            3.51257089199793        1.93406794000980        0.02761888421059
N           -0.08814385219317       -3.89617816822789        1.24351989716975
N           -3.41490050437073        2.02461926112216       -0.19864151334558
C            3.79677087300813        3.34134465692507        0.11444391389813
C            4.65644285999952        1.22403156705395       -0.11462517393270
C           -3.63646634348970        3.44056097652832       -0.25030190187053
C           -4.47791650314369        1.23461120399679       -0.36494295864198
C            0.91684565520079       -4.55460267436413        0.32622701313567
C           -1.03986943323335       -4.50689827197026        0.24623946681021
N            4.97913246217285        3.80250524824408       -0.14174240226911
N            5.78654937726910        1.65654459944662       -0.26666282425519
N           -4.93481291910416        3.88223263572441       -0.21949819063100
N           -5.43266363037664        0.62110469168261       -0.51136166739082
N            2.01554940690350       -3.96547468995523        0.05324850384488
N           -2.09959804862632       -3.88719553533270       -0.10450585394817
C            6.06933140050192        3.04369724150039       -0.42874069488015
C           -6.03766856389701        3.41624180155162       -0.03021267911720
C           -0.04993342864124       -5.43017434112482       -0.30084584148418
N            7.20819340719743        3.38662789245149       -0.81144483088439
N           -7.16063980769500        3.27006590132297        0.35988905564673
N            0.03307979259269       -6.50821942592774       -0.94887711111420
C            2.79846358992870        4.20604406820090        0.53785517473583
C           -2.65864751428030        4.32551619208954       -0.33403273867416
C            2.32997066933274       -2.77289301528655        0.45196113723148
C           -2.40285178854859       -2.67977585834537        0.28649011681819
C            1.60970665726921        4.75911400803706        0.60411720728472
C           -1.40624291253023        5.07936180973111       -0.41212590145801
N            2.65998189767248        5.67064784189909        0.84608534363092
N           -2.54335735339226        5.71871060389689       -0.36730263102049
H            7.36760432963997        4.36987469149148       -0.97449669046709
H           -7.96546732123632        2.90293659011699       -0.10213988172418
H           -0.84972007636445       -6.91599390343074       -1.23555836270202
H            2.87361159310772        6.32941100677309        0.09549087649280
H           -3.06537110505250        6.57284984084653       -0.35014205827708
H            0.54720528166503        4.72596587523525        0.50396625135713
C           -1.29284021168519        0.45021641075893        4.53448246042670
C           -0.26894058352031        1.32762106504206        4.52873418566536
C            1.13072673358531        0.89063754307817        4.54448936298607
O            2.10672288123530        1.59811252147297        4.50846438886207
N            1.23070789986315       -0.49822789922976        4.58167176146716
C            0.21863793764150       -1.44115096216001        4.58674779983400
O            0.40777282315967       -2.62101004640859        4.60464313882952
N           -1.05977582758622       -0.89019779357364        4.53350166037104
F           -0.51768113515618        2.65038795572346        4.49015184714366
H           -2.32330804469323        0.78016240472236        4.54419514721435
H            2.17322637925197       -0.87515530278193        4.65676455721249
H           -1.83153413610214       -1.54822622679299        4.57142864047188
60
 energy: -137.720849251162 gnorm: 0.017839161975 xtb: 6.7.1pre (5071a88)
N           -0.00334327426332        0.05920576893999        0.52140001806539
C            0.03827565315253        1.46272603359498        0.21105517429771
C            1.21991959926085       -0.62342635561783        0.49604600424399
C           -1.21698266612035       -0.58414763316343        0.40766886554334
N            1.18208755061330        2.06078525353348        0.08041923818115
N           -1.09974255111824        2.10892775801017        0.04019306192389
N            2.34127528497081        0.00615844393334        0.35173119853376
N            1.16024259853520       -1.96819859663582        0.61929602281432
N           -2.31461995977480        0.06943577642729        0.16381713306676
N           -1.22485990844556       -1.92536754882386        0.57058075959711
C            2.30140894278353        1.33497378853439        0.18586844569268
C           -0.04318266525984       -2.55729605319053        0.93534067066130
C           -2.21500386739023        1.40539724037808        0.02028670377059
N            3.51309254192802        1.93474157277138        0.05500610670284
N           -0.08728047966370       -3.90006237285218        1.25967409490059
N           -3.41342538878397        2.02260042370183       -0.18662361610238
C            3.79715842800946        3.34515222001905        0.12546377524142
C            4.65629415770690        1.22752523941967       -0.09199280773525
C           -3.63423939916749        3.43849798596056       -0.24641123910074
C           -4.47518937754325        1.23115704225310       -0.35362621335770
C            0.91660528714649       -4.54974387921772        0.33787148905959
C           -1.04054504842745       -4.50200736394035        0.25772177575265
N            4.97828065823248        3.80406034702887       -0.14223007655407
N            5.78509648742902        1.65836291797138       -0.25559710685900
N           -4.93239117368327        3.88024178211662       -0.21699421627664
N           -5.42998732463445        0.61654164704059       -0.49447744580808
N            2.01523053050426       -3.95895412320071        0.06829546647806
N           -2.10047389603007       -3.87880456711048       -0.08508784248115
C            6.06782945158443        3.04566442600941       -0.42901838933863
C           -6.03577393047866        3.41524107851849       -0.02560487574762
C           -0.05059905086234       -5.42136915285778       -0.29552219272465
N            7.20603372870949        3.38431136968779       -0.81756122811795
N           -7.15861169122799        3.27300009378782        0.36662889007811
N            0.03415137598127       -6.49650679130632       -0.94826982261104
C            2.80020329867431        4.21159341474189        0.54496594364366
C           -2.65574797122475        4.32232876099716       -0.33206398619684
C            2.32980951175352       -2.76947666882127        0.48028538234004
C           -2.40395446737190       -2.67541168483419        0.31880602848917
C            1.60974029109199        4.76109947850389        0.61967302195162
C           -1.40159429291038        5.07401633190934       -0.41168822776314
N            2.65860989100117        5.68123463939089        0.83062681945833
N           -2.53799587880207        5.71516942354099       -0.37375995608470
H            7.36734642453569        4.36579832878772       -0.98986130265405
H           -7.96615777095269        2.90621884408294       -0.09141213431905
H           -0.84769985480614       -6.90288444060025       -1.24013538229638
H            2.86091000575507        6.33007738376126        0.06781968325528
H           -3.05806479910272        6.57055935236321       -0.35662726714878
H            0.54663234165826        4.72296923883982        0.53127571176281
C           -1.29695702242503        0.43415300630189        4.49346246333734
C           -0.27878595810368        1.31797361880792        4.45260063207055
C            1.12344610503107        0.89068504995808        4.44336360653591
O            2.09352751411055        1.60437169433642        4.37223542845333
N            1.23296463407558       -0.49640918630670        4.50927312216956
C            0.22778309777162       -1.44692601806696        4.54564425210179
O            0.42467050198736       -2.62628633278276        4.58372743930022
N           -1.05536355152487       -0.90440024027493        4.50049079025484
F           -0.53763916888417        2.63861630905476        4.40815760173755
H           -2.32858803483706        0.75874631787055        4.52031154797658
H            2.17766016461655       -0.86608037966104        4.58577437736253
H           -1.82148463478997       -1.56656001362156        4.57035258247199
60
 energy: -137.722356899085 gnorm: 0.011991957731 xtb: 6.7.1pre (5071a88)
N           -0.00641510530658        0.06413986435465        0.58038756924618
C            0.03760437892781        1.46522448130681        0.25214714843849
C            1.21725358716756       -0.61810865826022        0.55128798420124
C           -1.21910468403188       -0.57927182319616        0.46551866317714
N            1.18212556773031        2.06072354482806        0.11369164017664
N           -1.09932704572224        2.10744612492911        0.06942880488803
N            2.33898583384704        0.00994978170522        0.40375483244328
N            1.15672098521022       -1.96341801253668        0.66564640516122
N           -2.31449484266997        0.07086756663038        0.21166385324826
N           -1.22678111239957       -1.92115581962859        0.62272761272629
C            2.30115791175570        1.33647951226548        0.22645722495143
C           -0.04463965398118       -2.55538420509020        0.97589595434704
C           -2.21494084338702        1.40478402280287        0.05932812544454
N            3.51401290212773        1.93498768688920        0.08896691015851
N           -0.08485856651737       -3.90354597889739        1.28326275874756
N           -3.41062145763648        2.01955585891648       -0.16422875497399
C            3.79667258836496        3.34945564636405        0.13785559336950
C            4.65737632499450        1.22994379108140       -0.05981869410797
C           -3.62870366628649        3.43414140011160       -0.23493131990668
C           -4.47427602769460        1.22872293923541       -0.33194552900183
C            0.91667480290902       -4.54251597972507        0.35467595383995
C           -1.04131952540325       -4.49461095126125        0.27637060624878
N            4.97569137449462        3.80627738414690       -0.14322972538819
N            5.78500489333673        1.65923695507197       -0.23632503194213
N           -4.92643365113467        3.87590325489946       -0.21111843333668
N           -5.42532749914469        0.61191365202507       -0.48061336057935
N            2.01517037630614       -3.94798045742614        0.09005339299457
N           -2.10121886184143       -3.86737221532679       -0.05757712972047
C            6.06449756440326        3.04772350863973       -0.42926711260286
C           -6.03180968007577        3.41249698345871       -0.01877919946361
C           -0.05103423190816       -5.40860788714257       -0.28561552688440
N            7.20320132758657        3.38228501372548       -0.82094975200943
N           -7.15495212331792        3.27525269963988        0.37489688982818
N            0.03511089199997       -6.47902899901560       -0.94602017183511
C            2.80189184429758        4.21784294118459        0.55524110416249
C           -2.65003415319314        4.31693883125084       -0.32600650420625
C            2.32910366163860       -2.76245052426820        0.51845152915912
C           -2.40477824865561       -2.66949719507200        0.35873536171371
C            1.60962354687284        4.76293474853277        0.64008742529998
C           -1.39415176760036        5.06731131246488       -0.40367156117579
N            2.65582011578707        5.69394144415418        0.81545746416136
N           -2.52997828678808        5.71064906564909       -0.38370948103993
H            7.36488048596706        4.36106057509974       -1.01193298539841
H           -7.96515401144652        2.90636733399271       -0.07886661825176
H           -0.84602161508458       -6.88085865037455       -1.24720737111243
H            2.84228748288743        6.32730521661014        0.03375152935728
H           -3.04794051883130        6.56748831861553       -0.37091057046499
H            0.54669747332251        4.71903546870423        0.56058341609751
C           -1.30117284621218        0.41525856236090        4.43529306340105
C           -0.29218919793040        1.30516729719083        4.34781714504598
C            1.11142835450995        0.88973816095985        4.30739035544622
O            2.07365523359763        1.60596535236249        4.19688884220966
N            1.23242164550090       -0.49467321798648        4.41308573551610
C            0.23848864343514       -1.45208428452157        4.48995806811214
O            0.44688170871496       -2.63301024604464        4.56023928022775
N           -1.04649231823165       -0.92174522731117        4.46000298371357
F           -0.56197675261256        2.62106400451932        4.30400963738886
H           -2.33246810530838        0.73156044781995        4.47548054534732
H            2.17980850839208       -0.85439654313107        4.47456273997823
H           -1.80163261573136       -1.58742387828312        4.56031668342788
60
 energy: -137.724026359024 gnorm: 0.018563367871 xtb: 6.7.1pre (5071a88)
N           -0.00869617407586        0.06991332935442        0.64655057727000
C            0.03711919771423        1.46802691400083        0.29954969636142
C            1.21488803465818       -0.61225173284781        0.61363261158172
C           -1.22051885600198       -0.57408147365245        0.53017513903155
N            1.18244726747488        2.06076034657079        0.15234468051056
N           -1.09847659277510        2.10615968872952        0.10409520807770
N            2.33713749433271        0.01406380294575        0.46221601765998
N            1.15348029403859       -1.95798116765231        0.71966792916267
N           -2.31394206516171        0.07237946488067        0.26516605291245
N           -1.22820978767364       -1.91661375634673        0.68228006786499
C            2.30102481722973        1.33807991659297        0.27293030049417
C           -0.04580123445371       -2.55318576573984        1.02314528821075
C           -2.21490996405846        1.40432130214122        0.10348916612239
N            3.51480690328300        1.93538762002122        0.12753728468259
N           -0.08210988199150       -3.90710131755328        1.31254240293040
N           -3.40748828902134        2.01697152861124       -0.13592369415337
C            3.79544916601243        3.35347513123905        0.15268001630685
C            4.65854851245331        1.23235176085243       -0.02122098000102
C           -3.62269134070885        3.42995227364596       -0.22018330195235
C           -4.47386920183309        1.22745189808719       -0.30202958582583
C            0.91707556257385       -4.53374892906124        0.37590205383999
C           -1.04158198012621       -4.48633755952092        0.29991567091279
N            4.97181909545367        3.80802451791381       -0.14353013522073
N            5.78487585239322        1.65963352561727       -0.21160151516962
N           -4.92012717429231        3.87190638566834       -0.20288837443411
N           -5.41942515196382        0.60621867401241       -0.46497648444575
N            2.01561194618983       -3.93516092744415        0.11767012860341
N           -2.10168567550597       -3.85444544102088       -0.02415714178200
C            6.06008355313842        3.04908653469823       -0.42685745953430
C           -6.02695915339082        3.41009195649571       -0.00906393345380
C           -0.05073704174346       -5.39322691213863       -0.27312577249567
N            7.19872683498221        3.37917532489463       -0.82341373911520
N           -7.15161595137603        3.27981331332089        0.38308959792262
N            0.03667586760522       -6.45731421100753       -0.94387077458973
C            2.80266268766498        4.22439295266569        0.56706059163807
C           -2.64378605660709        4.31150719775834       -0.31914711902418
C            2.32917548200907       -2.75452307286812        0.56305632186513
C           -2.40544820104798       -2.66277758569453        0.40614930679307
C            1.60895192284144        4.76543379438947        0.66051633450999
C           -1.38640873480966        5.06029158759559       -0.39630385763893
N            2.65192976378529        5.70654694512419        0.80152729699521
N           -2.52156798747191        5.70578295476876       -0.39436833020981
H            7.36013627620583        4.35442471882617       -1.03567867057348
H           -7.96233042415438        2.90530387643515       -0.06674558278189
H           -0.84391294981019       -6.85460859272924       -1.25338795363797
H            2.82173454708011        6.32304557373031        0.00072875933699
H           -3.03744701457264        6.56400557917207       -0.38625758066968
H            0.54568968214073        4.71469800237077        0.59190351181023
C           -1.30640128556627        0.39309010784883        4.36947660083923
C           -0.30849370582045        1.28992758075925        4.22740582661745
C            1.09731772276686        0.88782706505728        4.15075335727712
O            2.05183135078975        1.60749054074629        3.98367042763875
N            1.23257326827821       -0.49320888490289        4.29886796838696
C            0.25093273857043       -1.45727128597140        4.42687494952556
O            0.47275732136150       -2.63741642978431        4.52606393954292
N           -1.03630541772286       -0.94171470301309        4.41756638251056
F           -0.59025290504315        2.60106533150736        4.17388456071616
H           -2.33875525476822        0.69925930978326        4.42761863412207
H            2.18453287409851       -0.84181368708908        4.33284285579861
H           -1.78003958357685       -1.61255489279423        4.55283047032752
60
 energy: -137.725816073481 gnorm: 0.022348042431 xtb: 6.7.1pre (5071a88)
N           -0.00924814228357        0.07567479162099        0.70325689866990
C            0.03663075639464        1.47008082274577        0.34370449293313
C            1.21280436049859       -0.60674125695283        0.66855276330642
C           -1.22067611753841       -0.56963137675600        0.58673504849630
N            1.18321896473964        2.06077303569262        0.18829043494559
N           -1.09714293006639        2.10513231775811        0.14024474909293
N            2.33614471655249        0.01761020557907        0.51212752894587
N            1.15084526734984       -1.95211884959287        0.77109833131833
N           -2.31238009759289        0.07339514545283        0.30967765479463
N           -1.22844288725645       -1.91262767865326        0.73534557441301
C            2.30076513015021        1.33894469029672        0.31363376451443
C           -0.04691046620564       -2.55006863865322        1.06744220185057
C           -2.21531153086155        1.40367995628867        0.14567821561820
N            3.51503290161951        1.93585817000842        0.16104266955885
N           -0.07919074940505       -3.90840741887795        1.34446807732174
N           -3.40436195593320        2.01552410601525       -0.10304823880307
C            3.79267414258336        3.35524179336357        0.16671118566761
C            4.65988897659365        1.23303799307625        0.01783734361058
C           -3.61665216974412        3.42634533137470       -0.20142699930231
C           -4.47453857823398        1.22854796820977       -0.26735115536947
C            0.91804668280472       -4.52442844300446        0.39996097500399
C           -1.04088682159439       -4.47839477297882        0.32740137553343
N            4.96610403808135        3.80822133128049       -0.14150243116731
N            5.78533056475544        1.65831102590768       -0.18239111749402
N           -4.91397190868383        3.86886429041358       -0.19302588793604
N           -5.41435228319619        0.60339413289535       -0.44989269413356
N            2.01699073691393       -3.92207106977615        0.14882649121008
N           -2.10136314967064       -3.84287351002401        0.01092040445784
C            6.05430543496849        3.04822875521087       -0.41982102609469
C           -6.02192505604153        3.40850756601131        0.00096051107324
C           -0.04916665469706       -5.37737922704919       -0.25722725556556
N            7.19251272416179        3.37535003698742       -0.82064104522802
N           -7.14853318947067        3.28390559675861        0.38947798069366
N            0.03842232848114       -6.43383447029497       -0.94027882423410
C            2.80102136103951        4.22882123408322        0.57861924162330
C           -2.63780852298527        4.30686989234440       -0.31101158047538
C            2.33045140705859       -2.74624780589780        0.60557921242384
C           -2.40534932862802       -2.65672644121828        0.45095575940859
C            1.60715520650272        4.76779429751044        0.67464088704399
C           -1.38020029080635        5.05485892418973       -0.38903815743267
N            2.64653405630389        5.71391183501264        0.79763708469628
N           -2.51485115605139        5.70151608470061       -0.40291140822687
H            7.35177303970381        4.34658043423000       -1.05368766099573
H           -7.95741167333520        2.90234316648524       -0.05881307952792
H           -0.84232941243406       -6.82653957767256       -1.25527730370481
H            2.80413028650295        6.31553091388469       -0.01702473224695
H           -3.02965048209741        6.56040596681287       -0.40113345940976
H            0.54383247998217        4.71147122396989        0.61230046729635
C           -1.30907954725355        0.37517330778075        4.30325606684333
C           -0.32386284538936        1.27508583381027        4.11377794603361
C            1.08161311719254        0.88193064368889        4.00523051305068
O            2.02726605636546        1.59898068614715        3.79227552964183
N            1.23190894147431       -0.49377529648592        4.18575666572159
C            0.26253431921611       -1.45937366588499        4.36135372078865
O            0.49730014325322       -2.63639034084481        4.47795951548865
N           -1.02435790336924       -0.95702761267908        4.38034857288322
F           -0.61469097691018        2.58163453484735        4.04615582336013
H           -2.34243086265916        0.67172373141108        4.37714481004934
H            2.18894975855392       -0.83307099064273        4.17705648066612
H           -1.75710920940247       -1.63153332991668        4.54070708729995
60
 energy: -137.727772751196 gnorm: 0.024610582196 xtb: 6.7.1pre (5071a88)
N           -0.00777378289409        0.08117804432305        0.75560061528498
C            0.03682194754376        1.47230996212039        0.38657743212064
C            1.21250939016525       -0.60212546613701        0.71984490623422
C           -1.21910464244159       -0.56614662226555        0.63769255396414
N            1.18420660688489        2.06151068549398        0.22500104340649
N           -1.09559793840073        2.10540377984720        0.17748427029869
N            2.33670019899328        0.02078222055375        0.55963192828396
N            1.15051281550992       -1.94698871283920        0.82220245158757
N           -2.31021963625885        0.07448087817378        0.35211945082731
N           -1.22722632708461       -1.90909885468244        0.78615645314830
C            2.30083711094650        1.34046100659940        0.35505922758438
C           -0.04650230096231       -2.54778927260762        1.11178601407493
C           -2.21526025086263        1.40389878959009        0.18539513707143
N            3.51460411074240        1.93712436594433        0.19473272047924
N           -0.07691479094954       -3.90924257127254        1.37876974291242
N           -3.40202233400820        2.01533205995697       -0.06881999369681
C            3.78957756368631        3.35576833134666        0.18378751038804
C            4.66037474480873        1.23377783843366        0.05845572095272
C           -3.61235590845910        3.42444653100891       -0.18245056967973
C           -4.47413375182148        1.23002981106182       -0.23206585721714
C            0.91936822323830       -4.51487719768886        0.42672812438444
C           -1.03937194235457       -4.47095925401606        0.35728959912504
N            4.96000042539477        3.80716438771880       -0.13683947295531
N            5.78492334018920        1.65670490041882       -0.15129999986990
N           -4.90966567589299        3.86818761069490       -0.18359682242844
N           -5.40908594460833        0.60239346386875       -0.42980479169911
N            2.01917314175093       -3.90996338961176        0.18369650213362
N           -2.10073864517494       -3.83246872364654        0.04812561397358
C            6.04811951952027        3.04565918707920       -0.40912355623796
C           -6.01796194478204        3.40926159230935        0.00982128484507
C           -0.04674746276529       -5.36100537587757       -0.23969075639026
N            7.18413703313002        3.36968358347139       -0.81852121497044
N           -7.14587499561723        3.28807077733658        0.39531502390174
N            0.04066876320411       -6.40858210840176       -0.93677789091452
C            2.79877919642661        4.23282688925864        0.59204961419193
C           -2.63316118420073        4.30345872894565       -0.30305966638905
C            2.33331929092326       -2.73917112772753        0.64904779840491
C           -2.40506776815352       -2.65114564331407        0.49792194868777
C            1.60454707997645        4.76944598818909        0.68952324370355
C           -1.37574506923272        5.05006672817033       -0.38594505230805
N            2.64153085584175        5.72050013485198        0.79513771926558
N           -2.50980985594001        5.69736835820167       -0.40853288134669
H            7.34105008316996        4.33685911107604       -1.06794344559387
H           -7.95198126961549        2.90011763748513       -0.05228575929517
H           -0.84057690140918       -6.79786977542686       -1.25421660389679
H            2.78768446256615        6.30825853837450       -0.03140309253904
H           -3.02402545641011        6.55649739985338       -0.41296399441327
H            0.54085418746283        4.70702984204319        0.63479091668780
C           -1.31192729499098        0.35660255350311        4.24020278290589
C           -0.34009430729061        1.25998695446997        4.00004674269038
C            1.06541218041954        0.87502535179692        3.85726459953250
O            2.00100827719640        1.59139781121699        3.58801169893486
N            1.23339996362529       -0.49459803032187        4.06541742544622
C            0.27618527437092       -1.46209281188171        4.29403282177170
O            0.52450879922049       -2.63412442106090        4.42500830809332
N           -1.01235485938940       -0.97154439038555        4.34815287178000
F           -0.64126511805826        2.56289019014538        3.90343405806119
H           -2.34707546360835        0.64351335877557        4.33383774523261
H            2.19445393480358       -0.82551422086497        4.01230387744214
H           -1.73562469807319       -1.65016741367816        4.53652992202823
60
 energy: -137.729586163649 gnorm: 0.020692294900 xtb: 6.7.1pre (5071a88)
N           -0.00091044147131        0.08533866239714        0.77691774663162
C            0.03807328856414        1.47354128327698        0.41494117389014
C            1.21545931873902       -0.60012339522783        0.74546358996905
C           -1.21346964633481       -0.56572910298121        0.65898289210053
N            1.18604944588170        2.06366748643271        0.25277110278885
N           -1.09339203776005        2.10870868467015        0.21263111554269
N            2.34087817945285        0.02215275705844        0.58293062573781
N            1.15493560307361       -1.94307197853560        0.86129222753388
N           -2.30607290299148        0.07509876653259        0.37150561362868
N           -1.22223105891445       -1.90732686801348        0.81550876699348
C            2.30121421510124        1.34222081514564        0.38295273935668
C           -0.04369249736337       -2.54582092763919        1.14552415408101
C           -2.21491139931593        1.40553617990193        0.21166025378809
N            3.51229668767584        1.94016162726406        0.21724650873930
N           -0.07584707329638       -3.90575884746460        1.41667777495651
N           -3.40151401758733        2.01892942191673       -0.03162106033103
C            3.78438140423742        3.35136862580612        0.20289337892212
C            4.65971649569471        1.23207715383522        0.09828430194187
C           -3.61157343117152        3.42651487814627       -0.16087634974208
C           -4.47327960217615        1.23458723222589       -0.19515850003484
C            0.92183972565510       -4.50585841081512        0.45891138454782
C           -1.03544837196830       -4.46582722652216        0.39362283074056
N            4.95185854937905        3.80258298932024       -0.12462618437692
N            5.78417962393755        1.65302774938487       -0.11344990355975
N           -4.90912653448286        3.87276876839932       -0.17151616626794
N           -5.40683232531113        0.60847939810094       -0.40260209947435
N            2.02367407668983       -3.90133215827721        0.22539005725177
N           -2.09892454611014       -3.82813030646966        0.08669811921672
C            6.04035130759949        3.03747990628966       -0.38723109336934
C           -6.01562956212916        3.41434382327535        0.02097125261642
C           -0.04177634919061       -5.34594739573075       -0.21534822334829
N            7.17108289755080        3.36069486798323       -0.81039845368710
N           -7.14586958640176        3.29312692309696        0.39862412159867
N            0.04309737965975       -6.38207330537111       -0.92970431760416
C            2.79297817050850        4.23338438784887        0.60693460771209
C           -2.63164237155862        4.30343314906699       -0.29511881916530
C            2.34001786898738       -2.73469812369201        0.68556113685465
C           -2.40375738126452       -2.64826994116490        0.53777885056544
C            1.59938043916742        4.76922518700419        0.69668320838843
C           -1.37640562456079        5.04904635040913       -0.38726232075498
N            2.63640224206933        5.71892486826494        0.80728713369729
N           -2.51047012182263        5.69468480087989       -0.40624691555099
H            7.32274672428258        4.32407234432239       -1.06623306322128
H           -7.94321129121682        2.89651463016658       -0.05423356556723
H           -0.84028007015513       -6.76988589471068       -1.24082146534124
H            2.77873811391573        6.29833701672356       -0.02088718881894
H           -3.02661388298479        6.55226251883813       -0.42060894229248
H            0.53535933145341        4.70214581486937        0.64483267851692
C           -1.30930368184713        0.34631210436289        4.18151648211019
C           -0.35297369263749        1.24700065563157        3.90684582134448
C            1.04847552436007        0.86101181920085        3.74201648466761
O            1.96983797148371        1.57101604367902        3.43587784423047
N            1.23630382593227       -0.49971523482285        3.95405959856592
C            0.29044908719426       -1.46184276005368        4.22918653824274
O            0.55028773322786       -2.62381819888961        4.36041495483564
N           -0.99744551043069       -0.97469380614283        4.32825301508915
F           -0.66215805392323        2.54736195222267        3.75995673568867
H           -2.34628546230826        0.62624691854127        4.29352567647617
H            2.19629769912713       -0.82899620849350        3.85109273367695
H           -1.71531340191423       -1.65446847147410        4.52836539927360
60
 energy: -137.731064886684 gnorm: 0.019293252808 xtb: 6.7.1pre (5071a88)
N            0.00158200847003        0.08889912889274        0.81760908430013
C            0.03950872732489        1.47633233594797        0.44978241374364
C            1.21763367752137       -0.59754108727462        0.78626830373800
C           -1.21105548441164       -0.56361887794111        0.69730957963435
N            1.18703299083457        2.06567846006444        0.28582809413955
N           -1.09220855780131        2.11141881523888        0.24469599167481
N            2.34288966187554        0.02453386396483        0.62443860971981
N            1.15793628952357       -1.94020648834693        0.90478092943845
N           -2.30440941488313        0.07727783983289        0.41134659966849
N           -1.22002561892153       -1.90424697732783        0.85801364724854
C            2.30195355822211        1.34538181073863        0.42291585073824
C           -0.04098520761530       -2.54575439839578        1.18516143694427
C           -2.21317625169571        1.40780117635293        0.24356018953266
N            3.51158121662212        1.94252486943939        0.25225648705234
N           -0.07461008080835       -3.90745907726012        1.44803056555245
N           -3.40065532891666        2.01998836017447       -0.00375925925130
C            3.78256932814498        3.35256660361012        0.22324431184789
C            4.65905223534323        1.23383174900203        0.14016459056107
C           -3.61046438709907        3.42745556225278       -0.14598853491427
C           -4.46916318101251        1.23324997223127       -0.17011016649875
C            0.92359239807492       -4.49854838090401        0.48423018148923
C           -1.03356379828177       -4.45986381908048        0.42068085950135
N            4.94782534569231        3.80208531623457       -0.11795420468550
N            5.78217067188425        1.65350520292570       -0.08240264700673
N           -4.90786055775997        3.87519388276044       -0.16311607483652
N           -5.40516110622504        0.60800808333473       -0.37048691526672
N            2.02670655644236       -3.89397239138679        0.25859307517196
N           -2.09916106730099       -3.82139975256129        0.12162650862854
C            6.03543083897542        3.03439454692134       -0.37616765035882
C           -6.01427899192385        3.41770858920420        0.02890122932196
C           -0.03960245278436       -5.33197341936205       -0.19927890010625
N            7.16192316628873        3.35287566806907       -0.81429388641319
N           -7.14549836633096        3.29755680898543        0.40414674863492
N            0.04519401322857       -6.35945634764017       -0.92673919404604
C            2.79204133922209        4.23842898978273        0.62203893612681
C           -2.62927709675883        4.30194176861197       -0.28722978203838
C            2.34406799264031       -2.73094026815963        0.72712163570085
C           -2.40433466642841       -2.64414875157498        0.58257838606980
C            1.59670473739318        4.76958219101901        0.71638351070112
C           -1.37305216159690        5.04497629012663       -0.38710631965574
N            2.63355616276388        5.72667067263776        0.80069683573148
N           -2.50713585945731        5.69137803967182       -0.40867714209939
H            7.31171624432661        4.31405100119202       -1.08184350836811
H           -7.93989166687045        2.89685061256378       -0.04929163626563
H           -0.83869278410102       -6.74506308521445       -1.23965438735564
H            2.76474875213157        6.29504711576463       -0.03868509285613
H           -3.02311805599335        6.54901212949673       -0.43146553292066
H            0.53244999374381        4.69653452109753        0.67659274613188
C           -1.31254521623067        0.32630944235943        4.12524273037539
C           -0.36758865424104        1.23335058797635        3.79501045694425
C            1.03537286610472        0.85682579287855        3.59131341243312
O            1.94283111026355        1.57363973793155        3.22530306768398
N            1.24068907970114       -0.49945847294584        3.84010088053785
C            0.30637611903675       -1.46816068331997        4.17547190261249
O            0.57912843392809       -2.62478892576709        4.33588062267908
N           -0.98619470962669       -0.98840205533278        4.29822977271341
F           -0.69221500319711        2.52901074871979        3.61689790865956
H           -2.35116131856553        0.59831924558369        4.26230773646211
H            2.19998587639828       -0.82272528045484        3.72506312441043
H           -1.69716334528280       -1.67246899334137        4.53307788069047
60
 energy: -137.731840234416 gnorm: 0.011983293608 xtb: 6.7.1pre (5071a88)
N            0.00418089729436        0.08907510934935        0.81966556161008
C            0.04094585790468        1.47724960189792        0.45649970671990
C            1.21997420509025       -0.59772230454101        0.79214246285969
C           -1.20932145806901       -0.56352070940842        0.70467952435288
N            1.18779372003386        2.06727111468205        0.29440140724982
N           -1.09168761591779        2.11478728086722        0.25873934032047
N            2.34500536032047        0.02454380314356        0.63234562054871
N            1.16186313720863       -1.93922769685951        0.92162608844245
N           -2.30391054898397        0.07939488572817        0.42764939113782
N           -1.21766311746557       -1.90241537914583        0.87316422045797
C            2.30239800348790        1.34741993256160        0.43605804923026
C           -0.03801629865373       -2.54498155476845        1.20433256045127
C           -2.21157348562401        1.41055537476739        0.25734922282916
N            3.51072440927093        1.94462380423769        0.27102458192926
N           -0.07326389361062       -3.90549701908345        1.47112798041052
N           -3.40139967189967        2.02253625800976        0.01481838058987
C            3.78095781277308        3.35257316244125        0.23844413840718
C            4.65902626499021        1.23380321590004        0.17210197663005
C           -3.61133264149372        3.43039490956195       -0.13341990055410
C           -4.46626124334112        1.23262869010337       -0.15282373465221
C            0.92613851972236       -4.49543025212966        0.50572098422152
C           -1.03143580446966       -4.45684252342159        0.44417934020858
N            4.94567104097331        3.80163888729724       -0.10718372451208
N            5.78167889305178        1.65452270208011       -0.05287706938853
N           -4.90833167504854        3.87937479609297       -0.15357002917846
N           -5.40880644175227        0.61108084669184       -0.33581822410343
N            2.03085502760700       -3.89354980426079        0.28448179131101
N           -2.10009011081258       -3.82199400664623        0.14873253573691
C            6.03240128829441        3.03058278864031       -0.36288274168341
C           -6.01514963377482        3.42205304011588        0.03687086514946
C           -0.03767102409596       -5.32466813268048       -0.18146289204410
N            7.15507108810467        3.34614308183371       -0.81296823606348
N           -7.14732199508197        3.29977230903628        0.40902780871380
N            0.04597044837470       -6.34599507906462       -0.91730701924654
C            2.79048565972095        4.24063859087965        0.63428888725678
C           -2.62912421886279        4.30280801100822       -0.27902537196597
C            2.34823285111984       -2.72994545011265        0.75164438480687
C           -2.40525010317170       -2.64346931876038        0.60931595473239
C            1.59339917798598        4.76772099561184        0.73076969761723
C           -1.37226727477400        5.04448624861985       -0.38641396639657
N            2.63131684891506        5.72851416769819        0.80345448107630
N           -2.50701330385041        5.69075463660569       -0.40718793458685
H            7.30121153303618        4.30687675379034       -1.08711741905896
H           -7.93817125218619        2.89697334705465       -0.04829995703949
H           -0.83881529029869       -6.72917433364398       -1.23148025607948
H            2.75898491563221        6.29343459693588       -0.03956760681046
H           -3.02406480739651        6.54765405339318       -0.44128168858440
H            0.52966033434144        4.69248412137488        0.69629605463606
C           -1.31061138618390        0.31781375037637        4.07486459692210
C           -0.37419110592163        1.22448532609624        3.73014948344595
C            1.02645865248930        0.85048321896877        3.52138936633286
O            1.92123054425550        1.57052252872507        3.14478333823898
N            1.24230366438153       -0.50163169216934        3.78024924789877
C            0.31764518283137       -1.47120657959171        4.13677541465738
O            0.59841074966033       -2.62292838483208        4.31681351978579
N           -0.97529676229051       -0.99028955326244        4.26131044217838
F           -0.70972967485803        2.51457276341865        3.53648406692757
H           -2.34762913441811        0.58818391270688        4.21960504943920
H            2.19835294039951       -0.82550635207952        3.67077382935119
H           -1.68294705496373       -1.67443649184121        4.50518241712937
60
 energy: -137.732296668923 gnorm: 0.011978078912 xtb: 6.7.1pre (5071a88)
N            0.00639872703687        0.08525637826226        0.78002773506040
C            0.04301564509070        1.47628199264754        0.42978342211633
C            1.22297724612521       -0.60076803389826        0.75996098048182
C           -1.20915389441940       -0.56500843068705        0.68314540919015
N            1.18840466610412        2.06799855953913        0.27252071914732
N           -1.09192410650338        2.11849414875302        0.24912594539935
N            2.34725720796695        0.02228937547907        0.60364396411344
N            1.16724109837067       -1.94036537991514        0.90936869761232
N           -2.30600778177164        0.08250128833471        0.42721634619240
N           -1.21550901190790       -1.90115854752958        0.86430137492515
C            2.30318849118136        1.34879521940020        0.41874783531936
C           -0.03383388104575       -2.54319852444629        1.20442290133810
C           -2.20963791250843        1.41433482997475        0.25304019437309
N            3.51072407135984        1.94717636949940        0.27548892812670
N           -0.07104255826285       -3.89945455717451        1.48781574970826
N           -3.40415104126473        2.02646580406811        0.02386837011670
C            3.78048051916917        3.35329597474622        0.25034599181563
C            4.66104728495877        1.23407763943759        0.19792483380933
C           -3.61438125894456        3.43571444841697       -0.12370054225704
C           -4.46514426326891        1.23190629596601       -0.13756032384400
C            0.93032412457376       -4.49661197771020        0.52646349514850
C           -1.02908329276694       -4.45575316546757        0.46666592112390
N            4.94707324369837        3.80269805728220       -0.08894101490048
N            5.78376054859151        1.65893319209187       -0.02058665894628
N           -4.91055497839878        3.88528600185708       -0.14066016980021
N           -5.41664147621476        0.61465641847570       -0.29151534243174
N            2.03730968531905       -3.90172489727512        0.30549219945464
N           -2.10273674420317       -3.83015058294775        0.17285990561834
C            6.03262346318038        3.02772939656072       -0.34549508240540
C           -6.01815813349601        3.42694435618249        0.04761965097572
C           -0.03630125393931       -5.32369698305439       -0.15886787973256
N            7.15139863156680        3.34088562153629       -0.80679808746620
N           -7.15123776905355        3.29922596614463        0.41617624175784
N            0.04571350686806       -6.34154467778080       -0.89800370714987
C            2.78865449455825        4.24076667572938        0.64477849518128
C           -2.63097976083924        4.30603197368088       -0.27001767406587
C            2.35273931425177       -2.73172542196072        0.76115758624972
C           -2.40742009837572       -2.64611376856226        0.62376901739135
C            1.58950688800291        4.76371311392508        0.74217897463494
C           -1.37318804700682        5.04700892361934       -0.38542068784782
N            2.62851920048668        5.72350069565760        0.81783067047301
N           -2.50897677490799        5.69247578530748       -0.40227956997523
H            7.29195247022041        4.30274219629832       -1.08173243684691
H           -7.93949270142340        2.90079443357974       -0.04961221150477
H           -0.83979885949314       -6.72213618709386       -1.21422259274338
H            2.76180415708841        6.29548133173023       -0.01799538135019
H           -3.02787753908813        6.54786459963373       -0.45142527486681
H            0.52729027002665        4.69077615646714        0.70922564230130
C           -1.31028730718297        0.31161956249890        4.04900596267474
C           -0.37908800298448        1.21822969187196        3.70302593524786
C            1.02080624332994        0.84767399002022        3.50352490825651
O            1.90416021110627        1.57633788244029        3.11665797117859
N            1.24414343693714       -0.50106858702925        3.76098233754066
C            0.32861725354860       -1.47260174118826        4.12615737763748
O            0.61720730904343       -2.61843467399641        4.31669900167109
N           -0.96683942709836       -0.98860907866982        4.23787315219837
F           -0.72668420395575        2.50111674424265        3.48924259201464
H           -2.34401603041811        0.58344300198181        4.18324628422981
H            2.19824765283289       -0.82844671418357        3.66534237236139
H           -1.67243795185034       -1.67195216276937        4.47675554397083
60
 energy: -137.732646250689 gnorm: 0.013312601333 xtb: 6.7.1pre (5071a88)
N            0.00642229344866        0.08422690436465        0.76445632852010
C            0.04422605034154        1.47539656350428        0.41694619534567
C            1.22319222994601       -0.60046524008991        0.74989515247797
C           -1.21084732038137       -0.56378812756381        0.68691965394515
N            1.18939434006416        2.06700902861627        0.25866958469517
N           -1.09154604132466        2.11847275650713        0.24276862205801
N            2.34750651606468        0.02214101859630        0.59259270312584
N            1.16815990751335       -1.93877529117946        0.90996875959615
N           -2.30852789999407        0.08524063367063        0.44055558005118
N           -1.21554600299091       -1.89873373986732        0.87397433029102
C            2.30418862006294        1.34901621394333        0.41038767130250
C           -0.03237486792789       -2.53920993300765        1.21453401389427
C           -2.20927754830395        1.41583500876510        0.25984587630339
N            3.51263990653410        1.94877717657212        0.28582153137806
N           -0.06790525799869       -3.89415576112824        1.50820182172295
N           -3.40511715537755        2.02799471528084        0.03821162481412
C            3.78085724551156        3.35584883643381        0.26164477865021
C            4.66549512942744        1.23549651332563        0.22643500885951
C           -3.61407072317895        3.43719237612892       -0.11184442179635
C           -4.46840851819056        1.23285350834522       -0.10827863234873
C            0.93349415319725       -4.49522000355658        0.54896669797624
C           -1.02800605787748       -4.45192633329773        0.49087971301088
N            4.94851429988780        3.80518757420316       -0.07378365000426
N            5.78841593549589        1.66327140843528        0.01261658263684
N           -4.90965888387927        3.88677123344196       -0.12762451210971
N           -5.41867632693311        0.61368755717155       -0.25747899812988
N            2.04227487094903       -3.90437708957649        0.32837759028935
N           -2.10544329586699       -3.83201378927594        0.20095981955117
C            6.03326039589380        3.02789096965475       -0.32995906765668
C           -6.01805909534662        3.42840037239822        0.05884428490726
C           -0.03576762839160       -5.31982567442465       -0.13600293224045
N            7.14978258934463        3.33855916558195       -0.79953371789579
N           -7.15201108778687        3.29913295604944        0.42429551246887
N            0.04564659221490       -6.33490227964636       -0.87915426986139
C            2.78816600531459        4.24177221445257        0.65612368457457
C           -2.63026056844196        4.30661147177260       -0.26161026110008
C            2.35480946077144       -2.72933066560097        0.77663524387915
C           -2.40948186320807       -2.64573559145887        0.64625260104012
C            1.58743955431688        4.76088375001097        0.75603347575737
C           -1.37217898385309        5.04749730747560       -0.38213390688511
N            2.62407921067661        5.72208871971760        0.82966030169131
N           -2.50772310145791        5.69284266652337       -0.40222123041851
H            7.28466678981023        4.29902996212792       -1.08396065493907
H           -7.93973698067557        2.90458872066922       -0.04707585301511
H           -0.83983811526126       -6.71277606855430       -1.19847599283956
H            2.75645432989212        6.29610311859260       -0.00501059375184
H           -3.02687118520535        6.54738187187013       -0.46170758808405
H            0.52539888793147        4.68741110053496        0.72760822223189
C           -1.31345201604346        0.29947804205245        4.00882258215096
C           -0.38907070493342        1.20970900035284        3.64434394197037
C            1.01229030661277        0.84737159141679        3.44285806453059
O            1.88521831611066        1.57823332712604        3.05442395983300
N            1.24619216202211       -0.49647451142297        3.71071912327182
C            0.34111263066045       -1.47126695911806        4.09769829654328
O            0.64081368651974       -2.61201505709991        4.30529639411705
N           -0.95913302758304       -0.99685865201432        4.21529438487485
F           -0.74861330593394        2.48581146094037        3.42387358859623
H           -2.34890592702355        0.56662485866936        4.15065183818355
H            2.20546573633829       -0.82010828878171        3.60880001820939
H           -1.65906766150357       -1.68388261863018        4.47263712375315
60
 energy: -137.733019610110 gnorm: 0.008491173866 xtb: 6.7.1pre (5071a88)
N            0.00685185356334        0.08247113474210        0.73182897267302
C            0.04591510917777        1.47344468028818        0.38705790389972
C            1.22353665113326       -0.60068417627290        0.72427559747760
C           -1.21254070344351       -0.56263520777670        0.67928984906696
N            1.19107336914306        2.06503753797366        0.22855029749279
N           -1.09067645067168        2.11693059266877        0.21858484275202
N            2.34802881008158        0.02153824171944        0.56579997553994
N            1.16861803479288       -1.93775788153991        0.89480576624804
N           -2.31162363114232        0.08805601352236        0.44373491424907
N           -1.21599404069455       -1.89672769043296        0.87303942489678
C            2.30615499502346        1.34826055770016        0.38658233874083
C           -0.03102477775640       -2.53413849633199        1.21280643160655
C           -2.20943324872865        1.41685502003293        0.25421464985597
N            3.51592631320334        1.95033175692882        0.28577854377753
N           -0.06494559603225       -3.88678632052638        1.52258610013015
N           -3.40658644424744        2.02983039374335        0.04473300801325
C            3.78304449664453        3.35888657685849        0.26988217300300
C            4.67153211839460        1.23808816014240        0.24528186289604
C           -3.61483195015579        3.43893412476134       -0.10465173009207
C           -4.47408683420229        1.23506400484482       -0.08001763667818
C            0.93591900808160       -4.49610376524624        0.56819627654438
C           -1.02746504103937       -4.44943002425482        0.51070106025101
N            4.95279527227330        3.80921135891629       -0.05737808817465
N            5.79567458581533        1.66942709292591        0.04231011961927
N           -4.90995066598750        3.88890857163034       -0.11725337530403
N           -5.42253499300309        0.61285922328794       -0.22271045448933
N            2.04658998868051       -3.91032531797825        0.34471528023019
N           -2.10871606799817       -3.83560432329849        0.22318440082118
C            6.03711740714700        3.03049286904621       -0.31242713493549
C           -6.01912828821367        3.43167073887266        0.06667131042945
C           -0.03632113743890       -5.32104356776877       -0.11316905671784
N            7.15166670743253        3.33944472011602       -0.78916937741866
N           -7.15239525533815        3.29963527748106        0.43264831174581
N            0.04447368504253       -6.33680878973220       -0.85570600433302
C            2.78885184948999        4.24106057804178        0.66705368311775
C           -2.63077341349127        4.30802876239807       -0.25542136184819
C            2.35595206187410       -2.72781572954075        0.77920704167486
C           -2.41146004894043       -2.64567205113550        0.65951551374151
C            1.58609686561829        4.75551647441188        0.77038668612770
C           -1.37276617340076        5.04909428868312       -0.37954549281932
N            2.61946209421465        5.72045076073644        0.84302493199241
N           -2.50769922132984        5.69427599223275       -0.40008085351784
H            7.28025969542813        4.29837199859669       -1.08229974112768
H           -7.94100809247029        2.90916446367951       -0.04168586287199
H           -0.84085974673136       -6.71377870205818       -1.17553615414907
H            2.74984748773147        6.29881214085653        0.00958751880152
H           -3.02681971441772        6.54786159639645       -0.46615444099649
H            0.52364072738264        4.68108651939972        0.74555555822546
C           -1.31730129710149        0.28722471178548        3.98595589407782
C           -0.40033005171769        1.20165671257914        3.61789586358947
C            1.00538725950268        0.85051308971602        3.41336875149058
O            1.87239317975640        1.58648121286779        3.01170514650121
N            1.24835479422242       -0.48960805865311        3.69133545170429
C            0.35260896457441       -1.46771632378017        4.09137378942961
O            0.66262266030327       -2.60358799536627        4.31026863414917
N           -0.95265362955276       -1.00573036645102        4.20593387781996
F           -0.77126073940195        2.47227629314425        3.38137941642195
H           -2.35553771105710        0.54849450375341        4.12426028746220
H            2.21195836081023       -0.80785592728498        3.58650126112713
H           -1.64562844083266       -1.69593803205226        4.47028404606298
60
 energy: -137.733402757872 gnorm: 0.010376187076 xtb: 6.7.1pre (5071a88)
N            0.00933266211105        0.07973605657326        0.67063430051815
C            0.04945416049307        1.46964046362922        0.32725593656712
C            1.22526243978965       -0.60147988319773        0.67481788280658
C           -1.21297234484481       -0.56065582144681        0.65872141568485
N            1.19485213992979        2.06141267272042        0.16912364495741
N           -1.08814528742372        2.11304507141287        0.16465638768081
N            2.35020810289788        0.02033737190993        0.51496855348699
N            1.16996206999044       -1.93695388454864        0.85959147140648
N           -2.31481505887302        0.09236036737252        0.43985756303419
N           -1.21583014855841       -1.89386921078041        0.86390393374595
C            2.31049356370946        1.34634146963429        0.33945827671681
C           -0.02805766737668       -2.52581218130840        1.20027768023465
C           -2.20939200184757        1.41788493892204        0.23359545432870
N            3.52158079959540        1.95267226196926        0.27444762724452
N           -0.06052226054643       -3.87426343766791        1.53850675767291
N           -3.40840975246783        2.03301012420008        0.04646140958403
C            3.78706434226481        3.36408058230490        0.27663698099852
C            4.68107704245052        1.24373566475247        0.26306173138419
C           -3.61683823675683        3.44172269415226       -0.10065880015267
C           -4.48307167350004        1.23954591492901       -0.04020355628778
C            0.93807447782312       -4.49964199955883        0.59290455317417
C           -1.02694594782655       -4.44720045256828        0.53534994223398
N            4.96072373953216        3.81717425866297       -0.03459671036741
N            5.80813527650375        1.68065664382007        0.08280894986383
N           -4.91161742892429        3.89235139924961       -0.10548410921972
N           -5.43222244032321        0.61319176879314       -0.16195928505286
N            2.05125964354582       -3.92184509470543        0.36102707260557
N           -2.11330250988033       -3.84143885810438        0.24980130339066
C            6.04499485809785        3.03755668632520       -0.28605204976080
C           -6.02145850327196        3.43798738968600        0.07809784663126
C           -0.03854520952214       -5.32876982078779       -0.07920796151406
N            7.15726230514830        3.34438095594007       -0.77083561441747
N           -7.15516629761014        3.30721955501291        0.44327099210669
N            0.04090022867873       -6.34982774383697       -0.81487218444909
C            2.78910168185713        4.23778324441837        0.68052474692852
C           -2.63264965160065        4.31098366989786       -0.25016418933678
C            2.35724791954844       -2.72688413262547        0.76948034876437
C           -2.41288933932389       -2.64474206032479        0.67063151232625
C            1.58334272588671        4.74511167449876        0.78760394267062
C           -1.37480352688669        5.05236740233206       -0.37517918357574
N            2.60983827001006        5.71582487146509        0.86650681399015
N           -2.50905844810055        5.69745861067068       -0.39596033199094
H            7.27689232785472        4.30061809749396       -1.07638820946051
H           -7.94394213669283        2.91792239027853       -0.03230965909646
H           -0.84445180942950       -6.72713702122506       -1.13320023709464
H            2.73827156267847        6.30340771348298        0.03759811133033
H           -3.02812620168591        6.54991395222487       -0.46735293883248
H            0.52063404970009        4.66904814661222        0.76555407300593
C           -1.32412140782952        0.26729794930611        3.96278760539110
C           -0.41570697961025        1.19190272878381        3.58988407956499
C            0.99732803838148        0.85888529097269        3.39637368179997
O            1.85845182141187        1.60143136301155        2.99697792730707
N            1.25227601768188       -0.47650218314022        3.68814573561619
C            0.36876248443221       -1.46018039731004        4.09543410808202
O            0.69370044396811       -2.58899272588730        4.33321793602930
N           -0.94434527270043       -1.02017197030731        4.19760715609431
F           -0.80343341313449        2.45470311720304        3.33813767010384
H           -2.36832618093731        0.51629649704647        4.08981495227701
H            2.21987759716495       -0.78445810070766        3.59537313232825
H           -1.62719465565185       -1.71617405163184        4.47217981894483
60
 energy: -137.733655957075 gnorm: 0.010169754318 xtb: 6.7.1pre (5071a88)
N            0.01387890410424        0.08019363074886        0.64191535626364
C            0.05276628836169        1.46768578934423        0.29486184252647
C            1.22817724535221       -0.60074800444861        0.65407907600581
C           -1.20913004630480       -0.55790400473970        0.65256346240124
N            1.19896598626493        2.05968968367564        0.13738688850358
N           -1.08468019470077        2.11009556703479        0.13233628653458
N            2.35393876185537        0.02090035792922        0.49385130783060
N            1.17262394577653       -1.93512378126892        0.84745295700108
N           -2.31247366831587        0.09566345864312        0.44150160870035
N           -1.21308279543707       -1.89033654918170        0.86758232810887
C            2.31433676556633        1.34576039567380        0.31803143145025
C           -0.02432624258360       -2.51896829555140        1.20030023150882
C           -2.20793115047705        1.41857801745972        0.22361961243843
N            3.52434735267153        1.95501163337010        0.26883073153626
N           -0.05690609633693       -3.86406837969528        1.55723465620770
N           -3.40753959908838        2.03577394239274        0.05302798417665
C            3.78741097885558        3.36730529667636        0.28145858511992
C            4.68594124071337        1.24904779946362        0.27857058136940
C           -3.61689159695770        3.44341594302578       -0.09706461972427
C           -4.48623005572577        1.24427940089898       -0.00835809977160
C            0.93827148837902       -4.49954201217332        0.61589056060087
C           -1.02616233249339       -4.44404957194544        0.55945064119576
N            4.96265830959151        3.82268903330701       -0.02052328277656
N            5.81503607471080        1.68830177693437        0.11445808449802
N           -4.91182633441342        3.89464973019981       -0.10058330852783
N           -5.43815127961330        0.61757671792362       -0.10835799448086
N            2.05256363116403       -3.92618719788319        0.37683138415836
N           -2.11462238439218       -3.84137198830441        0.27419867987922
C            6.04748356635462        3.04324039649782       -0.26695780475820
C           -6.02258042368942        3.44363691296014        0.08525652982132
C           -0.04048673180514       -5.33328698332726       -0.04787119297358
N            7.15850748623820        3.34827081341479       -0.75631905275497
N           -7.15649808231858        3.31696781219131        0.45166173166320
N            0.03688423015866       -6.35916506371027       -0.77693953077876
C            2.78591843639620        4.23428681524353        0.69105829796961
C           -2.63291328601062        4.31300241256157       -0.24695097007277
C            2.35946433267889       -2.72531700146063        0.76679653709797
C           -2.41108097559285       -2.64072009593647        0.68505327027262
C            1.57810650614961        4.73600996580536        0.79971979683130
C           -1.37540879900309        5.05452480714622       -0.36989065281626
N            2.59816154598452        5.71040947446961        0.88814876931575
N           -2.50985226679463        5.69940802982383       -0.39327353882450
H            7.27341355926706        4.30127520635680       -1.07179072023005
H           -7.94568752561762        2.92599118775628       -0.02106950215448
H           -0.84928389385431       -6.73677808969436       -1.09281223501138
H            2.72427332244879        6.30244603869833        0.06326379293807
H           -3.02942971186222        6.55148984442576       -0.46681100787401
H            0.51607981807183        4.65690672189324        0.77788483154280
C           -1.32848336264552        0.24828247620365        3.93242418250218
C           -0.43108315038373        1.17950710268423        3.55138816754246
C            0.98614770250789        0.86172086590718        3.36016886323031
O            1.84248902888729        1.60866590262738        2.94428588083522
N            1.25554510833895       -0.46810574909216        3.66524408824229
C            0.38274157811745       -1.45535333181792        4.08840906738904
O            0.72122952649970       -2.57734023305005        4.33644263299433
N           -0.93452567835534       -1.03240121750269        4.18288417260426
F           -0.83260864482681        2.43610730980661        3.28039815515212
H           -2.37605582489257        0.48491060637029        4.04674554945031
H            2.22592493941332       -0.76479428258614        3.56836169243953
H           -1.60735452638756       -1.73211704417550        4.46318922568446
60
 energy: -137.733961801433 gnorm: 0.010954257595 xtb: 6.7.1pre (5071a88)
N            0.02026729458764        0.08098319605988        0.61396617817204
C            0.05683263036084        1.46591558040771        0.25907099032016
C            1.23313775472890       -0.60036542627448        0.63234459060118
C           -1.20214609861472       -0.55470283058878        0.64129347831135
N            1.20370531898584        2.05835445709809        0.10313938634846
N           -1.08052932840548        2.10705415366826        0.09441709597278
N            2.35951772065516        0.02167285904880        0.47374177525183
N            1.17747062941939       -1.93388728866890        0.83326706736373
N           -2.30706933660591        0.09932854026586        0.43875988226231
N           -1.20818577489730       -1.88593606985721        0.86845889901214
C            2.31866427519601        1.34576610014777        0.29574901456787
C           -0.01845994847257       -2.51212909887947        1.19771216227220
C           -2.20493339685074        1.41961516136329        0.20779705251516
N            3.52615699601269        1.95781437018648        0.25691200430973
N           -0.05267694461141       -3.85263383121328        1.57311906848179
N           -3.40558208422959        2.03930519490598        0.05612234307641
C            3.78668185144828        3.37074670926644        0.28266069037211
C            4.68866227143149        1.25637843878051        0.28453329645206
C           -3.61689751863754        3.44606308266253       -0.09705604058042
C           -4.48657477835177        1.25032265697997        0.02047078215316
C            0.93710025642881       -4.50005917494264        0.63611445321613
C           -1.02552947447402       -4.44173817902783        0.58211994330097
N            4.96333865047753        3.82892526942282       -0.00968068293357
N            5.81959792103751        1.69707045810993        0.13807821539662
N           -4.91217816783364        3.89748414626949       -0.10306589596014
N           -5.44137024489929        0.62402579822082       -0.05247243471355
N            2.05135586208168       -3.93103512888448        0.38535448667103
N           -2.11455801512501       -3.84024520545182        0.29499641699801
C            6.04952377008673        3.05130911798022       -0.25035116690180
C           -6.02410374282339        3.45130623736998        0.08717827720145
C           -0.04385019224016       -5.34166340394160       -0.01487652273012
N            7.16018726063096        3.35433073043598       -0.74161896005947
N           -7.15598522439058        3.32952807078585        0.46105023097813
N            0.03024251591623       -6.37662338345873       -0.73106242719318
C            2.78128995347117        4.22986043959476        0.69909924550530
C           -2.63347019418356        4.31655203376015       -0.24607402314171
C            2.36221902928253       -2.72562660748457        0.75585071029129
C           -2.40690426832605       -2.63495925089137        0.69506548029830
C            1.57031499950426        4.72355990516979        0.81240432528574
C           -1.37620269252679        5.05817118232512       -0.36754377197362
N            2.58409749419068        5.70488136383621        0.90755996088827
N           -2.51129120644379        5.70288046228420       -0.39053442156637
H            7.27335381841069        4.30429354887123       -1.06471329070746
H           -7.94922746880510        2.93914720093639       -0.00396722564569
H           -0.85731138706677       -6.75650496292566       -1.04096281378751
H            2.70482931807655        6.30194316097401        0.08576203061118
H           -3.03151688942513        6.55496764103890       -0.46205098429452
H            0.50865649847250        4.63847260346338        0.79207064267597
C           -1.33347519255825        0.22709919060160        3.89758693881490
C           -0.44734111597728        1.16600747926890        3.51663920781559
C            0.97471426811998        0.86580006285169        3.33624364385945
O            1.82657705749924        1.61850384011818        2.92060132583461
N            1.26032930484569       -0.45823660649377        3.65238081522684
C            0.39791949550894       -1.45102096821435        4.08317592923378
O            0.75042928029463       -2.56590111277102        4.34917394593572
N           -0.92459962270034       -1.04511960270465        4.16061940609854
F           -0.86392241621232        2.41559988223735        3.23891068513181
H           -2.38591311945491        0.44875675766471        4.00381452520505
H            2.23337980785074       -0.74112641137328        3.56521095166858
H           -1.58874645987017       -1.75028254038508        4.45407911023450
60
 energy: -137.734332598614 gnorm: 0.009638545790 xtb: 6.7.1pre (5071a88)
N            0.02930524663794        0.08342821146870        0.59326419330881
C            0.06205966761713        1.46463949327361        0.22270805667292
C            1.24081483508930       -0.59931495823593        0.61522875135229
C           -1.19114863501160       -0.55003795603770        0.62933046517183
N            1.20948296555932        2.05717271439114        0.06711721694848
N           -1.07493589905494        2.10379321624515        0.05234754506139
N            2.36770869238335        0.02347870692635        0.45985504532251
N            1.18513522741925       -1.93203119639952        0.82361658327330
N           -2.29733543403384        0.10373951910575        0.43381481815287
N           -1.20014726363538       -1.87928915700994        0.87181498108100
C            2.32339646054684        1.34666705900578        0.27416357000666
C           -0.00965588126024       -2.50408282355366        1.19838013561329
C           -2.19963055104948        1.42111229962675        0.18818380220255
N            3.52702080707357        1.96188635150309        0.23875222864761
N           -0.04656894296178       -3.83812878891943        1.59193937554069
N           -3.40114095632759        2.04387721494928        0.05778797255241
C            3.78325183444356        3.37505388775654        0.27973244716915
C            4.68996155166843        1.26730137687240        0.28329801076208
C           -3.61510178104075        3.44958276553857       -0.10151058851970
C           -4.48300132134198        1.25819265347749        0.05180835352645
C            0.93441301322035       -4.50031224653026        0.65856059416894
C           -1.02505422436618       -4.43984818947370        0.61112060110684
N            4.96074276581644        3.83706348845817       -0.00249325072372
N            5.82217946462291        1.70845907991785        0.15601596812559
N           -4.91086495309848        3.89979981482199       -0.11118258424049
N           -5.44114883419032        0.63374089048942        0.01596643707902
N            2.04698458725725       -3.93524955599876        0.38928901683342
N           -2.11222767400536       -3.83674202169469        0.31865682291873
C            6.05020713809605        3.06428794177718       -0.23557357267101
C           -6.02287803184417        3.45973351632519        0.09357776666493
C           -0.04915888306533       -5.35395155329867        0.02748675953464
N            7.16206030879041        3.36526525755655       -0.72423120240301
N           -7.15601385837124        3.35583163318646        0.47056494263509
N            0.01904578016864       -6.40407444289993       -0.66710972683178
C            2.77266761288427        4.22416932133207        0.70449385836731
C           -2.63302800001157        4.32200177058166       -0.24922862177719
C            2.36617920527689       -2.72756986759942        0.73875381036573
C           -2.39921422320007       -2.62611862387416        0.70587614203911
C            1.55758639581969        4.70634146829399        0.82547564228961
C           -1.37626683329100        5.06462204470660       -0.36377229742748
N            2.56402718346274        5.69620885454588        0.93109662209078
N           -2.51303849846368        5.70827951008141       -0.39038045199371
H            7.27750824333103        4.31186662579446       -1.05444401932968
H           -7.95227196954780        2.95702151932327        0.01838528211761
H           -0.87107712310188       -6.78870822718545       -0.96479157905146
H            2.67656010602000        6.30027052238845        0.11412070014551
H           -3.03459041790987        6.56058663461784       -0.45585616713639
H            0.49694167213784        4.61147031917388        0.80609601595768
C           -1.34139212556058        0.19626776287892        3.85912623207500
C           -0.46921497085976        1.14757642163812        3.46884015567717
C            0.95807419912241        0.87003981428968        3.30880768184020
O            1.80311945085753        1.63129466045027        2.90007817020219
N            1.26708001724926       -0.44604316225436        3.63942835965426
C            0.41835300150974       -1.44805560785813        4.07642617412798
O            0.78894744195970       -2.55183882658753        4.35637776192732
N           -0.91198751210572       -1.06368598613752        4.13565249014068
F           -0.90511176181845        2.38892728535209        3.17708385664887
H           -2.39896131787879        0.39684106170456        3.94999506742843
H            2.24528067106839       -0.70824632285703        3.56347991042019
H           -1.56392666870292       -1.77456317542048        4.43524366716152
60
 energy: -137.734614234918 gnorm: 0.012742865612 xtb: 6.7.1pre (5071a88)
N            0.03645320579664        0.08552302637162        0.57075374042585
C            0.06708993854170        1.46366086300161        0.18482912282588
C            1.24784985560820       -0.59802373181293        0.59503037309095
C           -1.18380382257134       -0.54556157127952        0.61805300316388
N            1.21420661387740        2.05529500974389        0.02647047354935
N           -1.07029866485944        2.10160843177845        0.01234304404993
N            2.37464889741640        0.02525032711598        0.44204474225796
N            1.19207432778540       -1.92970532818835        0.81386583934277
N           -2.29162139879765        0.10866244755561        0.43221845359397
N           -1.19372884207986       -1.87246023621370        0.87516775710331
C            2.32728607937014        1.34789438830492        0.24777268474768
C           -0.00140080017243       -2.49587164437651        1.20173710185255
C           -2.19493902449667        1.42356372404570        0.17168128525848
N            3.52916206867154        1.96665226760008        0.22213580874362
N           -0.03960315644864       -3.82330961067398        1.61318431654813
N           -3.39770211001052        2.04886444410323        0.06041539392304
C            3.78023119619721        3.38082401668031        0.27727283650954
C            4.69426356645693        1.27902184816930        0.28480558144845
C           -3.61281608596933        3.45424368328882       -0.10424541874803
C           -4.48101652959530        1.26518265600874        0.08855179368183
C            0.93303800905536       -4.50147364102573        0.68342255387973
C           -1.02515814050596       -4.43896297325256        0.64589800277818
N            4.95876763253446        3.84697053736480        0.00536221430885
N            5.82665670763495        1.72246835893346        0.17380246883506
N           -4.90860267334423        3.90338735140211       -0.12090631086520
N           -5.44085306569763        0.64086828942876        0.08851504712434
N            2.04369635681948       -3.94135749569694        0.39449784937933
N           -2.11112156885010       -3.83608621779307        0.34824676218774
C            6.05221377502344        3.07992739218654       -0.22170641414419
C           -6.02111217091875        3.47028602097562        0.09595416350877
C           -0.05477725415814       -5.36583065666899        0.07362326296941
N            7.16521035254968        3.37932481968508       -0.70771405593532
N           -7.15209427526346        3.37922489442291        0.48211752854693
N            0.00685496965270       -6.43127199769466       -0.59848124934789
C            2.76428096422718        4.22000586900455        0.70867965532783
C           -2.63160621250660        4.32793199840611       -0.25028119901728
C            2.36971779607926       -2.73021330535543        0.72448437022008
C           -2.39370560459744       -2.61947275723506        0.72130729888520
C            1.54512604828610        4.68951340442844        0.83907854698450
C           -1.37519174613342        5.07178082343564       -0.36106651238815
N            2.54461222717861        5.68571668164858        0.95636517996032
N           -2.51321277147680        5.71403073524623       -0.39200689224073
H            7.28315839084839        4.32357028530032       -1.04397227967353
H           -7.95446407996994        2.97612507802310        0.04412193192270
H           -0.88588544857162       -6.82079037542907       -0.88241944746308
H            2.64973766132249        6.30081071807017        0.14737603060532
H           -3.03588867982931        6.56618888624343       -0.45507500943545
H            0.48590135051094        4.58559184732464        0.82219406607840
C           -1.35060422019415        0.16140354412440        3.80828180780612
C           -0.49471198062942        1.12542708270744        3.41506488918108
C            0.93910567596533        0.87505917444694        3.27432736187586
O            1.77263562157783        1.65070364286591        2.86913758988515
N            1.27437667200770       -0.43146578940624        3.62092958917771
C            0.44357106745743       -1.44652661099167        4.06447508540423
O            0.83523552358431       -2.53829897383578        4.37390859841824
N           -0.89729993210295       -1.08587635390813        4.10488444079905
F           -0.95350873181694        2.35620632017907        3.10796027416737
H           -2.41328894336443        0.34097476370637        3.89056442860493
H            2.25987314692124       -0.67174357285206        3.56329474303852
H           -1.53701676402673       -1.80544280963810        4.42031169528565
60
 energy: -137.734875829093 gnorm: 0.010758970215 xtb: 6.7.1pre (5071a88)
N            0.04093339171845        0.08856871916076        0.56484010275466
C            0.07058394188492        1.46339069770042        0.16059893497360
C            1.25327421743999       -0.59576785119702        0.58594213776944
C           -1.17934503054776       -0.54151500348034        0.61144967108799
N            1.21723842262389        2.05286432163212       -0.00474539956977
N           -1.06709641047822        2.09974219225276       -0.01489891011702
N            2.37952367943626        0.02776642305867        0.43372302799392
N            1.19662966130832       -1.92674462415232        0.81040598689447
N           -2.28718772478656        0.11215006842152        0.42730007264205
N           -1.18881647140078       -1.86629438909553        0.87722106709861
C            2.32932212267735        1.34923191887581        0.22650655144455
C            0.00481655683486       -2.48876121601100        1.20680991048238
C           -2.19084420988705        1.42551748738455        0.15960011593287
N            3.53088061546042        1.97090191138802        0.20271842706219
N           -0.03270551697486       -3.81030597570736        1.62823720997598
N           -3.39311439991473        2.05296353684326        0.05925169455270
C            3.77629141189925        3.38633009003122        0.26845718746303
C            4.69790622399401        1.29053803071271        0.27043271446213
C           -3.60795806376610        3.45810876317932       -0.11019087815534
C           -4.47718652268199        1.27237944403425        0.11579449188550
C            0.93115654432333       -4.50279577721725        0.69977883122732
C           -1.02672982418181       -4.44063657913664        0.67710474950507
N            4.95468565161324        3.85736053302164        0.00373588243497
N            5.82872652681807        1.73610528615838        0.16828168667900
N           -4.90386247971355        3.90534068615386       -0.13891097399219
N           -5.43298341051050        0.64787011878601        0.13676862212362
N            2.03749382875813       -3.94491664136009        0.38836876290270
N           -2.10887770738884       -3.83555041732815        0.37101764492504
C            6.05347581427442        3.09920303355016       -0.21960018175710
C           -6.01641137518363        3.47980861822889        0.09241340217282
C           -0.06118196387130       -5.37856989214323        0.11466068578527
N            7.17011947257994        3.39965123692688       -0.69473538393449
N           -7.14357362820892        3.40281142096910        0.49146268402907
N           -0.00700458158439       -6.46184324667975       -0.53006037436207
C            2.75589682589919        4.21674613137716        0.70513623077566
C           -2.62779968705447        4.33333300070966       -0.25390545156592
C            2.37104616852090       -2.73369807399436        0.70675319650043
C           -2.38856169370709       -2.61442864140239        0.73109700409324
C            1.53322249823146        4.67324529207986        0.84755405264882
C           -1.37221561237739        5.07969294700624       -0.35896716338550
N            2.52740240724642        5.67512629736023        0.97500447423051
N           -2.51139805706562        5.71963744020902       -0.39889030083684
H            7.29572433036642        4.34318369358847       -1.02941198246002
H           -7.95423146874497        2.99465185066771        0.07228413560804
H           -0.90262105387234       -6.85755314927849       -0.79647319419759
H            2.62304384481020        6.30249451098929        0.17375204786337
H           -3.03504446590105        6.57165533812474       -0.45835691969695
H            0.47544379737423        4.55955290643906        0.83173176204829
C           -1.35877123460104        0.12989874463859        3.77240919660139
C           -0.51494019537262        1.10279965116034        3.38458269300161
C            0.92435645126195        0.87659988236658        3.25902438679871
O            1.74861278702482        1.66583058571507        2.86407017818846
N            1.27937536679050       -0.42015909999894        3.61353660762522
C            0.46213365493527       -1.44628320445874        4.05213236997100
O            0.86675968370730       -2.52567288421240        4.36990629665122
N           -0.88664870206452       -1.10543005774748        4.08015216552592
F           -0.98915790286245        2.32364661642954        3.07189156933698
H           -2.42478884946813        0.29148919439808        3.84657023076950
H            2.27208173155517       -0.63997369168980        3.56980403794430
H           -1.51709838719696       -1.83128820543815        4.39751822159157
60
 energy: -137.735055907161 gnorm: 0.005043035213 xtb: 6.7.1pre (5071a88)
N            0.03952259291605        0.08901979977068        0.56276272251436
C            0.07068109357968        1.46407536712499        0.16109655778107
C            1.25225637304508       -0.59474956040610        0.58436493559694
C           -1.18178701691180       -0.54170640970300        0.61026234229344
N            1.21739020616540        2.05265800308412       -0.00622168226883
N           -1.06696091990141        2.10117026628807       -0.01231425142804
N            2.37838929733685        0.02829537996463        0.42989655789858
N            1.19481700759488       -1.92556701275389        0.80868239825455
N           -2.28931300426506        0.11167366007470        0.42258708079776
N           -1.19023106335135       -1.86667719541258        0.87459951591473
C            2.32976420419421        1.34940796292780        0.22374184613635
C            0.00354298346528       -2.48739773465512        1.20682735189662
C           -2.19084387917686        1.42621959815646        0.15925026177024
N            3.53223010298959        1.97098710127901        0.20126428373673
N           -0.03194643094805       -3.80903290022506        1.62936034323604
N           -3.39286220894740        2.05295623113021        0.05600394291133
C            3.77789684651780        3.38657607744543        0.26746718788664
C            4.70035272673575        1.28931784857399        0.26096924836571
C           -3.60676994738525        3.45796538170127       -0.11209755144408
C           -4.47673531881376        1.27180021114096        0.11314334909206
C            0.93222035019681       -4.50246812493445        0.70058883966135
C           -1.02719853060586       -4.44124932354278        0.68200600648190
N            4.95590234204919        3.85889434082764        0.00267040145001
N            5.83067966157746        1.73617429012345        0.15654143082453
N           -4.90272731420559        3.90526194908816       -0.13611043510452
N           -5.43716955795175        0.65128279880244        0.14678374949446
N            2.03736757657290       -3.94433093184990        0.38738251687799
N           -2.10967735923373       -3.83756881588399        0.37537065089663
C            6.05503406894174        3.10213031388311       -0.22341832774153
C           -6.01374263048150        3.47990406694648        0.10069189424120
C           -0.06124693039277       -5.37823910347980        0.11857812778878
N            7.17230688447641        3.40624026615269       -0.69565195399571
N           -7.14455273753305        3.40911019146263        0.49058758931227
N           -0.00746239804541       -6.46149273343060       -0.52438510907497
C            2.75798829725081        4.21696212997899        0.70459781708313
C           -2.62630553117814        4.33290729284915       -0.25512308249018
C            2.36982195359192       -2.73257247087185        0.70695242763191
C           -2.39011513780015       -2.61600069660251        0.73258296116927
C            1.53562888400306        4.67223796610466        0.85031515023759
C           -1.37114467881799        5.08067838603550       -0.35572847417813
N            2.52938955516561        5.67457415066790        0.97507501349492
N           -2.51012809839055        5.71901345558333       -0.40229297920805
H            7.29846625379574        4.35245585745925       -1.02419320279198
H           -7.95036471392094        2.99174256925754        0.07245008116804
H           -0.90314030043843       -6.85750463029814       -0.78816462219455
H            2.62325502338188        6.30357673396810        0.17442117850130
H           -3.03386558195607        6.57012412111487       -0.46547127921794
H            0.47769450868916        4.55875882961698        0.83528218513100
C           -1.36044928711007        0.12346753004909        3.77506856564929
C           -0.51797066391867        1.10067890008114        3.38734267706672
C            0.92159668744347        0.87798469060177        3.25965406433834
O            1.74210052803498        1.66867145292104        2.85707287735887
N            1.27745258893268       -0.41756045373506        3.61678343075348
C            0.46327782824415       -1.44620704192361        4.05765855352842
O            0.87102932311470       -2.52468162202117        4.37665413568672
N           -0.88527227948164       -1.11123457598810        4.08470637356622
F           -0.99630985506314        2.31690051765516        3.06161694198537
H           -2.42673212101691        0.28199231222689        3.84414139900143
H            2.26969053910748       -0.63690537939740        3.57004846230836
H           -1.51471979186810       -1.84070128500413        4.39391352237034
60
 energy: -137.735215579214 gnorm: 0.006633362197 xtb: 6.7.1pre (5071a88)
N            0.03692313473515        0.09043478170441        0.55794342699377
C            0.07061694308632        1.46575461195018        0.16078192288744
C            1.25041853989966       -0.59238482495211        0.58031002186290
C           -1.18622846599969       -0.54140233194617        0.60721243811262
N            1.21732716289980        2.05287300297765       -0.01062428657070
N           -1.06725881029255        2.10446879629633       -0.00776632906785
N            2.37622633477789        0.02956827119791        0.42122511585374
N            1.19176403630200       -1.92273626069547        0.80520978362222
N           -2.29312490897236        0.11164744256234        0.41399401174299
N           -1.19265261371823       -1.86645697189225        0.86964617560605
C            2.33046102638616        1.35025287738709        0.21676768150336
C            0.00141027257963       -2.48373137799768        1.20747769996898
C           -2.19107910712774        1.42847856493118        0.15911232354719
N            3.53446125027723        1.97130233837439        0.19582488308069
N           -0.03024871830289       -3.80510594527074        1.63327252034081
N           -3.39275566889495        2.05503925279912        0.05428552253113
C            3.78072870406477        3.38675137050986        0.26411824236460
C            4.70444254130840        1.28697582577227        0.23735530692091
C           -3.60413594222265        3.45994584232159       -0.11212053412766
C           -4.47815661440102        1.27698011449838        0.12485781189499
C            0.93417155285917       -4.50093267238024        0.70342618332819
C           -1.02810963814438       -4.44202121010276        0.69421544620365
N            4.95775889695691        3.86190446209725       -0.00073438367466
N            5.83352388255244        1.73638568606799        0.12786691674302
N           -4.90006511029833        3.90748506722672       -0.13887407274363
N           -5.43554606556211        0.64993336122031        0.14762635241340
N            2.03687810656426       -3.94228403192467        0.38584121391844
N           -2.11141051050396       -3.84109308179391        0.38661876779355
C            6.05760698208783        3.10833571982506       -0.23335047519126
C           -6.01115171597760        3.48420724687395        0.09926812693504
C           -0.06176053012738       -5.37789600139886        0.12859064216300
N            7.17645669737125        3.42075761029308       -0.69753582383180
N           -7.13904062040334        3.41096037699290        0.49635285731098
N           -0.00910129283621       -6.46253350252401       -0.51035899638774
C            2.76189474857308        4.21682829126702        0.70321347172620
C           -2.62257760874121        4.33327480622278       -0.25575343197252
C            2.36775813613483       -2.72947129030490        0.70676008446036
C           -2.39306292292310       -2.61814174080012        0.73749722370470
C            1.54003225099430        4.66991724394276        0.85627381067096
C           -1.36796155640670        5.08200357806864       -0.35891460355013
N            2.53330362929885        5.67282034551333        0.97630213061162
N           -2.50636010860954        5.71888455964804       -0.40837565773123
H            7.30387051285483        4.37277757138367       -1.01128085281346
H           -7.94572756344085        2.99140302983681        0.08416275926353
H           -0.90519155591131       -6.86004371905991       -0.76798300814412
H            2.62323201793425        6.30550868395028        0.17744297882748
H           -3.03007780374837        6.56889099307102       -0.47776140257788
H            0.48188486918913        4.55692929508723        0.84404397604080
C           -1.36495317132840        0.10709811417472        3.77670953613938
C           -0.52735824152148        1.09220305444013        3.38945978609781
C            0.91326114079747        0.87830946095963        3.25836695870849
O            1.72520174713136        1.67331963627798        2.84408765706183
N            1.27430565817805       -0.41252463305115        3.62387788531803
C            0.46712648356475       -1.44652171832762        4.06880105925336
O            0.88319113022983       -2.52083108675125        4.39382618464875
N           -0.88172848559933       -1.12396280531116        4.09403318543484
F           -1.01531428081477        2.30007802098316        3.04472467085553
H           -2.43190251243564        0.25930215193995        3.83865913422579
H            2.26648098720464       -0.62917768921811        3.57364516513891
H           -1.50867623152807       -1.86073856494169        4.38899080455727
60
 energy: -137.735322897512 gnorm: 0.007251003840 xtb: 6.7.1pre (5071a88)
N            0.03647718364506        0.09207663079422        0.55296285198418
C            0.07140942665048        1.46755176232150        0.15888191613107
C            1.25039855420061       -0.59031617193495        0.57601237572850
C           -1.18754842935581       -0.54058345363092        0.60235811083075
N            1.21786345973565        2.05407575144090       -0.01532078295664
N           -1.06671762183648        2.10779452879429       -0.00530397528388
N            2.37585294148783        0.03079244095396        0.41356366284455
N            1.19119406085799       -1.92017431130371        0.80251964443519
N           -2.29364883311880        0.11201765593295        0.40467894466477
N           -1.19293711959839       -1.86510336678191        0.86570236958866
C            2.33159873853025        1.35149691850242        0.20965796311823
C            0.00119270317639       -2.47982518295863        1.20857549207649
C           -2.18987067249968        1.43056085137504        0.15651480010972
N            3.53618069739064        1.97187067921591        0.18783252014076
N           -0.02817557120222       -3.80030192470583        1.63847389714770
N           -3.39173232959847        2.05644076482053        0.05042534174061
C            3.78251777223533        3.38668682458805        0.25938487218568
C            4.70712132048043        1.28582448689907        0.21305811836034
C           -3.60178214968161        3.46148875172525       -0.11439693406253
C           -4.47573556604479        1.27656374768250        0.11907915528451
C            0.93569196002826       -4.49889867061200        0.70744785388324
C           -1.02830461419880       -4.44197228871126        0.70671564343839
N            4.95849115676105        3.86455818166279       -0.00543987263584
N            5.83488240714925        1.73736945549197        0.09919470332154
N           -4.89774271336894        3.90925728762572       -0.14262702245928
N           -5.44012251871401        0.66257277148421        0.17229620311104
N            2.03652226752093       -3.94017328899164        0.38538496037605
N           -2.11233970762014       -3.84306426275386        0.39844990413757
C            6.05919150945496        3.11410265258601       -0.24407503075142
C           -6.00852762833899        3.48756682475834        0.09966214616271
C           -0.06239785453891       -5.37824397839547        0.13962394929394
N            7.17960080443882        3.43411638233339       -0.69942379683213
N           -7.13479421591295        3.41404694821062        0.50151074184532
N           -0.01116357877222       -6.46562652931909       -0.49510351932099
C            2.76432604200232        4.21581419632331        0.70164509124838
C           -2.61926765999390        4.33386140451453       -0.25693742265688
C            2.36734979599142       -2.72658878870497        0.70547243426009
C           -2.39419018066895       -2.61821200910951        0.74305306894505
C            1.54267537931377        4.66745380973155        0.86078481549495
C           -1.36476958782656        5.08341666531616       -0.36118354076405
N            2.53581757788744        5.67046707703588        0.97900322918804
N           -2.50322234209110        5.71928918123727       -0.41312008238789
H            7.30779251332306        4.39084538288519       -0.99927881856083
H           -7.94272664600934        2.99289175451692        0.09367291915295
H           -0.90797907509067       -6.86528418795155       -0.74674203860660
H            2.62266356125537        6.30649795071542        0.18231385946648
H           -3.02727263722254        6.56866534771650       -0.48826820297858
H            0.48450174500214        4.55476044871703        0.85168647257439
C           -1.37046863387030        0.08958595705937        3.77400619215258
C           -0.53934794510236        1.08020354613312        3.38689540144639
C            0.90299829083670        0.87599350374731        3.25561495864992
O            1.70714848538703        1.67578950443802        2.83567851561013
N            1.27244165817768       -0.40882506177774        3.63046557232771
C            0.47197701777551       -1.44745462927950        4.07823754098575
O            0.89703792215665       -2.51615855846678        4.41072156157225
N           -0.87840172644939       -1.13584467965240        4.10118687985968
F           -1.03660103754413        2.28232633328427        3.03506292278730
H           -2.43832238667416        0.23569007511467        3.83290573744302
H            2.26556466864410       -0.62114148420203        3.58003728815171
H           -1.50236963855161       -1.87859160843863        4.38745443700403
60
 energy: -137.735478901340 gnorm: 0.005851991219 xtb: 6.7.1pre (5071a88)
N            0.03747221155555        0.09432638314310        0.54672078032484
C            0.07264376536823        1.46932061569251        0.15326435479191
C            1.25161384219712       -0.58803667153385        0.57046482424871
C           -1.18688275911645       -0.53870704689693        0.59625062057264
N            1.21859561073507        2.05579592857114       -0.02366509739239
N           -1.06579633282323        2.11075916304514       -0.00780514623421
N            2.37668142431896        0.03225023162712        0.40485951999864
N            1.19248464886070       -1.91726194263239        0.80011365670674
N           -2.29224646576862        0.11356852093721        0.39590224688729
N           -1.19173289420206       -1.86218182621920        0.86309739115972
C            2.33287879892905        1.35310325227998        0.19938759462775
C            0.00243420858479       -2.47483956911513        1.21052657761774
C           -2.18804435661379        1.43302862602758        0.15125883303373
N            3.53737040872146        1.97273963510329        0.17439104008369
N           -0.02541181670907       -3.79364512108721        1.64613438470818
N           -3.39008042738996        2.05944726339036        0.04881577733121
C            3.78332150983079        3.38645971077480        0.25159072890627
C            4.70865691348667        1.28572559543793        0.18255104033839
C           -3.59885081505734        3.46439092153209       -0.11806116693062
C           -4.47450026342105        1.28126147828695        0.12835997511389
C            0.93669122827634       -4.49608510531671        0.71361231058031
C           -1.02817274538338       -4.44086770832037        0.72233299866823
N            4.95808722475997        3.86758325674874       -0.01257470920374
N            5.83490522854673        1.73957791075206        0.06477899340968
N           -4.89498522361119        3.91230858131239       -0.14278593913333
N           -5.43713630313818        0.66677262586297        0.18346021446952
N            2.03572964624418       -3.93789163414149        0.38578270732778
N           -2.11293772415599       -3.84358788011533        0.41364992682046
C            6.06018948538412        3.12083961504472       -0.25735026624292
C           -6.00372549274468        3.49149023598324        0.11166287684940
C           -0.06374678737016       -5.37907474867063        0.15445658407746
N            7.18267733589748        3.44925719375363       -0.70105292100615
N           -7.13348747086917        3.42624385853707        0.50577529637761
N           -0.01453249706712       -6.47058129693075       -0.47458890225649
C            2.76562699541172        4.21357628765572        0.69943336111435
C           -2.61542694372609        4.33551488402723       -0.26173276362657
C            2.36790805961088       -2.72348252846544        0.70223603997892
C           -2.39413869610661       -2.61616340263158        0.75103613735431
C            1.54422599090181        4.66410871723916        0.86499574148084
C           -1.36081936752145        5.08597703033842       -0.36525561488221
N            2.53747001771886        5.66677448511878        0.98442525677176
N           -2.49982417058128        5.72090092454400       -0.42055419005712
H            7.31135362297093        4.41050705000787       -0.98539826727955
H           -7.93790288831004        2.99377944122990        0.10140316856496
H           -0.91242149959464       -6.87331444972448       -0.71887918089873
H            2.62149402700828        6.30686366194903        0.19089696859715
H           -3.02447629358719        6.56985453013060       -0.50037693626053
H            0.48617473908536        4.55152878361126        0.85972402888346
C           -1.37808279463985        0.06742700676475        3.76849379595696
C           -0.55589409196553        1.06317987146213        3.38041534245895
C            0.88921400015291        0.87183100753885        3.25250311747856
O            1.68484994376255        1.67720848590425        2.82875543087860
N            1.27109140561071       -0.40525755402813        3.63834885273317
C            0.47872802439844       -1.44902035891793        4.08903953577264
O            0.91503697429420       -2.51042266850329        4.42985059650868
N           -0.87465597793409       -1.14998674590440        4.10786405981308
F           -1.06408260332321        2.25989226023679        3.02714729001767
H           -2.44747569823574        0.20519424858853        3.82504354204944
H            2.26601348496130       -0.61094710069452        3.58980429388737
H           -1.49414837661610       -1.89901392033589        4.38810928607689
60
 energy: -137.735711218653 gnorm: 0.006299005031 xtb: 6.7.1pre (5071a88)
N            0.04107836979385        0.09830144479078        0.53713377673149
C            0.07507569619109        1.47188784013931        0.14129535584773
C            1.25513149068234       -0.58449953558911        0.56165993048937
C           -1.18297024128067       -0.53452794700090        0.58705928689008
N            1.22014473354738        2.05882158622627       -0.03954097549301
N           -1.06369309119113        2.11462033586446       -0.01652282533866
N            2.37972736563139        0.03485526070540        0.39219079919730
N            1.19691533833102       -1.91281097013694        0.79746083421919
N           -2.28775921196029        0.11728056112035        0.38539583358029
N           -1.18786617457512       -1.85605913057976        0.86220608550210
C            2.33488364721388        1.35572457958134        0.18107872279599
C            0.00628752121176       -2.46677449094937        1.21406531717847
C           -2.18485473604044        1.43717743345255        0.14245251512026
N            3.53857926731973        1.97455905096440        0.14813137660195
N           -0.02060064729683       -3.78222117990769        1.65959142292373
N           -3.38725547572483        2.06512661209260        0.04909657303113
C            3.78336815535809        3.38653837225200        0.23654601968757
C            4.70956646905314        1.28772530683525        0.13390107236367
C           -3.59493197470070        3.47014364594388       -0.12211905778612
C           -4.47206425442559        1.28911741545401        0.14338755676424
C            0.93711245703262       -4.49160762651182        0.72517438462003
C           -1.02752685424291       -4.43741507812152        0.74695367892352
N            4.95637091149232        3.87269777005525       -0.02577791995407
N            5.83378128291099        1.74503878535690        0.01252938732748
N           -4.89094528627050        3.91885566083433       -0.15259097615962
N           -5.43378483648221        0.67418926532666        0.20416056724615
N            2.03397781413789       -3.93534045208314        0.38768616487847
N           -2.11304150637897       -3.84156435405680        0.43788097081078
C            6.06124958179883        3.13149849059184       -0.27814285434895
C           -5.99895645941524        3.50138817669527        0.11164334031958
C           -0.06662213491342       -5.38048130686488        0.17992673240303
N            7.18715297187835        3.47164860356321       -0.70323081784739
N           -7.12400932440629        3.43520249568322        0.51859149755660
N           -0.02087602898549       -6.47856882338928       -0.43926683181656
C            2.76612194630827        4.20908005729550        0.69550011935080
C           -2.61019090605073        4.33950298219287       -0.26737741311638
C            2.36985052473394       -2.71955925525225        0.69469941823110
C           -2.39209974814754       -2.61013106700465        0.76455341275625
C            1.54533894503583        4.65844321157948        0.86971832462383
C           -1.35525939591100        5.08971458163153       -0.37567504676228
N            2.53872050881290        5.66013412846628        0.99575892116082
N           -2.49490703224956        5.72470200709898       -0.43017328768960
H            7.31598587051498        4.43845634284124       -0.96568948911784
H           -7.93285869299812        3.00062284476711        0.12408472229013
H           -0.92039909308382       -6.88590758782751       -0.67242566779022
H            2.61953787180306        6.30679597238509        0.20776383585389
H           -3.02003192089912        6.57331783251778       -0.51610010650982
H            0.48761076551471        4.54551101896658        0.86960152402347
C           -1.39099222481179        0.03093184670338        3.76059126845797
C           -0.58370744672946        1.03436402496867        3.36865505108513
C            0.86608996553146        0.86474876747586        3.24931511769018
O            1.64968008146769        1.67820946835038        2.82024219219674
N            1.26903221859940       -0.40069543615092        3.65054698654981
C            0.48998548213916       -1.45266549963836        4.10551562358321
O            0.94386463756981       -2.50285216181344        4.45672505674002
N           -0.86915357602351       -1.17358862553370        4.11605087933892
F           -1.10895751086009        2.22307354978610        3.01496079978325
H           -2.46343456261514        0.15274721374698        3.81226385122395
H            2.26721394707482       -0.59389251002646        3.60688187623405
H           -1.47968449001657       -1.93159150585583        4.39265108555215
60
 energy: -137.735950928915 gnorm: 0.007390711939 xtb: 6.7.1pre (5071a88)
N            0.04619908775302        0.10328211426010        0.52558923999762
C            0.07831784217411        1.47464013921994        0.12409907066504
C            1.25990668513603       -0.57997454151526        0.55094934893732
C           -1.17747136933821       -0.52868910296661        0.57852449438163
N            1.22261851545762        2.06172801320687       -0.06217623716397
N           -1.06048799485807        2.11802037376991       -0.03190403208924
N            2.38413959639697        0.03845127154090        0.37666971746861
N            1.20277528736131       -1.90729137261942        0.79476311560217
N           -2.28242043638476        0.12226174805137        0.37651578041118
N           -1.18261287093534       -1.84804738506254        0.86446794671898
C            2.33742299791537        1.35853573020916        0.15642577526510
C            0.01162958112200       -2.45690212338131        1.21861907521713
C           -2.18128210401853        1.44191110868943        0.13209627487500
N            3.54048327778204        1.97719510634772        0.11280670438298
N           -0.01437635468697       -3.76794183041155        1.67675497979645
N           -3.38370005885571        2.07173525357611        0.04957110521358
C            3.78361250940526        3.38780605029724        0.21663668398326
C            4.71125050828746        1.29194760374729        0.07521520765064
C           -3.59042959447524        3.47652526937677       -0.12806974235601
C           -4.46886281862397        1.29849729548894        0.16119973101051
C            0.93698829627057       -4.48670589238896        0.74117621113745
C           -1.02669925168869       -4.43178430928893        0.77665465312934
N            4.95455133576072        3.88001786986213       -0.04264247323373
N            5.83345081205151        1.75370061480108       -0.04768336081904
N           -4.88622459721900        3.92609639916000       -0.16276100476931
N           -5.43013630662441        0.68400399569809        0.23225359448044
N            2.03156465013258       -3.93369064667846        0.39122736158230
N           -2.11272321670839       -3.83704878975512        0.46696116654747
C            6.06298355522767        3.14510286123471       -0.30304369372019
C           -5.99233956010953        3.51245842160606        0.11627384192652
C           -0.07050058457843       -5.38168963401132        0.21282410011107
N            7.19256316225450        3.49808949292704       -0.70729107014973
N           -7.11393620765256        3.44939797971828        0.53298064167427
N           -0.02903557191827       -6.48681578546645       -0.39409479461406
C            2.76654413048778        4.20338157995214        0.69014405069291
C           -2.60468819354031        4.34444851376624       -0.27531391014980
C            2.37207283551977       -2.71594364062444        0.68473360654792
C           -2.38871180397334       -2.60152992597492        0.78163648036291
C            1.54664881263109        4.65095742480248        0.87377875787402
C           -1.34962412545487        5.09453599195733       -0.38469942567807
N            2.53967933066863        5.65147743695314        1.01128251158941
N           -2.48972850952635        5.72928875934524       -0.44250687307424
H            7.32139709201603        4.47126437742052       -0.94465775723753
H           -7.92580728619368        3.00994891442311        0.14937826465826
H           -0.93005902051062       -6.89823260911867       -0.61519818592059
H            2.61746593948911        6.30712698145178        0.23061599796726
H           -3.01508521715825        6.57721328545496       -0.53519224109731
H            0.48924592046402        4.53687547957974        0.87779490655974
C           -1.40636666284283       -0.01465849551616        3.75506640923854
C           -0.61699482883312        0.99978629417048        3.35670185913075
C            0.83711435176408        0.85669668913751        3.24543563189675
O            1.60684671558686        1.67958325554863        2.80833805039762
N            1.26444734068263       -0.39571503594169        3.66329220730787
C            0.50287303065773       -1.45862394924151        4.12362436144589
O            0.97701999349366       -2.49590401519735        4.48595107056262
N           -0.86252780561751       -1.20479430853496        4.12468881156698
F           -1.16303870347688        2.17726984446323        2.99497917783475
H           -2.48224391395804        0.08535801186493        3.79876611464414
H            2.26639674618634       -0.57159647675596        3.62650751446757
H           -1.46009397036874       -1.97303768261628        4.40190919516653
60
 energy: -137.736253930306 gnorm: 0.006892437532 xtb: 6.7.1pre (5071a88)
N            0.05290286734517        0.10944690754441        0.51161681306466
C            0.08229675082627        1.47779091678261        0.10063298350444
C            1.26596991613638       -0.57420388126264        0.53759020285891
C           -1.17035048283472       -0.52068711374728        0.57219598401049
N            1.22614332691054        2.06440584580231       -0.09299371609111
N           -1.05628501173475        2.12078843338784       -0.05513586330746
N            2.38994749774872        0.04324075227649        0.35717746015874
N            1.20989165302781       -1.90036273101481        0.79160349703684
N           -2.27641438000279        0.12892949758520        0.37177271499958
N           -1.17590623348254       -1.83764303027378        0.87141825641948
C            2.34058766034673        1.36156860451145        0.12441877885367
C            0.01869316782134       -2.44470258668552        1.22436224174620
C           -2.17742812054984        1.44735774499101        0.12134519727915
N            3.54334796066525        1.98093492989314        0.06765501416650
N           -0.00648508100063       -3.75001819060295        1.69814957908399
N           -3.37933946006014        2.07930191119734        0.05092601112673
C            3.78437304188212        3.39074315848100        0.19176463587958
C            4.71407108839496        1.29934696975933        0.00712703366348
C           -3.58539127587660        3.48346704815456       -0.13471372650135
C           -4.46467279603023        1.30937134943619        0.18154315035397
C            0.93637484983615       -4.48100751085120        0.76276178742662
C           -1.02553513071821       -4.42314439228105        0.81174761367834
N            4.95292136366710        3.88984838884398       -0.06275284451176
N            5.83443978013463        1.76644719504515       -0.11384413626479
N           -4.88088735873011        3.93402282968686       -0.17486986620694
N           -5.42601021701882        0.69625005186054        0.26789650713664
N            2.02859127122673       -3.93282523197469        0.39715859028635
N           -2.11199283497686       -3.82924866974159        0.50142173599368
C            6.06544693077073        3.16176320937649       -0.33152378068522
C           -5.98471949332680        3.52560221953767        0.12092592696018
C           -0.07520711023046       -5.38212292213683        0.25396023572347
N            7.19812630840481        3.52767504627513       -0.71437166881013
N           -7.10222349862720        3.46740513736632        0.54896912136589
N           -0.03894268461015       -6.49484112405642       -0.33849726170297
C            2.76693659244494        4.19638702589267        0.68292651811094
C           -2.59906973535520        4.35039149782084       -0.28430840198436
C            2.37447390275616       -2.71265585351449        0.67297038319865
C           -2.38382159696447       -2.58972776193725        0.80312975219851
C            1.54796700679143        4.64115736481029        0.87645802556619
C           -1.34395649865257        5.10005100564180       -0.39211959959412
N            2.53999761345646        5.64018833967169        1.03131394179453
N           -2.48413313829812        5.73458237262307       -0.45688010321178
H            7.32626391307942        4.50716921801745       -0.92460317662245
H           -7.91717125310987        3.02179212012606        0.17903335236600
H           -0.94131718469855       -6.90930770039296       -0.54727715102450
H            2.61526058988543        6.30786785616472        0.26045975180137
H           -3.00933493724949        6.58161739307256       -0.55686485723347
H            0.49089940584123        4.52485756988961        0.88247922456635
C           -1.42354394195700       -0.06959293968745        3.75162532001721
C           -0.65517510116524        0.95838758698502        3.34459013857900
C            0.80193279947246        0.84639557856855        3.24007675651183
O            1.55604015231167        1.67966328102403        2.79379566730901
N            1.25641305637924       -0.39144698377952        3.67450959924917
C            0.51676448602321       -1.46731667993067        4.14166888070373
O            1.01274926974556       -2.49002565263657        4.51534526929823
N           -0.85469508541135       -1.24360656573614        4.13301675411653
F           -1.22516101521493        2.12129745047694        2.96865009707281
H           -2.50227289298312        0.00392685939738        3.78699499046208
H            2.26248335381781       -0.54453609501214        3.64631224727675
H           -1.43486302627109       -2.02241705070435        4.41790441078203
60
 energy: -137.736599375187 gnorm: 0.006346567206 xtb: 6.7.1pre (5071a88)
N            0.06029048498044        0.11672657420158        0.49471154277051
C            0.08657642754412        1.48175885634696        0.07189893724700
C            1.27267035649474       -0.56701959843536        0.52085638082190
C           -1.16277245146180       -0.51059783856141        0.56937464737373
N            1.23036081475641        2.06679136894128       -0.13126437675561
N           -1.05175839644465        2.12336197628603       -0.08411672233992
N            2.39636021813982        0.04917633216251        0.33205570629169
N            1.21718027794190       -1.89168661399691        0.78699774601341
N           -2.27076187408727        0.13732173351755        0.37260519414402
N           -1.16842108830843       -1.82499822059888        0.88303402597837
C            2.34432475273223        1.36482260405791        0.08543464905453
C            0.02712849758620       -2.42986446344703        1.23129805249698
C           -2.17351046050249        1.45368773119985        0.11196510980934
N            3.54731855421588        1.98574860920956        0.01517438347009
N            0.00334316010487       -3.72825602445529        1.72331556064809
N           -3.37426485373270        2.08770525136329        0.05310486069843
C            3.78615291539184        3.39533986467131        0.16364563535924
C            4.71856891830171        1.30957187554785       -0.06813573571275
C           -3.57969914418617        3.49068813854034       -0.14101508227598
C           -4.45960019647051        1.32157978064541        0.20357257250530
C            0.93617422484223       -4.47397647913803        0.78993248305558
C           -1.02378977391106       -4.41145096635456        0.85215835573947
N            4.95210293641912        3.90179859032657       -0.08422562819896
N            5.83749731763271        1.78253883517630       -0.18372874873421
N           -4.87508516132418        3.94175699812567       -0.18757022098606
N           -5.42106074815742        0.71066435836309        0.30897159562187
N            2.02574872880866       -3.93200531711432        0.40576632052689
N           -2.11104194260797       -3.81878706178875        0.54157655928534
C            6.06870804098254        3.18093442680124       -0.36291664595569
C           -5.97636890104104        3.53984956502902        0.12596274672213
C           -0.07990588613612       -5.38089597816310        0.30264689202368
N            7.20335410679081        3.55970142131130       -0.72605989326844
N           -7.08996488233446        3.48920672611193        0.56474290355654
N           -0.04976953198041       -6.50158208033308       -0.27375604412414
C            2.76773939483331        4.18842934182901        0.67370909703480
C           -2.59327860215212        4.35706810350444       -0.29337125262018
C            2.37680417418073       -2.70915047207178        0.66131147890484
C           -2.37800671249176       -2.57542621330333        0.82955943574855
C            1.54942448201035        4.62890597226091        0.87776864551964
C           -1.33807423625955        5.10602090750197       -0.39738876445752
N            2.53978022315451        5.62603116790138        1.05393460641981
N           -2.47780686523669        5.74024188631253       -0.47288784164109
H            7.32987143316371        4.54534921513817       -0.90772463467535
H           -7.90723797280511        3.03571620244476        0.21044184980070
H           -0.95357741105955       -6.91787577338901       -0.47003502586954
H            2.61282524590860        6.30870317163967        0.29553539596029
H           -3.00246516661619        6.58627053162525       -0.58082700327344
H            0.49264653181230        4.50951937291318        0.88291228425025
C           -1.44164810574392       -0.13221198678011        3.75012757821962
C           -0.69633930172106        0.91059710476350        3.33317981975438
C            0.76192884972747        0.83276101711018        3.23258172257621
O            1.49870117335770        1.67709835420565        2.77625729089234
N            1.24450160491981       -0.38937236619456        3.68241892757034
C            0.53047440075918       -1.47887272664983        4.15853794359800
O            1.04859048841682       -2.48594372631187        4.54396912330796
N           -0.84593931285480       -1.28878528266423        4.14157919318701
F           -1.29215688333327        2.05568946937433        2.93801271409820
H           -2.52180962311937       -0.08710430197026        3.77858367004438
H            2.25436169104964       -0.51542441122672        3.66234784703091
H           -1.40539394086836       -2.07784553349025        4.44009813576290
60
 energy: -137.736923290832 gnorm: 0.007147402612 xtb: 6.7.1pre (5071a88)
N            0.06706432339360        0.12442509746091        0.47550284419569
C            0.09051341817084        1.48667749223686        0.04193166116998
C            1.27906407578336       -0.55903738970099        0.50123660570882
C           -1.15602939505898       -0.49945591609320        0.56973961362349
N            1.23435973986523        2.06909160102292       -0.17196484872580
N           -1.04797983812298        2.12648761945359       -0.11284916522972
N            2.40222143002701        0.05551602332524        0.30188703515800
N            1.22355399206190       -1.88176787113126        0.78027303558015
N           -2.26610011900167        0.14686815386884        0.37819623414302
N           -1.16105054601591       -1.81124680353221        0.89710974908571
C            2.34828919092149        1.36822875705557        0.04352935399955
C            0.03627266432773       -2.41330897453219        1.23882460339758
C           -2.16965919480369        1.46077927021188        0.10530511805549
N            3.55177406739798        1.99114471756670       -0.03737602029014
N            0.01484854574947       -3.70420072488558        1.74981676747156
N           -3.36892646665366        2.09653651641423        0.05575500133849
C            3.78876813703997        3.40064426501201        0.13593759504903
C            4.72410763791487        1.32113213347205       -0.14243910076423
C           -3.57373759423830        3.49791511137474       -0.14593442376385
C           -4.45405657960465        1.33417718876111        0.22494579773586
C            0.93758370948235       -4.46539596948708        0.81999664708956
C           -1.02108376071746       -4.39789047679681        0.89510185442435
N            4.95229162368257        3.91394923565677       -0.10404724832190
N            5.84200400193533        1.79938130607610       -0.25084653262840
N           -4.86943400636411        3.94850325539373       -0.19900788897649
N           -5.41518822254558        0.72581075710292        0.34971780442614
N            2.02415298467655       -3.93020505276790        0.41633496917258
N           -2.10988983733946       -3.80742633685211        0.58509509299022
C            6.07211210945403        3.20023054660660       -0.39444300497402
C           -5.96832290143554        3.55373685084758        0.13090240305356
C           -0.08328737759784       -5.37751539519734        0.35434625703118
N            7.20727925149427        3.59094205008918       -0.74230601115422
N           -7.07905387983326        3.51299272581026        0.57775358697792
N           -0.05983625605699       -6.50615571325085       -0.20582644984655
C            2.76897841017243        4.18041629326939        0.66300681234348
C           -2.58758590391997        4.36405123389582       -0.30121940397593
C            2.37926223257456       -2.70476837932331        0.65203578111091
C           -2.37214641329364       -2.56035643926639        0.85925034578896
C            1.55084321465154        4.61533529942835        0.87781413264863
C           -1.33204171842303        5.11211664738488       -0.40083733513107
N            2.53920793242987        5.61011279117492        1.07477588488087
N           -2.47090934971810        5.74590487442536       -0.48900926231043
H            7.33123350573040        4.58174933104236       -0.89705239321396
H           -7.89731632010418        3.04965948506619        0.23960332627359
H           -0.96545905237493       -6.92310904244638       -0.38983879413709
H            2.61004022273135        6.30882076452705        0.33031787155633
H           -2.99479309119995        6.59099280859987       -0.60520492137232
H            0.49428896348674        4.49272538894439        0.87981533698671
C           -1.45911948444345       -0.19614866998087        3.74950126771134
C           -0.73627161212175        0.86022302365868        3.32311177070596
C            0.72166831897964        0.81555734696036        3.22351073391192
O            1.44068111038924        1.67073820151038        2.75771511934071
N            1.23043988755094       -0.39090425807668        3.68664870044521
C            0.54227678826655       -1.49216098806187        4.17329771864650
O            1.08072264010096       -2.48382022738641        4.57063242099313
N           -0.83749002900944       -1.33527688049406        4.15057121606459
F           -1.35659511093216        1.98650172711412        2.90912682380621
H           -2.53926159124147       -0.17698818497148        3.77317202821661
H            2.24297916465231       -0.48972392486203        3.67184165032182
H           -1.37625664290742       -2.13321227269643        4.46386023219131
60
 energy: -137.737209598852 gnorm: 0.007634512039 xtb: 6.7.1pre (5071a88)
N            0.07269268295717        0.13188857478150        0.45448239035087
C            0.09395335525467        1.49234569035797        0.01378464699072
C            1.28477346989960       -0.55107765799977        0.47938109069358
C           -1.15033245531723       -0.48824945221153        0.57091372349769
N            1.23753063761555        2.07169463168493       -0.21084180924756
N           -1.04532442370573        2.13084967404433       -0.13680729994544
N            2.40705548841263        0.06144570541336        0.26820967578524
N            1.22894139357454       -1.87136293764410        0.77134660506103
N           -2.26203218335194        0.15698469152290        0.38523320897700
N           -1.15401076250437       -1.79727898010806        0.91098687375923
C            2.35221140558423        1.37172788009701        0.00202263830582
C            0.04586693187082       -2.39600805587871        1.24626326275932
C           -2.16567363104818        1.46853815824212        0.10063228346976
N            3.55596153571219        1.99661997822515       -0.08544801973484
N            0.02768257615234       -3.67913550557607        1.77589249421936
N           -3.36365079248742        2.10571404509798        0.05834176989940
C            3.79150222126987        3.40555001836822        0.11026918438576
C            4.72951223700702        1.33268881099610       -0.21051298434266
C           -3.56793884084003        3.50539583570897       -0.14960202375005
C           -4.44833675192933        1.34668749443437        0.24456791397294
C            0.94119176186692       -4.45536022860395        0.85071193397327
C           -1.01712409137302       -4.38356788185640        0.93871005779828
N            4.95310383789259        3.92469316380079       -0.12151996814152
N            5.84664674896025        1.81501276008827       -0.31203085347810
N           -4.86440304801683        3.95428001467841       -0.20856494989237
N           -5.40859006523299        0.74083866515700        0.38701969244272
N            2.02444292702401       -3.92699436273440        0.42828760580580
N           -2.10822075429551       -3.79636390755132        0.63019677379994
C            6.07485902218059        3.21784587232959       -0.42496647090872
C           -5.96123255472413        3.56645447838321        0.13533939787887
C           -0.08466126802720       -5.37221762746437        0.40596598939767
N            7.20940491247937        3.61912918881617       -0.76242687684481
N           -7.07017313302218        3.53658718856593        0.58756694160472
N           -0.06809150844072       -6.50869200214959       -0.13835409772204
C            2.77030610204197        4.17284889598687        0.65138560853842
C           -2.58224555331848        4.37140761923770       -0.30768634005936
C            2.38243812742703       -2.69914886265942        0.64572157505838
C           -2.36648992409494       -2.54551266928154        0.89041479612139
C            1.55196683723838        4.60155243685364        0.87697313215770
C           -1.32601488137725        5.11852499012641       -0.40379870105009
N            2.53852098065788        5.59358407007183        1.09170218347300
N           -2.46382438978752        5.75181190163465       -0.50415052566221
H            7.33027435578623        4.61372445883273       -0.89360592955035
H           -7.88858370457075        3.06338161998214        0.26460421492355
H           -0.97603881847016       -6.92540584982844       -0.31035250379550
H            2.60690045213187        6.30784458972561        0.36165102549150
H           -2.98686290777490        6.59613088805763       -0.62839681279991
H            0.49562385762233        4.47620875162637        0.87526183411442
C           -1.47542085335764       -0.25777672896412        3.74902673326869
C           -0.77347674351769        0.80993036783910        3.31423202566080
C            0.68368648751664        0.79552230468957        3.21418328874436
O            1.38500869858453        1.66090647750147        2.73959818144892
N            1.21638970638630       -0.39569449465340        3.68886965915735
C            0.55206171150695       -1.50592035214641        4.18664489639408
O            1.10889374261118       -2.48269509940355        4.59585487762456
N           -0.82995579647916       -1.37985544685992        4.16031221024945
F           -1.41591136961388        1.91814215924817        2.88571208209076
H           -2.55498790286759       -0.26089238184678        3.76906466665254
H            2.23049725133555       -0.46981928301393        3.67578148808809
H           -1.35029134699541       -2.18546428373838        4.48459153284524
60
 energy: -137.737473478720 gnorm: 0.006760181111 xtb: 6.7.1pre (5071a88)
N            0.07724625845365        0.13877972559505        0.43163213123830
C            0.09708337771419        1.49850489027439       -0.01166753106833
C            1.28984742657156       -0.54366216724851        0.45549587536998
C           -1.14523798535067       -0.47742018370341        0.57054647204909
N            1.23973193425721        2.07496430376224       -0.24619670325689
N           -1.04351929688937        2.13681927869077       -0.15475544855311
N            2.41090231918685        0.06652772107876        0.23214578757411
N            1.23386522501245       -1.86098349335228        0.76040159926822
N           -2.25790269256894        0.16731157585398        0.39074388380349
N           -1.14708715877655       -1.78337541632132        0.92317484153643
C            2.35589028677316        1.37533538530091       -0.03785110398528
C            0.05603009730142       -2.37841218293530        1.25314173438247
C           -2.16135026078724        1.47697122482532        0.09657082827684
N            3.55936532843435        2.00196880532692       -0.12832511184607
N            0.04164267322015       -3.65339874065160        1.80131891299024
N           -3.35857326819659        2.11532690577180        0.06046175913358
C            3.79369019969516        3.40953464605419        0.08632483728070
C            4.73381213291581        1.34378324024394       -0.27078527446201
C           -3.56263725707055        3.51352630296406       -0.15272298276696
C           -4.44246446440106        1.35908681450190        0.26246627064068
C            0.94706365876672       -4.44399624187679        0.88168648160600
C           -1.01162438672341       -4.36874735731098        0.98257165477025
N            4.95401108296251        3.93338094093909       -0.13772147567421
N            5.85030234227499        1.82883115331914       -0.36686260526307
N           -4.86015390619952        3.95976942962893       -0.21656585035339
N           -5.40146548689947        0.75567687966307        0.42092011830087
N            2.02685500276343       -3.92252906887358        0.44197000055208
N           -2.10546136099424       -3.78565368755072        0.67621163005464
C            6.07633218990993        3.23308893191032       -0.45496836838193
C           -5.95540752127836        3.57850603630428        0.13865289499094
C           -0.08373190692683       -5.36530704377822        0.45705640450387
N            7.20931391685234        3.64303417840825       -0.78693616378500
N           -7.06332776247832        3.55966067350618        0.59419962427301
N           -0.07388730976892       -6.50944150929708       -0.07163239810544
C            2.77133666799336        4.16588841023885        0.63899946638157
C           -2.57746421288233        4.37943140248855       -0.31326384374406
C            2.38701188202854       -2.69223094881250        0.64178208727256
C           -2.36073369133484       -2.53085321682467        0.92197858876123
C            1.55260230859204        4.58815411406455        0.87514615116724
C           -1.32015689326260        5.12548350600281       -0.40743800943251
N            2.53780531499946        5.57707634708049        1.10503548069576
N           -2.45685949025915        5.75839407153496       -0.51784004344910
H            7.32711771424865        4.64003450538696       -0.89832658134114
H           -7.88153564323915        3.07708772746170        0.28539374919337
H           -0.98454964875197       -6.92515163808083       -0.23191771629019
H            2.60355650116618        6.30610091439335        0.38966185526315
H           -2.97898082884911        6.60219438109690       -0.64934356319412
H            0.49651330021417        4.46075506195430        0.87042184599250
C           -1.49047212246406       -0.31657506373787        3.74938772748379
C           -0.80825152150655        0.76045184102335        3.30686748883331
C            0.64812092572063        0.77301433350997        3.20548729760322
O            1.33181218109033        1.64766244819685        2.72218114999583
N            1.20317357285394       -0.40320100027288        3.69032257684442
C            0.56021614018444       -1.51986333242524        4.19939222621116
O            1.13410380675238       -2.48196953708001        4.61999298739392
N           -0.82338206676542       -1.42185661337567        4.17126385908987
F           -1.47072413398461        1.85209736244498        2.86948465980229
H           -2.56943990060564       -0.33898239562842        3.76653486090281
H            2.21806521088152       -0.45594860380338        3.67587816367099
H           -1.32803780055359       -2.23465602782133        4.50086080980461
60
 energy: -137.737705139580 gnorm: 0.005944757092 xtb: 6.7.1pre (5071a88)
N            0.08094151781751        0.14504569233484        0.40707648369300
C            0.10018771302981        1.50480721560544       -0.03454995388217
C            1.29432756623756       -0.53703874845906        0.42994943879151
C           -1.14043463693834       -0.46735073982557        0.56598069874586
N            1.24116921131847        2.07921887894785       -0.27782464926609
N           -1.04185561607411        2.14458442709661       -0.16736679105830
N            2.41392904960224        0.07063320511497        0.19475013453946
N            1.23882441767774       -1.85099774986928        0.74796103212667
N           -2.25342181716327        0.17724288934806        0.39087548476919
N           -1.14024157674430       -1.76983064824960        0.93188020665966
C            2.35913243686495        1.37907563573049       -0.07617596165209
C            0.06642809467273       -2.36080825840374        1.25883386068438
C           -2.15671629562379        1.48602635818315        0.09129158230959
N            3.56182220956451        2.00683535821203       -0.16818047625659
N            0.05613014408687       -3.62710324331777        1.82631257860439
N           -3.35382705314234        2.12545144871502        0.06173776486821
C            3.79511906874396        3.41217184485149        0.06309818487003
C            4.73655595801910        1.35315495623197       -0.32780977982153
C           -3.55789181496238        3.52267135094128       -0.15628498155653
C           -4.43662298351992        1.37173820845694        0.28006390571241
C            0.95458847296682       -4.43167094863022        0.91253292319353
C           -1.00488825678561       -4.35395543817607        1.02710129829418
N            4.95464016190027        3.94016307087742       -0.15436037251576
N            5.85227908178957        1.84013704400410       -0.42113349712772
N           -4.85644139731176        3.96594529481108       -0.22398335562739
N           -5.39434018836542        0.77080310793547        0.45375534631248
N            2.03087735778017       -3.91708832759073        0.45693789484159
N           -2.10155268723926       -3.77555536857056        0.72297116188217
C            6.07660460768479        3.24648978908228       -0.48645557283508
C           -5.95055990914600        3.59068707231583        0.14081132177697
C           -0.08099075587349       -5.35771423616434        0.50808981434350
N            7.20795267151001        3.66441486138381       -0.81531003986676
N           -7.05753791571098        3.58174133991543        0.59926303342250
N           -0.07735434484720       -6.50962423808623       -0.00455957962876
C            2.77226640781944        4.15938571545525        0.62670812158325
C           -2.57305841747007        4.38828394771921       -0.31885262036373
C            2.39307758836234       -2.68407654877112        0.63836015785388
C           -2.35475010097079       -2.51642965607884        0.95278713632793
C            1.55325536775964        4.57548505277282        0.87347442214950
C           -1.31443936002520        5.13326636334568       -0.41307190892340
N            2.53778295534215        5.56108777241715        1.11746989836584
N           -2.45025074368183        5.76599403548528       -0.53043552621630
H            7.32359385511711        4.66385513155228       -0.90777488636120
H           -7.87617521371295        3.09201567084413        0.30338857070084
H           -0.99086448108254       -6.92439887619372       -0.15279038545283
H            2.60074959964232        6.30434777385131        0.41691526883390
H           -2.97148551877319        6.60948699747532       -0.66844908639897
H            0.49746231311802        4.44687219547469        0.86746224866227
C           -1.50511109491425       -0.37456382932792        3.75149483960654
C           -0.84308368388492        0.71145242243400        3.30110475400196
C            0.61305365358745        0.74932528960561        3.19746475523977
O            1.27823094257420        1.63267708703512        2.70340210419503
N            1.19112085331398       -0.41121412403047        3.69291401769652
C            0.56854773795961       -1.53364916746138        4.21386441528570
O            1.16073948010780       -2.48015161657736        4.64615219241990
N           -0.81684471454663       -1.46254579688340        4.18499706504605
F           -1.52583980189309        1.78785178863665        2.85919391009228
H           -2.58400143735146       -0.41553991522740        3.76635332253757
H            2.20677764749547       -0.44526024461963        3.67541609672302
H           -1.30758532568558       -2.28385857364072        4.51381797705465
60
 energy: -137.737831521551 gnorm: 0.008946786648 xtb: 6.7.1pre (5071a88)
N            0.08358434350791        0.14993721483545        0.38324216695780
C            0.10264591728753        1.51073740417337       -0.05285991714127
C            1.29792394752609       -0.53183831240530        0.40480248339728
C           -1.13571728563914       -0.45834922590659        0.56061589361538
N            1.24146879940948        2.08423381732033       -0.30216673978121
N           -1.04061939753566        2.15289151794972       -0.17456087105615
N            2.41598389392737        0.07369608756251        0.15977093462094
N            1.24378309856595       -1.84213345289624        0.73547059647013
N           -2.24903435764477        0.18644408229749        0.39110256923432
N           -1.13345183340896       -1.75723344037210        0.93948406399567
C            2.36118981070918        1.38285098057853       -0.10827317157155
C            0.07728346672167       -2.34462929032730        1.26261456711487
C           -2.15272027542155        1.49474273706950        0.08746464765991
N            3.56235087073459        2.01192412494806       -0.19891776470775
N            0.07060790355978       -3.60160591009156        1.84862478802671
N           -3.35002292503542        2.13498495357189        0.06338723029301
C            3.79477345091107        3.41453231053060        0.04294622383160
C            4.73654334589059        1.36314031830473       -0.36305636695509
C           -3.55508227448134        3.53168576524587       -0.15888217583367
C           -4.43109720594990        1.38330948503483        0.29350363231295
C            0.96423272130905       -4.41843586142648        0.94305702776897
C           -0.99569215199587       -4.33805185312648        1.06604898729562
N            4.95433984430550        3.94400332155757       -0.17075628268394
N            5.85217467536904        1.85013858054290       -0.45377100024926
N           -4.85450779634814        3.97169797262994       -0.22890633448657
N           -5.38672276111643        0.78407020741405        0.47653614819016
N            2.03801853882995       -3.91101340218500        0.47603373920154
N           -2.09500826567200       -3.76432138549827        0.76427620989046
C            6.07389589194483        3.25491685103092       -0.51469689646436
C           -5.94855257363226        3.60138953634084        0.13876631954789
C           -0.07423172400701       -5.34778669735877        0.55464758752872
N            7.20103080429165        3.67301605426180       -0.85279586998428
N           -7.05553806103673        3.60110402753719        0.59678033990464
N           -0.07482620284381       -6.50569863254197        0.05634072085539
C            2.77201590067915        4.15526109461244        0.61396530988808
C           -2.57092503696742        4.39744875008661       -0.32315992229882
C            2.40120323865345       -2.67553462890467        0.63843214641123
C           -2.34746327496150       -2.50199516360207        0.97980913381456
C            1.55267882643356        4.56575490736632        0.86779547982813
C           -1.31055808138765        5.14059266723593       -0.41861642346776
N            2.53713835353068        5.54774965067767        1.12449631899852
N           -2.44541380975974        5.77406223005978       -0.53936515490938
H            7.31383247971069        4.66941784116778       -0.94176113451407
H           -7.87496134621472        3.10974883889718        0.30912304425837
H           -0.99056175768986       -6.91810959776647       -0.08336519080990
H            2.59875936096711        6.30198548981815        0.43745075178915
H           -2.96528811862920        6.61789097709604       -0.68024695079356
H            0.49712987118346        4.43655371424451        0.85992829849979
C           -1.51454889036247       -0.42071234796704        3.76125644623007
C           -0.86789935691921        0.66911036569670        3.30362647150586
C            0.58557869097718        0.72165386261827        3.19296415417077
O            1.23691214947189        1.60834950790845        2.68984152078492
N            1.17886096162884       -0.42657431894759        3.69102778879573
C            0.57059159018556       -1.54961442076270        4.22275285460951
O            1.17376111584415       -2.48375173099493        4.65949439242844
N           -0.81376368009140       -1.49515438961781        4.19862551131078
F           -1.56290731593212        1.73586247923112        2.86761694467870
H           -2.59182066531011       -0.47331680335395        3.77891020099876
H            2.19350305753535       -0.44927985471874        3.66679301738137
H           -1.29485949557872       -2.32174900663316        4.52537750361786
60
 energy: -137.737998021771 gnorm: 0.007312331640 xtb: 6.7.1pre (5071a88)
N            0.08614429338823        0.15498787469789        0.36093331500308
C            0.10532155792968        1.51588050496567       -0.07049835243260
C            1.30104300686311       -0.52672896383720        0.38183053265605
C           -1.13195626184556       -0.45091183030136        0.54919698134918
N            1.24234079569878        2.08944062938304       -0.32596125967864
N           -1.03831312111299        2.16129690311096       -0.18239206912134
N            2.41788463461283        0.07677732283258        0.12779447243459
N            1.24854806201469       -1.83405649559019        0.72408118247172
N           -2.24524207507273        0.19344310963464        0.38037337436453
N           -1.12796504690456       -1.74651542483893        0.94041230056695
C            2.36300846544339        1.38654992974312       -0.14022007850738
C            0.08541772486159       -2.32971760184116        1.26476746665896
C           -2.14909181290065        1.50280772274536        0.07913748825902
N            3.56343159191739        2.01539521248232       -0.23454813403883
N            0.08254066695559       -3.57828981871024        1.86981193031842
N           -3.34660533951076        2.14399898896342        0.06272160732357
C            3.79555037146576        3.41524774487540        0.02248978261144
C            4.73710047700229        1.36743832072760       -0.41828644819117
C           -3.55146704054004        3.54068984917249       -0.16383653636329
C           -4.42656685127276        1.39493655823111        0.31026310525307
C            0.97113164276971       -4.40727323286495        0.96834882459138
C           -0.98940257904366       -4.32620446041961        1.10553674284589
N            4.95429613418010        3.94870577119325       -0.18823432619694
N            5.85149884451690        1.85643309167279       -0.51122557411529
N           -4.85101017515652        3.97969509746680       -0.23644221485321
N           -5.38242968833312        0.79907870750644        0.50958635976133
N            2.04195345364086       -3.90542075598760        0.48846683324968
N           -2.09096681337255       -3.75694317641434        0.80481383513557
C            6.07312624673652        3.26581951170474       -0.54775824900148
C           -5.94484034061675        3.61457935877417        0.13903190119270
C           -0.07104866836277       -5.34208181267838        0.59927401091868
N            7.20002494072411        3.69237817109307       -0.88136431959723
N           -7.05058899036531        3.62109427363035        0.60037973200210
N           -0.07573492965553       -6.50739793208953        0.11645642497920
C            2.77401940796554        4.15006895179408        0.60572602654347
C           -2.56686664962112        4.40557121018892       -0.32913915585877
C            2.40731296691638       -2.66733249912344        0.63222951044995
C           -2.34210186502422       -2.49025714523909        1.00329512352301
C            1.55507972852569        4.55633098306983        0.86960587469152
C           -1.30556701893642        5.14807083966129       -0.42631344190774
N            2.53993820815477        5.53531366414424        1.13917373957782
N           -2.44030449453730        5.78156232980646       -0.54977692275092
H            7.31358940301800        4.69383688861344       -0.94901188397242
H           -7.87131914000681        3.12229782285686        0.32474603550637
H           -0.99343655228995       -6.92114687858626       -0.01103103947387
H            2.59874991261727        6.30136427250018        0.46434388612610
H           -2.95964702267343        6.62521907524065       -0.69600634752942
H            0.49969297487215        4.42731527496452        0.86327580246413
C           -1.52833527717506       -0.47363993900983        3.76719588210119
C           -0.90223675431890        0.62626238121199        3.30103781335850
C            0.55218528623236        0.70189970397501        3.18578428453211
O            1.18507809010068        1.59586793712283        2.66720413569926
N            1.16949382666857       -0.43053495422850        3.69686276968888
C            0.58122126344328       -1.56108832590054        4.24112789572014
O            1.20613274157096       -2.47864713816774        4.69038592849451
N           -0.80614539125398       -1.53161823370811        4.21697608028551
F           -1.61867119502311        1.68069661443042        2.86241768608472
H           -2.60653945832358       -0.54490229854959        3.78473981722668
H            2.18582566987871       -0.43842522420860        3.67017899431778
H           -1.27428083740311       -2.36921846183800        4.53867686325767
60
 energy: -137.738076053478 gnorm: 0.005626373785 xtb: 6.7.1pre (5071a88)
N            0.08700623302540        0.15691270873902        0.35319687204491
C            0.10570390671249        1.51769764241578       -0.07650021645299
C            1.30188325283437       -0.52461505161247        0.37356380306195
C           -1.13060073157443       -0.44818312759534        0.54490578344336
N            1.24235341432286        2.09198895538941       -0.33355862464736
N           -1.03739904324213        2.16418383222534       -0.18569885607939
N            2.41835314729756        0.07856698776305        0.11699278895840
N            1.25060456022053       -1.83082293290531        0.72039804016369
N           -2.24441507542570        0.19568806249719        0.37658963936749
N           -1.12589660628479       -1.74266312776144        0.94029199124357
C            2.36273841963346        1.38846074485597       -0.15107693005940
C            0.08837384467165       -2.32417010710817        1.26433298073288
C           -2.14871915033378        1.50552885868826        0.07665834802903
N            3.56301297635555        2.01736682289738       -0.24792765210440
N            0.08700322749374       -3.56873884126159        1.87744054500712
N           -3.34580731062529        2.14722116956365        0.06339202605065
C            3.79548804303488        3.41615873874020        0.01427002416239
C            4.73625943043587        1.36956215700018       -0.43487504477433
C           -3.55071891445271        3.54396133577014       -0.16499192592453
C           -4.42534483219020        1.39974468194543        0.31600486524434
C            0.97414657926605       -4.40229224121998        0.97846160018168
C           -0.98605006301070       -4.32071262632664        1.11895795582792
N            4.95376707359270        3.95032379249729       -0.19746416262362
N            5.85042295815755        1.85909750074298       -0.52870417259504
N           -4.85004536634521        3.98285829132568       -0.23866438312102
N           -5.38075800322304        0.80476840107445        0.51735735888404
N            2.04431856751455       -3.90273278217112        0.49472990497253
N           -2.08848070485375       -3.75318490323174        0.81823857264123
C            6.07157060743956        3.26887086399093       -0.56248968086813
C           -5.94407784126867        3.61885126776616        0.13720646106093
C           -0.06835338652252       -5.33902780993343        0.61623101910866
N            7.19762143113101        3.69598307013032       -0.89858515502127
N           -7.04955170821657        3.62639095082760        0.59886580788518
N           -0.07333451166266       -6.50666458282745        0.13961436212923
C            2.77530348317549        4.14918778097022        0.60282751839251
C           -2.56603267915449        4.40869843698990       -0.33093127922217
C            2.40984267477254       -2.66400546973561        0.62983933205155
C           -2.33915438914624       -2.48553505594500        1.01032454293178
C            1.55675509657758        4.55431760703555        0.86960703634700
C           -1.30459133438087        5.15072872326803       -0.42857989248270
N            2.54208585788466        5.53183123714811        1.14396236492337
N           -2.43933707072610        5.78448962439513       -0.55293636495286
H            7.31153086291825        4.69764800445163       -0.96386847954391
H           -7.87211059559587        3.13310204525857        0.32274960982889
H           -0.99100651510821       -6.92142593905839        0.01601858272530
H            2.60018838523425        6.30081406561602        0.47270398583283
H           -2.95831592092998        6.62820429506124       -0.70016018274097
H            0.50129085346156        4.42565277225930        0.86333713874882
C           -1.53191267928154       -0.49054528989640        3.77593092212390
C           -0.91199572190036        0.61123251738518        3.30577835657059
C            0.54124406528420        0.69156094588360        3.18492385744073
O            1.16932335996556        1.58513739383187        2.65985497214888
N            1.16449403116444       -0.43613372809284        3.69760765292824
C            0.58265317628512       -1.56800489965750        4.24686793679188
O            1.21303920588722       -2.48045680161244        4.69701710494485
N           -0.80447641315193       -1.54410133373709        4.22584793996026
F           -1.63349577311388        1.66305671043805        2.86826621268845
H           -2.60949932925289       -0.56685619857997        3.79695619133595
H            2.18073591215672       -0.44087674276772        3.66868511605114
H           -1.26763196689871       -2.38409940374456        4.54885187825161
60
 energy: -137.738220314787 gnorm: 0.006285771731 xtb: 6.7.1pre (5071a88)
N            0.08796670046376        0.16116136580053        0.33898739467624
C            0.10477187576666        1.52163246434103       -0.08544316505654
C            1.30250330389563       -0.51938048421292        0.35854479077116
C           -1.12887964080704       -0.44349289957078        0.53282574682050
N            1.24129087445573        2.09901937972220       -0.34363165673390
N           -1.03631385618419        2.17021237196272       -0.19045659073643
N            2.41833628343411        0.08398366569120        0.09902858231325
N            1.25467089083818       -1.82356565249088        0.71342061779793
N           -2.24413200300255        0.19871130386966        0.36318848854212
N           -1.12241728715985       -1.73612514518820        0.93435793064302
C            2.36022655343477        1.39415117942370       -0.16848746148107
C            0.09295552092484       -2.31335387210082        1.25999486817518
C           -2.14996382701701        1.51018574922702        0.07004031323449
N            3.56056663747285        2.02292720892697       -0.27246345999475
N            0.09536951929576       -3.54873030897380        1.89070350418763
N           -3.34548980475934        2.15285606266745        0.06240641005413
C            3.79516165406126        3.41904435328251       -0.00304631027460
C            4.73259538485038        1.37378591449788       -0.46160226168945
C           -3.54991419437744        3.55011090851077       -0.16833666729522
C           -4.42415175844801        1.40888300606799        0.32423463964276
C            0.98084185438812       -4.39117942279509        0.99694981621769
C           -0.97813088035490       -4.30975730513486        1.14317598637612
N            4.95198708697305        3.95348286317715       -0.22186710033418
N            5.84625439447084        1.86416015045879       -0.56014697771251
N           -4.84743316814073        3.99250425902675       -0.24407898418100
N           -5.38204938334327        0.81954664955419        0.53717799243209
N            2.05012389458904       -3.89577404889697        0.50722629956856
N           -2.08278973437803       -3.74664051676634        0.84155007870552
C            6.06647801921349        3.27339219468561       -0.59707780605902
C           -5.94417780452649        3.63282998496806        0.12798790904930
C           -0.06066287012158       -5.33248252168197        0.64885418341541
N            7.18986762062524        3.69795293256452       -0.94375142895977
N           -7.05095280008391        3.64473354235851        0.58559459606129
N           -0.06394511627028       -6.50477056162905        0.18590406447906
C            2.78012879367626        4.14998812970731        0.59788941471990
C           -2.56408322144227        4.41387358210819       -0.33428992604217
C            2.41447349992721       -2.65624696052769        0.62318555638738
C           -2.33259051960651       -2.47739247970580        1.01888676747261
C            1.56297828673309        4.55402639819493        0.87050208794979
C           -1.30274407837672        5.15496863629866       -0.43137231524287
N            2.55032310545495        5.52813179434032        1.15147433518929
N           -2.43761125828662        5.78947933157618       -0.55731584484912
H            7.30490157350233        4.69743922849158       -1.01407911070631
H           -7.87414067972706        3.14521241148773        0.31433501344526
H           -0.98016876545844       -6.92383799350798        0.07029347433808
H            2.60655690845336        6.30022086884546        0.48471643066057
H           -2.95571400546135        6.63344797544307       -0.70549257357453
H            0.50715465491210        4.42702135290600        0.86605053614897
C           -1.53806650833610       -0.52129799150858        3.80281490476849
C           -0.92887448460320        0.58192292920287        3.32330846323854
C            0.52102491130760        0.66710270856156        3.18565774020200
O            1.14126600424773        1.55638157933639        2.64502073246402
N            1.15377667588070       -0.45172642306021        3.70060543759801
C            0.58396863937488       -1.58504042348536        4.26060685050466
O            1.22506691202829       -2.48730020844069        4.71173482080263
N           -0.80199036835406       -1.56821507882412        4.24958553227560
F           -1.65705211272159        1.63183920618642        2.89192861031162
H           -2.61364421459541       -0.60493117668566        3.83673029058725
H            2.16934952671101       -0.45395265318164        3.66551297728375
H           -1.25485221538155       -2.41112951504198        4.57859145141621
60
 energy: -137.738307898864 gnorm: 0.006382684318 xtb: 6.7.1pre (5071a88)
N            0.08884551477478        0.16596181669962        0.32494973276496
C            0.10354206594112        1.52636125525048       -0.09444550120421
C            1.30329394037287       -0.51329626993956        0.34355136017691
C           -1.12781542878857       -0.43866696641802        0.52254003640653
N            1.23990615545115        2.10585758452820       -0.35460549669933
N           -1.03674751520777        2.17632002649012       -0.19318191559418
N            2.41840534336998        0.08999696716756        0.07983738216746
N            1.25794992486394       -1.81575821873220        0.70500638104572
N           -2.24415683890281        0.20235275515142        0.35299162193123
N           -1.11937879590947       -1.72993450325600        0.92859901349467
C            2.35836876801596        1.40014613173052       -0.18685960038056
C            0.09718425551443       -2.30263652028992        1.25661498375180
C           -2.15105307903639        1.51504282819521        0.06626190356717
N            3.55891422253446        2.02875821843768       -0.29656102517462
N            0.10382308730303       -3.52976979228400        1.90361964696021
N           -3.34520783828557        2.15897380180633        0.06456315348168
C            3.79602830374651        3.42243656106148       -0.02071586310056
C            4.73002483148805        1.37820002574953       -0.49106605879620
C           -3.54838032560188        3.55624784979662       -0.16791611864641
C           -4.42400159616055        1.41868101297880        0.33428115098965
C            0.98686901960514       -4.38134305381097        1.01386480909544
C           -0.97151639716525       -4.30064873772165        1.16838765296517
N            4.95152768184594        3.95754176523584       -0.24511929736700
N            5.84307899774090        1.86905791889357       -0.59498515634871
N           -4.84519908452164        3.99935990562609       -0.24626149003505
N           -5.38074984080958        0.83114902356865        0.54527621662269
N            2.05454253523708       -3.88962005754537        0.51618434641858
N           -2.07889093655941       -3.74244404306217        0.86630594981322
C            6.06267004008451        3.27840262112152       -0.63146322851311
C           -5.94276554058607        3.64052791257531        0.12334178398066
C           -0.05476388848914       -5.32755020862580        0.68097194471136
N            7.18338248074039        3.70215194763798       -0.98655770418198
N           -7.05009957320904        3.65224035399039        0.57883803660006
N           -0.05767010652521       -6.50516655135127        0.23155404412753
C            2.78581920179809        4.15058626898818        0.59206332978838
C           -2.56159047571599        4.41910037278819       -0.33461546208094
C            2.41768844044575       -2.64879595158705        0.61531310709872
C           -2.32759676754589       -2.47094428648701        1.02890200244606
C            1.56984675902742        4.55307869703635        0.87213239201956
C           -1.30056235025371        5.15995636760201       -0.43122298067557
N            2.55916363566872        5.52424321851216        1.15794517696892
N           -2.43537000573347        5.79423211534313       -0.56118095648997
H            7.29998642737593        4.70191615211861       -1.05616012173710
H           -7.87723864207006        3.17051629936869        0.29998745422590
H           -0.97302088709717       -6.92822939865097        0.12473193618675
H            2.61283944598233        6.30150659852283        0.49624316843825
H           -2.95291476397049        6.63792378375614       -0.71272084772649
H            0.51384774461208        4.42730962442876        0.87050660552141
C           -1.54555600365066       -0.55395959861509        3.82540433291445
C           -0.94760350114001        0.55166354695202        3.33578007875308
C            0.50068894543137        0.64556758660713        3.18567023041956
O            1.11095733535962        1.53367443152323        2.62944333134944
N            1.14518664829987       -0.46386045996988        3.70640550469321
C            0.58796538739607       -1.59919214781794        4.27720945750421
O            1.24097004242638       -2.49140487233764        4.73212961805531
N           -0.79815186235740       -1.59348802877251        4.27292094672791
F           -1.68475036936976        1.59664828000063        2.90445673417468
H           -2.62020629637732       -0.64610930123499        3.86811274223597
H            2.16058435251473       -0.46112406966081        3.66457345827432
H           -1.24094182388719       -2.43974858900596        4.60681206588701
60
 energy: -137.738368795529 gnorm: 0.004953102441 xtb: 6.7.1pre (5071a88)
N            0.08900943035083        0.16917423341403        0.31676475496237
C            0.10244737619733        1.52988412093850       -0.09967290513560
C            1.30354736375887       -0.50919427585828        0.33489981305749
C           -1.12765756937133       -0.43576503302608        0.51747161438390
N            1.23853986101018        2.11012473640089       -0.36113631506606
N           -1.03805554080144        2.17987270247706       -0.19473680501177
N            2.41815520404291        0.09391419196415        0.06783687230804
N            1.25929713106040       -1.81080343743599        0.69946545176813
N           -2.24434438124503        0.20481568530264        0.34860874493253
N           -1.11795449151990       -1.72649389657513        0.92551377923361
C            2.35727950683451        1.40406112897663       -0.19798652919806
C            0.09938419298893       -2.29635844403289        1.25542107159182
C           -2.15174062421735        1.51772682551567        0.06392127962204
N            3.55781616499110        2.03249856793540       -0.31005594786853
N            0.10871825218335       -3.51888792781063        1.91074650117952
N           -3.34544635504674        2.16229491630515        0.06433571881845
C            3.79695485662126        3.42498967785136       -0.03109208519849
C            4.72824562208612        1.38071011638898       -0.50875689922465
C           -3.54737943300826        3.55948303848432       -0.16857527349979
C           -4.42452005412458        1.42342247283186        0.33858695631634
C            0.99036888002362       -4.37560686506812        1.02317355541147
C           -0.96783161854108       -4.29558861060713        1.18293166857976
N            4.95187509382446        3.96042352693024       -0.25834931957145
N            5.84104135751837        1.87117493442841       -0.61651014324732
N           -4.84378513202572        4.00352156276533       -0.24867621206755
N           -5.38316758395401        0.83966361199180        0.55779596511116
N            2.05657601706755       -3.88574271220477        0.51993888207098
N           -2.07673433118145       -3.74035240544940        0.88019947185721
C            6.06054158943359        3.28115194147854       -0.65250087142017
C           -5.94250947648009        3.64610086570264        0.11926616627517
C           -0.05149122120978       -5.32491979619168        0.69960748727652
N            7.17963226703395        3.70538696087779       -1.01298259183540
N           -7.05112120773578        3.65977368744596        0.57188879189407
N           -0.05452741861409       -6.50577139522442        0.25805917477842
C            2.78962919927110        4.15142539225385        0.58839612216192
C           -2.55974531765098        4.42158896545078       -0.33459712755366
C            2.41876629395797       -2.64416351738312        0.61076714089634
C           -2.32544274150334       -2.46784944603273        1.03490396019875
C            1.57431501703661        4.55296563988603        0.87345677850797
C           -1.29869768678306        5.16257698406822       -0.42933672004992
N            2.56505261735515        5.52268099294386        1.16018046824217
N           -2.43323468135199        5.79647650798392       -0.56250125104407
H            7.29731229138948        4.70663117967882       -1.08011722405921
H           -7.87879494118419        3.18053650345869        0.29141431155344
H           -0.96962817371567       -6.93121281981182        0.15711741620725
H            2.61720436104721        6.30308900374687        0.50136298375669
H           -2.95044951835610        6.63994956937167       -0.71618698864504
H            0.51834166084133        4.42776446839182        0.87401546532023
C           -1.54916173411311       -0.57222753108369        3.83782383087342
C           -0.95656471477792        0.53320527308778        3.34191184993444
C            0.49112261066460        0.63147496531773        3.18731314986608
O            1.09616212396652        1.51909578014736        2.62522715147429
N            1.14146950006355       -0.47274510478343        3.71156969067210
C            0.58976485287586       -1.60760712713190        4.28779516902901
O            1.24711254487880       -2.49530739572929        4.74386799751391
N           -0.79624420367470       -1.60774059090869        4.28656038974195
F           -1.69803524015500        1.57465885203025        2.90951743646280
H           -2.62346502554741       -0.66788226415512        3.88437680670033
H            2.15672944488995       -0.46723888422758        3.66514593670115
H           -1.23468126733211       -2.45483010342677        4.62325943245680
60
 energy: -137.738458137009 gnorm: 0.003577070782 xtb: 6.7.1pre (5071a88)
N            0.08819736579981        0.17309961556044        0.31002809216213
C            0.09995928406552        1.53456337524166       -0.10356467977623
C            1.30287010059017       -0.50397564284440        0.32749705384651
C           -1.12869327638640       -0.43294420395756        0.51411119968933
N            1.23573280542240        2.11528464776938       -0.36618677941556
N           -1.04144600794802        2.18341086944007       -0.19457860497230
N            2.41688846129979        0.09911695676089        0.05656394297182
N            1.25966047202431       -1.80509222849035        0.69364414966660
N           -2.24567913350654        0.20752491954425        0.34789287335413
N           -1.11730012098550       -1.72378252437492        0.92170383503651
C            2.35522077856424        1.40922609760380       -0.20798278250750
C            0.10060517033917       -2.29028930084775        1.25443000979929
C           -2.15372531913317        1.52027388552853        0.06457972772449
N            3.55573734718114        2.03747953010793       -0.32221428870055
N            0.11325522928163       -3.50812559363532        1.91631111919427
N           -3.34719414752397        2.16580404306322        0.06653632779670
C            3.79824469709321        3.42917381807753       -0.04340347779597
C            4.72518078279081        1.38377759273086       -0.52327046105265
C           -3.54651238480906        3.56281418995395       -0.16679914673692
C           -4.42719483914174        1.42816197034043        0.34164598985605
C            0.99397702983536       -4.36962104641003        1.03113785892069
C           -0.96388035373986       -4.29078317747303        1.19573316060854
N            4.95252544119797        3.96419523200028       -0.27582822230725
N            5.83796632910214        1.87302593674143       -0.63614738962353
N           -4.84208210204284        4.00930462470703       -0.25136845770326
N           -5.38673378046482        0.84718309265511        0.56257131404036
N            2.05789591110148       -3.88102982805132        0.52153290785911
N           -2.07406686918054       -3.73873478276339        0.89102877001188
C            6.05781447546929        3.28316509648291       -0.67684418301439
C           -5.94358576354983        3.65454108152647        0.11128158162882
C           -0.04749702869484       -5.32237479307179        0.71755829716413
N            7.17427124195109        3.70664537677097       -1.04718098425318
N           -7.05508575692491        3.67197926039827        0.55754008129572
N           -0.05017318939983       -6.50612934349906        0.28411712197036
C            2.79513223761131        4.15441037046700        0.58365519406899
C           -2.55726001215586        4.42351193469327       -0.33081585936541
C            2.41810903917173       -2.63888679257461        0.60579020755502
C           -2.32403031835169       -2.46615680969148        1.03870161832173
C            1.58094117438606        4.55552244156586        0.87512006624139
C           -1.29596916872223        5.16480869468381       -0.42131663279281
N            2.57400618481114        5.52407127989351        1.15819910003596
N           -2.42981367159864        5.79807369934038       -0.56042125891436
H            7.29150881648340        4.70726494671056       -1.11967117527790
H           -7.88052165047991        3.18368513113078        0.27810240730462
H           -0.96467899448141       -6.93437995056904        0.18975719699586
H            2.62433514625318        6.30624051368835        0.50088744996538
H           -2.94654612681919        6.64121260627827       -0.71744596747421
H            0.52506660276183        4.43088320719471        0.87987163788075
C           -1.55169834557403       -0.58985703517740        3.85328154661953
C           -0.96290324624494        0.51314763225140        3.34862307182287
C            0.48439191662491        0.61442930111844        3.19077957465435
O            1.08477016363839        1.50157604749369        2.62455499519091
N            1.13930521349684       -0.48495738231596        3.71942659531940
C            0.59158894803942       -1.61742776749567        4.30166564772821
O            1.25181000424603       -2.50151269265289        4.76156873107183
N           -0.79440606547544       -1.62223323615622        4.30376370150428
F           -1.70743477132926        1.55037535761231        2.91262058826981
H           -2.62574638257299       -0.68651950091122        3.90434707369637
H            2.15456706114204       -0.47661009769016        3.66782039314138
H           -1.22967560449244       -2.46754064640568        4.64770413970029
60
 energy: -137.738557041842 gnorm: 0.005059273808 xtb: 6.7.1pre (5071a88)
N            0.08648966615467        0.17820654185225        0.30426187688090
C            0.09649942451758        1.54088059261227       -0.10652127814742
C            1.30123117324889       -0.49734066718203        0.32069638877989
C           -1.13034717537010       -0.42949197602917        0.51056830878651
N            1.23179262868930        2.12212940431378       -0.36974813596184
N           -1.04591955486148        2.18768928715556       -0.19456404194333
N            2.41450304315957        0.10586352290198        0.04625065034802
N            1.25967150075328       -1.79824326202907        0.68737495032927
N           -2.24765919326814        0.21100888203846        0.34845654153738
N           -1.11678500707256       -1.72082201843478        0.91604738089112
C            2.35202491177388        1.41615035667969       -0.21650902956409
C            0.10129226008066       -2.28329184507090        1.25283319367738
C           -2.15664593668315        1.52342628934903        0.06598857318242
N            3.55243504393666        2.04387016867533       -0.33438221510277
N            0.11791831027252       -3.49579768134908        1.92127533620054
N           -3.35004680883859        2.17009536623377        0.06954625057483
C            3.79961540834651        3.43513473763901       -0.05951737431504
C            4.72045003753283        1.38768586431809       -0.53586094789427
C           -3.54604587429770        3.56699408110702       -0.16340811160569
C           -4.43138168009458        1.43358268445939        0.34356321883205
C            0.99806008382066       -4.36280871733430        1.03937004418612
C           -0.95898983552094       -4.28584597187413        1.20862564762864
N            4.95277660050115        3.96850340105578       -0.30210190375394
N            5.83327237623929        1.87503645307462       -0.65635735924319
N           -4.84072153396188        4.01565074159523       -0.25384376950936
N           -5.39344742092836        0.85687199403782        0.56939771694230
N            2.05858258814467       -3.87514440731559        0.52184497913791
N           -2.07003181921899       -3.73744883816019        0.89981560291224
C            6.05335387386032        3.28412389042414       -0.70972417950511
C           -5.94517433435682        3.66142175242027        0.10021254844945
C           -0.04216258839041       -5.32007710450174        0.73742395413705
N            7.16547049378528        3.70474882257169       -1.09596841190138
N           -7.06019059296514        3.67994944763411        0.53762886835673
N           -0.04386015539087       -6.50713753865030        0.31359051746673
C            2.80284014913540        4.16027452093748        0.57713275776416
C           -2.55485900335240        4.42626867130362       -0.32339882939986
C            2.41619327417446       -2.63212790952267        0.59912389989379
C           -2.32238777576792       -2.46481532683931        1.03889977559825
C            1.59067585884430        4.56188775558754        0.87709951799399
C           -1.29322233144319        5.16831543723522       -0.40652186012153
N            2.58728360088475        5.52947155531422        1.15178794984801
N           -2.42619384669369        5.80062748790185       -0.55388546752789
H            7.28148790522598        4.70350754075897       -1.18030580712381
H           -7.88447333528301        3.19605002681179        0.24888001667548
H           -0.95727995241275       -6.93847551811421        0.22639544604320
H            2.63471960868693        6.31143581512607        0.49442533401632
H           -2.94238212858461        6.64327842114239       -0.71513138583212
H            0.53487839490707        4.43785333367809        0.88962355543827
C           -1.55306329171391       -0.60978943302254        3.87471906776344
C           -0.96746094687460        0.48873657258677        3.35811556341007
C            0.47935814326879        0.59202026937484        3.19617868243197
O            1.07479179719948        1.47865409588294        2.62401070691864
N            1.13830227318291       -0.50240523729464        3.73025202533340
C            0.59401891997715       -1.63055844076706        4.32175162041504
O            1.25592812055309       -2.51148170228453        4.78751847048626
N           -0.79214084908933       -1.63877978291159        4.32805735080356
F           -1.71456923336448        1.52115043857451        2.91754589505944
H           -2.62690732336910       -0.70558182745102        3.93214587782729
H            2.15340310229704       -0.49126993087808        3.67287651686382
H           -1.22497004393703       -2.47982108727774        4.68508352863186
60
 energy: -137.738656944784 gnorm: 0.005515380329 xtb: 6.7.1pre (5071a88)
N            0.08379388974842        0.18372583259273        0.29994473192008
C            0.09245976306952        1.54782362258107       -0.10773150444515
C            1.29858176921592       -0.49039900903271        0.31447284357859
C           -1.13265215456419       -0.42563425906974        0.50676973330044
N            1.22720333988525        2.12988808450416       -0.37123719929521
N           -1.05075987720293        2.19284648601764       -0.19334631543564
N            2.41107626861719        0.11291592185577        0.03702897402209
N            1.25940341028907       -1.79135512452640        0.68135466400426
N           -2.25048567407295        0.21499326350517        0.34932537176196
N           -1.11667526594583       -1.71772161734379        0.90962678226054
C            2.34793810259202        1.42360639399099       -0.22342333807252
C            0.10143132050760       -2.27593185559955        1.25072622219095
C           -2.16052752607355        1.52751923105716        0.06898743540632
N            3.54835933590296        2.04996938674600       -0.34656633017130
N            0.12219173329479       -3.48338497060503        1.92607368273578
N           -3.35384166212656        2.17529014735922        0.07462360819405
C            3.80067433627332        3.44133787802198       -0.07693922319567
C            4.71469291345077        1.39020976532593       -0.54991701056289
C           -3.54622011435202        3.57233613400220       -0.15891175170006
C           -4.43668806352000        1.44000216341217        0.34590991055583
C            1.00194201676544       -4.35609129108135        1.04739842301020
C           -0.95421414375480       -4.28168942218532        1.22160774188184
N            4.95235167900552        3.97233629434693       -0.33300596070784
N            5.82743790614900        1.87523492528938       -0.68058425872318
N           -4.83944908761329        4.02392849508679       -0.25803450224508
N           -5.39912737880865        0.86420436414257        0.56719067316382
N            2.05845890806287       -3.86904562957406        0.52108724578491
N           -2.06568455019418       -3.73706155621358        0.90733030347162
C            6.04740675157310        3.28386908651059       -0.74910076815555
C           -5.94775451104192        3.67058988880795        0.08483986750944
C           -0.03671321388256       -5.31847048454387        0.75753975981673
N            7.15450004011905        3.70147544148767       -1.15365574808140
N           -7.06647157875252        3.68975079262068        0.51287783326657
N           -0.03715202056426       -6.50911985868010        0.34387385870525
C            2.81151559854662        4.16786342204880        0.56996145693280
C           -2.55277025028578        4.43006605570727       -0.31341989353386
C            2.41371773904130       -2.62463221458482        0.59084545544022
C           -2.32086321518257       -2.46399599852503        1.03678340214617
C            1.60207907979074        4.57084787783035        0.87944573348175
C           -1.29062400128764        5.17265356319183       -0.38799153344296
N            2.60275397274157        5.53795349111549        1.14362743605766
N           -2.42253345735584        5.80429746272850       -0.54451977630188
H            7.27056308590931        4.70111270185202       -1.24655739813620
H           -7.88840866550296        3.20412447756731        0.21626973320855
H           -0.94948393143392       -6.94400120178330        0.26452044812575
H            2.64591140776312        6.31905877079429        0.48505892492493
H           -2.93793739022810        6.64648726792845       -0.71092326943406
H            0.54634988264655        4.44752409391586        0.90231231349581
C           -1.55252390628303       -0.62931509895416        3.90008507621714
C           -0.96905313527459        0.46411776824885        3.37058910145095
C            0.47711083723553        0.56714433452705        3.20402958341152
O            1.06897213701017        1.45210200941034        2.62502099007541
N            1.13843725743856       -0.52305921265160        3.74304498738292
C            0.59640738614424       -1.64577547023494        4.34584596430836
O            1.25757717267649       -2.52484711288124        4.81509888687880
N           -0.78959108667692       -1.65492688998889        4.35701637131717
F           -1.71833117926237        1.49199005262443        2.92424117653740
H           -2.62639952411897       -0.72345486739451        3.96347352330309
H            2.15297380461069       -0.51066955504172        3.68047940386843
H           -1.22133528066036       -2.49061424818647        4.72817214653384
60
 energy: -137.738765572450 gnorm: 0.005368280441 xtb: 6.7.1pre (5071a88)
N            0.08098716377994        0.18932752844971        0.29596674604978
C            0.08907202544246        1.55466693438376       -0.10885344260480
C            1.29584601505787       -0.48370879185342        0.30826766999559
C           -1.13470523604569       -0.42094296060682        0.50314739150981
N            1.22319098026961        2.13774527692258       -0.37276563430012
N           -1.05458874296754        2.19870829304189       -0.19277871024972
N            2.40762783483538        0.11952300033054        0.02784823819152
N            1.25938520532778       -1.78477428918659        0.67637686728173
N           -2.25314364697042        0.21977518053432        0.34934900539529
N           -1.11655417730396       -1.71365829777728        0.90505673436504
C            2.34419187221135        1.43077949980338       -0.23044454169759
C            0.10182809461836       -2.26778818615138        1.24948531908895
C           -2.16405102881512        1.53261087609043        0.07091327115647
N            3.54446384942965        2.05542403606776       -0.35944353353495
N            0.12623624053933       -3.47086183465933        1.93174940762165
N           -3.35712639039641        2.18125085167547        0.07884945413164
C            3.80099542547332        3.44741355285827       -0.09625188004577
C            4.70898232050313        1.39241456497873       -0.56459690311661
C           -3.54676675529143        3.57871342356204       -0.15546566338966
C           -4.44130007175634        1.44717653534798        0.34851516605407
C            1.00563842644597       -4.34893897256008        1.05615918696226
C           -0.94973856104040       -4.27701756660383        1.23517104467307
N            4.95073835408345        3.97596422520750       -0.36702921244358
N            5.82138882864841        1.87548377991321       -0.70537646667983
N           -4.83858617194606        4.03209629327892       -0.26347599209957
N           -5.40462393162325        0.87179117776626        0.56756052136743
N            2.05791773500919       -3.86284745252609        0.52085981729194
N           -2.06106368956113       -3.73573370106480        0.91466908692022
C            6.04075417692325        3.28400607045765       -0.78982047327733
C           -5.95016704539835        3.67836452562090        0.06858927096590
C           -0.03152586245555       -5.31624972510712        0.77793798696073
N            7.14224561805991        3.69775460571036       -1.21387846737473
N           -7.07199112336841        3.69645386450758        0.48853607032200
N           -0.03076657044909       -6.51048096272037        0.37454848620804
C            2.81992235264251        4.17629225551870        0.56079210279504
C           -2.55154341435338        4.43568462333148       -0.30292323718563
C            2.41170489945954       -2.61701646838338        0.58307141642468
C           -2.31920576664474       -2.46239320546018        1.03509065137835
C            1.61370023282822        4.58062286448966        0.88157670699147
C           -1.28886696885064        5.17869420769156       -0.36786409686092
N            2.61813213865897        5.54793396101276        1.13422752116251
N           -2.41966113621998        5.80997964389989       -0.53307445807123
H            7.25619816958495        4.69558583031539       -1.32125967203036
H           -7.89289835853915        3.21665452165976        0.18029508870211
H           -0.94231911757723       -6.94875196084905        0.30338876186758
H            2.65522228894612        6.32813856609604        0.47403610658896
H           -2.93408356235098        6.65177053248807       -0.70448553911922
H            0.55818576420631        4.45787338292283        0.91650398816954
C           -1.55144458350511       -0.65125956869486        3.92434011452474
C           -0.97038163576034        0.43793465269072        3.38242086239523
C            0.47509354074664        0.54023615227367        3.21155018758353
O            1.06475024836858        1.42310536363381        2.62706903035603
N            1.13909411983618       -0.54545443965880        3.75619347154749
C            0.59972042894528       -1.66319218651451        4.37140174832403
O            1.26194433704979       -2.53886830806374        4.84804592405540
N           -0.78644730972693       -1.67223736219183        4.38788974525219
F           -1.72240881135738        1.46165757273000        2.93122590911203
H           -2.62532375660531       -0.74404569496576        3.99362380484762
H            2.15347350445617       -0.53118890787529        3.69222988964708
H           -1.21734776544943       -2.50219738371313        4.77390414984071
60
 energy: -137.738809097276 gnorm: 0.003021486262 xtb: 6.7.1pre (5071a88)
N            0.08109577630104        0.18961890130584        0.29747759380894
C            0.08987447795162        1.55455486369272       -0.10772584205378
C            1.29588105985657       -0.48386695560475        0.30972840503859
C           -1.13439102315609       -0.41953993643383        0.50541994414577
N            1.22403426137242        2.13766214091005       -0.37174195041808
N           -1.05336591700388        2.19956996034337       -0.19213347279260
N            2.40771383882546        0.11894716713868        0.02900927610183
N            1.25938682374811       -1.78469196864490        0.67902219265987
N           -2.25293655764322        0.22092501743271        0.34985668987732
N           -1.11650725977385       -1.71177127146322        0.90910369517053
C            2.34473083357317        1.43024965427075       -0.22945999365840
C            0.10210349322587       -2.26629623238314        1.25258916927977
C           -2.16353637014920        1.53385775261969        0.07092589232646
N            3.54493996916287        2.05450628095057       -0.35903142384878
N            0.12567215118642       -3.47070021845479        1.93385755936682
N           -3.35635427729727        2.18235683246703        0.07879808833234
C            3.80037876489105        3.44720663543185       -0.09784441015233
C            4.70937740669060        1.39206735486984       -0.56481433733780
C           -3.54701778843459        3.57982608819474       -0.15667054101821
C           -4.44006831899401        1.44879411610468        0.35048585967424
C            1.00525151047424       -4.34812016098659        1.05819167886725
C           -0.95040506219949       -4.27585947606626        1.23615809496549
N            4.94943936180675        3.97570585339279       -0.37032836814795
N            5.82128187769163        1.87549099636826       -0.70679623812518
N           -4.83887726735258        4.03165389604932       -0.26716683369065
N           -5.40406380114964        0.86977630998199        0.55872373760592
N            2.05767211579371       -3.86246237463104        0.52339305870690
N           -2.06123206762016       -3.73405294949980        0.91508758491486
C            6.03917422964993        3.28419012961439       -0.79374925613219
C           -5.95026331415762        3.67718925983758        0.06400168389738
C           -0.03213623066421       -5.31503409657631        0.77875397127361
N            7.14029069272815        3.69743750656334       -1.21779688230444
N           -7.07178380571079        3.69432651765194        0.48445103526453
N           -0.03134500584436       -6.50920247265337        0.37569585128354
C            2.81956193639918        4.17746259004311        0.55819221340282
C           -2.55235874751789        4.43768150536480       -0.30255612180420
C            2.41220361918640       -2.61676050250777        0.58612682109166
C           -2.31923565501231       -2.46080105342047        1.03707237857812
C            1.61400894154361        4.58139070376482        0.88050038489875
C           -1.28965524816758        5.18031749493488       -0.36672680526554
N            2.61754268861367        5.55043009500183        1.12938701344401
N           -2.42028053529725        5.81204035720507       -0.53220508542770
H            7.25387666349784        4.69515387943479       -1.32501621054739
H           -7.89281458686441        3.21827100221812        0.17315167898276
H           -0.94308996942694       -6.94682817692326        0.30375974391052
H            2.65235438659989        6.32887562811686        0.46714720895583
H           -2.93432242696770        6.65385248653081       -0.70435475423181
H            0.55877037718833        4.45823610441440        0.91698410827732
C           -1.55094825527461       -0.65326656435534        3.92458086043396
C           -0.96902534049566        0.43656126065121        3.38426579815206
C            0.47667726408104        0.53779492017087        3.21425700397050
O            1.06873698435998        1.41985275183857        2.62965947970285
N            1.13953874265738       -0.54899849395116        3.75836116084577
C            0.59930573165637       -1.66660611093060        4.37347338596086
O            1.26137280048978       -2.54152854794319        4.85037838677623
N           -0.78701649344595       -1.67337241664514        4.39044837789048
F           -1.72000775131997        1.46170109649571        2.93343516072203
H           -2.62465367702221       -0.74644555252091        3.99229115725918
H            2.15400137075671       -0.53562694291054        3.69598528346922
H           -1.21855639793858       -2.50370263579541        4.77457585766771
